ts_code,trade_date,close,open,high,low,pre_close,change,pct_chg,vol,amount
000852.SH,20160104,9694.8363,10598.2715,10602.6467,9694.629,10614.3785,-919.5422,-8.6632,117304144.0,196597042.0622
000852.SH,20160105,9452.0406,9140.6723,9680.1556,9084.872,9694.8363,-242.7957,-2.5044,168628044.0,265746817.1457
000852.SH,20160106,9709.5692,9511.734,9710.1179,9404.0666,9452.0406,257.5286,2.7246,139630139.0,227283115.3523
000852.SH,20160107,8856.4914,9511.1414,9511.1414,8850.1498,9709.5692,-853.0778,-8.7859,40495428.0,57536623.7123
000852.SH,20160108,8876.2526,9049.7667,9141.5727,8404.5048,8856.4914,19.7612,0.2231,156924299.0,230862791.3647
000852.SH,20160111,8205.122,8651.329,8754.3589,8203.4317,8876.2526,-671.1306,-7.561,143568813.0,194711633.4907
000852.SH,20160112,8187.9598,8164.3356,8304.1413,7968.7489,8205.122,-17.1622,-0.2092,121171242.0,169839433.0173
000852.SH,20160113,7836.1229,8230.0823,8311.7252,7836.0571,8187.9598,-351.8369,-4.297,113177530.0,158494624.6543
000852.SH,20160114,8157.7372,7548.0276,8174.3056,7534.0405,7836.1229,321.6143,4.1043,122934077.0,166877340.3336
000852.SH,20160115,7868.1676,8092.8681,8202.3412,7813.2583,8157.7372,-289.5696,-3.5496,119230953.0,171047653.9147
000852.SH,20160118,8060.8792,7689.658,8158.5638,7685.4717,7868.1676,192.7116,2.4493,106505827.0,154134667.799
000852.SH,20160119,8388.3835,8041.8637,8400.6014,8018.637,8060.8792,327.5043,4.0629,127304224.0,185107945.5102
000852.SH,20160120,8321.3921,8328.7227,8468.793,8244.7298,8388.3835,-66.9914,-0.7986,129081048.0,187428780.5135
000852.SH,20160121,7944.5669,8167.9504,8410.1548,7944.5669,8321.3921,-376.8252,-4.5284,120472896.0,175594988.325
000852.SH,20160122,8074.2854,8036.3244,8115.4023,7787.6184,7944.5669,129.7185,1.6328,101116759.0,145965106.6716
000852.SH,20160125,8180.5037,8153.3487,8256.1605,8076.3963,8074.2854,106.2183,1.3155,96248174.0,140599114.6981
000852.SH,20160126,7545.5442,8071.3632,8093.2376,7526.5939,8180.5037,-634.9595,-7.7619,120673951.0,165581391.7143
000852.SH,20160127,7466.7458,7557.4557,7585.8281,7047.7883,7545.5442,-78.7984,-1.0443,124251577.0,159481584.6615
000852.SH,20160128,7100.9014,7344.025,7438.6941,7067.5497,7466.7458,-365.8444,-4.8996,96362166.0,123800379.7954
000852.SH,20160129,7385.7587,7071.7522,7459.3688,7037.8287,7100.9014,284.8573,4.0116,102285179.0,131355165.7388
000852.SH,20160201,7292.6133,7358.7541,7420.4844,7163.9131,7385.7587,-93.1454,-1.2611,86843686.0,115888111.1973
000852.SH,20160202,7576.0654,7296.2228,7600.0761,7295.8018,7292.6133,283.4521,3.8868,97978432.0,132941491.8252
000852.SH,20160203,7630.4588,7480.3009,7665.6531,7428.8998,7576.0654,54.3934,0.718,94483564.0,125642740.7333
000852.SH,20160204,7807.4008,7661.6474,7839.2823,7661.6474,7630.4588,176.942,2.3189,108295716.0,147961157.2068
000852.SH,20160205,7718.7083,7828.6103,7856.7348,7716.2066,7807.4008,-88.6925,-1.136,86297862.0,116833713.3947
000852.SH,20160215,7726.37,7434.2747,7772.4885,7432.4031,7718.7083,7.6617,0.0993,78794684.0,104873393.2758
000852.SH,20160216,8069.5941,7767.03,8088.7117,7767.03,7726.37,343.2241,4.4422,115565925.0,160075994.9687
000852.SH,20160217,8202.1465,8060.9112,8214.9386,8010.8187,8069.5941,132.5524,1.6426,129697950.0,186376763.6984
000852.SH,20160218,8176.1396,8256.9519,8282.9097,8155.075,8202.1465,-26.0069,-0.3171,134063477.0,193574638.2079
000852.SH,20160219,8239.2559,8146.0621,8289.2078,8133.495,8176.1396,63.1163,0.772,112787021.0,168719500.8669
000852.SH,20160222,8407.8524,8350.2845,8407.8813,8303.2103,8239.2559,168.5965,2.0463,133158051.0,193573549.1483
000852.SH,20160223,8357.3553,8414.6744,8437.1553,8230.9821,8407.8524,-50.4971,-0.6006,130530937.0,192375010.0291
000852.SH,20160224,8364.6626,8316.8328,8399.4315,8160.9963,8357.3553,7.3073,0.0874,136094745.0,196294406.3412
000852.SH,20160225,7702.5912,8340.456,8340.5914,7673.2155,8364.6626,-662.0714,-7.9151,157436163.0,214208677.2534
000852.SH,20160226,7666.8226,7750.7347,7799.2948,7487.2702,7702.5912,-35.7686,-0.4644,121574171.0,158808004.7521
000852.SH,20160229,7183.6763,7614.1579,7614.1579,7113.0734,7666.8226,-483.1463,-6.3018,115344403.0,138384514.8556
000852.SH,20160301,7345.0859,7183.1137,7402.3052,7038.6123,7183.6763,161.4096,2.2469,115563408.0,144811421.3498
000852.SH,20160302,7711.886,7324.4908,7724.2956,7323.3659,7345.0859,366.8001,4.9938,147164819.0,183328415.4723
000852.SH,20160303,7727.1599,7711.2973,7875.9488,7693.9017,7711.886,15.2739,0.1981,157062423.0,200406263.1638
000852.SH,20160304,7418.8006,7684.9236,7735.5476,7321.5552,7727.1599,-308.3593,-3.9906,141152405.0,176786643.6166
000852.SH,20160307,7600.4372,7494.0383,7670.9569,7494.0383,7418.8006,181.6366,2.4483,110951408.0,140232207.5682
000852.SH,20160308,7670.6898,7585.8625,7670.9904,7276.674,7600.4372,70.2526,0.9243,131822526.0,165230013.7768
000852.SH,20160309,7500.17,7486.9493,7634.001,7430.4337,7670.6898,-170.5198,-2.223,101761865.0,131949670.8487
000852.SH,20160310,7376.6974,7503.4202,7568.2425,7364.2874,7500.17,-123.4726,-1.6463,87401499.0,116041794.0893
000852.SH,20160311,7349.567,7284.9483,7401.5122,7239.5583,7376.6974,-27.1304,-0.3678,75245882.0,97243487.9098
000852.SH,20160314,7640.1307,7441.0928,7715.6418,7441.0384,7349.567,290.5637,3.9535,120335729.0,162135152.8166
000852.SH,20160315,7571.8197,7612.9707,7668.8477,7537.7893,7640.1307,-68.311,-0.8941,99636094.0,138936751.6987
000852.SH,20160316,7484.2256,7633.747,7659.0533,7426.9515,7571.8197,-87.5941,-1.1568,91359384.0,125438589.3069
000852.SH,20160317,7779.8753,7514.6791,7795.7074,7514.5754,7484.2256,295.6497,3.9503,133550636.0,189804895.359
000852.SH,20160318,8097.2044,7823.5675,8118.7056,7820.2872,7779.8753,317.3291,4.0788,181322736.0,259300762.494
000852.SH,20160321,8325.977,8206.5274,8326.3818,8172.8511,8097.2044,228.7726,2.8253,191675070.0,276552346.9642
000852.SH,20160322,8311.2112,8248.53,8387.5537,8203.0854,8325.977,-14.7658,-0.1773,164074441.0,241633453.3082
000852.SH,20160323,8408.6385,8279.8812,8408.9476,8262.2601,8311.2112,97.4273,1.1722,146117448.0,226640670.7454
000852.SH,20160324,8279.6494,8324.8516,8453.3024,8247.2857,8408.6385,-128.9891,-1.534,160637356.0,251825671.5765
000852.SH,20160325,8343.2422,8252.4242,8353.0152,8211.835,8279.6494,63.5928,0.7681,124555552.0,190955255.1881
000852.SH,20160328,8298.7781,8400.2144,8482.5729,8266.5538,8343.2422,-44.4641,-0.5329,142988613.0,215928721.2538
000852.SH,20160329,8118.9963,8274.094,8292.4316,8040.7593,8298.7781,-179.7818,-2.1664,124650562.0,179588563.2755
000852.SH,20160330,8438.6835,8187.4497,8439.0886,8187.4497,8118.9963,319.6872,3.9375,139635610.0,211359323.6708
000852.SH,20160331,8447.1793,8475.4308,8541.4565,8414.8854,8438.6835,8.4958,0.1007,150139445.0,235920249.1422
000852.SH,20160401,8389.2866,8399.1772,8426.4603,8240.8726,8447.1793,-57.8927,-0.6853,127161059.0,189387452.178
000852.SH,20160405,8635.6667,8401.3427,8642.9812,8380.4561,8389.2866,246.3801,2.9368,156308363.0,235074762.302
000852.SH,20160406,8691.2299,8601.6581,8699.5213,8579.4286,8635.6667,55.5632,0.6434,159968936.0,247155543.1165
000852.SH,20160407,8549.5129,8715.0057,8733.5043,8549.5129,8691.2299,-141.717,-1.6306,158150556.0,244992635.9767
000852.SH,20160408,8484.1743,8465.831,8511.8715,8359.5345,8549.5129,-65.3386,-0.7642,133415289.0,204479384.3515
000852.SH,20160411,8677.4091,8560.0927,8719.2216,8560.0927,8484.1743,193.2348,2.2776,143629779.0,222708545.6986
000852.SH,20160412,8608.3738,8664.277,8688.7111,8501.0441,8677.4091,-69.0353,-0.7956,132072149.0,207203551.7905
000852.SH,20160413,8729.8406,8655.1948,8831.5868,8655.1948,8608.3738,121.4668,1.411,174063296.0,260240818.1965
000852.SH,20160414,8837.0181,8780.5477,8837.4385,8711.7886,8729.8406,107.1775,1.2277,139648321.0,211828651.4119
000852.SH,20160415,8841.0945,8840.5297,8866.0128,8777.9723,8837.0181,4.0764,0.0461,131207613.0,202686929.1946
000852.SH,20160418,8715.8501,8780.4555,8780.4555,8646.3322,8841.0945,-125.2444,-1.4166,126184987.0,195984858.2979
000852.SH,20160419,8754.5044,8755.2514,8784.3265,8678.9685,8715.8501,38.6543,0.4435,112831795.0,178222698.1687
000852.SH,20160420,8312.2012,8784.6453,8798.7786,8158.8195,8754.5044,-442.3032,-5.0523,180286506.0,268723825.4273
000852.SH,20160421,8198.5109,8268.0227,8382.2682,8185.3709,8312.2012,-113.6903,-1.3678,121190772.0,177356188.3261
000852.SH,20160422,8282.424,8130.8994,8282.9015,8112.3308,8198.5109,83.9131,1.0235,95979533.0,141605207.1287
000852.SH,20160425,8232.4778,8246.0287,8261.9447,8106.0703,8282.424,-49.9462,-0.603,89622024.0,131810737.6978
000852.SH,20160426,8343.4215,8218.4695,8343.712,8202.1521,8232.4778,110.9437,1.3476,88430554.0,129001739.7626
000852.SH,20160427,8323.4579,8357.2599,8426.833,8307.3876,8343.4215,-19.9636,-0.2393,102936177.0,150227601.593
000852.SH,20160428,8303.5569,8319.2197,8336.1265,8130.9266,8323.4579,-19.901,-0.2391,104958785.0,152800367.5332
000852.SH,20160429,8291.6985,8253.4843,8340.5799,8239.793,8303.5569,-11.8584,-0.1428,81485851.0,122400452.985
000852.SH,20160503,8558.5784,8290.7925,8558.5784,8256.6778,8291.6985,266.8799,3.2186,115718540.0,176283680.5131
000852.SH,20160504,8565.1143,8526.3106,8632.7026,8514.491,8558.5784,6.5359,0.0764,117296052.0,182218541.9152
000852.SH,20160505,8628.7405,8549.3298,8631.9806,8522.1457,8565.1143,63.6262,0.7429,102759921.0,159725097.1304
000852.SH,20160506,8276.0331,8632.4524,8663.0706,8275.9655,8628.7405,-352.7074,-4.0876,146570763.0,223215785.5008
000852.SH,20160509,7918.1483,8180.6294,8180.695,7876.1686,8276.0331,-357.8848,-4.3244,115454407.0,162854011.3015
000852.SH,20160510,7898.6624,7898.6507,7961.5848,7855.2919,7918.1483,-19.4859,-0.2461,73811219.0,106923878.5977
000852.SH,20160511,7823.9797,7950.3792,7973.5998,7800.9706,7898.6624,-74.6827,-0.9455,81092251.0,116424748.9147
000852.SH,20160512,7821.9121,7706.1265,7822.7594,7570.9164,7823.9797,-2.0676,-0.0264,86855484.0,120734408.8833
000852.SH,20160513,7806.9568,7794.6193,7901.9991,7758.2633,7821.9121,-14.9553,-0.1912,78814837.0,115494294.1488
000852.SH,20160516,7961.1464,7783.2953,7961.426,7744.8838,7806.9568,154.1896,1.975,83332776.0,121545887.9714
000852.SH,20160517,7961.502,7964.5123,8040.2043,7901.183,7961.1464,0.3556,0.0045,99759675.0,151255601.4328
000852.SH,20160518,7711.9546,7886.2503,7886.4989,7614.2041,7961.502,-249.5474,-3.1344,96022202.0,134288837.2588
000852.SH,20160519,7767.3154,7707.3259,7868.7203,7707.3259,7711.9546,55.3608,0.7179,85485602.0,125878844.1553
000852.SH,20160520,7860.1279,7699.0737,7860.1279,7665.8619,7767.3154,92.8125,1.1949,85485430.0,124119516.106
000852.SH,20160523,7995.5813,7876.1184,7995.9921,7876.1184,7860.1279,135.4534,1.7233,95304781.0,142334098.4201
000852.SH,20160524,7913.6754,7981.0067,7981.2212,7852.6892,7995.5813,-81.9059,-1.0244,86831645.0,127017486.9826
000852.SH,20160525,7889.7299,7965.7467,8012.1597,7848.525,7913.6754,-23.9455,-0.3026,84806900.0,126679607.7633
000852.SH,20160526,7929.4676,7864.0303,7929.672,7703.5224,7889.7299,39.7377,0.5037,93572769.0,133875596.9716
000852.SH,20160527,7912.8637,7904.7672,7976.51,7879.6406,7929.4676,-16.6039,-0.2094,84973823.0,125133472.0358
000852.SH,20160530,7867.5968,7863.3135,7946.1331,7787.4645,7912.8637,-45.2669,-0.5721,75242813.0,106700344.2074
000852.SH,20160531,8197.5567,7872.311,8197.6415,7872.311,7867.5968,329.9599,4.1939,137392339.0,194238575.3389
000852.SH,20160601,8270.5166,8207.2511,8324.0895,8202.7176,8197.5567,72.9599,0.89,144266879.0,215119392.4465
000852.SH,20160602,8369.432,8261.5999,8369.6681,8255.9594,8270.5166,98.9154,1.196,133157989.0,194489849.8421
000852.SH,20160603,8391.7632,8370.785,8442.901,8336.958,8369.432,22.3312,0.2668,140387635.0,212065624.5666
000852.SH,20160606,8422.4718,8418.3372,8443.5671,8359.0186,8391.7632,30.7086,0.3659,117501278.0,178624009.8029
000852.SH,20160607,8434.6689,8421.61,8439.1395,8363.4117,8422.4718,12.1971,0.1448,110744225.0,169727803.6229
000852.SH,20160608,8431.8915,8417.752,8481.6542,8340.8982,8434.6689,-2.7774,-0.0329,114686485.0,182132624.4248
000852.SH,20160613,8000.8185,8307.1875,8387.4187,8000.6486,8431.8915,-431.073,-5.1124,137074807.0,216696630.641
000852.SH,20160614,8038.589,7957.9319,8053.5372,7931.2269,8000.8185,37.7705,0.4721,96775234.0,148221124.1971
000852.SH,20160615,8340.5394,7948.1806,8369.9395,7936.6175,8038.589,301.9504,3.7563,135462801.0,209026226.8034
000852.SH,20160616,8358.0342,8339.8188,8421.3312,8314.9772,8340.5394,17.4948,0.2098,144450018.0,229588023.7828
000852.SH,20160617,8414.5075,8374.0743,8480.6505,8338.7272,8358.0342,56.4733,0.6757,141419118.0,216321685.1264
000852.SH,20160620,8457.9315,8417.3585,8476.467,8330.6674,8414.5075,43.424,0.5161,120792726.0,189191593.4653
000852.SH,20160621,8350.7618,8510.7524,8552.6575,8305.5496,8457.9315,-107.1697,-1.2671,135449442.0,212730466.3921
000852.SH,20160622,8513.5431,8323.8748,8513.9266,8316.0985,8350.7618,162.7813,1.9493,117220450.0,183497554.6698
000852.SH,20160623,8495.78,8510.841,8547.3936,8424.9055,8513.5431,-17.7631,-0.2086,132779327.0,206445765.7674
000852.SH,20160624,8428.8227,8477.033,8547.6822,8153.1628,8495.78,-66.9573,-0.7881,162435643.0,244438163.634
000852.SH,20160627,8646.161,8360.5212,8646.3688,8358.3412,8428.8227,217.3383,2.5785,139794183.0,220034054.7183
000852.SH,20160628,8730.197,8616.0733,8737.8166,8599.8539,8646.161,84.036,0.9719,158998677.0,247242862.4716
000852.SH,20160629,8745.815,8758.7026,8784.9452,8704.3525,8730.197,15.618,0.1789,153125293.0,231682357.9696
000852.SH,20160630,8741.0992,8753.8461,8776.2357,8692.2584,8745.815,-4.7158,-0.0539,134709876.0,208903513.6987
000852.SH,20160701,8710.5174,8747.7887,8779.6276,8680.0831,8741.0992,-30.5818,-0.3499,121163473.0,187653638.6078
000852.SH,20160704,8874.0708,8661.2722,8882.8499,8653.8575,8710.5174,163.5534,1.8777,145919710.0,217310725.3534
000852.SH,20160705,8914.8403,8886.5115,8925.0889,8839.9365,8874.0708,40.7695,0.4594,158076817.0,240570275.1512
000852.SH,20160706,8947.1372,8885.3301,8957.5773,8862.7597,8914.8403,32.2969,0.3623,145409658.0,218862141.3728
000852.SH,20160707,8954.2756,8942.9903,8988.3241,8851.302,8947.1372,7.1384,0.0798,167293291.0,256984834.7099
000852.SH,20160708,8939.2585,8941.4904,8996.9682,8904.5883,8954.2756,-15.0171,-0.1677,133166210.0,209452221.9406
000852.SH,20160711,8874.9964,8953.8684,9004.7543,8865.5915,8939.2585,-64.2621,-0.7189,145652840.0,226031386.2774
000852.SH,20160712,8943.0645,8862.3681,8943.1468,8719.8766,8874.9964,68.0681,0.767,151324255.0,224366454.8023
000852.SH,20160713,9023.2366,8963.4375,9042.0666,8926.7626,8943.0645,80.1721,0.8965,153686181.0,224100344.9834
000852.SH,20160714,9042.763,9011.3922,9044.0154,8976.5197,9023.2366,19.5264,0.2164,131381190.0,196195470.3863
000852.SH,20160715,8982.8857,9039.8772,9048.3485,8952.61,9042.763,-59.8773,-0.6622,123145606.0,185198324.8007
000852.SH,20160718,8937.8551,8962.9629,8990.2852,8881.5027,8982.8857,-45.0306,-0.5013,119175003.0,177542911.1108
000852.SH,20160719,8996.8328,8928.6437,8996.9627,8883.7728,8937.8551,58.9777,0.6599,111464506.0,165460365.9652
000852.SH,20160720,8997.8904,8999.1109,9044.3708,8976.0028,8996.8328,1.0576,0.0118,113691762.0,173424018.352
000852.SH,20160721,9007.5537,8991.3274,9065.6863,8964.6165,8997.8904,9.6633,0.1074,123864175.0,187059019.8689
000852.SH,20160722,8931.9659,9002.0898,9022.0627,8925.9389,9007.5537,-75.5878,-0.8392,119719642.0,181249323.8187
000852.SH,20160725,8925.3406,8911.9358,8969.5957,8875.7831,8931.9659,-6.6253,-0.0742,110849151.0,166597863.161
000852.SH,20160726,9035.557,8922.7545,9035.8839,8922.7545,8925.3406,110.2164,1.2349,108617970.0,156691961.5077
000852.SH,20160727,8602.9204,9037.4979,9046.0847,8488.9547,9035.557,-432.6366,-4.7882,183550034.0,261486659.4616
000852.SH,20160728,8571.5646,8580.0865,8636.4878,8431.117,8602.9204,-31.3558,-0.3645,124905321.0,176573206.9751
000852.SH,20160729,8501.0902,8565.2528,8584.6383,8457.9735,8571.5646,-70.4744,-0.8222,93736940.0,131143306.4673
000852.SH,20160801,8363.6101,8462.9066,8462.9066,8263.3626,8501.0902,-137.4801,-1.6172,92963396.0,128066613.2003
000852.SH,20160802,8445.78,8353.4226,8446.3619,8353.14,8363.6101,82.1699,0.9825,74035892.0,101876042.4258
000852.SH,20160803,8482.1982,8431.5165,8491.2603,8412.7753,8445.78,36.4182,0.4312,90593224.0,120854641.2873
000852.SH,20160804,8553.0058,8474.2624,8564.8393,8447.3594,8482.1982,70.8076,0.8348,96134386.0,132268595.7717
000852.SH,20160805,8505.3638,8545.8566,8571.1803,8498.5896,8553.0058,-47.642,-0.557,92599575.0,124298674.8093
000852.SH,20160808,8607.3981,8480.7925,8607.4497,8426.6443,8505.3638,102.0343,1.1996,94418365.0,124431701.8877
000852.SH,20160809,8699.3882,8601.835,8699.6932,8596.7899,8607.3981,91.9901,1.0687,111616974.0,145633337.2611
000852.SH,20160810,8671.7783,8694.3831,8725.4464,8668.0568,8699.3882,-27.6099,-0.3174,107888605.0,143544116.5636
000852.SH,20160811,8531.6919,8647.115,8667.2461,8531.6919,8671.7783,-140.0864,-1.6154,101674089.0,132412911.2672
000852.SH,20160812,8615.0533,8515.5174,8615.2003,8507.6545,8531.6919,83.3614,0.9771,89999874.0,114363857.4073
000852.SH,20160815,8807.832,8628.6317,8821.6921,8590.0647,8615.0533,192.7787,2.2377,147277987.0,195277198.8616
000852.SH,20160816,8877.0657,8813.2051,8903.4863,8812.601,8807.832,69.2337,0.786,139697287.0,191606186.8566
000852.SH,20160817,8911.7475,8867.455,8933.0335,8846.3154,8877.0657,34.6818,0.3907,125914786.0,178017341.9508
000852.SH,20160818,8908.3247,8899.1854,8942.5707,8880.2624,8911.7475,-3.4228,-0.0384,135852418.0,182170470.5531
000852.SH,20160819,8923.3628,8895.2986,8945.1675,8864.0651,8908.3247,15.0381,0.1688,113786262.0,156996828.4312
000852.SH,20160822,8810.8425,8921.9132,8939.7013,8809.2203,8923.3628,-112.5203,-1.261,116515710.0,160225222.8469
000852.SH,20160823,8820.2101,8796.5034,8847.6456,8756.9224,8810.8425,9.3676,0.1063,102217501.0,138074214.6675
000852.SH,20160824,8850.511,8824.7188,8892.0793,8815.4663,8820.2101,30.3009,0.3435,96568449.0,137489347.3061
000852.SH,20160825,8784.5844,8799.7623,8799.7623,8681.1935,8850.511,-65.9266,-0.7449,109264243.0,151154128.9267
000852.SH,20160826,8814.4644,8799.491,8883.768,8794.9135,8784.5844,29.88,0.3401,101766106.0,147694791.4599
000852.SH,20160829,8836.9934,8808.7344,8860.0443,8798.0624,8814.4644,22.529,0.2556,92119543.0,129587993.6212
000852.SH,20160830,8838.4637,8842.4159,8886.0086,8822.2524,8836.9934,1.4703,0.0166,91810803.0,125029578.7297
000852.SH,20160831,8838.3802,8833.2083,8844.4734,8772.9532,8838.4637,-0.0835,-0.0009,89379217.0,122279403.4182
000852.SH,20160901,8770.7509,8831.6001,8851.7487,8770.7509,8838.3802,-67.6293,-0.7652,98825372.0,132387757.954
000852.SH,20160902,8724.9417,8750.936,8790.001,8675.9224,8770.7509,-45.8092,-0.5223,92456764.0,124613170.3819
000852.SH,20160905,8761.9617,8743.7437,8804.7705,8739.6525,8724.9417,37.02,0.4243,88919083.0,117745329.7622
000852.SH,20160906,8906.8682,8761.4151,8907.1708,8689.646,8761.9617,144.9065,1.6538,115145508.0,157554171.838
000852.SH,20160907,8897.7972,8908.506,8959.9905,8886.7851,8906.8682,-9.071,-0.1018,125540068.0,171722088.3991
000852.SH,20160908,8938.4306,8888.0149,8939.4187,8880.3954,8897.7972,40.6334,0.4567,104444233.0,141943741.7008
000852.SH,20160909,8872.3135,8934.2747,8958.5124,8872.3135,8938.4306,-66.1171,-0.7397,108190052.0,144998519.5618
000852.SH,20160912,8587.3986,8705.7456,8737.9941,8585.8663,8872.3135,-284.9149,-3.2113,117367564.0,151318776.7439
000852.SH,20160913,8656.6797,8635.5758,8664.9091,8595.4989,8587.3986,69.2811,0.8068,88810715.0,115638613.7448
000852.SH,20160914,8618.1493,8612.6955,8664.1031,8579.3497,8656.6797,-38.5304,-0.4451,85065787.0,108616694.5164
000852.SH,20160919,8716.4859,8630.6456,8716.9812,8630.6456,8618.1493,98.3366,1.141,79058353.0,103063215.398
000852.SH,20160920,8712.2831,8721.3846,8724.8867,8685.9702,8716.4859,-4.2028,-0.0482,80607041.0,105440721.9301
000852.SH,20160921,8731.9994,8705.2525,8756.1309,8704.933,8712.2831,19.7163,0.2263,76784213.0,100485673.6512
000852.SH,20160922,8770.0946,8779.8892,8801.5744,8760.1536,8731.9994,38.0952,0.4363,91791037.0,120755966.2305
000852.SH,20160923,8729.6107,8773.9032,8781.2462,8728.0596,8770.0946,-40.4839,-0.4616,89465761.0,118754330.7723
000852.SH,20160926,8544.1762,8711.8836,8712.2262,8544.1762,8729.6107,-185.4345,-2.1242,96348977.0,126222278.6771
000852.SH,20160927,8604.0991,8521.0132,8604.5519,8477.802,8544.1762,59.9229,0.7013,82333482.0,104531100.7943
000852.SH,20160928,8592.1261,8604.2365,8613.1371,8575.0305,8604.0991,-11.973,-0.1392,75728268.0,94689853.0597
000852.SH,20160929,8618.606,8597.2912,8651.2099,8597.2531,8592.1261,26.4799,0.3082,76203282.0,94588143.0355
000852.SH,20160930,8661.019,8607.9728,8669.1526,8606.3819,8618.606,42.413,0.4921,71987186.0,89522110.1045
000852.SH,20161010,8842.818,8699.7058,8843.0305,8687.7472,8661.019,181.799,2.099,104310238.0,135618493.3072
000852.SH,20161011,8903.459,8845.2291,8903.8809,8834.1148,8842.818,60.641,0.6858,104427883.0,136370266.9383
000852.SH,20161012,8915.4406,8879.6619,8915.9145,8862.0057,8903.459,11.9816,0.1346,102626587.0,132239426.849
000852.SH,20161013,8929.511,8914.564,8952.76,8905.2612,8915.4406,14.0704,0.1578,106486982.0,135800876.4286
000852.SH,20161014,8913.6951,8913.7436,8918.7667,8845.3699,8929.511,-15.8159,-0.1771,102099828.0,129299180.8022
000852.SH,20161017,8832.0944,8922.1351,8940.0404,8802.7969,8913.6951,-81.6007,-0.9155,106112258.0,140308733.4811
000852.SH,20161018,8966.6907,8822.788,8966.6907,8822.788,8832.0944,134.5963,1.5239,105622596.0,139808269.9311
000852.SH,20161019,8954.2026,8976.8483,8992.0682,8926.8918,8966.6907,-12.4881,-0.1393,108631275.0,141308618.0937
000852.SH,20161020,8995.4099,8957.4747,9006.8427,8953.2886,8954.2026,41.2073,0.4602,116412953.0,152600387.0015
000852.SH,20161021,8943.0111,8987.2403,8991.0393,8857.1022,8995.4099,-52.3988,-0.5825,111821512.0,147423406.9292
000852.SH,20161024,9000.7027,8940.5442,9010.2343,8918.2098,8943.0111,57.6916,0.6451,111382659.0,143944297.0921
000852.SH,20161025,9039.4803,9003.3806,9039.9495,9001.1052,9000.7027,38.7776,0.4308,114219919.0,148126856.4955
000852.SH,20161026,9000.7596,9041.9335,9042.3557,8966.4607,9039.4803,-38.7207,-0.4284,124162316.0,164077224.6708
000852.SH,20161027,8997.0159,8989.6979,8997.8554,8956.6352,9000.7596,-3.7437,-0.0416,101499118.0,132814695.785
000852.SH,20161028,8914.6166,8988.2231,9006.2184,8913.0591,8997.0159,-82.3993,-0.9159,112402190.0,146575230.9324
000852.SH,20161031,8910.5081,8893.2906,8920.6594,8841.1483,8914.6166,-4.1085,-0.0461,101155494.0,132404299.0477
000852.SH,20161101,9006.7893,8914.6804,9006.7893,8914.5842,8910.5081,96.2812,1.0805,106559327.0,146060453.9496
000852.SH,20161102,8946.7436,8990.4678,9006.7921,8939.5483,9006.7893,-60.0457,-0.6667,121370925.0,162157502.4185
000852.SH,20161103,9004.8546,8922.0404,9055.5066,8914.6844,8946.7436,58.111,0.6495,135517866.0,181662835.283
000852.SH,20161104,8979.9261,9000.4861,9040.3538,8960.5817,9004.8546,-24.9285,-0.2768,119656585.0,160812451.2506
000852.SH,20161107,8975.566,8981.4269,9002.5848,8946.7642,8979.9261,-4.3601,-0.0486,115234303.0,152006310.9314
000852.SH,20161108,9030.7309,8996.906,9042.724,8988.3845,8975.566,55.1649,0.6146,112032650.0,150422872.835
000852.SH,20161109,8967.5963,9027.9482,9038.9767,8853.8885,9030.7309,-63.1346,-0.6991,143021034.0,188453511.6752
000852.SH,20161110,9083.8442,9028.6719,9084.7618,9028.6719,8967.5963,116.2479,1.2963,139759125.0,182399439.2183
000852.SH,20161111,9121.5092,9080.4356,9121.6078,9064.2461,9083.8442,37.665,0.4146,146580053.0,191859107.882
000852.SH,20161114,9152.1653,9105.9282,9162.297,9093.4592,9121.5092,30.6561,0.3361,147471690.0,192935324.5289
000852.SH,20161115,9197.8606,9152.1889,9198.2363,9123.2763,9152.1653,45.6953,0.4993,132372898.0,176901786.2203
000852.SH,20161116,9211.9488,9208.4914,9236.6779,9202.1841,9197.8606,14.0882,0.1532,138225702.0,186184263.1706
000852.SH,20161117,9174.4386,9197.9223,9198.086,9131.9045,9211.9488,-37.5102,-0.4072,118432469.0,152817157.7847
000852.SH,20161118,9146.2138,9176.3315,9191.47,9132.7315,9174.4386,-28.2248,-0.3076,112850683.0,148689991.3348
000852.SH,20161121,9167.4921,9138.0556,9181.9561,9135.2045,9146.2138,21.2783,0.2326,106921569.0,145708630.6234
000852.SH,20161122,9244.2118,9176.5503,9244.5472,9174.5596,9167.4921,76.7197,0.8369,117043710.0,162509346.5452
000852.SH,20161123,9180.011,9250.0401,9257.1733,9161.5209,9244.2118,-64.2008,-0.6945,124025602.0,174595353.4653
000852.SH,20161124,9116.5664,9166.5766,9185.5551,9096.0018,9180.011,-63.4446,-0.6911,112366061.0,152186818.1015
000852.SH,20161125,9134.8153,9109.1666,9134.8153,8957.1598,9116.5664,18.2489,0.2002,109498272.0,147288874.7934
000852.SH,20161128,9133.9097,9148.9651,9163.6517,9121.5851,9134.8153,-0.9056,-0.0099,103632039.0,137081351.412
000852.SH,20161129,9031.2898,9120.5896,9132.1586,9031.2898,9133.9097,-102.6199,-1.1235,110035443.0,143706555.3137
000852.SH,20161130,9014.913,9013.1475,9053.1694,8983.7001,9031.2898,-16.3768,-0.1813,93976147.0,125122009.3935
000852.SH,20161201,9055.9856,9021.9671,9056.2401,9021.9671,9014.913,41.0726,0.4556,87812641.0,116471723.7846
000852.SH,20161202,8900.4144,9056.0133,9060.6319,8900.4144,9055.9856,-155.5712,-1.7179,100572332.0,132794112.7724
000852.SH,20161205,8851.5163,8818.6123,8908.1093,8793.0894,8900.4144,-48.8981,-0.5494,83782214.0,110838541.9989
000852.SH,20161206,8871.7288,8865.3401,8896.5511,8853.9115,8851.5163,20.2125,0.2284,73750645.0,100121982.5841
000852.SH,20161207,8969.1357,8870.3001,8969.3418,8855.409,8871.7288,97.4069,1.0979,83649893.0,108984967.0647
000852.SH,20161208,8914.5121,8973.0965,8974.1792,8908.3072,8969.1357,-54.6236,-0.609,85521811.0,113543517.7776
000852.SH,20161209,8881.3429,8903.7439,8920.306,8864.0689,8914.5121,-33.1692,-0.3721,83459736.0,110186325.7599
000852.SH,20161212,8397.4837,8875.5907,8879.4471,8391.0275,8881.3429,-483.8592,-5.448,124182101.0,166295418.4748
000852.SH,20161213,8433.5874,8371.3672,8458.3208,8299.279,8397.4837,36.1037,0.4299,90004166.0,117766017.2041
000852.SH,20161214,8378.0562,8416.9804,8464.9531,8339.6034,8433.5874,-55.5312,-0.6585,89861967.0,115904878.632
000852.SH,20161215,8467.7081,8347.605,8516.8535,8340.8536,8378.0562,89.6519,1.0701,87825641.0,114897367.781
000852.SH,20161216,8559.9905,8470.5363,8565.7865,8466.3521,8467.7081,92.2824,1.0898,87829367.0,115873286.0274
000852.SH,20161219,8551.3258,8554.9619,8556.4374,8521.1189,8559.9905,-8.6647,-0.1012,83590215.0,106649742.5929
000852.SH,20161220,8546.1909,8543.8702,8561.3373,8509.5913,8551.3258,-5.1349,-0.06,77659679.0,100665617.5707
000852.SH,20161221,8609.4052,8558.2808,8609.6688,8558.2808,8546.1909,63.2143,0.7397,81903836.0,108185868.73
000852.SH,20161222,8607.9453,8602.3543,8618.3696,8560.9674,8609.4052,-1.4599,-0.017,80737036.0,106059278.1119
000852.SH,20161223,8509.361,8602.6692,8609.7924,8502.0484,8607.9453,-98.5843,-1.1453,79636353.0,105664864.2943
000852.SH,20161226,8547.0972,8472.4492,8547.2512,8380.6877,8509.361,37.7362,0.4435,76270136.0,99960889.3327
000852.SH,20161227,8555.9901,8541.0012,8575.3794,8534.1485,8547.0972,8.8929,0.104,73504220.0,98785575.8585
000852.SH,20161228,8521.3751,8551.2248,8568.128,8507.8943,8555.9901,-34.615,-0.4046,75672018.0,95948232.5934
000852.SH,20161229,8488.2972,8505.4587,8551.189,8484.4395,8521.3751,-33.0779,-0.3882,70069228.0,91567280.1135
000852.SH,20161230,8490.8611,8487.1511,8516.6073,8466.742,8488.2972,2.5639,0.0302,68994180.0,88497972.7535
000852.SH,20170103,8565.1363,8503.6606,8565.3373,8503.6606,8490.8611,74.2752,0.8748,72674829.0,92295737.9779
000852.SH,20170104,8669.9492,8567.228,8670.1575,8554.127,8565.1363,104.8129,1.2237,94103352.0,124607189.5903
000852.SH,20170105,8670.7612,8665.228,8694.4443,8657.7442,8669.9492,0.812,0.0094,94888573.0,127215023.4068
000852.SH,20170106,8609.8985,8661.692,8666.6632,8603.9116,8670.7612,-60.8627,-0.7019,97656020.0,128857265.5125
000852.SH,20170109,8653.8468,8595.9105,8654.1324,8578.9874,8609.8985,43.9483,0.5104,89797119.0,120109572.439
000852.SH,20170110,8609.5533,8646.0812,8666.902,8604.1171,8653.8468,-44.2935,-0.5118,89114428.0,116693464.048
000852.SH,20170111,8519.845,8592.7486,8619.6442,8514.6339,8609.5533,-89.7083,-1.042,85553215.0,111944114.8909
000852.SH,20170112,8443.2609,8509.5314,8536.5925,8433.7755,8519.845,-76.5841,-0.8989,79330448.0,104485334.5702
000852.SH,20170113,8286.2411,8433.9951,8444.9847,8277.7881,8443.2609,-157.0198,-1.8597,79257182.0,104793121.4042
000852.SH,20170116,7931.9554,8263.1987,8263.9806,7715.4329,8286.2411,-354.2857,-4.2756,106208207.0,131957211.13
000852.SH,20170117,8028.6514,7900.9272,8031.9883,7808.2053,7931.9554,96.696,1.2191,77390492.0,100008994.7669
000852.SH,20170118,7989.1406,8009.5059,8036.381,7972.29,8028.6514,-39.5108,-0.4921,64076272.0,83243029.8496
000852.SH,20170119,7955.3917,7966.4722,8000.8241,7927.7117,7989.1406,-33.7489,-0.4224,60107254.0,77249125.0893
000852.SH,20170120,8087.7723,7945.1876,8102.3867,7944.3927,7955.3917,132.3806,1.664,65199868.0,86141374.2622
000852.SH,20170123,8169.1089,8100.0352,8185.7288,8100.0352,8087.7723,81.3366,1.0057,68353735.0,89215376.8167
000852.SH,20170124,8123.5863,8160.7815,8163.779,8115.128,8169.1089,-45.5226,-0.5573,62916847.0,81333981.7606
000852.SH,20170125,8150.5957,8107.6683,8160.4378,8099.9887,8123.5863,27.0094,0.3325,54697164.0,71069212.058
000852.SH,20170126,8205.8706,8157.0163,8206.0136,8157.0163,8150.5957,55.2749,0.6782,50228165.0,64978765.8871
000852.SH,20170203,8182.2785,8212.4095,8217.6947,8157.6731,8205.8706,-23.5921,-0.2875,45388793.0,57932932.7014
000852.SH,20170206,8280.0082,8181.9051,8280.0082,8175.462,8182.2785,97.7297,1.1944,64263077.0,83371296.8655
000852.SH,20170207,8282.3749,8271.7629,8295.9851,8233.7988,8280.0082,2.3667,0.0286,74017381.0,97867641.4125
000852.SH,20170208,8342.4339,8267.7937,8342.5234,8226.5801,8282.3749,60.059,0.7251,78238751.0,102018362.0315
000852.SH,20170209,8410.2611,8337.9999,8411.1436,8330.7992,8342.4339,67.8272,0.813,91724775.0,118604519.2461
000852.SH,20170210,8380.7863,8404.5077,8414.1834,8374.5337,8410.2611,-29.4748,-0.3505,98085517.0,119773975.4312
000852.SH,20170213,8432.9571,8373.7548,8433.3212,8363.2519,8380.7863,52.1708,0.6225,89710927.0,111849304.1749
000852.SH,20170214,8423.8355,8427.6982,8433.1362,8399.0562,8432.9571,-9.1216,-0.1082,84401361.0,108652322.9014
000852.SH,20170215,8344.0744,8415.5738,8434.5215,8331.356,8423.8355,-79.7611,-0.9469,96558303.0,123055990.0258
000852.SH,20170216,8397.5621,8333.8121,8401.7081,8329.709,8344.0744,53.4877,0.641,89653901.0,110543252.9053
000852.SH,20170217,8324.4171,8390.1201,8401.073,8307.234,8397.5621,-73.145,-0.871,99137008.0,125109376.8735
000852.SH,20170220,8397.2435,8318.277,8397.4341,8312.5608,8324.4171,72.8264,0.8749,93649509.0,117512643.0835
000852.SH,20170221,8479.6076,8399.0427,8479.6086,8393.5378,8397.2435,82.3641,0.9808,103682214.0,131730526.0246
000852.SH,20170222,8510.3052,8477.7456,8510.4179,8457.6292,8479.6076,30.6976,0.362,104126870.0,132212389.671
000852.SH,20170223,8512.7047,8507.9586,8515.4503,8460.4433,8510.3052,2.3995,0.0282,113484936.0,140361467.3249
000852.SH,20170224,8543.4486,8500.6989,8544.318,8487.5007,8512.7047,30.7439,0.3612,94768417.0,125207920.2591
000852.SH,20170227,8476.9064,8534.7233,8546.6197,8470.7492,8543.4486,-66.5422,-0.7789,90304755.0,119249344.858
000852.SH,20170228,8508.0859,8470.4375,8508.3479,8460.4829,8476.9064,31.1795,0.3678,81385427.0,111265692.5623
000852.SH,20170301,8526.4715,8497.8906,8548.8208,8491.7365,8508.0859,18.3856,0.2161,93476812.0,124602292.4254
000852.SH,20170302,8471.44,8529.5843,8539.1072,8467.3898,8526.4715,-55.0315,-0.6454,90446682.0,119730067.7349
000852.SH,20170303,8505.4516,8450.9693,8509.8796,8425.385,8471.44,34.0116,0.4015,85758079.0,119450900.4704
000852.SH,20170306,8608.1538,8513.2064,8608.3975,8513.2064,8505.4516,102.7022,1.2075,89786243.0,129565987.8432
000852.SH,20170307,8624.4654,8614.8547,8625.5183,8574.287,8608.1538,16.3116,0.1895,94884636.0,134165069.9764
000852.SH,20170308,8589.8697,8622.1144,8624.4352,8563.9653,8624.4654,-34.5957,-0.4011,85651452.0,117961846.9495
000852.SH,20170309,8535.5563,8578.8856,8579.245,8513.6475,8589.8697,-54.3134,-0.6323,87844316.0,117451105.1096
000852.SH,20170310,8537.7803,8526.5362,8561.5224,8519.6716,8535.5563,2.224,0.0261,75282220.0,108811679.93
000852.SH,20170313,8598.5181,8529.1717,8598.5181,8477.7016,8537.7803,60.7378,0.7114,81584816.0,114562101.7434
000852.SH,20170314,8581.7132,8604.7655,8618.2902,8563.6143,8598.5181,-16.8049,-0.1954,83475898.0,119013559.4079
000852.SH,20170315,8574.0297,8563.4665,8582.8962,8540.1023,8581.7132,-7.6835,-0.0895,82728825.0,116569471.6517
000852.SH,20170316,8664.9807,8582.9594,8664.9807,8582.9594,8574.0297,90.951,1.0608,96216896.0,132237346.2825
000852.SH,20170317,8603.8652,8671.5191,8704.8464,8601.5721,8664.9807,-61.1155,-0.7053,107253153.0,153091369.0138
000852.SH,20170320,8634.8437,8594.7141,8635.0751,8569.8261,8603.8652,30.9785,0.3601,92282683.0,130411826.8811
000852.SH,20170321,8639.5664,8629.0628,8640.0999,8607.6616,8634.8437,4.7227,0.0547,81416937.0,116722044.5066
000852.SH,20170322,8592.5076,8604.6059,8625.4058,8547.047,8639.5664,-47.0588,-0.5447,92984855.0,130289391.5738
000852.SH,20170323,8590.9601,8592.3367,8624.0718,8500.5214,8592.5076,-1.5475,-0.018,100487706.0,142487835.696
000852.SH,20170324,8602.2898,8583.9521,8606.6108,8552.6844,8590.9601,11.3297,0.1319,93303695.0,127360347.535
000852.SH,20170327,8586.9104,8603.2297,8611.398,8570.8632,8602.2898,-15.3794,-0.1788,90339837.0,126656761.563
000852.SH,20170328,8558.072,8579.0526,8591.8389,8546.1232,8586.9104,-28.8384,-0.3358,83218324.0,116556376.9746
000852.SH,20170329,8488.2171,8555.9892,8565.8647,8484.7367,8558.072,-69.8549,-0.8162,97931194.0,132790409.9482
000852.SH,20170330,8315.0453,8471.2405,8473.3411,8303.0008,8488.2171,-173.1718,-2.0401,113802456.0,149402396.6061
000852.SH,20170331,8339.1462,8314.0802,8351.421,8291.6851,8315.0453,24.1009,0.2898,89185469.0,116854311.9113
000852.SH,20170405,8522.0098,8369.3931,8522.0098,8369.3931,8339.1462,182.8636,2.1928,104236897.0,135703573.9646
000852.SH,20170406,8543.663,8531.1966,8557.5199,8514.0888,8522.0098,21.6532,0.2541,103718630.0,136293116.1303
000852.SH,20170407,8544.747,8539.1441,8567.7963,8523.2973,8543.663,1.084,0.0127,104429268.0,141871142.8775
000852.SH,20170410,8449.1568,8522.9149,8523.3953,8439.3067,8544.747,-95.5902,-1.1187,116716199.0,160243731.4555
000852.SH,20170411,8514.4359,8432.4682,8514.4359,8373.8399,8449.1568,65.2791,0.7726,134251475.0,177771859.3353
000852.SH,20170412,8444.3937,8505.6998,8505.9222,8439.4425,8514.4359,-70.0422,-0.8226,126675246.0,161321556.4425
000852.SH,20170413,8470.3131,8429.7314,8490.862,8423.3049,8444.3937,25.9194,0.3069,106494465.0,130236620.8874
000852.SH,20170414,8345.6516,8460.6355,8463.0647,8338.8721,8470.3131,-124.6615,-1.4717,104302848.0,132344783.1497
000852.SH,20170417,8220.6567,8309.7795,8309.7795,8183.0729,8345.6516,-124.9949,-1.4977,92375203.0,118180068.8958
000852.SH,20170418,8136.409,8216.2088,8247.0466,8133.0473,8220.6567,-84.2477,-1.0248,86728419.0,114295840.9998
000852.SH,20170419,8033.5026,8101.7968,8101.7968,7939.294,8136.409,-102.9064,-1.2648,96674578.0,120296604.7451
000852.SH,20170420,7987.6508,8021.0623,8059.1148,7925.3034,8033.5026,-45.8518,-0.5708,80173877.0,102351585.2223
000852.SH,20170421,7945.39,7984.4705,8014.8271,7938.3223,7987.6508,-42.2608,-0.5291,68609374.0,86997414.6959
000852.SH,20170424,7698.2848,7921.4172,7921.4172,7698.1008,7945.39,-247.1052,-3.11,79123069.0,95231166.4942
000852.SH,20170425,7723.9994,7699.9836,7779.6742,7691.3249,7698.2848,25.7146,0.334,69817708.0,88521018.2535
000852.SH,20170426,7751.9441,7721.6604,7763.0718,7718.7592,7723.9994,27.9447,0.3618,72124687.0,93185981.7615
000852.SH,20170427,7799.1219,7737.0678,7810.1137,7593.0245,7751.9441,47.1778,0.6086,98167781.0,121523478.5881
000852.SH,20170428,7842.0823,7777.7498,7842.1107,7768.0501,7799.1219,42.9604,0.5508,73216270.0,91507735.3645
000852.SH,20170502,7845.4678,7831.4447,7851.4061,7811.841,7842.0823,3.3855,0.0432,70339042.0,91555396.3899
000852.SH,20170503,7830.6375,7832.0173,7860.3028,7796.8186,7845.4678,-14.8303,-0.189,79325256.0,103812090.4446
000852.SH,20170504,7804.5795,7804.7786,7877.3243,7763.8439,7830.6375,-26.058,-0.3328,81643054.0,107023125.3809
000852.SH,20170505,7700.2646,7780.1407,7787.572,7700.2065,7804.5795,-104.3149,-1.3366,75760190.0,96850515.7273
000852.SH,20170508,7555.2827,7679.1638,7691.4844,7555.057,7700.2646,-144.9819,-1.8828,73319729.0,92056044.6495
000852.SH,20170509,7602.9617,7522.216,7603.3581,7475.4093,7555.2827,47.679,0.6311,67280805.0,82754790.7722
000852.SH,20170510,7451.7759,7597.7685,7637.6382,7451.3622,7602.9617,-151.1858,-1.9885,77301565.0,92109196.9705
000852.SH,20170511,7387.1534,7400.4191,7408.1053,7199.4118,7451.7759,-64.6225,-0.8672,89986689.0,101201186.9495
000852.SH,20170512,7371.3016,7368.0731,7395.3571,7306.3752,7387.1534,-15.8518,-0.2146,68955148.0,83456798.047
000852.SH,20170515,7391.6054,7386.2038,7425.3221,7386.2038,7371.3016,20.3038,0.2754,62018727.0,76637996.0383
000852.SH,20170516,7549.7649,7377.762,7549.9152,7324.1379,7391.6054,158.1595,2.1397,87956327.0,110829888.598
000852.SH,20170517,7570.4388,7545.2127,7609.5326,7538.6694,7549.7649,20.6739,0.2738,87397565.0,111325674.9334
000852.SH,20170518,7519.1915,7509.4056,7581.8272,7490.7766,7570.4388,-51.2473,-0.6769,76571371.0,97572377.7308
000852.SH,20170519,7510.1064,7517.1306,7540.9152,7472.2842,7519.1915,-9.0851,-0.1208,70235465.0,85675816.0844
000852.SH,20170522,7372.79,7500.5067,7521.6259,7354.072,7510.1064,-137.3164,-1.8284,75642748.0,89326341.4748
000852.SH,20170523,7138.2383,7352.2513,7359.7791,7132.3108,7372.79,-234.5517,-3.1813,81300141.0,93038987.9735
000852.SH,20170524,7172.143,7099.2704,7172.6582,6996.6403,7138.2383,33.9047,0.475,69675338.0,77578602.6663
000852.SH,20170525,7232.6313,7160.1626,7241.2328,7078.5469,7172.143,60.4883,0.8434,78452460.0,87980703.8868
000852.SH,20170526,7233.3384,7224.8098,7265.152,7221.0773,7232.6313,0.7071,0.0098,73388876.0,83869905.9668
000852.SH,20170531,7212.6958,7303.5818,7327.3193,7211.0698,7233.3384,-20.6426,-0.2854,68088164.0,77887755.928
000852.SH,20170601,7016.304,7191.6866,7191.6903,7015.8737,7212.6958,-196.3918,-2.7229,73048074.0,80735377.891
000852.SH,20170602,7094.4274,6989.4398,7105.0282,6927.917,7016.304,78.1234,1.1135,72114679.0,77347424.6693
000852.SH,20170605,7160.5273,7102.4976,7172.437,7099.6191,7094.4274,66.0999,0.9317,63186152.0,70693306.7693
000852.SH,20170606,7197.6176,7147.1739,7198.304,7136.4641,7160.5273,37.0903,0.518,61678299.0,68888516.3191
000852.SH,20170607,7347.5974,7194.6901,7347.5974,7192.8645,7197.6176,149.9798,2.0837,91546724.0,101941733.7935
000852.SH,20170608,7342.4822,7349.9271,7374.8605,7327.072,7347.5974,-5.1152,-0.0696,84987150.0,97053449.0647
000852.SH,20170609,7348.5208,7331.5051,7353.4073,7288.3213,7342.4822,6.0386,0.0822,76717904.0,86608838.8718
000852.SH,20170612,7246.7127,7314.668,7322.4734,7241.0701,7348.5208,-101.8081,-1.3854,75468498.0,87644992.3565
000852.SH,20170613,7352.9763,7234.2765,7358.426,7232.6856,7246.7127,106.2636,1.4664,73604184.0,86430813.3578
000852.SH,20170614,7362.8557,7346.5234,7382.5798,7340.6953,7352.9763,9.8794,0.1344,80236269.0,96077210.4776
000852.SH,20170615,7455.3876,7350.0056,7468.2112,7348.4188,7362.8557,92.5319,1.2567,91008686.0,107603745.8681
000852.SH,20170616,7442.9532,7453.6027,7463.0481,7433.4222,7455.3876,-12.4344,-0.1668,78770823.0,94280619.5687
000852.SH,20170619,7489.7603,7435.2549,7489.8229,7435.2392,7442.9532,46.8071,0.6289,74348242.0,87490803.4305
000852.SH,20170620,7503.8007,7496.8886,7542.1341,7495.7237,7489.7603,14.0404,0.1875,88753750.0,107744746.388
000852.SH,20170621,7504.1922,7510.0105,7521.2142,7456.5647,7503.8007,0.3915,0.0052,82020574.0,99722630.6802
000852.SH,20170622,7371.9617,7495.9189,7506.4056,7371.9617,7504.1922,-132.2305,-1.7621,92135684.0,108096352.7661
000852.SH,20170623,7376.6653,7355.7569,7383.9252,7262.4072,7371.9617,4.7036,0.0638,81280141.0,92898270.8011
000852.SH,20170626,7462.0958,7370.618,7462.2479,7363.385,7376.6653,85.4305,1.1581,75951957.0,87122135.0851
000852.SH,20170627,7474.0329,7461.3972,7493.818,7442.8521,7462.0958,11.9371,0.16,75652329.0,86202615.0009
000852.SH,20170628,7423.4682,7457.3613,7457.7122,7411.3828,7474.0329,-50.5647,-0.6765,70053215.0,80354042.9884
000852.SH,20170629,7456.6719,7424.9686,7480.7368,7424.9686,7423.4682,33.2037,0.4473,67297454.0,78474990.5375
000852.SH,20170630,7465.7623,7435.7002,7473.2706,7416.4484,7456.6719,9.0904,0.1219,64150203.0,74481635.646
000852.SH,20170703,7537.106,7468.1506,7537.3347,7460.4447,7465.7623,71.3437,0.9556,74486293.0,86007917.2142
000852.SH,20170704,7523.6952,7533.9884,7540.9366,7506.52,7537.106,-13.4108,-0.1779,72648178.0,84796831.1418
000852.SH,20170705,7588.087,7520.8649,7588.1216,7510.5348,7523.6952,64.3918,0.8559,82890334.0,95840387.3302
000852.SH,20170706,7601.7853,7583.1489,7613.256,7543.3377,7588.087,13.6983,0.1805,100425646.0,116335709.6396
000852.SH,20170707,7623.3803,7585.332,7623.4999,7576.8128,7601.7853,21.595,0.2841,94199614.0,108753208.4904
000852.SH,20170710,7577.8179,7613.3142,7626.8526,7567.0958,7623.3803,-45.5624,-0.5977,99698487.0,113139301.8537
000852.SH,20170711,7484.0582,7566.4057,7575.4706,7484.0582,7577.8179,-93.7597,-1.2373,90991082.0,104100943.4413
000852.SH,20170712,7474.3329,7471.5596,7494.9543,7367.258,7484.0582,-9.7253,-0.1299,89792195.0,100201619.6944
000852.SH,20170713,7474.2995,7463.2783,7494.7316,7452.1297,7474.3329,-0.0334,-0.0004,81808389.0,90255494.2055
000852.SH,20170714,7433.1796,7460.5287,7465.5405,7415.5836,7474.2995,-41.1199,-0.5502,73794909.0,84993306.3557
000852.SH,20170717,7048.5352,7405.9132,7405.9132,7048.5352,7433.1796,-384.6444,-5.1747,116496105.0,121889175.2549
000852.SH,20170718,7109.6,7013.311,7109.9416,6988.5213,7048.5352,61.0648,0.8663,82600121.0,85783192.1063
000852.SH,20170719,7202.8053,7097.5402,7202.9518,7081.5147,7109.6,93.2053,1.311,101966429.0,101779968.3398
000852.SH,20170720,7244.9003,7199.6783,7273.9822,7192.0659,7202.8053,42.095,0.5844,106172491.0,111873580.0391
000852.SH,20170721,7252.7072,7232.8068,7268.2407,7227.9593,7244.9003,7.8069,0.1078,100077281.0,104559946.2675
000852.SH,20170724,7292.6485,7235.0099,7295.2835,7228.836,7252.7072,39.9413,0.5507,106202521.0,111542285.1497
000852.SH,20170725,7278.8429,7281.391,7297.1083,7237.5243,7292.6485,-13.8056,-0.1893,92389196.0,97786135.0635
000852.SH,20170726,7289.8774,7275.8776,7290.1414,7238.2669,7278.8429,11.0345,0.1516,96347421.0,103958953.6392
000852.SH,20170727,7383.1148,7274.1495,7388.2948,7252.4621,7289.8774,93.2374,1.279,124169690.0,135834473.9755
000852.SH,20170728,7386.2077,7366.553,7400.3674,7361.3622,7383.1148,3.0929,0.0419,103203280.0,115423343.0726
000852.SH,20170731,7444.9572,7382.964,7445.2454,7371.0365,7386.2077,58.7495,0.7954,119850688.0,128073495.8876
000852.SH,20170801,7452.9334,7444.7511,7456.4085,7416.9748,7444.9572,7.9762,0.1071,116322119.0,127857811.388
000852.SH,20170802,7389.5098,7445.2852,7453.2048,7385.3466,7452.9334,-63.4236,-0.851,122436327.0,131044199.9989
000852.SH,20170803,7424.1071,7374.4734,7451.6122,7368.5347,7389.5098,34.5973,0.4682,114162782.0,122738772.8655
000852.SH,20170804,7389.1455,7417.3135,7447.3576,7389.1455,7424.1071,-34.9616,-0.4709,123600728.0,132178585.7596
000852.SH,20170807,7445.1799,7379.028,7445.6776,7379.028,7389.1455,56.0344,0.7583,99658818.0,104575537.6453
000852.SH,20170808,7470.6933,7446.2325,7482.2532,7423.2056,7445.1799,25.5134,0.3427,120566699.0,126185473.3241
000852.SH,20170809,7495.3878,7469.2854,7495.7971,7455.6923,7470.6933,24.6945,0.3306,113083964.0,120218659.7134
000852.SH,20170810,7441.2365,7478.9276,7499.8671,7381.2109,7495.3878,-54.1513,-0.7225,115524978.0,124155840.8832
000852.SH,20170811,7328.4015,7389.7405,7425.2953,7318.4804,7441.2365,-112.835,-1.5163,117100247.0,122605801.0876
000852.SH,20170814,7474.6438,7331.6366,7475.1962,7331.6366,7328.4015,146.2423,1.9956,105158120.0,114207479.6928
000852.SH,20170815,7507.2913,7477.269,7507.7634,7462.4373,7474.6438,32.6475,0.4368,101089524.0,112638071.226
000852.SH,20170816,7544.387,7502.5699,7553.5029,7475.2029,7507.2913,37.0957,0.4941,112649947.0,127627891.8167
000852.SH,20170817,7614.2121,7547.7812,7615.7497,7545.6265,7544.387,69.8251,0.9255,125774281.0,142863068.904
000852.SH,20170818,7576.0546,7564.9775,7595.2715,7547.6681,7614.2121,-38.1575,-0.5011,111948507.0,126566450.4921
000852.SH,20170821,7631.75,7583.0792,7631.9455,7583.0466,7576.0546,55.6954,0.7352,101044855.0,112907228.5105
000852.SH,20170822,7585.1122,7622.9913,7622.9913,7567.6946,7631.75,-46.6378,-0.6111,102144022.0,117494815.1368
000852.SH,20170823,7534.4608,7572.0782,7581.1975,7516.6872,7585.1122,-50.6514,-0.6678,86378899.0,98224535.768
000852.SH,20170824,7486.0579,7531.842,7540.7662,7470.3535,7534.4608,-48.4029,-0.6424,84636693.0,94680273.3841
000852.SH,20170825,7559.3055,7483.846,7566.0282,7483.846,7486.0579,73.2476,0.9785,86605024.0,95324709.2966
000852.SH,20170828,7642.6463,7563.5436,7656.7909,7563.5436,7559.3055,83.3408,1.1025,106388383.0,123305883.8525
000852.SH,20170829,7623.255,7639.0092,7653.1752,7607.1869,7642.6463,-19.3913,-0.2537,104143952.0,121808367.1071
000852.SH,20170830,7654.3722,7618.3786,7663.329,7618.3786,7623.255,31.1172,0.4082,107534864.0,122792866.0027
000852.SH,20170831,7679.871,7654.3361,7680.3144,7639.7818,7654.3722,25.4988,0.3331,102046479.0,118232619.5524
000852.SH,20170901,7739.9053,7687.8395,7740.2947,7674.1962,7679.871,60.0343,0.7817,124204193.0,145344071.1667
000852.SH,20170904,7798.1786,7739.8737,7798.5093,7730.1137,7739.9053,58.2733,0.7529,133033942.0,157747465.9966
000852.SH,20170905,7800.5374,7790.6954,7803.903,7751.4724,7798.1786,2.3588,0.0302,118988268.0,144359211.6776
000852.SH,20170906,7858.2849,7776.9865,7858.3549,7766.0364,7800.5374,57.7475,0.7403,125957092.0,156182429.5583
000852.SH,20170907,7823.3992,7859.3956,7886.9196,7819.324,7858.2849,-34.8857,-0.4439,130396053.0,165223254.967
000852.SH,20170908,7838.7959,7816.2146,7861.0376,7789.3276,7823.3992,15.3967,0.1968,115813341.0,142067251.4077
000852.SH,20170911,7920.6904,7835.8179,7920.8569,7832.679,7838.7959,81.8945,1.0447,119948688.0,147333672.6581
000852.SH,20170912,7899.4235,7926.4663,7965.6903,7883.6572,7920.6904,-21.2669,-0.2685,155595841.0,194414366.3864
000852.SH,20170913,7928.751,7888.8375,7928.9541,7872.7643,7899.4235,29.3275,0.3713,114389441.0,136363024.5864
000852.SH,20170914,7916.6655,7930.8252,7951.839,7885.6835,7928.751,-12.0855,-0.1524,125385871.0,147062894.0253
000852.SH,20170915,7880.5664,7902.1968,7904.3597,7846.9191,7916.6655,-36.0991,-0.456,116482297.0,136089294.3639
000852.SH,20170918,7941.6827,7870.6411,7941.9418,7870.6411,7880.5664,61.1163,0.7755,103390755.0,123018529.6758
000852.SH,20170919,7905.705,7941.0664,7948.3002,7880.9573,7941.6827,-35.9777,-0.453,109775245.0,128893608.389
000852.SH,20170920,7975.3898,7896.8192,7975.6066,7883.2836,7905.705,69.6848,0.8814,116876089.0,136776786.7041
000852.SH,20170921,7886.5153,7974.7124,7981.7757,7886.5153,7975.3898,-88.8745,-1.1144,116850713.0,139595051.5368
000852.SH,20170922,7849.7265,7860.8629,7873.2536,7807.8264,7886.5153,-36.7888,-0.4665,102139599.0,119331118.0102
000852.SH,20170925,7731.7977,7835.1973,7843.2834,7725.5686,7849.7265,-117.9288,-1.5023,91623510.0,105585408.2555
000852.SH,20170926,7746.2385,7723.1121,7751.0556,7697.1067,7731.7977,14.4408,0.1868,77843700.0,92600446.4099
000852.SH,20170927,7810.234,7745.5905,7812.8772,7742.4736,7746.2385,63.9955,0.8261,81346629.0,98540863.4382
000852.SH,20170928,7768.3752,7800.127,7818.988,7766.8558,7810.234,-41.8588,-0.5359,86698342.0,104257195.1562
000852.SH,20170929,7842.5861,7779.8831,7842.955,7779.8831,7768.3752,74.2109,0.9553,85523200.0,102747856.8715
000852.SH,20171009,7941.1804,7921.732,7945.0404,7894.2999,7842.5861,98.5943,1.2572,102276853.0,122844015.2499
000852.SH,20171010,7994.4594,7934.3671,7994.7443,7925.5504,7941.1804,53.279,0.6709,102305671.0,123864586.9435
000852.SH,20171011,7961.1104,7991.2174,7997.9851,7953.954,7994.4594,-33.349,-0.4172,114720884.0,138250232.1855
000852.SH,20171012,7940.1376,7951.6656,7962.307,7886.2434,7961.1104,-20.9728,-0.2634,100875163.0,121756563.0506
000852.SH,20171013,7972.4194,7934.4321,7972.6743,7926.7626,7940.1376,32.2818,0.4066,90829343.0,113476920.4943
000852.SH,20171016,7819.5861,7963.5231,7964.2571,7817.2411,7972.4194,-152.8333,-1.917,107362554.0,130412466.8148
000852.SH,20171017,7805.0681,7799.7753,7836.3967,7772.8924,7819.5861,-14.518,-0.1857,70959771.0,85511784.3009
000852.SH,20171018,7730.2716,7806.8818,7829.9853,7729.0481,7805.0681,-74.7965,-0.9583,82414922.0,96559028.7778
000852.SH,20171019,7656.0557,7718.8028,7734.9008,7637.611,7730.2716,-74.2159,-0.9601,83055058.0,94369987.9525
000852.SH,20171020,7751.428,7650.0785,7751.428,7647.0557,7656.0557,95.3723,1.2457,68092599.0,79698260.2004
000852.SH,20171023,7793.5367,7753.6853,7793.8105,7746.8873,7751.428,42.1087,0.5432,71750404.0,86394256.3851
000852.SH,20171024,7752.9235,7786.2986,7786.2986,7702.5502,7793.5367,-40.6132,-0.5211,72746506.0,88455359.0013
000852.SH,20171025,7799.7488,7745.3226,7799.8738,7740.4932,7752.9235,46.8253,0.604,69358583.0,83802592.3249
000852.SH,20171026,7830.1058,7791.7405,7836.7019,7783.906,7799.7488,30.357,0.3892,83826361.0,100752821.0238
000852.SH,20171027,7770.7127,7821.5601,7831.0222,7762.6353,7830.1058,-59.3931,-0.7585,77703303.0,91788513.0179
000852.SH,20171030,7574.6548,7753.6758,7755.655,7531.2852,7770.7127,-196.0579,-2.523,96450484.0,109379323.4269
000852.SH,20171031,7631.5334,7563.6483,7631.9179,7560.8953,7574.6548,56.8786,0.7509,69384453.0,82283960.0584
000852.SH,20171101,7635.4351,7630.4244,7659.3731,7622.9418,7631.5334,3.9017,0.0511,74009354.0,88996750.156
000852.SH,20171102,7542.3547,7622.8353,7622.8353,7540.8897,7635.4351,-93.0804,-1.2191,76617542.0,90532059.4737
000852.SH,20171103,7476.981,7534.4429,7549.8306,7436.4304,7542.3547,-65.3737,-0.8668,80044389.0,91895587.808
000852.SH,20171106,7551.3531,7476.1948,7551.8892,7453.2019,7476.981,74.3721,0.9947,73389682.0,87737442.6391
000852.SH,20171107,7596.1679,7548.3842,7596.4247,7530.0418,7551.3531,44.8148,0.5935,81226162.0,96589130.7013
000852.SH,20171108,7617.5246,7585.9108,7653.4235,7578.6888,7596.1679,21.3567,0.2812,86674802.0,103615153.2605
000852.SH,20171109,7656.668,7610.8889,7657.2508,7609.2412,7617.5246,39.1434,0.5139,78332482.0,93045904.5347
000852.SH,20171110,7669.971,7649.4699,7677.7003,7634.6462,7656.668,13.303,0.1737,89683889.0,107072916.2674
000852.SH,20171113,7681.6349,7673.5173,7682.0642,7649.4286,7669.971,11.6639,0.1521,96787326.0,116483067.9559
000852.SH,20171114,7627.4935,7676.7014,7683.2331,7596.7989,7681.6349,-54.1414,-0.7048,96157933.0,118613215.6673
000852.SH,20171115,7556.4211,7609.7201,7618.3971,7530.8121,7627.4935,-71.0724,-0.9318,78824888.0,98546777.3124
000852.SH,20171116,7535.5894,7543.012,7575.51,7523.8897,7556.4211,-20.8317,-0.2757,75868519.0,91634930.4889
000852.SH,20171117,7272.656,7528.8023,7529.214,7262.8902,7535.5894,-262.9334,-3.4892,105824511.0,120725017.9718
000852.SH,20171120,7292.456,7234.3313,7292.5058,7089.6269,7272.656,19.8,0.2723,79268800.0,88051562.1955
000852.SH,20171121,7289.3069,7283.6125,7332.9808,7246.2033,7292.456,-3.1491,-0.0432,78289056.0,89707287.274
000852.SH,20171122,7297.3911,7290.6439,7330.6482,7244.988,7289.3069,8.0842,0.1109,83721769.0,98284532.7859
000852.SH,20171123,7129.0547,7283.7479,7283.7479,7124.0262,7297.3911,-168.3364,-2.3068,84917041.0,95606645.7443
000852.SH,20171124,7139.5525,7102.2631,7165.4054,7093.7327,7129.0547,10.4978,0.1473,68774421.0,77199040.3859
000852.SH,20171127,7065.8401,7130.0996,7148.3111,7057.3302,7139.5525,-73.7124,-1.0325,66026161.0,73512573.7218
000852.SH,20171128,7176.9202,7057.5304,7177.1001,7057.3553,7065.8401,111.0801,1.5721,64844703.0,72399632.4268
000852.SH,20171129,7193.1197,7176.1561,7194.7836,7110.4847,7176.9202,16.1995,0.2257,79386985.0,87373737.2541
000852.SH,20171130,7153.5725,7176.1505,7199.271,7133.8104,7193.1197,-39.5472,-0.5498,71253522.0,81046478.6509
000852.SH,20171201,7215.7755,7144.4816,7221.0019,7144.0674,7153.5725,62.203,0.8695,68773426.0,78744576.1072
000852.SH,20171204,7139.7488,7209.777,7215.2838,7135.3981,7215.7755,-76.0267,-1.0536,68490651.0,79210928.1803
000852.SH,20171205,6946.5567,7124.9799,7139.7026,6909.402,7139.7488,-193.1921,-2.7059,82947430.0,91055716.9702
000852.SH,20171206,7016.7644,6925.4595,7016.8717,6879.2408,6946.5567,70.2077,1.0107,74073810.0,80867053.3713
000852.SH,20171207,7012.7074,7002.461,7052.215,6992.9224,7016.7644,-4.057,-0.0578,65907003.0,74113863.7698
000852.SH,20171208,7078.0006,7004.1227,7091.6112,7002.6441,7012.7074,65.2932,0.9311,69671967.0,78998601.493
000852.SH,20171211,7160.4254,7089.9497,7160.8352,7089.9167,7078.0006,82.4248,1.1645,74668996.0,88631073.7036
000852.SH,20171212,7095.5946,7157.7312,7157.7312,7095.2272,7160.4254,-64.8308,-0.9054,75574603.0,92036411.6054
000852.SH,20171213,7139.7185,7080.6162,7140.1965,7078.2558,7095.5946,44.1239,0.6218,66579784.0,78906518.7611
000852.SH,20171214,7146.4493,7131.2713,7149.2229,7103.9243,7139.7185,6.7308,0.0943,71121087.0,83360968.9757
000852.SH,20171215,7122.7479,7137.0405,7146.7087,7092.2566,7146.4493,-23.7014,-0.3317,75337556.0,89636671.5954
000852.SH,20171218,7075.8654,7113.7789,7120.8505,7049.3037,7122.7479,-46.8825,-0.6582,67680244.0,80646669.1934
000852.SH,20171219,7115.8513,7070.2185,7116.0909,7069.8819,7075.8654,39.9859,0.5651,61202471.0,73809909.9328
000852.SH,20171220,7041.4998,7106.66,7112.5888,7029.6998,7115.8513,-74.3515,-1.0449,70439849.0,82955647.2644
000852.SH,20171221,7051.3389,7029.0232,7064.6666,6963.1348,7041.4998,9.8391,0.1397,71260268.0,84872324.6203
000852.SH,20171222,7037.3972,7043.3891,7063.814,7027.2019,7051.3389,-13.9417,-0.1977,66292358.0,79475653.6817
000852.SH,20171225,6940.511,7031.0332,7034.1967,6927.319,7037.3972,-96.8862,-1.3767,70201001.0,82112477.6869
000852.SH,20171226,6970.7456,6935.0402,6970.9836,6893.6161,6940.511,30.2346,0.4356,63357553.0,72955067.5161
000852.SH,20171227,6942.5392,6963.0644,6985.4889,6935.8774,6970.7456,-28.2064,-0.4046,72263885.0,81033467.2247
000852.SH,20171228,6956.4829,6929.5437,6979.0751,6925.067,6942.5392,13.9437,0.2008,75274863.0,82854068.3734
000852.SH,20171229,7017.3512,6957.0151,7018.0647,6956.5875,6956.4829,60.8683,0.875,66690097.0,74243423.7035
000852.SH,20180102,7092.0947,7027.6346,7092.2206,7022.2315,7017.3512,74.7435,1.0651,77191027.0,83707133.096
000852.SH,20180103,7159.8758,7090.8661,7163.8571,7083.1071,7092.0947,67.7811,0.9557,91410010.0,102536974.1691
000852.SH,20180104,7174.865,7149.6787,7175.3481,7141.6958,7159.8758,14.9892,0.2094,88822118.0,100784812.9306
000852.SH,20180105,7176.8679,7172.0013,7194.9792,7163.0424,7174.865,2.0029,0.0279,92401433.0,103063159.9043
000852.SH,20180108,7188.2906,7172.044,7188.545,7132.9401,7176.8679,11.4227,0.1592,97596014.0,108927482.5002
000852.SH,20180109,7176.7416,7179.9265,7183.2839,7156.1972,7188.2906,-11.549,-0.1607,84762073.0,94406583.34
000852.SH,20180110,7138.781,7172.7252,7175.0776,7089.6561,7176.7416,-37.9606,-0.5289,92083397.0,103132729.8689
000852.SH,20180111,7175.3982,7121.4611,7180.3316,7093.7277,7138.781,36.6172,0.5129,89170557.0,100924157.5747
000852.SH,20180112,7127.828,7166.7464,7174.8411,7125.2307,7175.3982,-47.5702,-0.663,92888879.0,96816230.4992
000852.SH,20180115,6929.3071,7103.6124,7103.7005,6912.7082,7127.828,-198.5209,-2.7852,106751386.0,112357557.8634
000852.SH,20180116,6960.6772,6916.1572,6960.7259,6915.9911,6929.3071,31.3701,0.4527,86865454.0,93053137.5609
000852.SH,20180117,6942.863,6938.7207,6948.3232,6846.5569,6960.6772,-17.8142,-0.2559,90404454.0,96289669.774
000852.SH,20180118,6955.232,6928.0948,6963.6238,6926.5856,6942.863,12.369,0.1782,71023325.0,76504568.9404
000852.SH,20180119,6938.3117,6953.3359,6981.8127,6928.6486,6955.232,-16.9203,-0.2433,75544277.0,82542650.2411
000852.SH,20180122,7014.5476,6928.7978,7014.8264,6902.6295,6938.3117,76.2359,1.0988,81490371.0,91441691.4115
000852.SH,20180123,7019.9751,7008.9706,7028.5669,6996.6435,7014.5476,5.4275,0.0774,78622637.0,86935956.6577
000852.SH,20180124,7072.4062,7008.4691,7072.8707,6972.6913,7019.9751,52.4311,0.7469,91279268.0,104123992.2611
000852.SH,20180125,7062.6351,7065.2957,7110.1509,7057.6363,7072.4062,-9.7711,-0.1382,97155728.0,110419614.0105
000852.SH,20180126,7056.0133,7043.2713,7070.6012,7037.9981,7062.6351,-6.6218,-0.0938,82596985.0,92459193.0309
000852.SH,20180129,6972.4791,7052.3075,7060.1238,6956.1976,7056.0133,-83.5342,-1.1839,87438231.0,96707363.6698
000852.SH,20180130,6955.2425,6955.6767,6977.0972,6944.7985,6972.4791,-17.2366,-0.2472,73304621.0,80189948.7867
000852.SH,20180131,6791.0094,6913.3551,6913.3551,6773.987,6955.2425,-164.2331,-2.3613,93717953.0,98171546.8157
000852.SH,20180201,6506.4526,6775.3591,6792.9899,6505.7607,6791.0094,-284.5568,-4.1902,108188969.0,107037563.6239
000852.SH,20180202,6487.8671,6454.445,6493.224,6322.5755,6506.4526,-18.5855,-0.2856,85895624.0,85779041.352
000852.SH,20180205,6461.8128,6403.0778,6485.7536,6379.8335,6487.8671,-26.0543,-0.4016,70665745.0,72124065.6122
000852.SH,20180206,6142.6681,6353.2048,6383.1816,6142.4026,6461.8128,-319.1447,-4.9389,91078375.0,89122346.9888
000852.SH,20180207,6158.2574,6236.4564,6270.5688,6042.6268,6142.6681,15.5893,0.2538,84681200.0,84669998.9717
000852.SH,20180208,6238.2209,6141.7829,6243.7366,6138.166,6158.2574,79.9635,1.2985,63310989.0,64134826.7607
000852.SH,20180209,6053.0204,6100.348,6142.3134,5983.7658,6238.2209,-185.2005,-2.9688,81244007.0,77570354.8464
000852.SH,20180212,6203.7517,6074.4609,6216.5161,6074.4609,6053.0204,150.7313,2.4902,62144022.0,63609252.9113
000852.SH,20180213,6216.5101,6229.3764,6268.7754,6211.6281,6203.7517,12.7584,0.2057,61402576.0,63359383.8629
000852.SH,20180214,6230.6628,6216.3807,6230.7319,6182.8932,6216.5101,14.1527,0.2277,43078275.0,43830725.1374
000852.SH,20180222,6347.0825,6269.3672,6347.1487,6269.3672,6230.6628,116.4197,1.8685,56935533.0,59696646.8625
000852.SH,20180223,6365.9164,6346.8222,6367.0559,6316.543,6347.0825,18.8339,0.2967,64212820.0,65355546.8829
000852.SH,20180226,6507.128,6396.5072,6509.6242,6382.1541,6365.9164,141.2116,2.2182,89530167.0,92903053.0135
000852.SH,20180227,6529.3803,6506.4001,6540.7497,6491.5333,6507.128,22.2523,0.342,92361276.0,97506319.9265
000852.SH,20180228,6563.8076,6488.2495,6581.0816,6461.3671,6529.3803,34.4273,0.5273,88031590.0,96704991.1935
000852.SH,20180301,6658.5782,6530.2234,6658.9351,6517.5876,6563.8076,94.7706,1.4438,91081398.0,99824674.3332
000852.SH,20180302,6632.3713,6621.526,6672.9623,6612.4578,6658.5782,-26.2069,-0.3936,89120446.0,97203093.6055
000852.SH,20180305,6674.2773,6648.2604,6674.4136,6626.4212,6632.3713,41.906,0.6318,79316783.0,87991358.3203
000852.SH,20180306,6735.8593,6679.2745,6735.9605,6679.0512,6674.2773,61.582,0.9227,96465995.0,106045839.4215
000852.SH,20180307,6688.5451,6726.8022,6740.0826,6682.6428,6735.8593,-47.3142,-0.7024,85717765.0,90815161.5104
000852.SH,20180308,6725.1826,6679.0359,6725.4176,6678.6758,6688.5451,36.6375,0.5478,79015477.0,85662966.9917
000852.SH,20180309,6837.1264,6725.4297,6839.7185,6722.6799,6725.1826,111.9438,1.6645,106638912.0,117552935.9506
000852.SH,20180312,6947.4602,6865.4449,6947.6464,6865.4449,6837.1264,110.3338,1.6137,123378324.0,141019772.5219
000852.SH,20180313,6911.6657,6937.1245,6963.8492,6906.6536,6947.4602,-35.7945,-0.5152,111152929.0,124524862.7274
000852.SH,20180314,6834.8354,6886.0188,6908.1124,6831.7517,6911.6657,-76.8303,-1.1116,94189430.0,105572468.2426
000852.SH,20180315,6824.0515,6809.854,6838.8925,6743.396,6834.8354,-10.7839,-0.1578,91224058.0,101370411.9293
000852.SH,20180316,6805.9256,6821.2277,6861.6829,6805.9256,6824.0515,-18.1259,-0.2656,87455339.0,96945056.9972
000852.SH,20180319,6820.5016,6796.3484,6856.089,6773.547,6805.9256,14.576,0.2142,84173400.0,95364093.1293
000852.SH,20180320,6822.2549,6768.7123,6826.7798,6749.813,6820.5016,1.7533,0.0257,81340306.0,91422981.7638
000852.SH,20180321,6771.0554,6826.222,6875.5193,6766.9354,6822.2549,-51.1995,-0.7505,95895895.0,108171085.8051
000852.SH,20180322,6764.6898,6767.2649,6804.244,6729.1638,6771.0554,-6.3656,-0.094,85808988.0,95035967.8864
000852.SH,20180323,6402.8929,6565.975,6625.1036,6336.2466,6764.6898,-361.7969,-5.3483,132373257.0,134073518.4706
000852.SH,20180326,6515.2508,6313.8955,6515.3315,6257.9635,6402.8929,112.3579,1.7548,94703107.0,100812349.8749
000852.SH,20180327,6680.8436,6570.4177,6692.9674,6570.4177,6515.2508,165.5928,2.5416,110195707.0,125765171.7595
000852.SH,20180328,6635.8731,6602.6344,6683.9976,6586.9702,6680.8436,-44.9705,-0.6731,99371456.0,114583810.3204
000852.SH,20180329,6684.2753,6648.8891,6686.7351,6635.8184,6635.8731,48.4022,0.7294,91214211.0,103627875.0715
000852.SH,20180330,6798.6684,6699.4598,6799.0184,6699.4598,6684.2753,114.3931,1.7114,102091949.0,122028120.0709
000852.SH,20180402,6835.8746,6818.1244,6875.6377,6806.1936,6798.6684,37.2062,0.5473,118297864.0,144707510.2888
000852.SH,20180403,6769.558,6745.2126,6775.9991,6712.4949,6835.8746,-66.3166,-0.9701,101357280.0,119149820.0594
000852.SH,20180404,6708.9219,6783.3441,6804.0378,6704.1042,6769.558,-60.6361,-0.8957,92645766.0,110084215.4574
000852.SH,20180409,6718.6493,6680.3967,6747.6954,6627.6841,6708.9219,9.7274,0.145,87538445.0,100709174.6736
000852.SH,20180410,6720.7737,6721.9099,6731.5502,6649.8894,6718.6493,2.1244,0.0316,94164633.0,108045600.2007
000852.SH,20180411,6759.8118,6736.2178,6778.1801,6731.3503,6720.7737,39.0381,0.5809,95131792.0,106801497.7105
000852.SH,20180412,6727.6447,6748.4734,6772.4275,6718.5074,6759.8118,-32.1671,-0.4759,88454483.0,100232284.7955
000852.SH,20180413,6721.6629,6753.3455,6771.1184,6710.7094,6727.6447,-5.9818,-0.0889,84559366.0,96831602.1786
000852.SH,20180416,6717.9311,6704.3387,6750.1768,6657.946,6721.6629,-3.7318,-0.0555,93135856.0,106511641.5232
000852.SH,20180417,6564.6919,6727.4217,6739.171,6559.0389,6717.9311,-153.2392,-2.281,97259954.0,113726637.9792
000852.SH,20180418,6661.2913,6597.3295,6668.3851,6483.092,6564.6919,96.5994,1.4715,101869241.0,115408099.67
000852.SH,20180419,6677.09,6649.0485,6717.5294,6642.0603,6661.2913,15.7987,0.2372,101400458.0,116777128.618
000852.SH,20180420,6535.9633,6649.9939,6670.4924,6528.9227,6677.09,-141.1267,-2.1136,95346158.0,106681871.6839
000852.SH,20180423,6466.5186,6532.7207,6557.7622,6394.4222,6535.9633,-69.4447,-1.0625,87176072.0,97061447.8532
000852.SH,20180424,6606.5839,6459.4821,6606.5839,6459.4821,6466.5186,140.0653,2.166,91528387.0,102103829.0296
000852.SH,20180425,6632.0186,6571.6569,6641.5365,6563.6627,6606.5839,25.4347,0.385,90133619.0,105670155.7093
000852.SH,20180426,6510.5343,6621.4553,6623.9453,6509.5095,6632.0186,-121.4843,-1.8318,90174352.0,102440967.8491
000852.SH,20180427,6517.0541,6528.7327,6549.2906,6462.7005,6510.5343,6.5198,0.1001,75737816.0,87367126.6999
000852.SH,20180502,6486.8143,6516.6036,6551.2516,6442.7756,6517.0541,-30.2398,-0.464,75558392.0,84243590.2509
000852.SH,20180503,6545.2741,6471.1687,6546.0317,6393.1233,6486.8143,58.4598,0.9012,80598676.0,89969064.1792
000852.SH,20180504,6531.2928,6524.0159,6565.7202,6511.5347,6545.2741,-13.9813,-0.2136,70877893.0,81139188.2205
000852.SH,20180507,6646.5838,6538.1335,6646.6779,6538.1335,6531.2928,115.291,1.7652,81494416.0,92215181.5267
000852.SH,20180508,6678.1447,6647.3414,6678.4599,6637.652,6646.5838,31.5609,0.4748,84331441.0,95491124.7884
000852.SH,20180509,6674.9094,6666.7735,6685.6922,6642.1966,6678.1447,-3.2353,-0.0484,81016615.0,90805977.4202
000852.SH,20180510,6703.211,6682.1195,6703.6677,6651.6695,6674.9094,28.3016,0.424,92176531.0,100837088.3676
000852.SH,20180511,6636.7666,6705.3058,6707.816,6635.5471,6703.211,-66.4444,-0.9912,86880353.0,98028945.0891
000852.SH,20180514,6591.7303,6625.0292,6639.8407,6573.4595,6636.7666,-45.0363,-0.6786,79024548.0,89152791.0447
000852.SH,20180515,6661.1288,6592.6484,6661.4204,6568.7254,6591.7303,69.3985,1.0528,75614611.0,84281140.9786
000852.SH,20180516,6622.6414,6638.6708,6670.6458,6616.7448,6661.1288,-38.4874,-0.5778,79878254.0,90879753.6454
000852.SH,20180517,6591.255,6616.4428,6631.0732,6576.5278,6622.6414,-31.3864,-0.4739,73235444.0,80162192.4263
000852.SH,20180518,6620.7747,6583.8675,6621.1534,6555.4222,6591.255,29.5197,0.4479,76761694.0,81680877.9254
000852.SH,20180521,6697.1442,6654.0502,6705.8307,6653.9845,6620.7747,76.3695,1.1535,94894912.0,102009740.3401
000852.SH,20180522,6724.3984,6691.8036,6724.7368,6675.9749,6697.1442,27.2542,0.407,90111423.0,98187717.2716
000852.SH,20180523,6652.2924,6702.4948,6707.826,6652.2924,6724.3984,-72.106,-1.0723,92940044.0,100747569.4766
000852.SH,20180524,6628.5024,6649.0147,6666.7271,6625.5407,6652.2924,-23.79,-0.3576,74799968.0,81489424.8387
000852.SH,20180525,6541.4497,6622.5106,6630.0168,6536.3461,6628.5024,-87.0527,-1.3133,84555476.0,90378164.7561
000852.SH,20180528,6490.4048,6526.8429,6543.0588,6463.5716,6541.4497,-51.0449,-0.7803,79469460.0,87479487.3936
000852.SH,20180529,6436.7725,6481.8198,6522.8349,6436.3055,6490.4048,-53.6323,-0.8263,78343651.0,86579041.7622
000852.SH,20180530,6232.4157,6345.9402,6351.5114,6222.1001,6436.7725,-204.3568,-3.1748,92710533.0,93165870.7443
000852.SH,20180531,6315.1721,6274.7644,6315.8422,6231.1616,6232.4157,82.7564,1.3278,79566855.0,83182529.0266
000852.SH,20180601,6243.7318,6285.0457,6324.8933,6209.1092,6315.1721,-71.4403,-1.1312,78303820.0,81134180.4152
000852.SH,20180604,6215.6085,6252.2597,6265.5764,6192.9053,6243.7318,-28.1233,-0.4504,67212354.0,71260565.4583
000852.SH,20180605,6316.419,6210.9781,6316.48,6210.9781,6215.6085,100.8105,1.6219,69761826.0,74310086.2009
000852.SH,20180606,6320.4738,6308.785,6331.7459,6295.9028,6316.419,4.0548,0.0642,65808383.0,71303041.9514
000852.SH,20180607,6274.8838,6334.4016,6340.6805,6268.768,6320.4738,-45.59,-0.7213,68786819.0,71841700.4491
000852.SH,20180608,6205.9557,6261.6834,6261.6834,6159.9855,6274.8838,-68.9281,-1.0985,72205343.0,72563522.35
000852.SH,20180611,6151.9383,6187.6182,6197.9427,6133.4738,6205.9557,-54.0174,-0.8704,62744012.0,69793425.818
000852.SH,20180612,6199.1544,6152.0225,6199.3201,6086.6,6151.9383,47.2161,0.7675,64267199.0,72829426.2391
000852.SH,20180613,6092.3445,6180.9752,6180.9752,6091.4016,6199.1544,-106.8099,-1.723,67469713.0,71855912.2401
000852.SH,20180614,6060.1287,6069.2562,6125.3134,6040.0941,6092.3445,-32.2158,-0.5288,63968900.0,67147895.1995
000852.SH,20180615,5928.0725,6054.8902,6069.7529,5900.1334,6060.1287,-132.0562,-2.1791,81197672.0,79768923.4084
000852.SH,20180619,5522.5286,5821.0435,5829.5775,5463.369,5928.0725,-405.5439,-6.8411,102830665.0,93109900.8839
000852.SH,20180620,5588.27,5485.0552,5612.4826,5458.532,5522.5286,65.7414,1.1904,80367709.0,74756509.6898
000852.SH,20180621,5456.9105,5578.2393,5623.9625,5454.8293,5588.27,-131.3595,-2.3506,84103827.0,76792618.0358
000852.SH,20180622,5541.3742,5413.3792,5545.1507,5384.0538,5456.9105,84.4637,1.5478,75475079.0,65480025.3076
000852.SH,20180625,5512.4331,5579.4363,5592.6161,5508.6399,5541.3742,-28.9411,-0.5223,70036532.0,63545473.342
000852.SH,20180626,5558.7138,5434.389,5563.3587,5411.4978,5512.4331,46.2807,0.8396,78029385.0,69217247.7778
000852.SH,20180627,5508.9152,5557.5913,5583.63,5489.9189,5558.7138,-49.7986,-0.8959,76099462.0,67785255.1041
000852.SH,20180628,5443.8491,5494.9532,5547.5717,5439.8709,5508.9152,-65.0661,-1.1811,69808464.0,61725209.0197
000852.SH,20180629,5608.5358,5441.9572,5608.5358,5435.4943,5443.8491,164.6867,3.0252,83741650.0,77144995.5518
000852.SH,20180702,5538.0924,5601.7357,5625.5035,5495.0945,5608.5358,-70.4434,-1.256,88445320.0,79919677.5043
000852.SH,20180703,5601.5906,5531.5814,5602.0633,5450.2132,5538.0924,63.4982,1.1466,85429943.0,82407966.4438
000852.SH,20180704,5500.6654,5574.1792,5580.1714,5478.6567,5601.5906,-100.9252,-1.8017,78753578.0,72913236.028
000852.SH,20180705,5352.6601,5484.0724,5507.8063,5352.6601,5500.6654,-148.0053,-2.6907,78062654.0,70113471.4812
000852.SH,20180706,5374.5801,5345.881,5442.077,5251.5017,5352.6601,21.92,0.4095,86912981.0,78104095.2951
000852.SH,20180709,5487.5489,5378.8101,5487.7964,5378.8101,5374.5801,112.9688,2.1019,77823706.0,74185373.5715
000852.SH,20180710,5524.8023,5487.344,5525.0279,5474.1406,5487.5489,37.2534,0.6789,75689187.0,72434306.921
000852.SH,20180711,5396.312,5441.2392,5442.0128,5317.6999,5524.8023,-128.4903,-2.3257,83385136.0,77936225.0715
000852.SH,20180712,5541.3602,5385.8121,5552.7169,5385.8121,5396.312,145.0482,2.6879,94834357.0,89785490.4465
000852.SH,20180713,5561.6853,5539.1358,5570.5243,5533.6514,5541.3602,20.3251,0.3668,84597067.0,82498127.9721
000852.SH,20180716,5566.9595,5552.2159,5573.8804,5533.1282,5561.6853,5.2742,0.0948,74318439.0,72620667.8615
000852.SH,20180717,5575.474,5557.9126,5575.791,5507.1506,5566.9595,8.5145,0.1529,75861020.0,71748989.5412
000852.SH,20180718,5544.5186,5573.0185,5612.9019,5544.5186,5575.474,-30.9554,-0.5552,85051726.0,80725037.2448
000852.SH,20180719,5480.7672,5533.1186,5559.6649,5460.4676,5544.5186,-63.7514,-1.1498,74877306.0,70939866.5327
000852.SH,20180720,5541.2117,5469.7921,5552.1636,5438.0728,5480.7672,60.4445,1.1028,76583960.0,72528602.5666
000852.SH,20180723,5582.307,5509.2351,5582.4101,5493.7699,5541.2117,41.0953,0.7416,94319127.0,90878658.1924
000852.SH,20180724,5672.2217,5578.716,5674.3077,5572.9839,5582.307,89.9147,1.6107,119690164.0,105166550.1777
000852.SH,20180725,5685.5862,5669.9934,5702.279,5662.8518,5672.2217,13.3645,0.2356,109233977.0,99853622.6197
000852.SH,20180726,5663.1777,5681.0696,5695.2334,5649.3876,5685.5862,-22.4085,-0.3941,115684489.0,96080750.6639
000852.SH,20180727,5630.2272,5655.3108,5669.0098,5617.9061,5663.1777,-32.9505,-0.5818,102761410.0,82102031.1924
000852.SH,20180730,5549.0373,5618.9012,5634.4458,5523.8487,5630.2272,-81.1899,-1.442,93679354.0,79837798.1283
000852.SH,20180731,5542.5434,5536.7087,5562.5532,5513.9922,5549.0373,-6.4939,-0.117,72123960.0,63163843.0283
000852.SH,20180801,5456.2054,5553.759,5578.327,5456.2054,5542.5434,-86.338,-1.5577,84268116.0,73307034.7812
000852.SH,20180802,5325.8014,5431.1274,5431.1274,5207.4776,5456.2054,-130.404,-2.39,103250616.0,86621493.2881
000852.SH,20180803,5255.6309,5313.0458,5335.5999,5255.6309,5325.8014,-70.1705,-1.3176,78879933.0,67724825.1432
000852.SH,20180806,5144.6419,5234.6658,5264.8581,5113.3358,5255.6309,-110.989,-2.1118,79112126.0,66166028.4559
000852.SH,20180807,5279.6417,5149.3696,5279.8564,5108.261,5144.6419,134.9998,2.6241,85777296.0,71120255.9741
000852.SH,20180808,5191.7863,5263.1669,5278.2476,5187.6106,5279.6417,-87.8554,-1.664,90575953.0,74883908.7477
000852.SH,20180809,5307.9668,5166.3829,5329.8417,5155.0615,5191.7863,116.1805,2.2378,96609965.0,81366329.6713
000852.SH,20180810,5342.0468,5299.4922,5344.7207,5296.5014,5307.9668,34.08,0.6421,77253328.0,66759757.3495
000852.SH,20180813,5369.1758,5278.1628,5369.6017,5256.5793,5342.0468,27.129,0.5078,78939306.0,69365557.6568
000852.SH,20180814,5351.0187,5357.7236,5376.2619,5334.9261,5369.1758,-18.1571,-0.3382,77632990.0,65524312.4721
000852.SH,20180815,5242.0865,5347.6942,5350.6096,5236.9961,5351.0187,-108.9322,-2.0357,77360855.0,64869450.9111
000852.SH,20180816,5178.2374,5175.4224,5244.6627,5127.1377,5242.0865,-63.8491,-1.218,72044028.0,59925464.6467
000852.SH,20180817,5084.207,5210.2336,5233.4972,5073.3984,5178.2374,-94.0304,-1.8159,73789581.0,62608576.6829
000852.SH,20180820,5103.6343,5071.1382,5103.6343,4994.3214,5084.207,19.4273,0.3821,69335024.0,58724469.7048
000852.SH,20180821,5162.0263,5097.1997,5171.5598,5085.9031,5103.6343,58.392,1.1441,70162179.0,61982377.5692
000852.SH,20180822,5102.3594,5151.441,5156.2513,5098.6095,5162.0263,-59.6669,-1.1559,64969658.0,54877234.3427
000852.SH,20180823,5133.3288,5095.3638,5151.3069,5087.5058,5102.3594,30.9694,0.607,63984481.0,55509964.412
000852.SH,20180824,5116.1391,5122.678,5147.5625,5100.1424,5133.3288,-17.1897,-0.3349,61230128.0,51240119.7825
000852.SH,20180827,5229.3611,5121.1865,5229.3611,5121.1865,5116.1391,113.222,2.213,78986013.0,68228198.0448
000852.SH,20180828,5233.5027,5229.6179,5244.153,5212.3881,5229.3611,4.1416,0.0792,75723092.0,64235740.4432
000852.SH,20180829,5203.7117,5229.0711,5229.1056,5190.1372,5233.5027,-29.791,-0.5692,65649274.0,54824237.1859
000852.SH,20180830,5114.2663,5193.6898,5206.9536,5112.1792,5203.7117,-89.4454,-1.7189,67818961.0,55777573.6101
000852.SH,20180831,5057.9848,5096.5507,5107.6851,5047.6207,5114.2663,-56.2815,-1.1005,59257132.0,47980878.505
000852.SH,20180903,5054.1051,5049.73,5055.2841,4973.7436,5057.9848,-3.8797,-0.0767,63250475.0,51330344.2364
000852.SH,20180904,5113.1474,5047.8112,5123.2584,5042.8229,5054.1051,59.0423,1.1682,71602340.0,59277313.5073
000852.SH,20180905,5032.502,5100.3366,5115.7166,5032.502,5113.1474,-80.6454,-1.5772,75136620.0,59381385.1655
000852.SH,20180906,5012.5093,5016.8335,5071.1054,4991.7769,5032.502,-19.9927,-0.3973,66305531.0,55142631.6662
000852.SH,20180907,5022.2844,5018.232,5084.398,4989.039,5012.5093,9.7751,0.195,74684114.0,62130611.3459
000852.SH,20180910,4923.6444,5016.785,5019.4693,4921.7864,5022.2844,-98.64,-1.964,70259288.0,55162475.0885
000852.SH,20180911,4925.3007,4917.066,4950.6347,4884.9015,4923.6444,1.6563,0.0336,62199378.0,48253683.3532
000852.SH,20180912,4919.8057,4922.3496,4956.4588,4902.413,4925.3007,-5.495,-0.1116,58336361.0,47397897.3361
000852.SH,20180913,4958.1648,4955.7886,4978.356,4888.1242,4919.8057,38.3591,0.7797,66957218.0,54934177.1449
000852.SH,20180914,4907.9343,4958.6988,4965.6648,4907.0931,4958.1648,-50.2305,-1.0131,67569045.0,54855270.7312
000852.SH,20180917,4831.5632,4885.2277,4885.2277,4812.9338,4907.9343,-76.3711,-1.5561,60470789.0,46478780.9906
000852.SH,20180918,4917.3504,4815.7562,4917.3851,4813.5976,4831.5632,85.7872,1.7756,72134617.0,55060763.5358
000852.SH,20180919,4970.012,4904.2378,5001.8562,4895.8456,4917.3504,52.6616,1.0709,87856789.0,69159707.9522
000852.SH,20180920,4951.5849,4961.6565,4984.7531,4944.6536,4970.012,-18.4271,-0.3708,78954210.0,57064620.0369
000852.SH,20180921,5011.6909,4957.2691,5015.2443,4931.3521,4951.5849,60.106,1.2139,86809591.0,64820658.6493
000852.SH,20180925,4995.6951,4980.3,5014.024,4965.9878,5011.6909,-15.9958,-0.3192,66325064.0,50502105.7584
000852.SH,20180926,5017.0582,4996.3525,5042.5135,4987.9122,4995.6951,21.3631,0.4276,79888149.0,61325493.712
000852.SH,20180927,4945.6907,5012.4535,5018.3983,4945.6362,5017.0582,-71.3675,-1.4225,88314523.0,64293847.3288
000852.SH,20180928,4987.2727,4947.7225,4987.2727,4935.4178,4945.6907,41.582,0.8408,69992383.0,52967811.692
000852.SH,20181008,4817.4336,4906.1008,4916.8738,4813.0873,4987.2727,-169.8391,-3.4055,72403277.0,54106351.3181
000852.SH,20181009,4818.7327,4826.3154,4860.9148,4790.665,4817.4336,1.2991,0.027,62561005.0,47123964.4412
000852.SH,20181010,4812.4269,4823.35,4842.9791,4775.6702,4818.7327,-6.3058,-0.1309,64140907.0,48610881.2183
000852.SH,20181011,4456.6084,4662.9567,4671.9896,4428.6031,4812.4269,-355.8185,-7.3937,107928391.0,74347639.3567
000852.SH,20181012,4427.6804,4415.2872,4446.9475,4251.6709,4456.6084,-28.928,-0.6491,98498279.0,64658293.9691
000852.SH,20181015,4358.869,4435.0837,4468.2219,4352.2705,4427.6804,-68.8114,-1.5541,68221011.0,48052709.1216
000852.SH,20181016,4261.1731,4358.0593,4391.3936,4237.5084,4358.869,-97.6959,-2.2413,68199493.0,47186685.3411
000852.SH,20181017,4292.1965,4311.0499,4334.627,4192.8248,4261.1731,31.0234,0.728,71247907.0,51307601.8079
000852.SH,20181018,4149.4442,4260.0135,4260.0135,4143.1681,4292.1965,-142.7523,-3.3259,71591533.0,46922879.0742
000852.SH,20181019,4241.2335,4080.1239,4243.9698,4066.2674,4149.4442,91.7893,2.2121,77230953.0,52467072.1293
000852.SH,20181022,4452.7369,4279.7557,4491.3105,4279.7557,4241.2335,211.5034,4.9868,111874430.0,78733931.1029
000852.SH,20181023,4379.0558,4448.9108,4469.5724,4352.6577,4452.7369,-73.6811,-1.6547,93078052.0,64972902.3173
000852.SH,20181024,4377.5508,4358.8712,4424.9071,4340.6602,4379.0558,-1.505,-0.0344,75240892.0,51683897.5412
000852.SH,20181025,4345.3271,4245.2967,4353.777,4223.3208,4377.5508,-32.2237,-0.7361,80969541.0,54095958.4949
000852.SH,20181026,4359.4744,4374.4581,4412.2316,4342.2077,4345.3271,14.1473,0.3256,82617544.0,54886653.3356
000852.SH,20181029,4296.699,4341.9064,4345.0228,4275.7242,4359.4744,-62.7754,-1.44,66211374.0,45334105.4516
000852.SH,20181030,4336.6497,4284.3586,4358.4683,4226.5918,4296.699,39.9507,0.9298,76210923.0,52401145.841
000852.SH,20181031,4400.6132,4342.1132,4424.5047,4337.533,4336.6497,63.9635,1.475,86162530.0,58588631.654
000852.SH,20181101,4428.7364,4428.8588,4493.5989,4425.1536,4400.6132,28.1232,0.6391,101841544.0,72544522.9806
000852.SH,20181102,4564.1771,4490.6336,4564.1771,4483.9776,4428.7364,135.4407,3.0582,115826479.0,84500665.825
000852.SH,20181105,4598.2011,4557.9177,4620.7134,4529.4437,4564.1771,34.024,0.7455,122382858.0,85599065.9284
000852.SH,20181106,4603.1086,4585.5754,4603.7844,4543.7119,4598.2011,4.9075,0.1067,103587470.0,70263865.4182
000852.SH,20181107,4592.8355,4604.8727,4650.3628,4589.3182,4603.1086,-10.2731,-0.2232,114228877.0,78131105.964
000852.SH,20181108,4572.3781,4617.9117,4628.265,4568.6676,4592.8355,-20.4574,-0.4454,102457345.0,67042413.4366
000852.SH,20181109,4561.2128,4553.2123,4596.761,4542.577,4572.3781,-11.1653,-0.2442,88588604.0,57847417.5395
000852.SH,20181112,4697.3459,4560.8602,4697.3459,4556.2991,4561.2128,136.1331,2.9846,118546244.0,79058921.1689
000852.SH,20181113,4790.4482,4648.5621,4816.8396,4639.5845,4697.3459,93.1023,1.982,173463646.0,110675590.2835
000852.SH,20181114,4791.2259,4784.8588,4848.0583,4776.7874,4790.4482,0.7777,0.0162,158645183.0,102248854.7385
000852.SH,20181115,4871.0891,4790.335,4871.0891,4788.2095,4791.2259,79.8632,1.6669,140331372.0,98251297.9279
000852.SH,20181116,4923.9862,4880.8667,4946.7918,4867.0758,4871.0891,52.8971,1.0859,157188064.0,112892557.6633
000852.SH,20181119,4942.4919,4924.291,4942.4919,4877.9528,4923.9862,18.5057,0.3758,148061789.0,104590710.3594
000852.SH,20181120,4811.8817,4899.3184,4923.6391,4808.4108,4942.4919,-130.6102,-2.6426,146404501.0,107041121.6975
000852.SH,20181121,4847.0361,4754.2341,4848.7333,4746.6789,4811.8817,35.1544,0.7306,123953819.0,88895579.0734
000852.SH,20181122,4850.1307,4858.4819,4878.0956,4831.0903,4847.0361,3.0946,0.0638,116541613.0,82918027.9747
000852.SH,20181123,4642.1171,4840.9414,4841.401,4624.4766,4850.1307,-208.0136,-4.2888,134023411.0,90616613.287
000852.SH,20181126,4633.7314,4631.4188,4677.9629,4610.5842,4642.1171,-8.3857,-0.1806,92379203.0,65014630.7435
000852.SH,20181127,4671.6439,4662.3261,4693.8288,4636.9628,4633.7314,37.9125,0.8182,93590304.0,65150613.0786
000852.SH,20181128,4728.5759,4669.6567,4728.5759,4607.611,4671.6439,56.932,1.2187,108618888.0,75637444.6437
000852.SH,20181129,4617.3483,4746.6289,4758.2518,4617.3483,4728.5759,-111.2276,-2.3522,110509508.0,78275842.0723
000852.SH,20181130,4648.1837,4604.2688,4654.5266,4549.4405,4617.3483,30.8354,0.6678,95931847.0,66551728.2236
000852.SH,20181203,4802.2933,4762.9635,4820.2064,4742.4694,4648.1837,154.1096,3.3155,129385893.0,96215886.8709
000852.SH,20181204,4846.1695,4793.321,4846.1695,4782.9455,4802.2933,43.8762,0.9137,119127087.0,85892802.9569
000852.SH,20181205,4816.9916,4750.5524,4846.7498,4734.9793,4846.1695,-29.1779,-0.6021,116947577.0,84482339.0841
000852.SH,20181206,4730.9128,4796.4052,4814.7129,4724.5306,4816.9916,-86.0788,-1.787,108492490.0,79753769.3132
000852.SH,20181207,4731.9019,4738.1677,4755.3343,4711.3577,4730.9128,0.9891,0.0209,87946349.0,64388204.0322
000852.SH,20181210,4676.6151,4698.5474,4711.3222,4660.7346,4731.9019,-55.2868,-1.1684,81484054.0,58691325.581
000852.SH,20181211,4720.4692,4691.5914,4720.4692,4685.2972,4676.6151,43.8541,0.9377,79315381.0,56654481.4268
000852.SH,20181212,4718.8217,4733.0709,4740.9905,4706.3945,4720.4692,-1.6475,-0.0349,80869112.0,57094407.3917
000852.SH,20181213,4763.7167,4727.4637,4791.0046,4698.3726,4718.8217,44.895,0.9514,95756912.0,68705143.2174
000852.SH,20181214,4641.8881,4755.0163,4756.2145,4638.9234,4763.7167,-121.8286,-2.5574,99004544.0,70442358.8874
000852.SH,20181217,4627.2282,4623.1283,4634.0252,4569.5696,4641.8881,-14.6599,-0.3158,75749562.0,58182573.2052
000852.SH,20181218,4596.61,4602.3975,4634.753,4553.3575,4627.2282,-30.6182,-0.6617,72346223.0,54870287.4714
000852.SH,20181219,4533.3964,4601.3682,4604.9383,4525.062,4596.61,-63.2136,-1.3752,69120250.0,52105495.5457
000852.SH,20181220,4550.5973,4523.9695,4560.3361,4509.5666,4533.3964,17.2009,0.3794,70382238.0,53215425.7553
000852.SH,20181221,4517.7798,4536.5688,4543.8693,4484.5626,4550.5973,-32.8175,-0.7212,69640651.0,52669282.6715
000852.SH,20181224,4558.3174,4511.2152,4558.349,4501.063,4517.7798,40.5376,0.8973,66081870.0,52081686.3145
000852.SH,20181225,4514.6175,4512.2863,4522.8805,4403.0631,4558.3174,-43.6999,-0.9587,93035860.0,67847067.836
000852.SH,20181226,4494.4975,4509.3233,4531.1132,4487.7854,4514.6175,-20.12,-0.4457,76710390.0,59087001.022
000852.SH,20181227,4424.6531,4553.7154,4561.9185,4424.6531,4494.4975,-69.8444,-1.554,80996689.0,61134582.6506
000852.SH,20181228,4430.0238,4429.0409,4454.965,4396.3683,4424.6531,5.3707,0.1214,71528889.0,54911219.9573
000852.SH,20190102,4408.5252,4436.7451,4444.4363,4399.5882,4430.0238,-21.4986,-0.4853,66272240.0,51171591.5915
000852.SH,20190103,4376.8582,4404.3109,4446.0301,4375.8562,4408.5252,-31.667,-0.7183,80494980.0,59963718.9069
000852.SH,20190104,4497.8933,4338.0585,4497.9089,4326.3269,4376.8582,121.0351,2.7653,103470812.0,74604288.1218
000852.SH,20190107,4594.1482,4523.2301,4598.634,4515.9954,4497.8933,96.2549,2.14,114553618.0,84142072.997
000852.SH,20190108,4585.0325,4586.8352,4596.798,4567.2876,4594.1482,-9.1157,-0.1984,107411023.0,77211978.386
000852.SH,20190109,4594.7385,4588.6932,4654.7735,4578.4537,4585.0325,9.706,0.2117,123173858.0,90323079.4048
000852.SH,20190110,4582.4828,4592.7443,4619.8245,4571.0943,4594.7385,-12.2557,-0.2667,106482939.0,76631474.9681
000852.SH,20190111,4621.6108,4585.2214,4621.6142,4575.6381,4582.4828,39.128,0.8539,104124236.0,75818247.1858
000852.SH,20190114,4594.1901,4621.6953,4625.5586,4580.5415,4621.6108,-27.4207,-0.5933,101738120.0,71993615.2275
000852.SH,20190115,4644.1664,4583.5479,4644.1664,4569.1443,4594.1901,49.9763,1.0878,101562237.0,73876173.5473
000852.SH,20190116,4637.1968,4644.2261,4669.63,4632.0697,4644.1664,-6.9696,-0.1501,102219630.0,77549373.8941
000852.SH,20190117,4595.4901,4632.2749,4639.7859,4590.3095,4637.1968,-41.7067,-0.8994,103440105.0,74696621.2009
000852.SH,20190118,4626.4129,4596.2534,4627.6603,4576.7701,4595.4901,30.9228,0.6729,109175225.0,76103651.8304
000852.SH,20190121,4655.1105,4629.7869,4668.478,4624.6469,4626.4129,28.6976,0.6203,100076064.0,73221895.1717
000852.SH,20190122,4603.2028,4651.0338,4651.096,4589.3675,4655.1105,-51.9077,-1.1151,97121041.0,69420770.2244
000852.SH,20190123,4609.6722,4590.6933,4609.6843,4580.625,4603.2028,6.4694,0.1405,85172901.0,61499275.4817
000852.SH,20190124,4635.7473,4613.9337,4651.0183,4591.8034,4609.6722,26.0751,0.5657,99056797.0,75010565.3221
000852.SH,20190125,4607.9448,4634.0644,4651.3213,4606.8698,4635.7473,-27.8025,-0.5997,99927190.0,74904771.9756
000852.SH,20190128,4570.3992,4629.4281,4640.6204,4565.7923,4607.9448,-37.5456,-0.8148,90487999.0,68147085.7732
000852.SH,20190129,4490.0512,4557.812,4558.047,4419.4041,4570.3992,-80.348,-1.758,96718036.0,68249301.8965
000852.SH,20190130,4423.1355,4464.7984,4492.6583,4422.3586,4490.0512,-66.9157,-1.4903,74488978.0,53022814.6421
000852.SH,20190131,4355.7359,4408.1102,4441.4156,4328.9226,4423.1355,-67.3996,-1.5238,94572194.0,63203518.7321
000852.SH,20190201,4482.9853,4369.2712,4482.9853,4369.2712,4355.7359,127.2494,2.9214,77712659.0,55541876.1093
000852.SH,20190211,4611.8298,4497.5304,4611.8298,4497.5304,4482.9853,128.8445,2.8741,92672577.0,70215619.0125
000852.SH,20190212,4675.7918,4611.8547,4685.1295,4604.1,4611.8298,63.962,1.3869,112331012.0,82629735.7075
000852.SH,20190213,4759.8256,4679.6917,4766.1787,4672.7842,4675.7918,84.0338,1.7972,136305865.0,104015365.0704
000852.SH,20190214,4780.0441,4758.5058,4801.0926,4741.5232,4759.8256,20.2185,0.4248,122835601.0,94815094.305
000852.SH,20190215,4773.5144,4772.9847,4805.7974,4763.7635,4780.0441,-6.5297,-0.1366,125212371.0,95045907.5271
000852.SH,20190218,4942.8759,4805.3299,4942.8759,4805.3299,4773.5144,169.3615,3.5479,164851885.0,126605605.7094
000852.SH,20190219,4963.7511,4964.2187,4988.2604,4897.2322,4942.8759,20.8752,0.4223,192358065.0,144738821.8911
000852.SH,20190220,4967.0394,4958.8912,4971.1274,4906.6291,4963.7511,3.2883,0.0662,165216070.0,120994900.6409
000852.SH,20190221,4947.658,4957.6297,5046.622,4930.9725,4967.0394,-19.3814,-0.3902,190944300.0,146912934.5201
000852.SH,20190222,5059.5092,4935.437,5059.5092,4932.203,4947.658,111.8512,2.2607,178598982.0,139177107.9988
000852.SH,20190225,5324.2471,5129.4665,5324.5153,5120.4669,5059.5092,264.7379,5.2325,279811989.0,221186481.0344
000852.SH,20190226,5323.7574,5335.3838,5438.8791,5273.9005,5324.2471,-0.4897,-0.0092,301079738.0,237811039.5432
000852.SH,20190227,5310.2745,5312.5637,5391.8684,5245.4091,5323.7574,-13.4829,-0.2533,249461989.0,199380875.6617
000852.SH,20190228,5330.3392,5306.2026,5370.209,5291.9757,5310.2745,20.0647,0.3778,200466406.0,157172166.2196
000852.SH,20190301,5364.3661,5344.4218,5364.3661,5286.0,5330.3392,34.0269,0.6384,178938607.0,144135514.7549
000852.SH,20190304,5482.2985,5418.7142,5562.1962,5418.2691,5364.3661,117.9324,2.1984,273202346.0,229683237.5757
000852.SH,20190305,5654.3058,5470.7038,5654.3058,5451.2903,5482.2985,172.0073,3.1375,268062367.0,224048221.8975
000852.SH,20190306,5776.9732,5694.9042,5776.9762,5625.3372,5654.3058,122.6674,2.1695,322771413.0,268739022.4637
000852.SH,20190307,5877.2974,5775.2995,5928.6093,5750.0514,5776.9732,100.3242,1.7366,329260507.0,281468136.8169
000852.SH,20190308,5633.3187,5736.932,5913.0325,5633.2875,5877.2974,-243.9787,-4.1512,328703794.0,284791306.1265
000852.SH,20190311,5876.342,5682.5715,5876.342,5645.1845,5633.3187,243.0233,4.314,264261667.0,238269711.0294
000852.SH,20190312,6006.1778,5922.5726,6046.6232,5897.1659,5876.342,129.8358,2.2095,318246948.0,288602029.5866
000852.SH,20190313,5866.6333,6014.509,6039.9746,5822.5692,6006.1778,-139.5445,-2.3233,293148958.0,270134255.8697
000852.SH,20190314,5688.9504,5810.0229,5860.931,5622.3394,5866.6333,-177.6829,-3.0287,232973851.0,203658637.8829
000852.SH,20190315,5777.1086,5723.6458,5816.315,5704.2661,5688.9504,88.1582,1.5496,200343467.0,181639593.6128
000852.SH,20190318,5916.3436,5801.3172,5916.3436,5743.5989,5777.1086,139.235,2.4101,212333651.0,194835229.4941
000852.SH,20190319,5941.9085,5916.1688,5968.3375,5895.1806,5916.3436,25.5649,0.4321,208325492.0,194823301.7108
000852.SH,20190320,5926.1695,5935.2709,5948.8547,5811.2007,5941.9085,-15.739,-0.2649,214445294.0,193413375.7298
000852.SH,20190321,5990.6386,5929.7517,6034.4784,5914.6729,5926.1695,64.4691,1.0879,247020488.0,221912212.7499
000852.SH,20190322,6014.5459,5981.6956,6022.0665,5889.6807,5990.6386,23.9073,0.3991,222264881.0,203033343.3324
000852.SH,20190325,5961.4351,5914.8491,6039.6616,5890.4,6014.5459,-53.1108,-0.883,220347591.0,206303975.7277
000852.SH,20190326,5788.3599,5982.3609,6006.9433,5774.7391,5961.4351,-173.0752,-2.9032,209238746.0,192900258.0212
000852.SH,20190327,5826.527,5822.6857,5842.0723,5696.1272,5788.3599,38.1671,0.6594,174223425.0,162690155.88
000852.SH,20190328,5747.8634,5797.8661,5872.2047,5744.2317,5826.527,-78.6636,-1.3501,171831553.0,160350785.8719
000852.SH,20190329,5911.2119,5748.9183,5911.2169,5699.6935,5747.8634,163.3485,2.8419,192594810.0,180058259.0272
000852.SH,20190401,6137.7333,5961.7943,6137.7333,5961.7943,5911.2119,226.5214,3.8321,244075253.0,234851783.7689
000852.SH,20190402,6174.9422,6181.0807,6234.7516,6135.7993,6137.7333,37.2089,0.6062,261504891.0,257249096.0761
000852.SH,20190403,6237.016,6142.3676,6237.1576,6114.6,6174.9422,62.0738,1.0053,236994627.0,224565547.9979
000852.SH,20190404,6260.0695,6262.6887,6283.2929,6198.0339,6237.016,23.0535,0.3696,243395635.0,236689378.0715
000852.SH,20190408,6230.2139,6303.4345,6322.479,6130.7554,6260.0695,-29.8556,-0.4769,260323275.0,251492492.7176
000852.SH,20190409,6245.4321,6212.7307,6261.1477,6164.9663,6230.2139,15.2182,0.2443,208547660.0,202088647.1786
000852.SH,20190410,6235.7066,6203.3961,6289.9327,6159.2325,6245.4321,-9.7255,-0.1557,230414853.0,212910291.3324
000852.SH,20190411,6106.9498,6232.8903,6249.4971,6106.6646,6235.7066,-128.7568,-2.0648,216963919.0,199234187.1826
000852.SH,20190412,6101.2045,6097.0717,6130.376,6047.8326,6106.9498,-5.7453,-0.0941,177320978.0,162809728.8826
000852.SH,20190415,6052.0525,6178.5031,6215.3772,6049.2409,6101.2045,-49.152,-0.8056,191818239.0,185536339.4313
000852.SH,20190416,6179.8008,6019.1252,6179.8008,5978.7271,6052.0525,127.7483,2.1108,198001456.0,188469346.8767
000852.SH,20190417,6234.1109,6181.7628,6267.5874,6175.5812,6179.8008,54.3101,0.8788,222085301.0,211305442.6752
000852.SH,20190418,6202.8448,6229.695,6255.7909,6188.1196,6234.1109,-31.2661,-0.5015,212230452.0,197321501.4423
000852.SH,20190419,6255.252,6198.6126,6255.2568,6147.1573,6202.8448,52.4072,0.8449,207121062.0,188108478.1828
000852.SH,20190422,6192.1441,6270.3681,6274.4592,6171.313,6255.252,-63.1079,-1.0089,214587952.0,200119577.7914
000852.SH,20190423,6078.2672,6175.1253,6175.8187,6061.7486,6192.1441,-113.8769,-1.8391,213003386.0,194864981.0885
000852.SH,20190424,6153.3905,6081.9593,6153.3905,6017.86,6078.2672,75.1233,1.2359,182176366.0,168277851.2956
000852.SH,20190425,5899.9068,6130.0103,6140.298,5899.6466,6153.3905,-253.4837,-4.1194,212511761.0,194913302.0494
000852.SH,20190426,5834.3774,5861.7888,5926.044,5830.3543,5899.9068,-65.5294,-1.1107,172501458.0,156953361.7495
000852.SH,20190429,5622.4844,5831.2381,5849.6377,5613.8268,5834.3774,-211.893,-3.6318,179824494.0,159161375.5596
000852.SH,20190430,5682.2357,5595.8078,5718.3152,5595.8078,5622.4844,59.7513,1.0627,134502043.0,121499693.5902
000852.SH,20190506,5246.8299,5480.129,5496.8355,5212.991,5682.2357,-435.4058,-7.6626,167814118.0,142768082.8808
000852.SH,20190507,5312.496,5273.2229,5353.6065,5214.8973,5246.8299,65.6661,1.2515,144244560.0,122706351.5767
000852.SH,20190508,5292.7459,5198.8362,5376.8995,5166.4032,5312.496,-19.7501,-0.3718,145636329.0,122170345.2802
000852.SH,20190509,5237.8246,5243.7155,5308.0202,5229.8245,5292.7459,-54.9213,-1.0377,121058408.0,101339372.286
000852.SH,20190510,5445.5262,5292.4509,5445.5449,5192.6977,5237.8246,207.7016,3.9654,172481790.0,147577170.7801
000852.SH,20190513,5405.6148,5385.762,5440.9078,5366.7772,5445.5262,-39.9114,-0.7329,135045946.0,116514306.7398
000852.SH,20190514,5368.2288,5333.847,5422.6234,5328.0083,5405.6148,-37.386,-0.6916,130383164.0,111777600.938
000852.SH,20190515,5486.3865,5412.9347,5491.3959,5403.4791,5368.2288,118.1577,2.2011,146817521.0,125459215.8934
000852.SH,20190516,5527.2751,5488.2664,5539.3513,5478.0654,5486.3865,40.8886,0.7453,165713589.0,140114141.632
000852.SH,20190517,5330.9863,5527.3785,5530.9048,5306.4663,5527.2751,-196.2888,-3.5513,175754930.0,146944127.9204
000852.SH,20190520,5313.1491,5326.1934,5330.1825,5200.6755,5330.9863,-17.8372,-0.3346,135497682.0,116034654.4263
000852.SH,20190521,5418.0453,5305.4384,5425.3127,5287.3069,5313.1491,104.8962,1.9743,142602880.0,123312608.2129
000852.SH,20190522,5395.4299,5418.2415,5451.1149,5351.7039,5418.0453,-22.6154,-0.4174,142023330.0,125880553.9384
000852.SH,20190523,5267.8266,5380.4134,5380.4134,5251.3403,5395.4299,-127.6033,-2.365,143600000.0,126772573.5192
000852.SH,20190524,5200.774,5230.8991,5279.6518,5186.8723,5267.8266,-67.0526,-1.2729,118146768.0,100109667.3727
000852.SH,20190527,5354.634,5204.4209,5359.9998,5179.1904,5200.774,153.86,2.9584,128155378.0,112353931.3911
000852.SH,20190528,5354.5254,5353.8514,5414.6448,5332.931,5354.634,-0.1086,-0.002,139389445.0,123386254.0216
000852.SH,20190529,5376.5125,5336.8366,5411.0792,5329.9089,5354.5254,21.9871,0.4106,122728790.0,107908815.321
000852.SH,20190530,5341.9803,5357.4884,5357.4884,5270.892,5376.5125,-34.5322,-0.6423,133342170.0,116872440.9215
000852.SH,20190531,5334.2477,5336.6921,5384.4765,5319.2124,5341.9803,-7.7326,-0.1448,127940457.0,108844784.316
000852.SH,20190603,5255.0737,5341.2675,5354.6935,5235.519,5334.2477,-79.174,-1.4843,140140957.0,120180125.1134
000852.SH,20190604,5160.9769,5244.7314,5249.5304,5131.01,5255.0737,-94.0968,-1.7906,119113915.0,103214142.5598
000852.SH,20190605,5158.4652,5206.1548,5222.8659,5148.2885,5160.9769,-2.5117,-0.0487,108597057.0,93763500.8897
000852.SH,20190606,5030.8005,5149.3807,5149.3807,5011.7561,5158.4652,-127.6647,-2.4749,112692560.0,91560835.5637
000852.SH,20190610,5098.9383,5043.3315,5112.4283,5021.9979,5030.8005,68.1378,1.3544,98524062.0,81439991.4618
000852.SH,20190611,5289.6243,5103.8496,5289.7913,5096.0207,5098.9383,190.686,3.7397,155235649.0,128856731.5271
000852.SH,20190612,5264.8861,5276.7037,5315.9646,5251.0513,5289.6243,-24.7382,-0.4677,150031538.0,126728123.308
000852.SH,20190613,5294.1125,5256.9054,5306.9769,5237.9589,5264.8861,29.2264,0.5551,135168147.0,111687155.3148
000852.SH,20190614,5173.0685,5297.7416,5307.0826,5170.9762,5294.1125,-121.044,-2.2864,132738265.0,107780217.4147
000852.SH,20190617,5160.6726,5168.3503,5192.1255,5140.2659,5173.0685,-12.3959,-0.2396,95764657.0,82380618.5583
000852.SH,20190618,5160.8783,5160.1122,5183.0198,5125.0961,5160.6726,0.2057,0.004,92008045.0,79910507.7843
000852.SH,20190619,5234.2753,5268.9356,5292.2789,5231.9655,5160.8783,73.397,1.4222,130878758.0,115348653.9616
000852.SH,20190620,5317.31,5228.4912,5329.9699,5199.8696,5234.2753,83.0347,1.5864,148037153.0,127095612.0307
000852.SH,20190621,5406.04,5350.2908,5423.1899,5350.2908,5317.31,88.73,1.6687,167478108.0,146173110.3635
000852.SH,20190624,5403.7981,5412.552,5427.6678,5374.5213,5406.04,-2.2419,-0.0415,130858165.0,117397617.4146
000852.SH,20190625,5351.6898,5397.0596,5397.0596,5289.8414,5403.7981,-52.1083,-0.9643,134544718.0,118982417.05
000852.SH,20190626,5351.391,5323.6973,5384.0554,5303.2367,5351.6898,-0.2988,-0.0056,107686630.0,98629319.7169
000852.SH,20190627,5397.5712,5361.9779,5415.3596,5360.4857,5351.391,46.1802,0.863,121409184.0,113704464.0431
000852.SH,20190628,5321.4331,5389.9791,5389.9791,5289.4345,5397.5712,-76.1381,-1.4106,119527294.0,107858829.0361
000852.SH,20190701,5481.4086,5418.2126,5481.4086,5392.445,5321.4331,159.9755,3.0062,149214343.0,139046134.0514
000852.SH,20190702,5483.515,5482.443,5501.1176,5462.7286,5481.4086,2.1064,0.0384,133052820.0,126589280.2225
000852.SH,20190703,5428.5142,5465.9452,5465.9452,5408.5787,5483.515,-55.0008,-1.003,121295435.0,112247589.3133
000852.SH,20190704,5404.3836,5435.4839,5450.2892,5381.0469,5428.5142,-24.1306,-0.4445,114081446.0,104799734.1003
000852.SH,20190705,5424.2503,5404.707,5433.693,5379.8883,5404.3836,19.8667,0.3676,96904986.0,91252457.3667
000852.SH,20190708,5244.2661,5410.203,5410.203,5221.9525,5424.2503,-179.9842,-3.3181,123487145.0,110352018.1259
000852.SH,20190709,5260.3435,5239.8572,5270.4595,5203.8547,5244.2661,16.0774,0.3066,90883173.0,85680911.9372
000852.SH,20190710,5214.6441,5267.2726,5271.2411,5196.8176,5260.3435,-45.6994,-0.8688,86986664.0,80476356.0441
000852.SH,20190711,5206.3985,5236.6561,5271.6128,5180.956,5214.6441,-8.2456,-0.1581,88825374.0,81521539.0947
000852.SH,20190712,5219.1888,5209.2959,5229.8417,5173.052,5206.3985,12.7903,0.2457,84877354.0,77845992.7157
000852.SH,20190715,5273.8148,5203.5765,5289.011,5140.8042,5219.1888,54.626,1.0466,103285136.0,96427011.9282
000852.SH,20190716,5285.229,5264.6468,5289.0108,5254.6226,5273.8148,11.4142,0.2164,88246972.0,83811876.8505
000852.SH,20190717,5289.4244,5282.5622,5312.7067,5269.2443,5285.229,4.1954,0.0794,98706416.0,91936571.5965
000852.SH,20190718,5194.6017,5265.3666,5265.3666,5194.6017,5289.4244,-94.8227,-1.7927,96554680.0,87163903.1713
000852.SH,20190719,5220.0273,5205.7277,5263.3397,5205.7017,5194.6017,25.4256,0.4895,87706047.0,80605050.3842
000852.SH,20190722,5073.3332,5222.0634,5222.3428,5067.0982,5220.0273,-146.6941,-2.8102,98799860.0,85364469.4196
000852.SH,20190723,5131.0973,5072.7687,5131.0973,5072.7687,5073.3332,57.7641,1.1386,74249778.0,66786575.9587
000852.SH,20190724,5194.829,5141.9438,5219.1496,5141.9002,5131.0973,63.7317,1.2421,91972065.0,83093607.435
000852.SH,20190725,5211.0858,5193.6549,5220.1252,5181.2772,5194.829,16.2568,0.3129,85520728.0,80872563.1138
000852.SH,20190726,5216.6018,5201.5594,5222.3282,5188.2417,5211.0858,5.516,0.1059,77863052.0,73887888.0922
000852.SH,20190729,5218.9831,5217.9298,5235.0095,5197.0211,5216.6018,2.3813,0.0456,76414579.0,72910013.0032
000852.SH,20190730,5239.7181,5217.0661,5269.3144,5216.8137,5218.9831,20.735,0.3973,84370624.0,80201215.3303
000852.SH,20190731,5200.0945,5229.1418,5229.1418,5193.1799,5239.7181,-39.6236,-0.7562,82306375.0,76220353.0678
000852.SH,20190801,5173.2289,5172.0823,5201.4808,5151.3939,5200.0945,-26.8656,-0.5166,80247390.0,74633281.0664
000852.SH,20190802,5091.0633,5073.9988,5101.1354,5047.3943,5173.2289,-82.1656,-1.5883,101405199.0,90404221.0047
000852.SH,20190805,5032.6422,5076.1118,5124.3828,5032.6422,5091.0633,-58.4211,-1.1475,91066502.0,84344643.1496
000852.SH,20190806,4899.8161,4940.8696,4940.8696,4781.8755,5032.6422,-132.8261,-2.6393,126619715.0,106405984.9566
000852.SH,20190807,4885.4401,4928.1355,4941.9577,4884.9906,4899.8161,-14.376,-0.2934,89951946.0,80820458.064
000852.SH,20190808,4923.3268,4901.8162,4936.8286,4901.7097,4885.4401,37.8867,0.7755,83388258.0,77490922.1
000852.SH,20190809,4869.7924,4948.5161,4963.0042,4861.1246,4923.3268,-53.5344,-1.0874,89534965.0,82880629.9868
000852.SH,20190812,4952.2171,4873.8872,4952.2171,4859.6218,4869.7924,82.4247,1.6926,78824217.0,72932271.0784
000852.SH,20190813,4928.4648,4917.8926,4935.941,4903.8231,4952.2171,-23.7523,-0.4796,79018318.0,75548259.8023
000852.SH,20190814,4961.7505,4980.3858,4997.4392,4953.9791,4928.4648,33.2857,0.6754,90034716.0,87741863.6008
000852.SH,20190815,4985.4213,4848.869,4985.5382,4829.4129,4961.7505,23.6708,0.4771,95328609.0,89496568.1725
000852.SH,20190816,5013.5824,4981.5631,5044.2051,4979.9293,4985.4213,28.1611,0.5649,96228503.0,95365366.3121
000852.SH,20190819,5173.1766,5054.4839,5173.1766,5054.4839,5013.5824,159.5942,3.1832,131032179.0,124495070.2632
000852.SH,20190820,5185.2652,5183.0081,5220.6796,5168.9375,5173.1766,12.0886,0.2337,132730041.0,125167520.2076
000852.SH,20190821,5186.6218,5177.8749,5203.6456,5168.809,5185.2652,1.3566,0.0262,114896013.0,110244839.5482
000852.SH,20190822,5208.552,5200.058,5208.552,5165.6148,5186.6218,21.9302,0.4228,114152369.0,108846747.0751
000852.SH,20190823,5197.5481,5210.419,5224.5707,5179.4684,5208.552,-11.0039,-0.2113,120371153.0,113100762.4232
000852.SH,20190826,5168.6795,5096.1043,5186.4031,5087.7011,5197.5481,-28.8686,-0.5554,122374323.0,109519347.9452
000852.SH,20190827,5266.6579,5196.143,5283.0577,5196.143,5168.6795,97.9784,1.8956,147090648.0,131492474.9344
000852.SH,20190828,5256.1774,5261.6208,5274.6778,5236.0181,5266.6579,-10.4805,-0.199,140548482.0,126664510.5048
000852.SH,20190829,5260.9496,5262.9592,5286.113,5249.7494,5256.1774,4.7722,0.0908,130752793.0,119190175.8602
000852.SH,20190830,5182.9555,5280.5139,5289.0416,5160.4471,5260.9496,-77.9941,-1.4825,146306831.0,139678893.6365
000852.SH,20190902,5317.5333,5187.3994,5318.4014,5187.3961,5182.9555,134.5778,2.5965,140256474.0,134021224.8413
000852.SH,20190903,5357.0603,5324.6856,5357.0603,5310.2731,5317.5333,39.527,0.7433,143294224.0,140780148.2228
000852.SH,20190904,5394.7063,5345.9398,5394.7063,5336.5709,5357.0603,37.646,0.7027,151964442.0,145063879.8878
000852.SH,20190905,5445.5743,5423.9599,5504.9414,5418.9185,5394.7063,50.868,0.9429,192911455.0,186631534.7406
000852.SH,20190906,5468.4591,5461.3325,5479.1152,5425.3735,5445.5743,22.8848,0.4202,152005589.0,153027092.7524
000852.SH,20190909,5602.2416,5516.5339,5602.2416,5495.1566,5468.4591,133.7825,2.4464,175102700.0,177704943.5583
000852.SH,20190910,5614.5756,5608.7364,5625.9206,5573.9933,5602.2416,12.334,0.2202,175825533.0,182214032.5506
000852.SH,20190911,5566.4083,5630.2002,5634.4411,5564.9389,5614.5756,-48.1673,-0.8579,157662647.0,157993963.5754
000852.SH,20190912,5592.9216,5580.6019,5601.4748,5546.2545,5566.4083,26.5133,0.4763,131539817.0,128460069.185
000852.SH,20190916,5627.2352,5613.5707,5650.6724,5600.8042,5592.9216,34.3136,0.6135,151239778.0,148105221.6086
000852.SH,20190917,5492.2224,5614.1551,5614.1551,5471.4324,5627.2352,-135.0128,-2.3993,155208189.0,147443661.5043
000852.SH,20190918,5485.8788,5501.8403,5515.2236,5467.9112,5492.2224,-6.3436,-0.1155,115406599.0,116907097.9793
000852.SH,20190919,5550.4072,5497.2393,5550.4072,5468.754,5485.8788,64.5284,1.1763,118150865.0,121151399.4984
000852.SH,20190920,5556.4776,5560.0383,5576.7868,5533.2779,5550.4072,6.0704,0.1094,126469433.0,132147190.9668
000852.SH,20190923,5501.2148,5538.7259,5538.7259,5462.2713,5556.4776,-55.2628,-0.9946,121427152.0,123349999.9424
000852.SH,20190924,5528.8929,5504.4988,5568.2159,5495.4604,5501.2148,27.6781,0.5031,126895429.0,138886197.9432
000852.SH,20190925,5421.6247,5502.1578,5502.1578,5421.6247,5528.8929,-107.2682,-1.9401,129643959.0,135425040.2547
000852.SH,20190926,5244.0766,5428.6128,5436.9496,5244.0766,5421.6247,-177.5481,-3.2748,130735221.0,130092529.7128
000852.SH,20190927,5291.4359,5241.5134,5313.0838,5241.5134,5244.0766,47.3593,0.9031,90617382.0,93242836.2738
000852.SH,20190930,5232.3865,5297.0207,5315.3389,5232.3865,5291.4359,-59.0494,-1.1159,77537916.0,79381186.6119
000852.SH,20191008,5237.1816,5242.0195,5280.5854,5226.2628,5232.3865,4.7951,0.0916,78830377.0,81372687.416
000852.SH,20191009,5285.1493,5220.2008,5285.1493,5191.0636,5237.1816,47.9677,0.9159,81537732.0,83088853.2345
000852.SH,20191010,5366.9254,5291.552,5367.0987,5281.8625,5285.1493,81.7761,1.5473,94803319.0,98623064.0055
000852.SH,20191011,5370.6541,5371.3961,5392.7837,5327.7919,5366.9254,3.7287,0.0695,106505533.0,105849945.1017
000852.SH,20191014,5455.6064,5411.6528,5463.5373,5402.6298,5370.6541,84.9523,1.5818,127453901.0,122006687.6725
000852.SH,20191015,5375.5288,5429.9444,5429.9444,5367.1406,5455.6064,-80.0776,-1.4678,120133371.0,112586338.8677
000852.SH,20191016,5353.0154,5377.7516,5397.0682,5350.1485,5375.5288,-22.5134,-0.4188,105111242.0,98213036.5197
000852.SH,20191017,5347.2673,5354.4052,5371.6741,5331.7329,5353.0154,-5.7481,-0.1074,92051923.0,87362653.4488
000852.SH,20191018,5280.5324,5350.6433,5374.6031,5267.9333,5347.2673,-66.7349,-1.248,107176436.0,100132540.1796
000852.SH,20191021,5247.2982,5273.6443,5273.6443,5200.9332,5280.5324,-33.2342,-0.6294,91111910.0,86943131.3597
000852.SH,20191022,5312.4584,5252.1859,5312.4634,5249.9624,5247.2982,65.1602,1.2418,90350448.0,87413220.6443
000852.SH,20191023,5269.7225,5311.7649,5314.3634,5257.7695,5312.4584,-42.7359,-0.8044,94464034.0,90665801.4123
000852.SH,20191024,5259.4545,5262.925,5274.3225,5220.5479,5269.7225,-10.268,-0.1948,94722918.0,86720512.6631
000852.SH,20191025,5300.0943,5254.3717,5307.7486,5227.8865,5259.4545,40.6398,0.7727,101229519.0,95200451.7125
000852.SH,20191028,5425.7542,5343.5001,5425.7542,5343.4428,5300.0943,125.6599,2.3709,136224883.0,129515026.9427
000852.SH,20191029,5366.7544,5434.3135,5434.3135,5366.7544,5425.7542,-58.9998,-1.0874,155004456.0,145139350.7897
000852.SH,20191030,5313.4166,5349.0772,5351.8635,5301.6378,5366.7544,-53.3378,-0.9939,139966476.0,130346023.7692
000852.SH,20191031,5253.8811,5310.6573,5329.2045,5252.1654,5313.4166,-59.5355,-1.1205,119979824.0,114532026.2862
000852.SH,20191101,5303.9905,5234.7518,5308.9337,5227.111,5253.8811,50.1094,0.9538,106994988.0,102087111.1916
000852.SH,20191104,5337.0832,5316.598,5365.5937,5316.598,5303.9905,33.0927,0.6239,114489488.0,115854267.4969
000852.SH,20191105,5352.061,5341.172,5362.4447,5306.0462,5337.0832,14.9778,0.2806,113885646.0,114846792.3632
000852.SH,20191106,5304.8381,5348.4518,5356.3114,5286.4401,5352.061,-47.2229,-0.8823,111174349.0,110315090.5099
000852.SH,20191107,5340.1711,5300.6727,5347.6624,5294.2013,5304.8381,35.333,0.6661,96695460.0,99247548.6844
000852.SH,20191108,5321.7779,5361.2719,5375.058,5318.7651,5340.1711,-18.3932,-0.3444,104093933.0,107787205.244
000852.SH,20191111,5183.5711,5289.6341,5289.6341,5175.6163,5321.7779,-138.2068,-2.597,106907294.0,101788715.3454
000852.SH,20191112,5196.7152,5183.4824,5196.7152,5123.2976,5183.5711,13.1441,0.2536,93959974.0,87981787.3135
000852.SH,20191113,5181.4922,5188.8844,5200.2447,5160.3259,5196.7152,-15.223,-0.2929,86654400.0,83519545.5736
000852.SH,20191114,5216.6437,5180.3111,5229.0916,5177.1135,5181.4922,35.1515,0.6784,89584834.0,89861875.0694
000852.SH,20191115,5152.5637,5208.3652,5220.0571,5152.5637,5216.6437,-64.08,-1.2284,94729429.0,94989487.6296
000852.SH,20191118,5189.3522,5147.0326,5192.8548,5139.9622,5152.5637,36.7885,0.714,85671862.0,84279221.7146
000852.SH,20191119,5286.1488,5192.6833,5286.1488,5187.766,5189.3522,96.7966,1.8653,104374167.0,103179257.8541
000852.SH,20191120,5259.4697,5281.8475,5303.926,5251.0789,5286.1488,-26.6791,-0.5047,106261069.0,105897649.8508
000852.SH,20191121,5250.665,5238.5985,5274.2274,5228.2568,5259.4697,-8.8047,-0.1674,92923714.0,87003103.382
000852.SH,20191122,5181.1093,5255.4261,5296.3279,5157.5473,5250.665,-69.5557,-1.3247,115747888.0,110942790.2355
000852.SH,20191125,5151.3684,5179.1457,5185.4524,5107.5075,5181.1093,-29.7409,-0.574,106053787.0,94917934.1649
000852.SH,20191126,5147.7282,5154.9239,5170.4866,5131.5449,5151.3684,-3.6402,-0.0707,91068910.0,81766793.2387
000852.SH,20191127,5145.967,5138.0597,5170.6027,5121.324,5147.7282,-1.7612,-0.0342,91864498.0,84266473.4864
000852.SH,20191128,5131.1284,5142.3759,5165.6525,5120.5544,5145.967,-14.8386,-0.2884,85094016.0,78914007.8035
000852.SH,20191129,5126.6146,5130.2809,5137.2876,5082.7679,5131.1284,-4.5138,-0.088,80181680.0,75244012.9132
000852.SH,20191202,5137.7835,5131.8924,5156.8724,5124.5541,5126.6146,11.1689,0.2179,81777519.0,78466522.8871
000852.SH,20191203,5171.3562,5119.748,5171.3562,5097.08,5137.7835,33.5727,0.6534,85738551.0,82771877.6207
000852.SH,20191204,5179.6944,5148.4083,5188.3604,5140.3875,5171.3562,8.3382,0.1612,87626418.0,85034984.5535
000852.SH,20191205,5238.1302,5190.0827,5246.0271,5187.9077,5179.6944,58.4358,1.1282,99451044.0,100036170.1455
000852.SH,20191206,5275.5098,5241.0909,5275.5098,5226.2573,5238.1302,37.3796,0.7136,100390620.0,99234950.8206
000852.SH,20191209,5294.2815,5286.2025,5302.2889,5269.1838,5275.5098,18.7717,0.3558,112320679.0,109703719.692
000852.SH,20191210,5326.3609,5286.0412,5326.3609,5272.2023,5294.2815,32.0794,0.6059,118208313.0,111390094.401
000852.SH,20191211,5304.8817,5323.8624,5333.3201,5291.2494,5326.3609,-21.4792,-0.4033,121161809.0,113801506.9356
000852.SH,20191212,5304.4232,5302.721,5334.2618,5292.4674,5304.8817,-0.4585,-0.0086,119402444.0,115509395.2395
000852.SH,20191213,5375.9765,5334.5783,5379.2914,5327.115,5304.4232,71.5533,1.3489,122084849.0,123138289.4036
000852.SH,20191216,5476.9884,5391.4713,5476.9884,5387.5458,5375.9765,101.0119,1.8789,146872459.0,150423034.322
000852.SH,20191217,5545.6182,5479.8957,5555.2506,5475.4275,5476.9884,68.6298,1.2531,177542421.0,175006040.7575
000852.SH,20191218,5543.787,5546.2769,5575.6487,5529.8236,5545.6182,-1.8312,-0.033,165702453.0,164407452.9309
000852.SH,20191219,5568.113,5544.6639,5579.8166,5534.5092,5543.787,24.326,0.4388,154136495.0,148945729.0375
000852.SH,20191220,5501.1575,5571.6315,5580.3389,5501.1575,5568.113,-66.9555,-1.2025,149777345.0,141949915.4799
000852.SH,20191223,5377.0867,5478.5673,5485.7843,5375.0248,5501.1575,-124.0708,-2.2554,132183579.0,127150120.5151
000852.SH,20191224,5471.7354,5388.2094,5471.7354,5386.9678,5377.0867,94.6487,1.7602,112811727.0,112384442.2024
000852.SH,20191225,5504.4168,5467.7516,5517.1959,5461.3824,5471.7354,32.6814,0.5973,124681635.0,130934367.6264
000852.SH,20191226,5543.6643,5503.2951,5543.6989,5497.9047,5504.4168,39.2475,0.713,124445644.0,128982590.2369
000852.SH,20191227,5498.9254,5548.3466,5576.2589,5494.9696,5543.6643,-44.7389,-0.807,155515738.0,155240019.8858
000852.SH,20191230,5529.9961,5478.0044,5529.9961,5413.8686,5498.9254,31.0707,0.565,143411820.0,140313125.0547
000852.SH,20191231,5567.033,5524.4312,5567.8597,5520.0116,5529.9961,37.0369,0.6697,132870124.0,132463860.0299
000852.SH,20200102,5676.5579,5603.9331,5682.6426,5586.1399,5567.033,109.5249,1.9674,178712563.0,176874948.0189
000852.SH,20200103,5706.0438,5685.0849,5717.5054,5667.7417,5676.5579,29.4859,0.5194,179006818.0,178295040.8906
000852.SH,20200106,5764.7334,5686.1612,5803.8619,5670.343,5706.0438,58.6896,1.0286,208487509.0,203211064.7673
000852.SH,20200107,5852.3609,5772.6649,5852.3609,5772.6649,5764.7334,87.6275,1.5201,203440347.0,201537254.6801
000852.SH,20200108,5772.4742,5827.3803,5858.8716,5759.3335,5852.3609,-79.8867,-1.365,218974060.0,213888094.6992
000852.SH,20200109,5864.1821,5815.7396,5864.1821,5815.7396,5772.4742,91.7079,1.5887,186388460.0,187336849.3641
000852.SH,20200110,5851.8928,5879.2137,5885.3312,5824.6524,5864.1821,-12.2893,-0.2096,169185946.0,173850556.7188
000852.SH,20200113,5926.7222,5844.9636,5926.7222,5822.4232,5851.8928,74.8294,1.2787,160728794.0,172362974.8605
000852.SH,20200114,5914.1131,5939.9026,5948.0429,5911.693,5926.7222,-12.6091,-0.2127,176822328.0,184340199.1754
000852.SH,20200115,5913.518,5903.7635,5920.0849,5859.1131,5914.1131,-0.5951,-0.0101,160084737.0,165877789.555
000852.SH,20200116,5902.1318,5917.2317,5934.173,5892.7303,5913.518,-11.3862,-0.1925,147953859.0,162778573.6898
000852.SH,20200117,5879.4121,5913.7922,5927.5366,5869.1739,5902.1318,-22.7197,-0.3849,142819686.0,157111565.0299
000852.SH,20200120,5954.8668,5880.1327,5954.891,5862.1437,5879.4121,75.4547,1.2834,148360279.0,167625390.9874
000852.SH,20200121,5901.8587,5951.9985,5951.9985,5901.0014,5954.8668,-53.0081,-0.8902,156332321.0,172604389.4513
000852.SH,20200122,5919.587,5867.2178,5942.1077,5784.6801,5901.8587,17.7283,0.3004,162728303.0,180180672.7394
000852.SH,20200123,5699.0083,5852.2033,5897.8997,5643.8412,5919.587,-220.5787,-3.7263,184762621.0,199558188.2984
000852.SH,20200203,5200.1624,5180.5868,5227.0713,5179.2568,5699.0083,-498.8459,-8.7532,84416544.0,82967244.4458
000852.SH,20200204,5212.1,4923.1872,5234.2523,4923.1872,5200.1624,11.9376,0.2296,238201147.0,217391387.2991
000852.SH,20200205,5348.3408,5242.3292,5414.764,5242.3292,5212.1,136.2408,2.6139,207940041.0,211215505.9583
000852.SH,20200206,5515.6411,5353.1888,5538.9364,5326.2112,5348.3408,167.3003,3.1281,218481717.0,221846850.7819
000852.SH,20200207,5583.5955,5535.1292,5588.7663,5472.8651,5515.6411,67.9544,1.232,226928728.0,234210907.5721
000852.SH,20200210,5661.5621,5586.9484,5662.422,5567.0504,5583.5955,77.9666,1.3964,218068133.0,225934645.91
000852.SH,20200211,5623.2586,5656.5222,5666.7273,5590.8892,5661.5621,-38.3035,-0.6766,188157880.0,190484765.963
000852.SH,20200212,5754.2577,5605.9308,5754.2577,5602.3037,5623.2586,130.9991,2.3296,202279086.0,212220811.03
000852.SH,20200213,5707.5326,5758.9153,5782.5655,5690.0052,5754.2577,-46.7251,-0.812,221916197.0,234650257.2914
000852.SH,20200214,5727.8291,5696.1042,5783.6377,5677.7851,5707.5326,20.2965,0.3556,199679955.0,213876159.031
000852.SH,20200217,5936.4827,5766.5457,5936.4827,5766.5457,5727.8291,208.6536,3.6428,228914794.0,242894906.8051
000852.SH,20200218,6072.1933,5948.6491,6072.1933,5940.6211,5936.4827,135.7106,2.286,254099391.0,275800965.3322
000852.SH,20200219,6018.0505,6058.6942,6113.8677,6018.0505,6072.1933,-54.1428,-0.8917,259320330.0,289044889.829
000852.SH,20200220,6134.388,6032.3978,6135.3506,5979.0539,6018.0505,116.3375,1.9331,248953942.0,271785954.5123
000852.SH,20200221,6243.4783,6141.7923,6278.4817,6136.0843,6134.388,109.0903,1.7783,277767258.0,310673738.0922
000852.SH,20200224,6380.4145,6254.3208,6399.2959,6236.0866,6243.4783,136.9362,2.1933,298299514.0,343773410.5434
000852.SH,20200225,6407.1434,6233.5245,6420.3462,6096.1462,6380.4145,26.7289,0.4189,348239766.0,395393684.9648
000852.SH,20200226,6221.835,6315.331,6388.0632,6200.2552,6407.1434,-185.3084,-2.8922,327093035.0,348120245.5415
000852.SH,20200227,6232.089,6254.3937,6321.116,6135.9539,6221.835,10.254,0.1648,268029216.0,282370521.8497
000852.SH,20200228,5870.9664,5999.2136,6091.6936,5870.9092,6232.089,-361.1226,-5.7946,284615928.0,287562561.9957
000852.SH,20200302,6113.4111,5946.8329,6143.7279,5931.04,5870.9664,242.4447,4.1296,245865457.0,253459829.4098
000852.SH,20200303,6195.8915,6225.9628,6322.2748,6132.7096,6113.4111,82.4804,1.3492,294093196.0,307524313.1654
000852.SH,20200304,6226.533,6146.7657,6231.64,6101.0522,6195.8915,30.6415,0.4945,254454054.0,255394345.474
000852.SH,20200305,6315.8349,6312.4329,6327.5363,6248.9768,6226.533,89.3019,1.4342,296079776.0,291549028.7945
000852.SH,20200306,6296.7385,6236.2564,6344.0774,6225.7049,6315.8349,-19.0964,-0.3024,266263128.0,254972181.1568
000852.SH,20200309,6049.6211,6198.1974,6239.2541,6049.6211,6296.7385,-247.1174,-3.9245,287184490.0,282561225.6839
000852.SH,20200310,6206.408,5965.3638,6206.408,5902.3874,6049.6211,156.7869,2.5917,285396200.0,281697179.8902
000852.SH,20200311,6122.9093,6219.9277,6268.939,6122.9093,6206.408,-83.4987,-1.3454,264576806.0,263523061.3778
000852.SH,20200312,5999.6395,6026.0591,6071.6244,5938.9256,6122.9093,-123.2698,-2.0133,219646037.0,213040444.5752
000852.SH,20200313,5945.4645,5681.5876,5999.7687,5681.5876,5999.6395,-54.175,-0.903,251191641.0,242885912.82
000852.SH,20200316,5657.7747,5999.5444,6007.2598,5638.3877,5945.4645,-287.6898,-4.8388,246604652.0,242635524.3048
000852.SH,20200317,5642.9188,5707.4161,5756.2011,5436.5998,5657.7747,-14.8559,-0.2626,207157724.0,196893927.1346
000852.SH,20200318,5556.1082,5702.1729,5804.3007,5556.1082,5642.9188,-86.8106,-1.5384,205114829.0,208457587.1634
000852.SH,20200319,5617.1948,5552.5087,5641.0383,5453.0388,5556.1082,61.0866,1.0994,190815761.0,188376962.9281
000852.SH,20200320,5670.471,5676.9674,5688.9471,5574.6173,5617.1948,53.2762,0.9484,172744000.0,174169396.3911
000852.SH,20200323,5416.5708,5514.9258,5575.5314,5398.9506,5670.471,-253.9002,-4.4776,170338393.0,164487504.5945
000852.SH,20200324,5517.2552,5522.1784,5535.933,5344.4175,5416.5708,100.6844,1.8588,175452306.0,170351799.5458
000852.SH,20200325,5646.6252,5632.408,5652.4337,5589.9557,5517.2552,129.37,2.3448,182114811.0,173826281.0696
000852.SH,20200326,5595.4333,5606.6345,5666.1258,5582.9295,5646.6252,-51.1919,-0.9066,165999234.0,156197376.3169
000852.SH,20200327,5553.6122,5659.5895,5665.6227,5550.5353,5595.4333,-41.8211,-0.7474,154391842.0,148738322.8715
000852.SH,20200330,5415.4107,5472.148,5472.148,5362.7971,5553.6122,-138.2015,-2.4885,159550463.0,152032095.0181
000852.SH,20200331,5427.1324,5465.3722,5479.0211,5414.3061,5415.4107,11.7217,0.2165,141809524.0,134577123.5552
000852.SH,20200401,5403.303,5413.5463,5491.4688,5391.5446,5427.1324,-23.8294,-0.4391,147263582.0,141779249.9426
000852.SH,20200402,5538.604,5376.6593,5538.604,5367.5651,5403.303,135.301,2.504,145938759.0,145762147.8235
000852.SH,20200403,5507.1187,5525.7749,5558.379,5482.0559,5538.604,-31.4853,-0.5685,140577689.0,142765023.7657
000852.SH,20200407,5695.1689,5605.2711,5697.7599,5599.8157,5507.1187,188.0502,3.4147,178924142.0,176686381.4256
000852.SH,20200408,5718.1282,5673.3431,5739.3005,5661.9543,5695.1689,22.9593,0.4031,183301367.0,176221119.0946
000852.SH,20200409,5789.2646,5750.8866,5802.6505,5740.0305,5718.1282,71.1364,1.2441,182524761.0,171622575.7086
000852.SH,20200410,5637.5316,5787.5438,5787.5438,5619.7035,5789.2646,-151.733,-2.6209,191472398.0,182471017.554
000852.SH,20200413,5578.856,5590.3193,5613.4121,5542.5724,5637.5316,-58.6756,-1.0408,139328572.0,131715042.982
000852.SH,20200414,5692.0009,5605.9055,5692.0009,5599.908,5578.856,113.1449,2.0281,142344159.0,141850181.1362
000852.SH,20200415,5657.9482,5689.7349,5720.4227,5655.2217,5692.0009,-34.0527,-0.5983,164401927.0,163166374.5107
000852.SH,20200416,5700.9604,5626.8448,5711.7164,5617.0537,5657.9482,43.0122,0.7602,156294197.0,156510143.3375
000852.SH,20200417,5710.0533,5735.9013,5764.792,5702.0133,5700.9604,9.0929,0.1595,185552049.0,188354568.9423
000852.SH,20200420,5803.4021,5722.7343,5803.4022,5714.317,5710.0533,93.3488,1.6348,163679968.0,166394712.722
000852.SH,20200421,5773.0079,5780.8581,5780.8581,5711.166,5803.4021,-30.3942,-0.5237,175001519.0,174277551.2645
000852.SH,20200422,5826.5596,5721.5262,5826.5825,5710.8116,5773.0079,53.5517,0.9276,168439605.0,163030609.7815
000852.SH,20200423,5789.4817,5841.4025,5846.3812,5789.1018,5826.5596,-37.0779,-0.6364,187886350.0,183378206.0886
000852.SH,20200424,5675.5096,5782.2882,5784.1147,5654.2167,5789.4817,-113.9721,-1.9686,181572077.0,169234196.142
000852.SH,20200427,5645.6565,5675.565,5699.7744,5617.519,5675.5096,-29.8531,-0.526,146874427.0,138599116.3596
000852.SH,20200428,5561.1976,5641.2921,5644.351,5395.5725,5645.6565,-84.4589,-1.496,183952128.0,169968465.7098
000852.SH,20200429,5547.6279,5532.9972,5600.764,5524.8692,5561.1976,-13.5697,-0.244,143724315.0,132053812.5078
000852.SH,20200430,5678.1658,5572.5733,5695.2115,5572.5733,5547.6279,130.5379,2.353,160186056.0,161685978.4
000852.SH,20200506,5802.4187,5636.8668,5802.4645,5632.0329,5678.1658,124.2529,2.1883,160515351.0,168544766.0344
000852.SH,20200507,5795.872,5809.5372,5837.3294,5787.6076,5802.4187,-6.5467,-0.1128,162316275.0,167389808.2024
000852.SH,20200508,5862.7665,5825.737,5885.9959,5822.8103,5795.872,66.8945,1.1542,161392585.0,165949771.1329
000852.SH,20200511,5851.8037,5892.5656,5902.1604,5813.6709,5862.7665,-10.9628,-0.187,158065336.0,163332597.9842
000852.SH,20200512,5869.5065,5847.7012,5869.5858,5780.0935,5851.8037,17.7028,0.3025,141835687.0,147147225.5391
000852.SH,20200513,5917.0268,5849.4597,5923.2605,5835.3291,5869.5065,47.5203,0.8096,139578278.0,147515060.0936
000852.SH,20200514,5863.2364,5889.1381,5915.6051,5861.7753,5917.0268,-53.7904,-0.9091,158974226.0,160866269.7792
000852.SH,20200515,5889.9767,5886.7778,5924.7664,5859.9009,5863.2364,26.7403,0.4561,155187827.0,166475103.4741
000852.SH,20200518,5860.0427,5905.9235,5916.7084,5841.7165,5889.9767,-29.934,-0.5082,175785977.0,189759008.6648
000852.SH,20200519,5936.5992,5896.1545,5936.6638,5886.9021,5860.0427,76.5565,1.3064,151779169.0,167009746.1396
000852.SH,20200520,5865.8412,5928.4697,5928.4697,5844.5801,5936.5992,-70.758,-1.1919,161717837.0,180294652.7409
000852.SH,20200521,5791.6402,5878.7245,5883.7813,5780.1063,5865.8412,-74.201,-1.265,152293102.0,158337084.6941
000852.SH,20200522,5683.9962,5782.6249,5782.6603,5643.396,5791.6402,-107.644,-1.8586,143844880.0,145612134.9359
000852.SH,20200525,5671.9722,5674.3018,5691.1406,5640.2793,5683.9962,-12.024,-0.2115,115873608.0,120563570.9783
000852.SH,20200526,5808.5486,5690.3988,5808.5486,5690.3988,5671.9722,136.5764,2.4079,125079483.0,132765358.1647
000852.SH,20200527,5772.0836,5813.9847,5817.0612,5758.1812,5808.5486,-36.465,-0.6278,145944599.0,150578071.9413
000852.SH,20200528,5758.9271,5769.7869,5790.1813,5675.4945,5772.0836,-13.1565,-0.2279,149011880.0,149103385.9957
000852.SH,20200529,5816.4003,5744.2338,5834.6205,5732.3789,5758.9271,57.4732,0.998,146234702.0,150136748.1337
000852.SH,20200601,5993.7853,5855.3308,5996.4154,5855.3308,5816.4003,177.385,3.0497,182804490.0,188451522.8053
000852.SH,20200602,6002.8363,6012.566,6021.2651,5978.7724,5993.7853,9.051,0.151,194954803.0,197788386.6614
000852.SH,20200603,5994.6378,6010.4092,6043.1037,5987.5719,6002.8363,-8.1985,-0.1366,192954778.0,195243573.2588
000852.SH,20200604,6006.7648,6004.4588,6016.1167,5973.2,5994.6378,12.127,0.2023,172027794.0,168485470.6175
000852.SH,20200605,6015.3274,6009.884,6028.9985,5970.1502,6006.7648,8.5626,0.1425,163123246.0,161508818.261
000852.SH,20200608,6001.4315,6039.2455,6049.8559,5993.1708,6015.3274,-13.8959,-0.231,157469710.0,163815206.139
000852.SH,20200609,6042.3353,6005.8362,6042.3606,5979.2313,6001.4315,40.9038,0.6816,147305077.0,152026368.627
000852.SH,20200610,6049.322,6033.4876,6049.6883,6007.9847,6042.3353,6.9867,0.1156,145670199.0,151981628.0394
000852.SH,20200611,6027.4085,6050.1206,6107.3369,5999.5125,6049.322,-21.9135,-0.3622,161281051.0,172161069.6373
000852.SH,20200612,6031.1709,5901.0702,6058.7736,5888.2281,6027.4085,3.7624,0.0624,158717942.0,167290673.6753
000852.SH,20200615,6028.9556,6031.0934,6106.4507,6028.9364,6031.1709,-2.2153,-0.0367,169084773.0,189672191.7985
000852.SH,20200616,6151.6855,6076.6046,6151.6855,6064.2569,6028.9556,122.7299,2.0357,160014620.0,180425933.2427
000852.SH,20200617,6178.1413,6160.2024,6178.1413,6124.2179,6151.6855,26.4558,0.4301,173539704.0,193744325.6788
000852.SH,20200618,6149.2892,6168.0509,6168.2353,6121.065,6178.1413,-28.8521,-0.467,162112225.0,183028638.0869
000852.SH,20200619,6187.1082,6147.8841,6198.0516,6140.5194,6149.2892,37.819,0.615,152205993.0,173462469.2106
000852.SH,20200622,6228.0162,6204.4993,6246.0457,6204.4993,6187.1082,40.908,0.6612,160944754.0,192810179.2901
000852.SH,20200623,6238.8971,6229.6458,6245.152,6196.6871,6228.0162,10.8809,0.1747,152363808.0,181644238.9409
000852.SH,20200624,6227.5693,6242.5593,6258.825,6210.9676,6238.8971,-11.3278,-0.1816,144540469.0,178738787.1914
000852.SH,20200629,6211.3813,6214.8834,6233.269,6190.4126,6227.5693,-16.188,-0.2599,143407567.0,173959852.927
000852.SH,20200630,6319.5558,6239.6101,6330.0879,6236.6385,6211.3813,108.1745,1.7416,144583784.0,181632340.549
000852.SH,20200701,6339.3685,6341.5421,6357.1034,6267.1355,6319.5558,19.8127,0.3135,176108739.0,213263391.85
000852.SH,20200702,6413.952,6341.9516,6416.9552,6316.9587,6339.3685,74.5835,1.1765,208171938.0,241364270.934
000852.SH,20200703,6478.3539,6424.0941,6479.2471,6397.5104,6413.952,64.4019,1.0041,221048096.0,249939764.522
000852.SH,20200706,6725.9962,6516.9221,6732.6166,6516.9221,6478.3539,247.6423,3.8226,304890186.0,331901734.6476
000852.SH,20200707,6817.865,6784.8214,6917.5374,6711.3146,6725.9962,91.8688,1.3659,331205124.0,374657718.4805
000852.SH,20200708,6973.9967,6817.8308,6973.9967,6769.2077,6817.865,156.1317,2.29,303883025.0,351470291.2907
000852.SH,20200709,7182.1769,6976.7175,7187.7591,6972.0035,6973.9967,208.1802,2.9851,344438868.0,406142789.421
000852.SH,20200710,7150.4243,7161.6188,7238.3778,7105.7588,7182.1769,-31.7526,-0.4421,316909079.0,379011160.0728
000852.SH,20200713,7403.0857,7179.972,7403.0857,7179.972,7150.4243,252.6614,3.5335,315544264.0,381440417.1368
000852.SH,20200714,7344.9876,7412.2716,7447.5088,7201.4899,7403.0857,-58.0981,-0.7848,334328131.0,411063726.6817
000852.SH,20200715,7131.4636,7355.5631,7368.0028,7096.5763,7344.9876,-213.524,-2.9071,307301021.0,366699098.0393
000852.SH,20200716,6758.1403,7130.0423,7165.7654,6748.5027,7131.4636,-373.3233,-5.2349,280755485.0,324154549.3734
000852.SH,20200717,6772.5322,6759.1037,6885.8535,6690.4535,6758.1403,14.3919,0.213,208176424.0,240558176.7718
000852.SH,20200720,7003.6672,6851.3171,7003.6672,6789.3131,6772.5322,231.135,3.4128,219450622.0,252685853.7899
000852.SH,20200721,7058.7908,7026.9758,7067.3198,6977.4713,7003.6672,55.1236,0.7871,217536562.0,252381394.4512
000852.SH,20200722,7125.5686,7050.4004,7181.1932,7020.5485,7058.7908,66.7778,0.946,228498916.0,272397056.8679
000852.SH,20200723,7119.6711,7068.4007,7130.4534,6921.1864,7125.5686,-5.8975,-0.0828,244783429.0,288563974.9571
000852.SH,20200724,6784.6347,7098.5138,7133.696,6766.5103,7119.6711,-335.0364,-4.7058,265481767.0,311932207.6217
000852.SH,20200727,6786.529,6807.9826,6839.8272,6717.3248,6784.6347,1.8943,0.0279,191464459.0,220049471.2866
000852.SH,20200728,6857.9427,6835.5635,6886.4438,6796.824,6786.529,71.4137,1.0523,184867890.0,212545887.8905
000852.SH,20200729,7060.5347,6843.8359,7060.5347,6816.3111,6857.9427,202.592,2.9541,204312743.0,238009412.5072
000852.SH,20200730,7048.9813,7082.7197,7107.4828,7029.0189,7060.5347,-11.5534,-0.1636,234198735.0,268238848.2539
000852.SH,20200731,7141.592,7030.305,7143.5936,6997.6316,7048.9813,92.6107,1.3138,232331248.0,270041731.9574
000852.SH,20200803,7373.3412,7204.1729,7373.3585,7193.0692,7141.592,231.7492,3.2451,273951455.0,323209869.6103
000852.SH,20200804,7326.1893,7398.9853,7406.2579,7296.1197,7373.3412,-47.1519,-0.6395,276232099.0,331413494.3988
000852.SH,20200805,7427.1891,7340.5533,7442.3876,7284.6746,7326.1893,100.9998,1.3786,246411105.0,301601517.0295
000852.SH,20200806,7432.7659,7425.5472,7457.1592,7309.361,7427.1891,5.5768,0.0751,254526747.0,315215469.1959
000852.SH,20200807,7339.8113,7407.6837,7417.0937,7209.9442,7432.7659,-92.9546,-1.2506,243946170.0,304012182.0826
000852.SH,20200810,7358.862,7319.5425,7414.0968,7288.7486,7339.8113,19.0507,0.2596,225892914.0,284390438.3873
000852.SH,20200811,7213.4452,7358.7272,7377.8224,7203.7887,7358.862,-145.4168,-1.9761,229927964.0,279826494.4653
000852.SH,20200812,7092.355,7176.8874,7196.2814,6932.2954,7213.4452,-121.0902,-1.6787,210726322.0,250760812.1091
000852.SH,20200813,7113.9297,7112.3361,7158.9503,7076.7763,7092.355,21.5747,0.3042,191269926.0,210659776.1024
000852.SH,20200814,7183.9582,7103.071,7183.9582,7058.5401,7113.9297,70.0285,0.9844,175757774.0,196519348.3861
000852.SH,20200817,7339.6933,7206.3793,7339.6933,7194.1236,7183.9582,155.7351,2.1678,207192411.0,243906635.3569
000852.SH,20200818,7410.2411,7348.4193,7422.1372,7339.891,7339.6933,70.5478,0.9612,215555413.0,260025317.3278
000852.SH,20200819,7256.1312,7397.883,7397.883,7248.8883,7410.2411,-154.1099,-2.0797,216784392.0,253768040.2101
000852.SH,20200820,7151.261,7196.3546,7257.0084,7126.0365,7256.1312,-104.8702,-1.4453,183396773.0,206434705.7469
000852.SH,20200821,7194.274,7182.3031,7244.164,7137.0533,7151.261,43.013,0.6015,173774553.0,198408317.8691
000852.SH,20200824,7253.6399,7212.5307,7267.0917,7119.9389,7194.274,59.3659,0.8252,167551942.0,198458102.8089
000852.SH,20200825,7213.6824,7258.01,7283.2826,7188.1713,7253.6399,-39.9575,-0.5509,195115712.0,224709858.6883
000852.SH,20200826,7037.9776,7209.5106,7211.296,7010.0809,7213.6824,-175.7048,-2.4357,199859576.0,228341901.6493
000852.SH,20200827,7113.8036,7041.5208,7125.8771,6998.0284,7037.9776,75.826,1.0774,171559195.0,195256207.9126
000852.SH,20200828,7204.7816,7102.2724,7208.4148,7083.134,7113.8036,90.978,1.2789,174713277.0,205452187.1908
000852.SH,20200831,7224.0458,7238.6587,7308.5956,7221.5538,7204.7816,19.2642,0.2674,184766841.0,226598185.9299
000852.SH,20200901,7258.8872,7216.6458,7258.8872,7169.4024,7224.0458,34.8414,0.4823,164072651.0,193143478.0104
000852.SH,20200902,7272.6243,7270.9483,7301.273,7197.2124,7258.8872,13.7371,0.1892,199255967.0,222937861.246
000852.SH,20200903,7189.8606,7263.604,7265.8998,7165.7704,7272.6243,-82.7637,-1.138,189863756.0,213757371.5913
000852.SH,20200904,7182.1053,7064.2811,7189.1266,7045.5507,7189.8606,-7.7553,-0.1079,170637849.0,195514690.5332
000852.SH,20200907,7057.1942,7189.9693,7240.0463,7027.921,7182.1053,-124.9111,-1.7392,211259977.0,240337422.0328
000852.SH,20200908,7103.0863,7070.6797,7108.6453,6981.5732,7057.1942,45.8921,0.6503,210910537.0,222397705.2688
000852.SH,20200909,6877.602,7023.2953,7034.4884,6871.7719,7103.0863,-225.4843,-3.1745,258714909.0,263183141.5935
000852.SH,20200910,6633.8901,6921.4583,6938.0763,6615.5627,6877.602,-243.7119,-3.5436,215057643.0,209888700.6557
000852.SH,20200911,6742.0594,6592.8995,6746.1746,6591.3068,6633.8901,108.1693,1.6306,151139928.0,153052036.9361
000852.SH,20200914,6848.3586,6781.6956,6871.0504,6762.2405,6742.0594,106.2992,1.5767,171065211.0,181353457.2419
000852.SH,20200915,6881.5858,6861.0258,6883.0227,6818.2235,6848.3586,33.2272,0.4852,154497971.0,169021320.8605
000852.SH,20200916,6812.9115,6871.0719,6871.0719,6777.4322,6881.5858,-68.6743,-0.9979,136829449.0,147270154.8989
000852.SH,20200917,6825.1524,6800.3531,6876.0147,6746.2184,6812.9115,12.2409,0.1797,138963661.0,154602836.2215
000852.SH,20200918,6929.7672,6822.9722,6933.6583,6811.9049,6825.1524,104.6148,1.5328,151994574.0,168901949.8576
000852.SH,20200921,6927.1898,6951.7521,6975.1327,6912.0356,6929.7672,-2.5774,-0.0372,147689314.0,167830648.5751
000852.SH,20200922,6815.777,6862.3387,6912.0977,6793.6814,6927.1898,-111.4128,-1.6083,135534517.0,149668907.423
000852.SH,20200923,6862.9655,6839.4716,6881.4811,6805.1339,6815.777,47.1885,0.6923,118540658.0,140615004.1263
000852.SH,20200924,6675.1518,6814.0089,6814.0089,6675.0584,6862.9655,-187.8137,-2.7366,131268051.0,144666426.7852
000852.SH,20200925,6634.3886,6703.6216,6717.2421,6604.6745,6675.1518,-40.7632,-0.6107,103410915.0,120179722.1292
000852.SH,20200928,6550.3689,6649.1819,6660.1822,6550.0017,6634.3886,-84.0197,-1.2664,96264154.0,111085958.5075
000852.SH,20200929,6621.0317,6585.182,6651.7384,6562.8196,6550.3689,70.6628,1.0788,95051523.0,114719731.017
000852.SH,20200930,6617.1587,6641.3849,6665.8813,6584.8852,6621.0317,-3.873,-0.0585,95018529.0,111390909.4295
000852.SH,20201009,6822.3647,6737.5285,6828.9767,6727.3932,6617.1587,205.206,3.1011,126973237.0,150455877.3576
000852.SH,20201012,7036.2753,6881.6257,7036.2753,6875.6998,6822.3647,213.9106,3.1354,171267161.0,211054929.3926
000852.SH,20201013,7053.8711,7023.4356,7059.2429,6989.6715,7036.2753,17.5958,0.2501,145584911.0,182425638.7792
000852.SH,20201014,6988.6091,7036.8703,7036.8703,6975.1872,7053.8711,-65.262,-0.9252,138335733.0,177624661.6414
000852.SH,20201015,6926.8462,6991.736,6992.2948,6924.1861,6988.6091,-61.7629,-0.8838,129563641.0,160593829.4022
000852.SH,20201016,6906.3883,6924.811,6942.6276,6846.1654,6926.8462,-20.4579,-0.2953,116392184.0,143600861.8692
000852.SH,20201019,6858.3558,6943.7994,6947.9495,6842.9995,6906.3883,-48.0325,-0.6955,120084585.0,148409262.8036
000852.SH,20201020,6923.3842,6846.3616,6923.3842,6804.8397,6858.3558,65.0284,0.9482,113726512.0,136913522.8006
000852.SH,20201021,6815.0928,6926.5326,6926.6907,6793.4929,6923.3842,-108.2914,-1.5641,115787266.0,143322048.5059
000852.SH,20201022,6771.8073,6788.0033,6800.0448,6714.1475,6815.0928,-43.2855,-0.6351,107660596.0,130130456.6708
000852.SH,20201023,6641.3292,6774.7669,6811.3297,6627.696,6771.8073,-130.4781,-1.9268,110708760.0,137054187.1795
000852.SH,20201026,6648.521,6620.188,6674.5748,6545.7876,6641.3292,7.1918,0.1083,98661452.0,119290491.5378
000852.SH,20201027,6682.5376,6630.7188,6689.032,6620.0932,6648.521,34.0166,0.5116,100707026.0,122904862.743
000852.SH,20201028,6685.429,6680.44,6700.4702,6589.7685,6682.5376,2.8914,0.0433,115349880.0,139876950.1492
000852.SH,20201029,6674.7417,6592.8921,6698.7237,6573.6981,6685.429,-10.6873,-0.1599,116175399.0,142806407.4109
000852.SH,20201030,6511.1579,6685.5932,6694.5237,6502.1206,6674.7417,-163.5838,-2.4508,136545161.0,165146549.9748
000852.SH,20201102,6513.7878,6517.422,6537.3224,6461.7068,6511.1579,2.6299,0.0404,123187315.0,150018713.9932
000852.SH,20201103,6647.575,6538.2827,6647.575,6518.6641,6513.7878,133.7872,2.0539,125339563.0,153123644.9646
000852.SH,20201104,6632.6822,6652.5817,6658.5839,6585.8004,6647.575,-14.8928,-0.224,113033552.0,138683943.1063
000852.SH,20201105,6754.9495,6685.2035,6756.8966,6665.8133,6632.6822,122.2673,1.8434,136534629.0,164787764.9641
000852.SH,20201106,6688.6623,6771.1832,6771.1832,6645.5701,6754.9495,-66.2872,-0.9813,138608165.0,168933507.6283
000852.SH,20201109,6851.9834,6723.4287,6873.4353,6723.4287,6688.6623,163.3211,2.4418,167674029.0,208255330.8633
000852.SH,20201110,6779.4907,6854.7004,6854.7726,6747.7426,6851.9834,-72.4927,-1.058,146370421.0,183639146.5366
000852.SH,20201111,6663.7308,6761.3488,6771.5344,6659.2833,6779.4907,-115.7599,-1.7075,130925314.0,161158470.9075
000852.SH,20201112,6676.4219,6680.1967,6702.302,6647.7682,6663.7308,12.6911,0.1905,112641881.0,137048414.0589
000852.SH,20201113,6686.3913,6663.2215,6700.2045,6621.4997,6676.4219,9.9694,0.1493,109345005.0,138023818.6728
000852.SH,20201116,6747.8105,6703.1816,6747.8105,6668.4225,6686.3913,61.4192,0.9186,135652613.0,159852458.4994
000852.SH,20201117,6681.7234,6743.8687,6743.8687,6637.5177,6747.8105,-66.0871,-0.9794,143321097.0,167286791.6773
000852.SH,20201118,6682.1248,6673.5954,6723.6079,6653.6469,6681.7234,0.4014,0.006,134446332.0,151152448.7233
000852.SH,20201119,6718.4582,6664.8314,6725.4904,6625.0898,6682.1248,36.3334,0.5437,134931805.0,154146748.4638
000852.SH,20201120,6766.0605,6713.6481,6770.056,6701.4901,6718.4582,47.6023,0.7085,133167459.0,152519866.8392
000852.SH,20201123,6807.7175,6776.2432,6833.623,6738.6465,6766.0605,41.657,0.6157,166030510.0,183405820.1399
000852.SH,20201124,6807.9974,6798.8315,6827.4733,6785.2502,6807.7175,0.2799,0.0041,143456517.0,167896340.6845
000852.SH,20201125,6691.8739,6816.2311,6817.7558,6691.8739,6807.9974,-116.1235,-1.7057,151667249.0,170841521.0473
000852.SH,20201126,6643.1846,6678.1362,6693.8716,6597.7657,6691.8739,-48.6893,-0.7276,124948306.0,142739211.6687
000852.SH,20201127,6641.7734,6639.5986,6644.3497,6578.724,6643.1846,-1.4112,-0.0212,119054618.0,133606292.3083
000852.SH,20201130,6622.3592,6642.1547,6674.2601,6591.6899,6641.7734,-19.4142,-0.2923,130805342.0,149582267.263
000852.SH,20201201,6713.2303,6608.6201,6717.2545,6600.7253,6622.3592,90.8711,1.3722,134546042.0,147694519.5645
000852.SH,20201202,6735.712,6712.8889,6741.5445,6699.7544,6713.2303,22.4817,0.3349,149384457.0,161755616.2862
000852.SH,20201203,6711.8429,6726.2601,6736.4236,6679.5155,6735.712,-23.8691,-0.3544,137204247.0,147926078.2267
000852.SH,20201204,6746.6295,6700.6877,6755.5753,6688.6316,6711.8429,34.7866,0.5183,119005147.0,135066144.0266
000852.SH,20201207,6733.002,6760.104,6770.8447,6731.6837,6746.6295,-13.6275,-0.202,130050966.0,147139608.2343
000852.SH,20201208,6734.372,6735.2288,6753.7004,6720.603,6733.002,1.37,0.0203,119558853.0,138808514.3266
000852.SH,20201209,6602.5166,6734.1215,6736.1725,6602.5166,6734.372,-131.8554,-1.9579,140747529.0,158766773.3255
000852.SH,20201210,6605.1915,6576.0634,6647.4456,6552.1086,6602.5166,2.6749,0.0405,120849979.0,137778936.1485
000852.SH,20201211,6498.2391,6610.5547,6617.4424,6441.2857,6605.1915,-106.9524,-1.6192,144586345.0,160582018.0294
000852.SH,20201214,6576.8161,6493.649,6578.4103,6459.9151,6498.2391,78.577,1.2092,116492766.0,140696279.1196
000852.SH,20201215,6596.503,6565.4974,6603.3999,6548.7887,6576.8161,19.6869,0.2993,107134787.0,140803863.1183
000852.SH,20201216,6543.3624,6597.3116,6598.9303,6538.9721,6596.503,-53.1406,-0.8056,118561620.0,144189418.6777
000852.SH,20201217,6597.8596,6530.6555,6599.1079,6460.6262,6543.3624,54.4972,0.8329,135780084.0,163044631.0836
000852.SH,20201218,6573.4036,6604.0254,6625.9656,6564.1811,6597.8596,-24.456,-0.3707,133704174.0,164303646.9074
000852.SH,20201221,6691.5884,6576.713,6692.3771,6571.5868,6573.4036,118.1848,1.7979,143601290.0,183389850.8093
000852.SH,20201222,6549.9694,6668.2129,6684.704,6545.8378,6691.5884,-141.619,-2.1164,161411454.0,201278428.0069
000852.SH,20201223,6601.2429,6552.2749,6615.2009,6551.0703,6549.9694,51.2735,0.7828,163014563.0,206344944.4453
000852.SH,20201224,6496.3259,6591.7892,6596.5875,6484.4088,6601.2429,-104.917,-1.5894,160886586.0,191348348.6738
000852.SH,20201225,6561.2749,6466.3504,6570.2995,6454.2777,6496.3259,64.949,0.9998,154563507.0,179694541.0613
000852.SH,20201228,6519.4714,6561.7675,6566.6549,6484.4443,6561.2749,-41.8035,-0.6371,174273839.0,199661749.7821
000852.SH,20201229,6477.2617,6514.9092,6548.7108,6473.4,6519.4714,-42.2097,-0.6474,165003139.0,190483180.1044
000852.SH,20201230,6526.8785,6469.8912,6549.3847,6465.3909,6477.2617,49.6168,0.766,150299134.0,175274043.6217
000852.SH,20201231,6646.4735,6536.8609,6646.4981,6536.8609,6526.8785,119.595,1.8323,156307191.0,187774927.7901
000852.SH,20210104,6798.7644,6671.927,6809.4266,6662.7993,6646.4735,152.2909,2.2913,183204775.0,227626018.8495
000852.SH,20210105,6807.4471,6785.5199,6827.4972,6726.4621,6798.7644,8.6827,0.1277,197247556.0,250731503.4741
000852.SH,20210106,6724.9502,6803.687,6816.257,6686.132,6807.4471,-82.4969,-1.2119,179080173.0,234002446.1293
000852.SH,20210107,6616.5524,6708.7154,6709.0716,6557.2731,6724.9502,-108.3978,-1.6119,193680051.0,238048917.8202
000852.SH,20210108,6585.3587,6603.505,6638.8596,6514.1803,6616.5524,-31.1937,-0.4714,161815950.0,208803739.6512
000852.SH,20210111,6475.9548,6579.6418,6584.2182,6437.0328,6585.3587,-109.4039,-1.6613,166706872.0,214024719.2899
000852.SH,20210112,6564.7354,6453.0136,6566.1447,6433.222,6475.9548,88.7806,1.3709,140365271.0,187562417.3237
000852.SH,20210113,6513.6399,6567.6031,6567.6031,6471.776,6564.7354,-51.0955,-0.7783,162127981.0,213667984.4216
000852.SH,20210114,6506.8268,6488.7474,6557.2551,6414.7394,6513.6399,-6.8131,-0.1046,147196836.0,199066138.8543
000852.SH,20210115,6528.461,6496.9062,6539.1707,6435.4588,6506.8268,21.6342,0.3325,131954642.0,177611581.5945
000852.SH,20210118,6652.0961,6515.577,6655.0531,6510.9969,6528.461,123.6351,1.8938,137393155.0,185540404.7551
000852.SH,20210119,6614.0707,6647.9455,6677.4078,6602.7768,6652.0961,-38.0254,-0.5716,155029358.0,198089390.3362
000852.SH,20210120,6671.4485,6606.7307,6671.4485,6584.8791,6614.0707,57.3778,0.8675,130748779.0,171733985.2274
000852.SH,20210121,6745.1085,6670.1785,6770.8653,6669.4052,6671.4485,73.66,1.1041,159360713.0,203918038.7441
000852.SH,20210122,6721.9167,6736.0054,6737.5519,6671.2929,6745.1085,-23.1918,-0.3438,158667993.0,210019026.583
000852.SH,20210125,6657.2723,6710.8009,6728.4481,6631.6936,6721.9167,-64.6444,-0.9617,166133978.0,226714686.5938
000852.SH,20210126,6534.0973,6630.3601,6645.8056,6525.3836,6657.2723,-123.175,-1.8502,142066314.0,195248483.9148
000852.SH,20210127,6537.7538,6519.4497,6552.4334,6449.3709,6534.0973,3.6565,0.056,130789778.0,174269124.0303
000852.SH,20210128,6399.1265,6466.569,6545.7236,6395.7629,6537.7538,-138.6273,-2.1204,132320843.0,166111945.2594
000852.SH,20210129,6304.1181,6438.6135,6459.343,6221.8667,6399.1265,-95.0084,-1.4847,145546544.0,178522473.4932
000852.SH,20210201,6345.8142,6282.0307,6347.1668,6280.3707,6304.1181,41.6961,0.6614,131086847.0,155005222.7193
000852.SH,20210202,6417.4609,6351.6598,6419.0348,6307.8116,6345.8142,71.6467,1.129,128040832.0,163105371.6795
000852.SH,20210203,6307.3903,6404.0723,6404.0723,6306.0913,6417.4609,-110.0706,-1.7152,131192545.0,168984844.8283
000852.SH,20210204,6167.7466,6277.9702,6295.7004,6077.2802,6307.3903,-139.6437,-2.214,139596610.0,166461911.0338
000852.SH,20210205,6045.297,6179.4871,6214.2768,6044.613,6167.7466,-122.4496,-1.9853,119798217.0,146098526.9833
000852.SH,20210208,6088.8187,6056.9109,6122.3204,6000.9594,6045.297,43.5217,0.7199,103575978.0,125072578.5975
000852.SH,20210209,6254.0114,6101.678,6264.1768,6097.0918,6088.8187,165.1927,2.7131,111416852.0,136524985.7139
000852.SH,20210210,6303.3064,6265.4139,6316.7926,6236.3501,6254.0114,49.295,0.7882,105447348.0,135598368.5469
000852.SH,20210218,6404.5949,6405.0228,6441.5066,6363.1979,6303.3064,101.2885,1.6069,139118773.0,172637699.1989
000852.SH,20210219,6527.6465,6395.5768,6527.9034,6374.5758,6404.5949,123.0516,1.9213,155493626.0,174247205.8912
000852.SH,20210222,6534.5739,6553.9121,6659.4098,6534.5739,6527.6465,6.9274,0.1061,203594183.0,229273521.2521
000852.SH,20210223,6489.9615,6496.751,6545.5442,6447.9695,6534.5739,-44.6124,-0.6827,158481358.0,177899887.5085
000852.SH,20210224,6437.8367,6490.3787,6542.2823,6378.6708,6489.9615,-52.1248,-0.8032,149391685.0,174898934.2754
000852.SH,20210225,6399.3466,6480.9214,6492.4193,6390.4086,6437.8367,-38.4901,-0.5979,135072293.0,150532549.5224
000852.SH,20210226,6325.4046,6287.4898,6381.3212,6276.7122,6399.3466,-73.942,-1.1555,123205195.0,138979958.1289
000852.SH,20210301,6495.1565,6362.9357,6495.1922,6362.9357,6325.4046,169.7519,2.6837,128960440.0,148068662.2658
000852.SH,20210302,6466.6317,6518.3247,6518.994,6423.9543,6495.1565,-28.5248,-0.4392,136222317.0,160394826.7032
000852.SH,20210303,6553.596,6456.7096,6553.9466,6446.8389,6466.6317,86.9643,1.3448,136766202.0,151718894.4407
000852.SH,20210304,6434.894,6519.0396,6534.6037,6417.8902,6553.596,-118.702,-1.8112,150190997.0,167852363.3806
000852.SH,20210305,6456.2791,6369.2328,6484.2963,6366.4716,6434.894,21.3851,0.3323,139905673.0,147790494.0524
000852.SH,20210308,6327.6493,6496.2148,6529.8662,6327.6493,6456.2791,-128.6298,-1.9923,156811839.0,164778684.7085
000852.SH,20210309,6126.2831,6314.3545,6321.0248,6035.9114,6327.6493,-201.3662,-3.1823,161753224.0,161655176.8367
000852.SH,20210310,6078.2443,6192.1474,6208.7738,6069.9059,6126.2831,-48.0388,-0.7841,117963399.0,120671600.1228
000852.SH,20210311,6219.6635,6086.0934,6219.6635,6055.3971,6078.2443,141.4192,2.3266,124964076.0,128575418.3524
000852.SH,20210312,6220.4779,6231.6906,6234.3448,6155.7013,6219.6635,0.8144,0.0131,137675183.0,136378733.732
000852.SH,20210315,6177.7382,6204.8196,6238.2021,6130.3959,6220.4779,-42.7397,-0.6871,133597000.0,131813838.8999
000852.SH,20210316,6233.463,6182.5202,6233.463,6145.5168,6177.7382,55.7248,0.902,137725927.0,134210914.7703
000852.SH,20210317,6277.5814,6225.5234,6283.6034,6184.0609,6233.463,44.1184,0.7078,125504532.0,124790972.9893
000852.SH,20210318,6298.8857,6276.7964,6322.455,6268.8563,6277.5814,21.3043,0.3394,127601116.0,130271867.7698
000852.SH,20210319,6250.8147,6230.0743,6307.2235,6208.7578,6298.8857,-48.071,-0.7632,125290138.0,128556100.761
000852.SH,20210322,6359.6002,6256.524,6359.6674,6253.6215,6250.8147,108.7855,1.7403,136096739.0,138130217.7664
000852.SH,20210323,6289.0012,6364.8177,6372.6637,6259.8019,6359.6002,-70.599,-1.1101,148304553.0,151761502.2583
000852.SH,20210324,6196.267,6249.2316,6286.8545,6183.2012,6289.0012,-92.7342,-1.4745,137984976.0,138421515.993
000852.SH,20210325,6190.712,6172.3957,6233.6931,6130.2493,6196.267,-5.555,-0.0897,125392928.0,123533451.359
000852.SH,20210326,6301.3414,6198.5324,6309.5874,6198.5324,6190.712,110.6294,1.787,124641822.0,131109124.2235
000852.SH,20210329,6326.6093,6323.9412,6364.5414,6309.7705,6301.3414,25.2679,0.401,126449839.0,138044294.1483
000852.SH,20210330,6301.5848,6313.4841,6316.8239,6268.2486,6326.6093,-25.0245,-0.3955,127030210.0,135741010.1514
000852.SH,20210331,6293.3922,6289.6044,6298.788,6252.4007,6301.5848,-8.1926,-0.13,109810596.0,118374103.7336
000852.SH,20210401,6335.7913,6302.561,6341.2433,6286.0582,6293.3922,42.3991,0.6737,110959297.0,116301204.2878
000852.SH,20210402,6361.2515,6354.7073,6383.4632,6337.9827,6335.7913,25.4602,0.4018,115189624.0,127464871.3166
000852.SH,20210406,6421.4868,6376.7221,6425.3899,6374.7247,6361.2515,60.2353,0.9469,112882527.0,123752514.4924
000852.SH,20210407,6422.7617,6419.9924,6422.7687,6372.2522,6421.4868,1.2749,0.0199,125134730.0,128879006.1091
000852.SH,20210408,6404.1284,6411.0302,6435.3573,6387.913,6422.7617,-18.6333,-0.2901,136741809.0,138981358.8078
000852.SH,20210409,6399.5218,6399.1469,6410.5338,6378.273,6404.1284,-4.6066,-0.0719,122690981.0,130323907.3258
000852.SH,20210412,6263.3991,6398.5123,6402.3327,6251.49,6399.5218,-136.1227,-2.1271,132052545.0,139761863.7665
000852.SH,20210413,6231.1394,6252.7106,6282.9657,6216.1864,6263.3991,-32.2597,-0.5151,122869979.0,120402625.0575
000852.SH,20210414,6320.0672,6227.2541,6320.5731,6225.5554,6231.1394,88.9278,1.4272,116919813.0,118610597.3907
000852.SH,20210415,6296.6084,6304.7384,6304.7899,6258.9509,6320.0672,-23.4588,-0.3712,118742397.0,117020362.0308
000852.SH,20210416,6368.846,6295.5308,6379.9677,6295.5308,6296.6084,72.2376,1.1472,135266662.0,134720826.7071
000852.SH,20210419,6477.388,6368.8647,6477.4073,6357.4952,6368.846,108.542,1.7043,143642913.0,155002380.9059
000852.SH,20210420,6457.6294,6460.5209,6506.88,6450.3898,6477.388,-19.7586,-0.305,139720478.0,158701516.4767
000852.SH,20210421,6457.7147,6425.3368,6470.9367,6408.0421,6457.6294,0.0853,0.0013,119477084.0,136567826.2369
000852.SH,20210422,6485.2112,6470.4643,6496.444,6463.1401,6457.7147,27.4965,0.4258,118546167.0,139471177.2039
000852.SH,20210423,6453.3025,6478.9317,6478.9317,6425.6632,6485.2112,-31.9087,-0.492,121669107.0,142037770.209
000852.SH,20210426,6431.0888,6467.8755,6527.3268,6427.7577,6453.3025,-22.2137,-0.3442,133406111.0,161805682.2672
000852.SH,20210427,6400.9046,6423.7878,6429.8573,6338.1271,6431.0888,-30.1842,-0.4693,121314356.0,138737723.1446
000852.SH,20210428,6437.2467,6395.0242,6437.2654,6366.0145,6400.9046,36.3421,0.5678,121918028.0,145603699.6283
000852.SH,20210429,6405.1028,6419.0448,6441.8483,6394.3732,6437.2467,-32.1439,-0.4993,120927347.0,146138222.9405
000852.SH,20210430,6382.1364,6389.1706,6397.2654,6348.7953,6405.1028,-22.9664,-0.3586,130027676.0,152175446.82
000852.SH,20210506,6398.4374,6385.319,6420.4164,6347.9854,6382.1364,16.301,0.2554,129283601.0,151692887.238
000852.SH,20210507,6320.2529,6403.9804,6409.346,6320.0747,6398.4374,-78.1845,-1.2219,153125255.0,164129196.921
000852.SH,20210510,6338.5735,6330.1546,6351.4194,6300.861,6320.2529,18.3206,0.2899,150515685.0,161260345.3197
000852.SH,20210511,6343.8627,6303.5767,6354.2358,6239.2628,6338.5735,5.2892,0.0834,149454823.0,157533784.5788
000852.SH,20210512,6420.3372,6321.977,6420.3376,6311.9086,6343.8627,76.4745,1.2055,138850373.0,146828434.6373
000852.SH,20210513,6375.0148,6365.0039,6432.628,6354.2268,6420.3372,-45.3224,-0.7059,153001739.0,160167348.1806
000852.SH,20210514,6462.4764,6395.5089,6462.498,6374.8693,6375.0148,87.4616,1.3719,152664336.0,164857674.9408
000852.SH,20210517,6457.2768,6456.9159,6496.3759,6438.869,6462.4764,-5.1996,-0.0805,146156637.0,166775852.6335
000852.SH,20210518,6486.8215,6451.0695,6486.9153,6431.2377,6457.2768,29.5447,0.4575,129048326.0,148691019.1741
000852.SH,20210519,6488.9489,6470.2919,6500.1195,6455.8228,6486.8215,2.1274,0.0328,133008427.0,153000631.7894
000852.SH,20210520,6482.8358,6455.7243,6505.5176,6445.9687,6488.9489,-6.1131,-0.0942,142946580.0,162941003.0969
000852.SH,20210521,6480.3741,6492.8455,6509.3689,6468.4494,6482.8358,-2.4617,-0.038,130968375.0,147932908.4679
000852.SH,20210524,6537.8571,6480.5531,6537.8602,6471.2169,6480.3741,57.483,0.887,138109498.0,153822853.061
000852.SH,20210525,6615.7141,6542.6796,6617.4322,6532.8985,6537.8571,77.857,1.1909,149127618.0,171576235.151
000852.SH,20210526,6644.751,6618.1809,6666.2116,6609.9142,6615.7141,29.0369,0.4389,155716936.0,176675027.6871
000852.SH,20210527,6705.0451,6636.7675,6706.379,6630.0254,6644.751,60.2941,0.9074,154465323.0,183790791.1
000852.SH,20210528,6694.3457,6709.8875,6735.5503,6669.9187,6705.0451,-10.6994,-0.1596,168672482.0,201076414.9839
000852.SH,20210531,6814.3631,6712.7478,6814.3641,6712.7478,6694.3457,120.0174,1.7928,161891755.0,202848608.3798
000852.SH,20210601,6854.7336,6810.4711,6854.7469,6782.6591,6814.3631,40.3705,0.5924,172711794.0,212099119.0818
000852.SH,20210602,6759.459,6844.8508,6852.6418,6742.0277,6854.7336,-95.2746,-1.3899,171553765.0,208753898.5238
000852.SH,20210603,6754.0697,6754.7785,6824.9837,6729.559,6759.459,-5.3893,-0.0797,163047123.0,192981417.7863
000852.SH,20210604,6785.8035,6725.8173,6803.7765,6718.7624,6754.0697,31.7338,0.4698,159605578.0,192969533.0637
000852.SH,20210607,6861.8502,6811.037,6861.8517,6807.9316,6785.8035,76.0467,1.1207,158871549.0,203918218.9274
000852.SH,20210608,6809.8642,6865.7566,6886.9411,6779.9274,6861.8502,-51.986,-0.7576,167777357.0,210928242.3219
000852.SH,20210609,6823.4073,6807.4806,6834.0368,6783.0054,6809.8642,13.5431,0.1989,159067202.0,189042236.2728
000852.SH,20210610,6898.2061,6817.5854,6903.878,6808.6642,6823.4073,74.7988,1.0962,178116699.0,219424596.2945
000852.SH,20210611,6852.9728,6907.8305,6907.9489,6852.9728,6898.2061,-45.2333,-0.6557,190230799.0,238809079.8271
000852.SH,20210615,6815.1187,6854.8052,6866.1805,6796.8791,6852.9728,-37.8541,-0.5524,163778570.0,214928430.4647
000852.SH,20210616,6673.2446,6808.6338,6810.1976,6668.0398,6815.1187,-141.8741,-2.0818,156086276.0,208080324.0814
000852.SH,20210617,6787.6684,6669.6653,6790.7115,6669.6653,6673.2446,114.4238,1.7147,148476838.0,206785950.8851
000852.SH,20210618,6863.7156,6783.9948,6869.2585,6765.9569,6787.6684,76.0472,1.1204,157958939.0,213850199.5833
000852.SH,20210621,6968.2963,6844.344,6970.6386,6833.3575,6863.7156,104.5807,1.5237,157869004.0,220549422.3252
000852.SH,20210622,7000.2518,6987.5129,7010.6172,6947.8692,6968.2963,31.9555,0.4586,168334055.0,222850112.3453
000852.SH,20210623,7046.1745,6997.4056,7060.4012,6978.7676,7000.2518,45.9227,0.656,162649502.0,222684709.5465
000852.SH,20210624,6974.642,7045.05,7045.05,6969.5457,7046.1745,-71.5325,-1.0152,162062962.0,212191574.1013
000852.SH,20210625,7000.4297,6975.4879,7016.0787,6947.1224,6974.642,25.7877,0.3697,163774032.0,216200622.3436
000852.SH,20210628,7063.4706,7007.4259,7081.0468,7005.9301,7000.4297,63.0409,0.9005,152113850.0,212154422.9223
000852.SH,20210629,7004.3036,7068.4016,7082.0703,6999.7452,7063.4706,-59.167,-0.8376,155950034.0,221964395.0843
000852.SH,20210630,7083.6997,7011.1764,7083.9891,7004.7536,7004.3036,79.3961,1.1335,148620294.0,218687134.3073
000852.SH,20210701,6969.5316,7094.1901,7099.1316,6969.5316,7083.6997,-114.1681,-1.6117,155170164.0,223812255.8527
000852.SH,20210702,6908.9318,6947.4463,6960.4805,6891.474,6969.5316,-60.5998,-0.8695,144228533.0,216582554.6288
000852.SH,20210705,7006.6997,6930.2648,7006.7242,6930.2648,6908.9318,97.7679,1.4151,150762865.0,223489244.3024
000852.SH,20210706,6979.0624,7013.9886,7045.1933,6885.0947,7006.6997,-27.6373,-0.3944,162135485.0,248979386.0271
000852.SH,20210707,7089.6646,6932.9412,7093.0455,6913.5047,6979.0624,110.6022,1.5848,153671393.0,233955803.7738
000852.SH,20210708,7099.4105,7102.6667,7138.757,7082.389,7089.6646,9.7459,0.1375,174040696.0,265134996.1633
000852.SH,20210709,7142.8994,7064.9922,7165.8766,7000.5917,7099.4105,43.4889,0.6126,169401412.0,253401299.9173
000852.SH,20210712,7284.2346,7184.0881,7301.0986,7171.0449,7142.8994,141.3352,1.9787,192465587.0,291238640.1755
000852.SH,20210713,7331.7263,7285.9589,7331.7263,7263.1604,7284.2346,47.4917,0.652,192094228.0,289353537.3368
000852.SH,20210714,7243.8162,7301.6113,7338.3073,7240.9765,7331.7263,-87.9101,-1.199,188693518.0,284232588.9369
000852.SH,20210715,7241.6231,7218.3432,7250.0284,7103.9669,7243.8162,-2.1931,-0.0303,181873511.0,269135630.7436
000852.SH,20210716,7228.3631,7230.8458,7311.4482,7214.0368,7241.6231,-13.26,-0.1831,182770696.0,275657933.9129
000852.SH,20210719,7205.2678,7213.629,7259.0274,7174.1124,7228.3631,-23.0953,-0.3195,177030272.0,263845387.11
000852.SH,20210720,7253.2763,7145.5438,7253.37,7137.888,7205.2678,48.0085,0.6663,163146121.0,235171690.6849
000852.SH,20210721,7398.8084,7285.4095,7416.4741,7285.4095,7253.2763,145.5321,2.0064,190468877.0,283891003.4744
000852.SH,20210722,7446.4812,7405.649,7447.028,7349.1289,7398.8084,47.6728,0.6443,203728649.0,301835554.5576
000852.SH,20210723,7379.7905,7442.6233,7473.1377,7348.3151,7446.4812,-66.6907,-0.8956,219221253.0,317119668.1254
000852.SH,20210726,7286.1475,7368.1328,7395.2744,7140.7299,7379.7905,-93.643,-1.2689,212857936.0,311265253.1704
000852.SH,20210727,7093.8696,7298.3326,7373.0948,7093.8631,7286.1475,-192.2779,-2.639,221926719.0,340951417.1041
000852.SH,20210728,6945.5087,7019.0479,7058.5141,6750.5852,7093.8696,-148.3609,-2.0914,197276061.0,282261771.3875
000852.SH,20210729,7207.4826,7057.8769,7226.5,7057.8769,6945.5087,261.9739,3.7718,182692230.0,284565746.2681
000852.SH,20210730,7262.383,7209.0379,7279.0623,7155.2236,7207.4826,54.9004,0.7617,202917306.0,315095884.1987
000852.SH,20210802,7402.3541,7264.3726,7402.3973,7248.8923,7262.383,139.9711,1.9273,213300146.0,338912944.2817
000852.SH,20210803,7308.9553,7375.2243,7419.3445,7284.1776,7402.3541,-93.3988,-1.2617,209470826.0,318057358.8614
000852.SH,20210804,7478.2072,7295.5705,7478.2072,7295.4508,7308.9553,169.2519,2.3157,186334118.0,297192357.3528
000852.SH,20210805,7447.9394,7454.2802,7494.3309,7402.3849,7478.2072,-30.2678,-0.4047,198831153.0,303102914.2791
000852.SH,20210806,7482.1737,7462.8559,7490.9802,7419.7283,7447.9394,34.2343,0.4596,186015124.0,291705911.0068
000852.SH,20210809,7507.0824,7459.3494,7509.3279,7386.3144,7482.1737,24.9087,0.3329,181108880.0,287557697.4681
000852.SH,20210810,7549.552,7489.1555,7566.7312,7467.0558,7507.0824,42.4696,0.5657,189048528.0,303106788.1387
000852.SH,20210811,7605.9175,7538.8211,7611.645,7498.5787,7549.552,56.3655,0.7466,196350392.0,293467645.3533
000852.SH,20210812,7657.5268,7595.2639,7677.7427,7588.7361,7605.9175,51.6093,0.6785,210250483.0,307992404.1067
000852.SH,20210813,7641.9169,7635.4916,7724.437,7605.8572,7657.5268,-15.6099,-0.2039,208006530.0,310770377.8265
000852.SH,20210816,7568.1374,7628.1579,7633.6582,7546.5384,7641.9169,-73.7795,-0.9655,201569545.0,292491129.7854
000852.SH,20210817,7360.033,7559.2971,7578.4314,7338.0248,7568.1374,-208.1044,-2.7497,207426805.0,283827878.5332
000852.SH,20210818,7405.4856,7352.969,7454.0269,7338.8182,7360.033,45.4526,0.6176,178940546.0,248677524.5241
000852.SH,20210819,7468.7727,7387.442,7511.1899,7330.601,7405.4856,63.2871,0.8546,182890322.0,261439116.6931
000852.SH,20210820,7467.3611,7438.6951,7505.5549,7354.1694,7468.7727,-1.4116,-0.0189,176822352.0,260935227.7064
000852.SH,20210823,7652.5587,7501.4106,7668.8869,7501.4106,7467.3611,185.1976,2.4801,201491657.0,305726382.6332
000852.SH,20210824,7715.0732,7654.189,7737.5973,7614.942,7652.5587,62.5145,0.8169,212658510.0,322685537.1019
000852.SH,20210825,7769.6268,7707.0931,7769.7048,7664.2857,7715.0732,54.5536,0.7071,206398314.0,303214016.0773
000852.SH,20210826,7669.5282,7754.6815,7771.8538,7662.3844,7769.6268,-100.0986,-1.2883,228221412.0,319065759.8608
000852.SH,20210827,7680.0781,7634.9272,7686.336,7584.2786,7669.5282,10.5499,0.1376,212891234.0,302869378.3575
000852.SH,20210830,7727.7454,7701.4204,7792.5174,7687.1463,7680.0781,47.6673,0.6207,236841828.0,350488457.0294
000852.SH,20210831,7728.4217,7714.1707,7728.4217,7636.773,7727.7454,0.6763,0.0088,235455501.0,325712852.0442
000852.SH,20210901,7606.8742,7738.2681,7743.1788,7495.7642,7728.4217,-121.5475,-1.5727,267723537.0,372375967.4381
000852.SH,20210902,7690.8589,7572.0465,7703.7244,7568.0652,7606.8742,83.9847,1.1041,226086526.0,307631326.1606
000852.SH,20210903,7630.8413,7696.4637,7766.4645,7561.2285,7690.8589,-60.0176,-0.7804,267044514.0,357957527.8578
000852.SH,20210906,7735.0996,7625.7443,7735.5516,7552.9478,7630.8413,104.2583,1.3663,227954100.0,314079151.6371
000852.SH,20210907,7878.3488,7735.221,7881.8694,7718.5933,7735.0996,143.2492,1.8519,228559607.0,314304834.649
000852.SH,20210908,7894.2516,7886.269,7911.0175,7854.888,7878.3488,15.9028,0.2019,254321788.0,333805403.3804
000852.SH,20210909,7900.2375,7888.8263,7922.4116,7835.1506,7894.2516,5.9859,0.0758,238201734.0,318584828.2953
000852.SH,20210910,7932.6512,7897.3313,7954.4817,7832.9599,7900.2375,32.4137,0.4103,240016301.0,335009104.2003
000852.SH,20210913,7947.4812,7941.2086,7955.9832,7874.9975,7932.6512,14.83,0.1869,230685196.0,331165025.6719
000852.SH,20210914,7916.896,7927.8945,8042.5163,7895.1824,7947.4812,-30.5852,-0.3848,243225554.0,353788173.9727
000852.SH,20210915,7972.2325,7900.6932,7988.3699,7862.3113,7916.896,55.3365,0.699,213453916.0,315047723.2816
000852.SH,20210916,7754.9469,7974.0826,7993.222,7749.6579,7972.2325,-217.2856,-2.7255,236666551.0,335038218.2989
000852.SH,20210917,7730.2239,7740.559,7786.1863,7575.0786,7754.9469,-24.723,-0.3188,214238032.0,302870263.3834
000852.SH,20210922,7769.0601,7640.472,7774.5051,7633.2787,7730.2239,38.8362,0.5024,182733915.0,252891873.9664
000852.SH,20210923,7806.8018,7818.7256,7850.2414,7792.5921,7769.0601,37.7417,0.4858,212400135.0,294020855.2219
000852.SH,20210924,7695.6176,7799.9245,7806.8145,7685.1061,7806.8018,-111.1842,-1.4242,206463409.0,286416524.8708
000852.SH,20210927,7467.8178,7717.1034,7733.2093,7399.8127,7695.6176,-227.7998,-2.9601,213183646.0,291997510.9236
000852.SH,20210928,7468.7328,7428.4052,7496.3277,7409.3714,7467.8178,0.915,0.0123,158064850.0,220715356.0341
000852.SH,20210929,7199.1794,7409.9607,7413.7976,7199.1111,7468.7328,-269.5534,-3.6091,172550145.0,227988709.79
000852.SH,20210930,7405.4623,7237.5385,7411.2831,7237.5385,7199.1794,206.2829,2.8654,146442233.0,199724657.6036
000852.SH,20211008,7425.6688,7501.2411,7514.2444,7382.015,7405.4623,20.2065,0.2729,159460337.0,220528170.9385
000852.SH,20211011,7384.8436,7441.6243,7442.3502,7346.8586,7425.6688,-40.8252,-0.5498,150601221.0,206333884.1166
000852.SH,20211012,7208.473,7366.1615,7376.7257,7125.5352,7384.8436,-176.3706,-2.3883,156643677.0,210114885.1631
000852.SH,20211013,7289.3627,7213.005,7297.2977,7147.0115,7208.473,80.8897,1.1221,131191523.0,181326973.9993
000852.SH,20211014,7342.2544,7276.5078,7362.4629,7256.9844,7289.3627,52.8917,0.7256,128930725.0,180774917.3603
000852.SH,20211015,7350.4129,7321.5793,7374.3354,7288.2799,7342.2544,8.1585,0.1111,145334937.0,205628057.5977
000852.SH,20211018,7429.6256,7344.5733,7429.6256,7322.697,7350.4129,79.2127,1.0777,144948204.0,210714460.2396
000852.SH,20211019,7504.0545,7420.4762,7506.093,7408.1219,7429.6256,74.4289,1.0018,152408117.0,218453954.4299
000852.SH,20211020,7523.5614,7467.3394,7560.8476,7456.812,7504.0545,19.5069,0.26,155743734.0,233243184.5695
000852.SH,20211021,7503.5343,7520.9275,7548.819,7481.4388,7523.5614,-20.0271,-0.2662,158742478.0,231495317.5008
000852.SH,20211022,7438.4806,7506.8715,7530.5768,7436.1447,7503.5343,-65.0537,-0.867,167656958.0,234923341.4465
000852.SH,20211025,7532.3726,7438.4267,7532.3726,7417.1991,7438.4806,93.892,1.2622,150472175.0,229352708.0703
000852.SH,20211026,7508.6886,7547.751,7583.1259,7492.3915,7532.3726,-23.684,-0.3144,161427463.0,247127097.2351
000852.SH,20211027,7433.5459,7490.6891,7501.5395,7408.5783,7508.6886,-75.1427,-1.0007,162086332.0,237450353.2274
000852.SH,20211028,7267.8506,7395.4877,7422.0984,7253.1052,7433.5459,-165.6953,-2.229,165925078.0,245016892.4554
000852.SH,20211029,7385.3049,7276.5124,7385.4126,7234.4992,7267.8506,117.4543,1.6161,158534550.0,242992419.4909
000852.SH,20211101,7455.6105,7374.4506,7488.4787,7357.6728,7385.3049,70.3056,0.952,172033253.0,261518592.6981
000852.SH,20211102,7368.5999,7462.1317,7501.9645,7301.6496,7455.6105,-87.0106,-1.167,187513416.0,275960322.3748
000852.SH,20211103,7385.1994,7362.1163,7391.0536,7312.2534,7368.5999,16.5995,0.2253,145619008.0,217571923.209
000852.SH,20211104,7483.6923,7402.6595,7483.6923,7402.6595,7385.1994,98.4929,1.3337,161717927.0,250815025.5565
000852.SH,20211105,7389.5866,7476.1384,7488.1194,7388.2001,7483.6923,-94.1057,-1.2575,181677566.0,263997505.3609
000852.SH,20211108,7422.9067,7376.7078,7423.0056,7351.5048,7389.5866,33.3201,0.4509,152051651.0,232399366.1839
000852.SH,20211109,7531.9583,7443.4533,7532.2519,7435.5141,7422.9067,109.0516,1.4691,155570244.0,238368109.8829
000852.SH,20211110,7535.2279,7516.0037,7535.243,7425.2272,7531.9583,3.2696,0.0434,166809268.0,247966822.8051
000852.SH,20211111,7593.7315,7524.163,7601.1986,7515.714,7535.2279,58.5036,0.7764,171153194.0,251993407.4398
000852.SH,20211112,7697.8082,7593.4521,7705.0527,7593.4521,7593.7315,104.0767,1.3706,173746790.0,262031372.104
000852.SH,20211115,7676.4847,7713.8507,7727.0195,7653.7102,7697.8082,-21.3235,-0.277,189553649.0,282613803.5512
000852.SH,20211116,7589.1814,7659.0184,7691.6452,7579.6802,7676.4847,-87.3033,-1.1373,177013065.0,259612341.9234
000852.SH,20211117,7725.0924,7603.3291,7725.0924,7603.3291,7589.1814,135.911,1.7909,174824288.0,252238405.1268
000852.SH,20211118,7714.7966,7724.0343,7765.7426,7686.1382,7725.0924,-10.2958,-0.1333,198504448.0,286034813.0269
000852.SH,20211119,7803.7626,7709.3131,7806.0275,7705.8377,7714.7966,88.966,1.1532,188001126.0,276256499.3256
000852.SH,20211122,7947.3717,7822.9609,7948.0212,7822.9609,7803.7626,143.6091,1.8403,190400270.0,305323561.6418
000852.SH,20211123,7941.5587,7950.2492,7974.5092,7933.2012,7947.3717,-5.813,-0.0731,193422045.0,303524169.4097
000852.SH,20211124,7938.7737,7939.5905,7971.4446,7917.6759,7941.5587,-2.785,-0.0351,188605678.0,289619716.1044
000852.SH,20211125,7925.7602,7937.3958,7959.8407,7919.6584,7938.7737,-13.0135,-0.1639,175838157.0,273718377.9989
000852.SH,20211126,7940.7888,7912.8938,7954.7865,7906.349,7925.7602,15.0286,0.1896,173916847.0,277650502.4111
000852.SH,20211129,7999.8331,7837.3913,7999.9353,7828.9242,7940.7888,59.0443,0.7436,176453409.0,289465062.0178
000852.SH,20211130,8054.2904,8037.2553,8082.8967,7991.1857,7999.8331,54.4573,0.6807,197562643.0,309404450.6837
000852.SH,20211201,8055.8207,8050.8873,8068.3799,8000.8064,8054.2904,1.5303,0.019,189074930.0,288748402.2506
000852.SH,20211202,7968.235,8045.7304,8046.2453,7964.741,8055.8207,-87.5857,-1.0872,184672448.0,273790811.8314
000852.SH,20211203,8023.9634,7973.6204,8034.6871,7952.3736,7968.235,55.7284,0.6994,179063016.0,265004140.729
000852.SH,20211206,7906.7563,8018.4583,8029.8268,7899.9145,8023.9634,-117.2071,-1.4607,191520328.0,274404843.8048
000852.SH,20211207,7781.4416,7937.2268,7948.17,7713.9234,7906.7563,-125.3147,-1.5849,182389995.0,272840125.0674
000852.SH,20211208,7922.5518,7806.3816,7922.5518,7803.4436,7781.4416,141.1102,1.8134,161307050.0,242658250.4068
000852.SH,20211209,7931.7565,7924.5256,7948.0309,7903.6801,7922.5518,9.2047,0.1162,181252221.0,261370673.3509
000852.SH,20211210,7949.1249,7898.6401,7964.3524,7886.1345,7931.7565,17.3684,0.219,173465763.0,257041896.6372
000852.SH,20211213,7984.8993,7963.4817,8000.1106,7936.6224,7949.1249,35.7744,0.45,189522058.0,274566342.037
000852.SH,20211214,7981.8275,7969.6002,7997.1771,7952.7504,7984.8993,-3.0718,-0.0385,193212509.0,277460584.0342
000852.SH,20211215,7955.5813,7982.0987,8019.2956,7942.9406,7981.8275,-26.2462,-0.3288,200207035.0,277025956.3823
000852.SH,20211216,8005.9752,7966.5001,8005.9752,7959.179,7955.5813,50.3939,0.6334,194865198.0,259653986.8577
000852.SH,20211217,7894.1034,7997.4688,7997.4688,7894.1034,8005.9752,-111.8718,-1.3974,202303676.0,264934151.8514
000852.SH,20211220,7751.9508,7873.669,7920.6475,7747.3602,7894.1034,-142.1526,-1.8007,199008302.0,263220863.5856
000852.SH,20211221,7849.0325,7749.8236,7849.0325,7749.8236,7751.9508,97.0817,1.2524,191460577.0,226989097.0676
000852.SH,20211222,7930.8115,7868.2991,7943.242,7854.3573,7849.0325,81.779,1.0419,205942185.0,255276249.4639
000852.SH,20211223,7932.6616,7932.1024,7947.125,7892.8864,7930.8115,1.8501,0.0233,202910623.0,267757755.536
000852.SH,20211224,7776.6064,7940.3784,7940.4346,7771.4179,7932.6616,-156.0552,-1.9672,212132316.0,278501099.5376
000852.SH,20211227,7776.4312,7768.3826,7833.5814,7739.291,7776.6064,-0.1752,-0.0023,175431928.0,232653035.4228
000852.SH,20211228,7863.5299,7794.0256,7863.5299,7783.0984,7776.4312,87.0987,1.12,170744598.0,237637913.0692
000852.SH,20211229,7855.4293,7858.9432,7886.7136,7838.2804,7863.5299,-8.1006,-0.103,172273111.0,244249905.6885
000852.SH,20211230,7924.5275,7863.1748,7949.9552,7861.5396,7855.4293,69.0982,0.8796,178545904.0,250673283.0919
000852.SH,20211231,8010.3235,7946.9446,8016.4036,7946.9446,7924.5275,85.796,1.0827,189602903.0,264776590.5764
000852.SH,20220104,7983.0677,8045.0957,8060.9903,7948.9137,8010.3235,-27.2558,-0.3403,225957706.0,309512979.1611
000852.SH,20220105,7781.6778,7968.7389,7968.9176,7733.5067,7983.0677,-201.3899,-2.5227,218791495.0,299531733.4043
000852.SH,20220106,7844.5166,7743.8624,7863.5489,7721.7784,7781.6778,62.8388,0.8075,192735028.0,259362890.6664
000852.SH,20220107,7682.6973,7841.1337,7867.4898,7681.125,7844.5166,-161.8193,-2.0628,214441281.0,276004630.9823
000852.SH,20220110,7734.1865,7669.045,7756.9704,7624.9336,7682.6973,51.4892,0.6702,183118474.0,243826238.697
000852.SH,20220111,7646.6932,7734.5362,7768.7439,7632.0716,7734.1865,-87.4933,-1.1313,184256677.0,246010054.1722
000852.SH,20220112,7779.5237,7691.845,7779.5237,7682.5524,7646.6932,132.8305,1.7371,179028770.0,249094030.9388
000852.SH,20220113,7644.7873,7781.3108,7781.3108,7644.7873,7779.5237,-134.7364,-1.7319,196718813.0,258476507.6776
000852.SH,20220114,7675.3707,7611.2909,7714.4965,7590.1936,7644.7873,30.5834,0.4001,195437286.0,258256239.4408
000852.SH,20220117,7808.0861,7687.7103,7815.6558,7683.3755,7675.3707,132.7154,1.7291,199048670.0,283638423.2665
000852.SH,20220118,7758.6048,7808.9899,7827.1863,7743.7191,7808.0861,-49.4813,-0.6337,221945152.0,298301903.76
000852.SH,20220119,7665.1848,7728.1576,7745.8112,7617.0571,7758.6048,-93.42,-1.2041,188170844.0,252520833.8353
000852.SH,20220120,7492.6095,7664.1197,7672.7618,7488.8588,7665.1848,-172.5753,-2.2514,199876175.0,262493949.5345
000852.SH,20220121,7388.7443,7474.7553,7493.0205,7384.4037,7492.6095,-103.8652,-1.3862,176628567.0,229180680.7283
000852.SH,20220124,7425.402,7346.3861,7462.5267,7332.9977,7388.7443,36.6577,0.4961,154415827.0,208467434.7805
000852.SH,20220125,7133.0663,7398.7631,7440.5452,7133.0663,7425.402,-292.3357,-3.937,178576999.0,220574271.3529
000852.SH,20220126,7171.0289,7158.5673,7226.6386,7071.4707,7133.0663,37.9626,0.5322,143072475.0,177201522.8354
000852.SH,20220127,6960.1096,7178.5439,7191.4839,6959.4648,7171.0289,-210.9193,-2.9413,146786371.0,176645968.6759
000852.SH,20220128,6973.0104,6996.7679,7071.3194,6861.4739,6960.1096,12.9008,0.1854,138984344.0,170642747.2077
000852.SH,20220207,7061.6204,7080.6116,7102.4202,7037.1567,6973.0104,88.61,1.2708,145506305.0,172407917.1506
000852.SH,20220208,7080.6181,7058.2468,7080.6181,6928.9024,7061.6204,18.9977,0.269,160900402.0,181069632.9517
000852.SH,20220209,7211.4299,7083.4255,7212.7513,7056.6174,7080.6181,130.8118,1.8475,172399731.0,208591945.4883
000852.SH,20220210,7175.6171,7208.5675,7222.1866,7126.0691,7211.4299,-35.8128,-0.4966,165781454.0,197454786.5208
000852.SH,20220211,7033.8514,7140.9296,7151.2352,7024.7932,7175.6171,-141.7657,-1.9757,168615165.0,207661884.8833
000852.SH,20220214,7006.0752,6991.6334,7096.5532,6961.3009,7033.8514,-27.7762,-0.3949,147217812.0,177109077.3719
000852.SH,20220215,7124.8489,7020.1331,7125.0964,6990.4005,7006.0752,118.7737,1.6953,143297601.0,178296061.3416
000852.SH,20220216,7183.1058,7164.2292,7201.0819,7132.0806,7124.8489,58.2569,0.8177,147188972.0,181452903.1196
000852.SH,20220217,7220.6066,7169.7202,7265.0303,7146.592,7183.1058,37.5008,0.5221,165944068.0,211816617.0355
000852.SH,20220218,7251.7923,7174.587,7252.06,7164.2676,7220.6066,31.1857,0.4319,156097027.0,187819463.2196
000852.SH,20220221,7334.5912,7264.4445,7334.9097,7259.755,7251.7923,82.7989,1.1418,169847848.0,209089466.8961
000852.SH,20220222,7279.2355,7310.6572,7310.6572,7212.2734,7334.5912,-55.3557,-0.7547,179502634.0,228319653.2333
000852.SH,20220223,7450.3998,7290.703,7450.3998,7289.7436,7279.2355,171.1643,2.3514,182730485.0,254406852.9424
000852.SH,20220224,7285.1172,7414.4655,7481.1437,7174.7841,7450.3998,-165.2826,-2.2184,255720585.0,330551055.9891
000852.SH,20220225,7361.9573,7346.8536,7435.4011,7344.7761,7285.1172,76.8401,1.0548,177757004.0,239033138.1999
000852.SH,20220228,7419.8306,7370.4315,7419.8306,7291.0757,7361.9573,57.8733,0.7861,167402030.0,227995523.6807
000852.SH,20220301,7429.4432,7433.7457,7454.9024,7379.818,7419.8306,9.6126,0.1296,166187061.0,228666185.1402
000852.SH,20220302,7414.3087,7400.9465,7421.6395,7341.8328,7429.4432,-15.1345,-0.2037,160209921.0,209899647.5086
000852.SH,20220303,7342.6135,7440.9403,7446.4699,7334.2761,7414.3087,-71.6952,-0.967,183181947.0,224684682.7427
000852.SH,20220304,7241.5625,7299.9956,7360.258,7219.6406,7342.6135,-101.051,-1.3762,178438419.0,219627323.0426
000852.SH,20220307,7085.7316,7230.8106,7230.8106,7050.3511,7241.5625,-155.8309,-2.1519,166051775.0,212810973.3747
000852.SH,20220308,6871.2202,7089.5123,7118.506,6824.033,7085.7316,-214.5114,-3.0274,191960627.0,242299631.1856
000852.SH,20220309,6796.0393,6889.5084,6925.5507,6511.9079,6871.2202,-75.1809,-1.0941,213261914.0,251456777.5149
000852.SH,20220310,6952.5204,6946.576,7017.2769,6914.8914,6796.0393,156.4811,2.3025,185354471.0,239213381.233
000852.SH,20220311,6990.7781,6856.874,7001.6024,6778.5927,6952.5204,38.2577,0.5503,180993184.0,229253721.3411
000852.SH,20220314,6800.5947,6938.2241,6972.9054,6800.5947,6990.7781,-190.1834,-2.7205,162662118.0,209426537.9531
000852.SH,20220315,6473.4807,6745.5976,6790.2437,6473.4807,6800.5947,-327.114,-4.8101,195750814.0,232508541.8051
000852.SH,20220316,6692.9664,6586.8229,6704.1802,6330.4053,6473.4807,219.4857,3.3905,197558967.0,246843416.9467
000852.SH,20220317,6818.5448,6777.7384,6934.4932,6768.6051,6692.9664,125.5784,1.8763,205054389.0,273063659.428
000852.SH,20220318,6879.3659,6792.3237,6882.6569,6773.4568,6818.5448,60.8211,0.892,173890405.0,209608678.6362
000852.SH,20220321,6954.4056,6886.0315,6983.5214,6867.3053,6879.3659,75.0397,1.0908,179428388.0,224493452.2909
000852.SH,20220322,6923.4427,6938.9702,6976.3938,6893.6482,6954.4056,-30.9629,-0.4452,178456271.0,214266470.5413
000852.SH,20220323,6966.9526,6938.5127,6989.722,6910.325,6923.4427,43.5099,0.6284,175942212.0,207033471.5881
000852.SH,20220324,6900.8066,6934.1254,6950.7437,6847.1719,6966.9526,-66.146,-0.9494,175917865.0,208970254.4712
000852.SH,20220325,6819.8127,6906.6791,6939.8718,6819.5546,6900.8066,-80.9939,-1.1737,173818597.0,207338041.6161
000852.SH,20220328,6767.2513,6772.4442,6828.3971,6692.9086,6819.8127,-52.5614,-0.7707,168398609.0,191046714.9928
000852.SH,20220329,6725.677,6785.378,6808.8779,6700.4099,6767.2513,-41.5743,-0.6143,166201696.0,194872626.1413
000852.SH,20220330,6864.7486,6750.0048,6864.7486,6734.0734,6725.677,139.0716,2.0678,171325803.0,196283755.3983
000852.SH,20220331,6772.0652,6846.3333,6846.3333,6760.0469,6864.7486,-92.6834,-1.3501,195679084.0,222112491.7296
000852.SH,20220401,6772.6042,6723.2585,6790.7646,6688.701,6772.0652,0.539,0.008,171530586.0,189378818.0086
000852.SH,20220406,6764.2883,6769.7394,6769.7394,6711.304,6772.6042,-8.3159,-0.1228,179932763.0,194867322.3227
000852.SH,20220407,6623.5857,6736.3355,6768.451,6623.5857,6764.2883,-140.7026,-2.0801,188432684.0,200882260.9759
000852.SH,20220408,6575.2832,6635.6927,6644.7641,6496.1835,6623.5857,-48.3025,-0.7293,191574074.0,206608721.1454
000852.SH,20220411,6328.0652,6544.2921,6544.2921,6297.3906,6575.2832,-247.218,-3.7598,204208292.0,213999658.2014
000852.SH,20220412,6414.4186,6314.2162,6414.5006,6259.0516,6328.0652,86.3534,1.3646,193676857.0,196890756.0632
000852.SH,20220413,6286.2509,6381.7827,6388.7023,6286.2509,6414.4186,-128.1677,-1.9981,184434050.0,189187911.5221
000852.SH,20220414,6359.7083,6313.1003,6388.5558,6294.3684,6286.2509,73.4574,1.1685,175754732.0,183660827.0233
000852.SH,20220415,6275.0725,6328.2314,6334.4817,6229.4086,6359.7083,-84.6358,-1.3308,190007521.0,200901915.9298
000852.SH,20220418,6326.0246,6233.4211,6339.1064,6164.4363,6275.0725,50.9521,0.812,158964836.0,166723132.8797
000852.SH,20220419,6345.7861,6324.4186,6379.4262,6304.2523,6326.0246,19.7615,0.3124,150941628.0,166851629.2566
000852.SH,20220420,6234.2514,6347.7995,6351.6358,6208.7928,6345.7861,-111.5347,-1.7576,165357430.0,174579261.3301
000852.SH,20220421,5981.3843,6206.1763,6236.5498,5966.0254,6234.2514,-252.8671,-4.0561,173454906.0,177864921.933
000852.SH,20220422,5891.8083,5937.391,5965.4131,5851.2278,5981.3843,-89.576,-1.4976,144729195.0,151155936.3684
000852.SH,20220425,5431.6079,5776.1798,5776.1798,5431.6079,5891.8083,-460.2004,-7.8109,183166673.0,174524590.8154
000852.SH,20220426,5266.5515,5432.6106,5483.0283,5251.5195,5431.6079,-165.0564,-3.0388,178323322.0,165807825.7982
000852.SH,20220427,5540.7173,5192.5047,5541.1073,5164.7494,5266.5515,274.1658,5.2058,192927271.0,184237856.946
000852.SH,20220428,5493.9075,5501.5232,5578.6172,5425.7711,5540.7173,-46.8098,-0.8448,169714058.0,176020109.3054
000852.SH,20220429,5734.4931,5534.1731,5753.0836,5517.7227,5493.9075,240.5856,4.3791,186660549.0,194308131.7502
000852.SH,20220505,5836.9281,5723.1838,5884.379,5712.0581,5734.4931,102.435,1.7863,168932975.0,179484911.7879
000852.SH,20220506,5764.6919,5690.1412,5812.476,5665.9299,5836.9281,-72.2362,-1.2376,154196363.0,153608753.8055
000852.SH,20220509,5840.8902,5749.9015,5857.7089,5749.9015,5764.6919,76.1983,1.3218,138943474.0,136636743.0051
000852.SH,20220510,5950.6674,5761.8473,5952.7225,5746.7163,5840.8902,109.7772,1.8795,169630054.0,175537619.1007
000852.SH,20220511,6003.0282,5959.789,6147.8584,5959.789,5950.6674,52.3608,0.8799,206311093.0,225487279.2134
000852.SH,20220512,6034.5727,5971.209,6061.1798,5964.829,6003.0282,31.5445,0.5255,166809919.0,171688073.4321
000852.SH,20220513,6071.6673,6058.9991,6079.1592,6001.9133,6034.5727,37.0946,0.6147,154708863.0,156378893.9623
000852.SH,20220516,6082.8819,6110.9935,6154.6976,6057.3246,6071.6673,11.2146,0.1847,158814937.0,162466414.8622
000852.SH,20220517,6118.4572,6079.297,6120.8441,6013.7036,6082.8819,35.5753,0.5848,160980872.0,174362784.4506
000852.SH,20220518,6127.8036,6124.378,6183.4569,6103.6253,6118.4572,9.3464,0.1528,151802570.0,164756082.8205
000852.SH,20220519,6180.1862,6032.7273,6180.1862,6020.4066,6127.8036,52.3826,0.8548,161512314.0,175297021.8434
000852.SH,20220520,6263.4432,6203.9144,6263.4432,6176.1266,6180.1862,83.257,1.3472,167859417.0,187575882.3097
000852.SH,20220523,6343.4672,6284.5988,6345.0006,6267.8318,6263.4432,80.024,1.2776,164866544.0,186473051.0123
000852.SH,20220524,6081.6423,6343.8855,6345.1231,6081.6423,6343.4672,-261.8249,-4.1275,198397600.0,221027385.0774
000852.SH,20220525,6188.2694,6079.9378,6188.2694,6070.9618,6081.6423,106.6271,1.7533,161353725.0,169986108.9565
000852.SH,20220526,6227.0994,6195.2106,6252.556,6095.7539,6188.2694,38.83,0.6275,168440235.0,175940574.556
000852.SH,20220527,6210.0937,6252.3633,6283.7234,6157.8143,6227.0994,-17.0057,-0.2731,170565783.0,177212700.0913
000852.SH,20220530,6282.3554,6231.6352,6282.3554,6171.7356,6210.0937,72.2617,1.1636,159200760.0,169965799.9288
000852.SH,20220531,6353.3468,6283.1598,6356.554,6224.6136,6282.3554,70.9914,1.13,173551180.0,194983645.6161
000852.SH,20220601,6373.3182,6332.3926,6398.3542,6316.5824,6353.3468,19.9714,0.3143,172991852.0,189585194.7241
000852.SH,20220602,6442.9338,6349.5602,6449.9749,6329.0674,6373.3182,69.6156,1.0923,164947433.0,190173332.7986
000852.SH,20220606,6604.9759,6449.546,6612.7985,6449.2408,6442.9338,162.0421,2.515,183176282.0,236744951.5148
000852.SH,20220607,6597.8349,6613.1652,6631.3245,6539.7121,6604.9759,-7.141,-0.1081,187679372.0,226233068.1808
000852.SH,20220608,6608.8922,6594.9158,6660.0918,6474.2258,6597.8349,11.0573,0.1676,196322415.0,235551929.1794
000852.SH,20220609,6490.3753,6591.9201,6591.9201,6453.6521,6608.8922,-118.5169,-1.7933,178041439.0,207132899.0858
000852.SH,20220610,6627.7477,6446.8066,6630.2635,6438.8025,6490.3753,137.3724,2.1166,176920936.0,216472763.7419
000852.SH,20220613,6674.8036,6582.6886,6683.9138,6573.5692,6627.7477,47.0559,0.71,200857241.0,239249879.3504
000852.SH,20220614,6665.253,6607.1159,6665.253,6460.4332,6674.8036,-9.5506,-0.1431,207224045.0,237101198.9497
000852.SH,20220615,6653.7617,6671.0527,6759.376,6653.7617,6665.253,-11.4913,-0.1724,228596635.0,259960615.6052
000852.SH,20220616,6696.7629,6651.2002,6755.6309,6651.2002,6653.7617,43.0012,0.6463,204190710.0,233202108.586
000852.SH,20220617,6774.7375,6652.5391,6782.4896,6643.1024,6696.7629,77.9746,1.1644,195544984.0,241013889.3033
000852.SH,20220620,6848.7548,6787.3407,6874.3763,6783.6193,6774.7375,74.0173,1.0925,202855378.0,261623249.044
000852.SH,20220621,6779.1447,6849.7331,6854.921,6709.3641,6848.7548,-69.6101,-1.0164,196105622.0,242436586.8819
000852.SH,20220622,6691.8118,6781.8655,6811.5475,6688.3923,6779.1447,-87.3329,-1.2883,179497157.0,219574888.485
000852.SH,20220623,6845.4548,6694.2484,6845.4548,6649.9285,6691.8118,153.643,2.296,192680032.0,238813201.7942
000852.SH,20220624,6931.6542,6865.3582,6954.4533,6862.4642,6845.4548,86.1994,1.2592,199532053.0,260609800.8889
000852.SH,20220627,7002.934,6968.1341,7012.1212,6940.5156,6931.6542,71.2798,1.0283,209258643.0,274018808.6586
000852.SH,20220628,7079.7247,7001.2571,7081.2823,6956.2954,7002.934,76.7907,1.0966,214707144.0,272953953.6268
000852.SH,20220629,6900.9926,7061.7915,7075.5173,6900.9926,7079.7247,-178.7321,-2.5246,229280025.0,291483505.808
000852.SH,20220630,6995.5297,6909.7387,7032.6697,6909.7387,6900.9926,94.5371,1.3699,192461610.0,250604924.0144
000852.SH,20220701,6994.5009,6999.677,7039.8504,6967.4839,6995.5297,-1.0288,-0.0147,178054494.0,233832177.5327
000852.SH,20220704,7076.3219,6985.0534,7076.3219,6928.4012,6994.5009,81.821,1.1698,181180357.0,252318362.5486
000852.SH,20220705,7036.002,7081.9016,7098.5729,6950.2368,7076.3219,-40.3199,-0.5698,204398610.0,264570261.8214
000852.SH,20220706,6953.9802,7014.4512,7041.872,6890.9273,7036.002,-82.0218,-1.1657,182114585.0,238627648.649
000852.SH,20220707,7041.8666,6955.5319,7053.4512,6910.0868,6953.9802,87.8864,1.2638,170304242.0,228172329.0646
000852.SH,20220708,7000.785,7067.0328,7084.8969,6990.7406,7041.8666,-41.0816,-0.5834,174515690.0,229822927.6306
000852.SH,20220711,6893.6346,6976.0956,6976.0956,6830.4695,7000.785,-107.1504,-1.5305,174549462.0,222946715.6436
000852.SH,20220712,6779.5552,6891.5793,6911.8035,6779.5552,6893.6346,-114.0794,-1.6549,168057200.0,210812628.1773
000852.SH,20220713,6834.9024,6780.6119,6855.0679,6737.8762,6779.5552,55.3472,0.8164,167268153.0,203183722.3597
000852.SH,20220714,6920.8735,6823.0925,6954.9138,6809.1021,6834.9024,85.9711,1.2578,184064915.0,236000197.1678
000852.SH,20220715,6852.8163,6889.8101,6966.0435,6852.8163,6920.8735,-68.0572,-0.9834,198625735.0,249001066.013
000852.SH,20220718,6953.9319,6868.2993,6953.9319,6839.1318,6852.8163,101.1156,1.4755,182047985.0,234953104.9502
000852.SH,20220719,7009.3239,6956.8634,7033.25,6932.7365,6953.9319,55.392,0.7966,182240492.0,235415924.7019
000852.SH,20220720,7110.1043,7028.7918,7110.1043,7019.5129,7009.3239,100.7804,1.4378,181533719.0,241532114.4673
000852.SH,20220721,7075.2943,7098.2697,7134.2176,7067.1473,7110.1043,-34.81,-0.4896,196769740.0,260583934.9699
000852.SH,20220722,7034.5975,7081.5627,7124.3035,6969.4308,7075.2943,-40.6968,-0.5752,173030973.0,221488794.6664
000852.SH,20220725,6948.9088,7037.7554,7068.3408,6933.8186,7034.5975,-85.6887,-1.2181,162390844.0,210550924.6863
000852.SH,20220726,7027.4189,6949.1898,7031.1124,6901.9321,6948.9088,78.5101,1.1298,147218445.0,194799480.7019
000852.SH,20220727,7099.4335,7018.2244,7109.5393,7005.0698,7027.4189,72.0146,1.0248,152269128.0,206541488.8611
000852.SH,20220728,7150.198,7138.3164,7196.7307,7112.7436,7099.4335,50.7645,0.7151,180354305.0,241095066.3532
000852.SH,20220729,7117.4341,7152.3253,7179.4714,7105.3349,7150.198,-32.7639,-0.4582,176841179.0,231274234.7161
000852.SH,20220801,7180.4544,7100.7119,7180.4544,7055.6067,7117.4341,63.0203,0.8854,162803032.0,228160015.4393
000852.SH,20220802,6957.9819,7098.1829,7098.1829,6872.7542,7180.4544,-222.4725,-3.0983,223088287.0,279667759.2049
000852.SH,20220803,6916.6704,6968.2919,7079.8536,6893.5238,6957.9819,-41.3115,-0.5937,199046301.0,267708334.0739
000852.SH,20220804,6960.3118,6953.9832,6977.3924,6853.6962,6916.6704,43.6414,0.631,157896065.0,210363578.7367
000852.SH,20220805,7090.0027,6975.8897,7096.4347,6961.646,6960.3118,129.6909,1.8633,170848496.0,239898855.818
000852.SH,20220808,7176.105,7082.5358,7176.4835,7062.3669,7090.0027,86.1023,1.2144,158561305.0,232418782.7355
000852.SH,20220809,7207.3961,7168.9596,7207.3961,7131.3362,7176.105,31.2911,0.436,162912878.0,235299436.6847
000852.SH,20220810,7212.0752,7183.1815,7231.4319,7169.8802,7207.3961,4.6791,0.0649,159636618.0,233901774.5237
000852.SH,20220811,7294.4863,7241.7323,7295.8915,7212.3996,7212.0752,82.4111,1.1427,179506207.0,248429232.2863
000852.SH,20220812,7228.8345,7287.651,7311.8938,7228.3421,7294.4863,-65.6518,-0.9,181288905.0,235585532.1287
000852.SH,20220815,7283.5,7218.0913,7296.3373,7215.2042,7228.8345,54.6655,0.7562,169082597.0,224364656.9082
000852.SH,20220816,7324.6198,7290.2408,7356.1096,7280.9231,7283.5,41.1198,0.5646,183674820.0,241350466.8904
000852.SH,20220817,7328.6735,7330.4818,7342.6962,7280.5736,7324.6198,4.0537,0.0553,183612140.0,245094600.7534
000852.SH,20220818,7351.4373,7315.4098,7358.7071,7298.9297,7328.6735,22.7638,0.3106,176377692.0,242504373.6926
000852.SH,20220819,7234.4052,7353.4344,7369.7314,7234.4052,7351.4373,-117.0321,-1.592,190774466.0,256614238.5935
000852.SH,20220822,7288.5766,7214.4808,7289.3086,7170.2037,7234.4052,54.1714,0.7488,172667603.0,232384012.7259
000852.SH,20220823,7306.0209,7275.3834,7310.1297,7267.7859,7288.5766,17.4443,0.2393,171067069.0,228827949.5621
000852.SH,20220824,7039.4103,7312.554,7315.1008,7029.8782,7306.0209,-266.6106,-3.6492,207521602.0,261715052.6455
000852.SH,20220825,7016.3057,7065.3359,7080.7254,6930.8387,7039.4103,-23.1046,-0.3282,174351312.0,214927185.144
000852.SH,20220826,6980.1803,7032.6553,7103.8343,6966.0658,7016.3057,-36.1254,-0.5149,161725036.0,208825351.1149
000852.SH,20220829,7021.3148,6884.7298,7022.7944,6858.431,6980.1803,41.1345,0.5893,153571445.0,190249844.4241
000852.SH,20220830,6976.7218,7018.7227,7025.4635,6943.144,7021.3148,-44.593,-0.6351,153832925.0,190519769.5799
000852.SH,20220831,6750.7429,6954.5087,6966.9915,6738.5243,6976.7218,-225.9789,-3.239,166559930.0,208164754.9089
000852.SH,20220901,6717.1001,6757.0061,6819.6172,6698.8382,6750.7429,-33.6428,-0.4984,136821290.0,167515966.8477
000852.SH,20220902,6776.8268,6731.6726,6801.3496,6695.1043,6717.1001,59.7267,0.8892,128555383.0,162328853.0418
000852.SH,20220905,6791.0921,6774.1928,6831.2212,6739.1353,6776.8268,14.2653,0.2105,131911039.0,161721445.3318
000852.SH,20220906,6919.6464,6808.8744,6919.6464,6780.437,6791.0921,128.5543,1.893,144344325.0,183761283.7077
000852.SH,20220907,6963.5196,6894.7141,6989.7548,6882.5945,6919.6464,43.8732,0.634,142998350.0,186886081.899
000852.SH,20220908,6897.0996,6965.562,6975.1324,6889.863,6963.5196,-66.42,-0.9538,133014603.0,165823754.3634
000852.SH,20220909,6913.579,6908.7126,6918.2042,6848.2697,6897.0996,16.4794,0.2389,130940777.0,158316315.5053
000852.SH,20220913,6904.0775,6935.5905,6957.3526,6886.3606,6913.579,-9.5015,-0.1374,125982583.0,156495592.9359
000852.SH,20220914,6829.5579,6800.927,6851.0935,6783.1881,6904.0775,-74.5196,-1.0794,121309407.0,150215220.6402
000852.SH,20220915,6619.1888,6859.2486,6866.5538,6543.1991,6829.5579,-210.3691,-3.0803,160634562.0,196010799.8363
000852.SH,20220916,6481.2442,6599.2703,6632.5598,6480.0965,6619.1888,-137.9446,-2.084,135704169.0,160257556.4655
000852.SH,20220919,6399.8014,6468.3945,6504.7515,6364.0725,6481.2442,-81.4428,-1.2566,107934181.0,130349058.1992
000852.SH,20220920,6482.1313,6441.0957,6536.4244,6436.7608,6399.8014,82.3299,1.2864,99898034.0,126916550.6472
000852.SH,20220921,6480.6023,6461.2491,6506.0617,6378.6339,6482.1313,-1.529,-0.0236,105600093.0,122346817.4244
000852.SH,20220922,6487.2748,6438.2859,6554.2989,6429.4954,6480.6023,6.6725,0.103,105146988.0,129139062.1155
000852.SH,20220923,6363.6835,6486.7864,6504.0334,6306.9619,6487.2748,-123.5913,-1.9051,111965685.0,136013846.9978
000852.SH,20220926,6283.5925,6318.2988,6404.0148,6274.3391,6363.6835,-80.091,-1.2586,110453493.0,129054876.6144
000852.SH,20220927,6409.776,6302.8876,6409.776,6287.7747,6283.5925,126.1835,2.0081,106033494.0,133034781.2378
000852.SH,20220928,6211.1091,6397.8366,6401.8407,6211.1091,6409.776,-198.6669,-3.0994,104960077.0,128903902.4121
000852.SH,20220929,6228.7788,6270.9062,6307.782,6192.7715,6211.1091,17.6697,0.2845,105730744.0,127446447.1387
000852.SH,20220930,6124.8639,6221.8314,6241.9587,6123.9884,6228.7788,-103.9149,-1.6683,92564600.0,113064814.0857
000852.SH,20221010,5984.5008,6136.7118,6154.0634,5964.6212,6124.8639,-140.3631,-2.2917,102448137.0,122828919.8671
000852.SH,20221011,6017.7194,5994.7629,6044.2849,5939.068,5984.5008,33.2186,0.5551,94238001.0,111536274.5737
000852.SH,20221012,6192.6534,6017.6748,6192.6534,5918.0208,6017.7194,174.934,2.907,120053053.0,146042371.6981
000852.SH,20221013,6252.2225,6162.7051,6311.5061,6146.4041,6192.6534,59.5691,0.9619,128700906.0,157054880.0401
000852.SH,20221014,6406.4573,6296.3513,6427.4688,6286.6716,6252.2225,154.2348,2.4669,141802026.0,181411953.8289
000852.SH,20221017,6472.4511,6380.2072,6476.398,6370.1483,6406.4573,65.9938,1.0301,132444628.0,171128918.4058
000852.SH,20221018,6508.5038,6490.5965,6551.7957,6447.7781,6472.4511,36.0527,0.557,129920946.0,172917916.3178
000852.SH,20221019,6461.1462,6492.5996,6533.5657,6460.7004,6508.5038,-47.3576,-0.7276,124647381.0,165890298.1248
000852.SH,20221020,6429.7042,6431.9859,6525.7988,6342.1537,6461.1462,-31.442,-0.4866,133524986.0,176048476.2455
000852.SH,20221021,6432.3255,6433.3269,6469.0937,6387.7658,6429.7042,2.6213,0.0408,119879781.0,151129742.8145
000852.SH,20221024,6378.4323,6448.8658,6554.3689,6335.0726,6432.3255,-53.8932,-0.8378,141357126.0,180064469.8201
000852.SH,20221025,6355.7784,6346.1531,6411.1661,6248.8387,6378.4323,-22.6539,-0.3552,129321410.0,165200236.8978
000852.SH,20221026,6491.6916,6358.06,6548.6179,6348.9902,6355.7784,135.9132,2.1384,150663892.0,200200044.2409
000852.SH,20221027,6461.6098,6497.5197,6544.4165,6459.9232,6491.6916,-30.0818,-0.4634,146773822.0,196363432.0049
000852.SH,20221028,6239.9316,6412.6125,6446.6048,6216.2738,6461.6098,-221.6782,-3.4307,156120495.0,197514525.5278
000852.SH,20221031,6292.6191,6201.7469,6349.1178,6201.2834,6239.9316,52.6875,0.8444,145874788.0,187134463.2523
000852.SH,20221101,6439.8223,6299.0263,6440.9161,6277.6156,6292.6191,147.2032,2.3393,152262990.0,199551407.2286
000852.SH,20221102,6524.5136,6434.9504,6557.0101,6424.66,6439.8223,84.6913,1.3151,162568563.0,216303778.3099
000852.SH,20221103,6566.8413,6467.2272,6576.3721,6461.2962,6524.5136,42.3277,0.6487,141513704.0,199422978.7114
000852.SH,20221104,6709.6446,6569.1853,6719.5131,6568.7819,6566.8413,142.8033,2.1746,165062434.0,230118260.5883
000852.SH,20221107,6713.6375,6713.7308,6749.7555,6660.9788,6709.6446,3.9929,0.0595,160254947.0,220210872.29
000852.SH,20221108,6694.9562,6707.0126,6708.0803,6647.4424,6713.6375,-18.6813,-0.2783,135471787.0,180763670.6725
000852.SH,20221109,6676.0079,6694.4043,6736.6711,6664.3706,6694.9562,-18.9483,-0.283,126564565.0,164404506.9993
000852.SH,20221110,6603.3086,6638.5161,6663.1129,6583.8648,6676.0079,-72.6993,-1.089,142137645.0,183303850.0895
000852.SH,20221111,6643.4817,6749.0665,6776.742,6641.7631,6603.3086,40.1731,0.6084,191648966.0,237140698.5602
000852.SH,20221114,6599.6655,6639.0229,6688.006,6570.4905,6643.4817,-43.8162,-0.6595,174303985.0,212896585.3256
000852.SH,20221115,6752.5127,6593.6277,6752.5127,6576.8748,6599.6655,152.8472,2.316,170939160.0,221716230.4035
000852.SH,20221116,6702.041,6749.9594,6775.3822,6687.3165,6752.5127,-50.4717,-0.7475,155021163.0,195240529.6647
000852.SH,20221117,6714.5035,6685.9431,6714.5035,6629.8971,6702.041,12.4625,0.186,159191253.0,198847162.6475
000852.SH,20221118,6658.4005,6711.894,6752.8371,6650.7424,6714.5035,-56.103,-0.8355,168105221.0,215157473.5309
000852.SH,20221121,6689.3254,6622.603,6689.3254,6585.2786,6658.4005,30.9249,0.4644,137155265.0,179567680.6228
000852.SH,20221122,6583.2332,6682.0525,6692.2397,6556.3362,6689.3254,-106.0922,-1.586,150853226.0,191781768.7735
000852.SH,20221123,6567.9934,6572.1648,6592.3046,6451.9553,6583.2332,-15.2398,-0.2315,144366228.0,179521416.6972
000852.SH,20221124,6586.8576,6573.4721,6611.795,6553.9562,6567.9934,18.8642,0.2872,126197332.0,159909378.8766
000852.SH,20221125,6512.1619,6573.0193,6573.0193,6508.5162,6586.8576,-74.6957,-1.134,124579396.0,149034248.9524
000852.SH,20221128,6492.712,6426.9307,6494.9809,6412.0319,6512.1619,-19.4499,-0.2987,129881780.0,152031616.6621
000852.SH,20221129,6594.3225,6505.8964,6607.4569,6505.8964,6492.712,101.6105,1.565,157448301.0,180031860.4965
000852.SH,20221130,6590.3067,6591.6776,6619.2702,6561.2745,6594.3225,-4.0158,-0.0609,155403136.0,178510447.6184
000852.SH,20221201,6658.4265,6645.4672,6691.5091,6639.6319,6590.3067,68.1198,1.0336,162150678.0,199785991.9398
000852.SH,20221202,6680.5415,6644.442,6721.6914,6637.1599,6658.4265,22.115,0.3321,149424028.0,179613917.6311
000852.SH,20221205,6714.367,6710.7253,6723.5658,6675.6024,6680.5415,33.8255,0.5063,178915025.0,206225540.0211
000852.SH,20221206,6703.5524,6690.9198,6731.0664,6667.0022,6714.367,-10.8146,-0.1611,154810114.0,191497741.6861
000852.SH,20221207,6705.2873,6684.6082,6732.258,6677.5196,6703.5524,1.7349,0.0259,155989281.0,188674730.7274
000852.SH,20221208,6662.3441,6694.8441,6699.2974,6648.3468,6705.2873,-42.9432,-0.6404,148611632.0,176772060.3014
000852.SH,20221209,6680.3752,6661.8985,6684.1491,6626.9358,6662.3441,18.0311,0.2706,160349164.0,201813642.7912
000852.SH,20221212,6655.6737,6669.1657,6680.6112,6626.8725,6680.3752,-24.7015,-0.3698,153653068.0,186669163.1088
000852.SH,20221213,6593.6675,6654.6703,6654.7491,6586.8681,6655.6737,-62.0062,-0.9316,149692723.0,176834414.923
000852.SH,20221214,6570.0183,6600.4068,6626.6992,6556.8083,6593.6675,-23.6492,-0.3587,139664931.0,167786593.3177
000852.SH,20221215,6597.5505,6557.9042,6605.7032,6544.9992,6570.0183,27.5322,0.4191,128850544.0,160225836.0047
000852.SH,20221216,6519.4361,6569.0571,6581.9337,6504.054,6597.5505,-78.1144,-1.184,134434849.0,161172961.0557
000852.SH,20221219,6390.77,6518.3822,6537.1353,6367.4459,6519.4361,-128.6661,-1.9736,135485972.0,156179605.225
000852.SH,20221220,6341.5833,6380.2153,6389.0539,6321.1408,6390.77,-49.1867,-0.7697,110008606.0,131077432.5724
000852.SH,20221221,6289.1361,6341.2154,6344.6554,6255.3488,6341.5833,-52.4472,-0.827,102729735.0,122909095.3349
000852.SH,20221222,6186.9277,6314.553,6319.5743,6171.1799,6289.1361,-102.2084,-1.6252,113245456.0,131875231.6167
000852.SH,20221223,6160.7451,6154.6586,6197.2379,6120.9443,6186.9277,-26.1826,-0.4232,97094729.0,116283463.6484
000852.SH,20221226,6275.5244,6161.9366,6276.1107,6161.9366,6160.7451,114.7793,1.8631,100031210.0,125237422.9191
000852.SH,20221227,6325.6279,6288.6065,6328.3589,6256.042,6275.5244,50.1035,0.7984,109270500.0,136753468.4291
000852.SH,20221228,6268.4658,6304.5897,6306.9491,6251.3018,6325.6279,-57.1621,-0.9037,105263874.0,125061546.6209
000852.SH,20221229,6261.8292,6253.7945,6322.246,6245.229,6268.4658,-6.6366,-0.1059,102382211.0,121083655.9527
000852.SH,20221230,6281.6209,6283.4999,6296.2444,6262.6,6261.8292,19.7917,0.3161,97146496.0,116528198.8866
000852.SH,20230103,6423.7013,6286.8142,6433.7855,6275.6881,6281.6209,142.0804,2.2618,133181680.0,160707712.589
000852.SH,20230104,6421.2767,6423.4296,6445.6191,6385.0033,6423.7013,-2.4246,-0.0377,131040093.0,156632578.0403
000852.SH,20230105,6485.4688,6427.4547,6489.989,6413.75,6421.2767,64.1921,0.9997,121661526.0,155822047.7211
000852.SH,20230106,6500.3203,6482.883,6539.7586,6478.6263,6485.4688,14.8515,0.229,129383997.0,165796221.2771
000852.SH,20230109,6535.7493,6523.1367,6559.4607,6517.5746,6500.3203,35.429,0.545,122047871.0,162944069.6057
000852.SH,20230110,6540.2008,6541.8195,6546.5415,6505.0979,6535.7493,4.4515,0.0681,111628121.0,146634283.7259
000852.SH,20230111,6486.9049,6544.5669,6562.351,6480.945,6540.2008,-53.2959,-0.8149,112882942.0,147472868.6247
000852.SH,20230112,6489.5702,6495.1598,6529.8127,6469.4774,6486.9049,2.6653,0.0411,104937470.0,134846593.0053
000852.SH,20230113,6517.5132,6505.2372,6517.5132,6475.6566,6489.5702,27.943,0.4306,110761936.0,138907307.0004
000852.SH,20230116,6591.8056,6521.4536,6628.7303,6521.4536,6517.5132,74.2924,1.1399,141070888.0,175416637.4981
000852.SH,20230117,6597.4946,6600.2506,6622.3179,6573.2817,6591.8056,5.689,0.0863,108421111.0,139660962.0135
000852.SH,20230118,6613.005,6613.7424,6635.8547,6593.3716,6597.4946,15.5104,0.2351,105834674.0,125976031.1431
000852.SH,20230119,6676.0803,6605.448,6678.1792,6590.4188,6613.005,63.0753,0.9538,107589560.0,135675334.8232
000852.SH,20230120,6736.8515,6690.1434,6740.1299,6690.1434,6676.0803,60.7712,0.9103,122762682.0,154872288.6674
000852.SH,20230130,6786.453,6815.1394,6839.8425,6780.3729,6736.8515,49.6015,0.7363,170769332.0,211140043.9414
000852.SH,20230131,6805.2756,6763.3994,6820.1422,6758.9024,6786.453,18.8226,0.2774,147712346.0,180790076.2749
000852.SH,20230201,6916.7204,6815.0569,6916.7257,6812.7858,6805.2756,111.4448,1.6376,169651661.0,208871365.5973
000852.SH,20230202,6933.2257,6926.5792,6969.7877,6908.6973,6916.7204,16.5053,0.2386,167133986.0,212328053.4071
000852.SH,20230203,6925.076,6922.7904,6934.3247,6829.3987,6933.2257,-8.1497,-0.1175,157558880.0,194152771.3934
000852.SH,20230206,6891.413,6902.4919,6928.2811,6853.9114,6925.076,-33.663,-0.4861,146059027.0,182865349.0584
000852.SH,20230207,6924.3213,6900.2322,6924.4191,6864.2057,6891.413,32.9083,0.4775,150108752.0,187069724.9441
000852.SH,20230208,6877.7247,6927.3303,6932.9905,6873.5989,6924.3213,-46.5966,-0.6729,138510731.0,173815150.5049
000852.SH,20230209,6999.1821,6864.0266,6999.1821,6850.5692,6877.7247,121.4574,1.766,149147697.0,194994550.2674
000852.SH,20230210,6975.3945,6991.2341,7015.2486,6926.4825,6999.1821,-23.7876,-0.3399,152432051.0,189923379.5111
000852.SH,20230213,7052.1766,6976.3304,7052.596,6973.4081,6975.3945,76.7821,1.1008,160848480.0,207706779.9754
000852.SH,20230214,7061.449,7064.5292,7070.3347,7028.7851,7052.1766,9.2724,0.1315,151786438.0,199029649.6004
000852.SH,20230215,7063.6048,7062.3616,7076.8682,7038.9856,7061.449,2.1558,0.0305,159779328.0,207038398.2596
000852.SH,20230216,6925.2034,7063.9265,7098.9176,6878.3483,7063.6048,-138.4014,-1.9594,217381617.0,263155308.2699
000852.SH,20230217,6868.5477,6931.9932,6954.8464,6861.3048,6925.2034,-56.6557,-0.8181,172656902.0,203845829.2448
000852.SH,20230220,6959.3609,6871.8624,6959.7514,6825.8738,6868.5477,90.8132,1.3222,165614379.0,196438661.9783
000852.SH,20230221,6990.4751,6969.3549,7008.5464,6939.5929,6959.3609,31.1142,0.4471,171690946.0,203386321.2395
000852.SH,20230222,6998.4298,6961.1504,7014.5615,6947.1167,6990.4751,7.9547,0.1138,144601016.0,175966912.6445
000852.SH,20230223,6966.7866,6997.7826,7008.6785,6929.6117,6998.4298,-31.6432,-0.4521,141862467.0,172438837.8448
000852.SH,20230224,6944.824,6971.6486,6983.1603,6906.6857,6966.7866,-21.9626,-0.3152,121078826.0,151978026.5824
000852.SH,20230227,6894.2959,6928.0344,6950.8831,6876.2536,6944.824,-50.5281,-0.7276,129300939.0,162346177.1985
000852.SH,20230228,6955.5737,6911.3624,6955.5737,6874.9253,6894.2959,61.2778,0.8888,131036025.0,164461396.6664
000852.SH,20230301,7002.7711,6955.4817,7002.7711,6932.7567,6955.5737,47.1974,0.6786,155908555.0,194162937.4287
000852.SH,20230302,6972.3062,6999.2322,7021.1088,6963.0554,7002.7711,-30.4649,-0.435,166505708.0,202422136.3418
000852.SH,20230303,6967.94,6970.2132,6997.4245,6921.2669,6972.3062,-4.3662,-0.0626,154598247.0,184879618.9345
000852.SH,20230306,6997.0444,6973.5226,7004.7097,6933.9929,6967.94,29.1044,0.4177,150317134.0,194154258.0479
000852.SH,20230307,6855.3435,6991.5594,6993.1771,6855.3435,6997.0444,-141.7009,-2.0252,159757780.0,189478401.7703
000852.SH,20230308,6891.4556,6838.6286,6894.3639,6832.0372,6855.3435,36.1121,0.5268,121280600.0,152705779.612
000852.SH,20230309,6892.8565,6898.2397,6911.5384,6851.9088,6891.4556,1.4009,0.0203,126671261.0,155909335.2052
000852.SH,20230310,6798.2987,6854.4101,6864.9351,6795.2231,6892.8565,-94.5578,-1.3718,140338591.0,170506323.9476
000852.SH,20230313,6832.621,6780.0226,6832.621,6750.2188,6798.2987,34.3223,0.5049,141191187.0,176170851.055
000852.SH,20230314,6769.8491,6824.2481,6824.2481,6690.0864,6832.621,-62.7719,-0.9187,156336435.0,197124650.9473
000852.SH,20230315,6803.4738,6797.8207,6844.9657,6794.408,6769.8491,33.6247,0.4967,139147010.0,171749343.2486
000852.SH,20230316,6689.7826,6769.6067,6777.9062,6677.6809,6803.4738,-113.6912,-1.6711,141881845.0,175508119.0563
000852.SH,20230317,6736.3672,6726.9574,6781.9456,6717.144,6689.7826,46.5846,0.6964,161535345.0,204155942.1066
000852.SH,20230320,6721.4545,6745.9524,6760.9101,6694.5219,6736.3672,-14.9127,-0.2214,175313441.0,230174336.0446
000852.SH,20230321,6809.3913,6726.798,6810.2876,6725.8348,6721.4545,87.9368,1.3083,146584935.0,195253243.6616
000852.SH,20230322,6840.3262,6830.1938,6845.7609,6810.7648,6809.3913,30.9349,0.4543,160318267.0,211699058.0825
000852.SH,20230323,6868.8345,6827.6761,6869.1755,6809.8508,6840.3262,28.5083,0.4168,165448056.0,224978318.7202
000852.SH,20230324,6867.9521,6874.5382,6880.1948,6840.7504,6868.8345,-0.8824,-0.0128,181680229.0,240207097.9745
000852.SH,20230327,6886.6891,6874.3859,6900.6329,6830.945,6867.9521,18.737,0.2728,195064403.0,270611684.1855
000852.SH,20230328,6825.3831,6881.1088,6884.5434,6816.4473,6886.6891,-61.306,-0.8902,170468837.0,236725308.5022
000852.SH,20230329,6806.2811,6825.1294,6839.899,6785.1494,6825.3831,-19.102,-0.2799,160806595.0,220165772.6511
000852.SH,20230330,6807.6446,6802.0708,6814.6894,6751.6924,6806.2811,1.3635,0.02,146175756.0,195037119.3515
000852.SH,20230331,6875.8083,6806.6085,6878.3186,6801.9431,6807.6446,68.1637,1.0013,151581950.0,202602542.866
000852.SH,20230403,6962.2048,6878.0889,6966.6926,6878.0889,6875.8083,86.3965,1.2565,194554477.0,274916847.2667
000852.SH,20230404,6953.3625,6960.906,6966.993,6918.1327,6962.2048,-8.8423,-0.127,213211962.0,306141970.1892
000852.SH,20230406,6983.0265,6926.1884,6988.3749,6921.6618,6953.3625,29.664,0.4266,191009494.0,281226984.7097
000852.SH,20230407,7042.8904,6987.007,7043.222,6978.3481,6983.0265,59.8639,0.8573,167437320.0,242608190.8604
000852.SH,20230410,6968.5725,7050.2353,7052.7405,6950.7705,7042.8904,-74.3179,-1.0552,181007868.0,265199179.4411
000852.SH,20230411,6984.1419,6967.0298,6986.4426,6937.0196,6968.5725,15.5694,0.2234,162793965.0,228357143.4867
000852.SH,20230412,7021.0163,6989.693,7027.8398,6979.278,6984.1419,36.8744,0.528,180300938.0,252639249.6404
000852.SH,20230413,6966.8182,7011.6577,7029.104,6956.6755,7021.0163,-54.1981,-0.7719,182936746.0,253331499.9059
000852.SH,20230414,7020.0943,6978.5923,7026.121,6942.5691,6966.8182,53.2761,0.7647,174751802.0,249159555.5789
000852.SH,20230417,7012.773,7009.4682,7030.2397,6989.6971,7020.0943,-7.3213,-0.1043,173463101.0,235338063.5479
000852.SH,20230418,6997.0715,7002.2564,7014.3848,6961.5056,7012.773,-15.7015,-0.2239,160278095.0,221281575.13
000852.SH,20230419,6965.5757,6988.6549,7011.9309,6955.3609,6997.0715,-31.4958,-0.4501,168968117.0,237689578.6664
000852.SH,20230420,6963.8986,6956.3653,6963.8986,6911.9811,6965.5757,-1.6771,-0.0241,174240785.0,249390407.7968
000852.SH,20230421,6773.5121,6954.0985,6963.0768,6773.5121,6963.8986,-190.3865,-2.7339,193177324.0,266671875.8979
000852.SH,20230424,6725.2706,6766.5182,6771.6524,6692.2243,6773.5121,-48.2415,-0.7122,172365639.0,233604520.1188
000852.SH,20230425,6603.2389,6708.2779,6711.5677,6517.2733,6725.2706,-122.0317,-1.8145,194399820.0,247485613.3897
000852.SH,20230426,6624.4004,6577.3592,6667.4287,6573.8778,6603.2389,21.1615,0.3205,184561745.0,254123867.6201
000852.SH,20230427,6633.4926,6597.7306,6672.219,6593.3841,6624.4004,9.0922,0.1373,174202091.0,232047938.5599
000852.SH,20230428,6723.3045,6617.3249,6724.5733,6617.3249,6633.4926,89.8119,1.3539,189027616.0,241929257.7391
000852.SH,20230504,6733.9694,6701.4906,6738.4431,6698.6416,6723.3045,10.6649,0.1586,202137047.0,252755421.9735
000852.SH,20230505,6653.6532,6723.1596,6723.9795,6612.7412,6733.9694,-80.3162,-1.1927,185876962.0,232757192.5669
000852.SH,20230508,6702.4999,6660.9166,6714.3891,6660.9166,6653.6532,48.8467,0.7341,204204619.0,239780230.2421
000852.SH,20230509,6611.6367,6696.6682,6705.7377,6610.567,6702.4999,-90.8632,-1.3557,217518238.0,256339239.6088
000852.SH,20230510,6627.3114,6599.7879,6648.0377,6576.3994,6611.6367,15.6747,0.2371,172301277.0,212227315.4875
000852.SH,20230511,6622.5211,6634.164,6653.3824,6618.1927,6627.3114,-4.7903,-0.0723,155805155.0,192273319.3265
000852.SH,20230512,6535.9439,6608.8276,6630.5588,6535.1101,6622.5211,-86.5772,-1.3073,153329115.0,183608124.2486
000852.SH,20230515,6585.9102,6537.3967,6585.9102,6466.4489,6535.9439,49.9663,0.7645,161126819.0,191863235.5462
000852.SH,20230516,6516.2886,6586.7176,6586.7176,6501.3067,6585.9102,-69.6216,-1.0571,142434107.0,178199462.1792
000852.SH,20230517,6554.9802,6500.4383,6555.7688,6497.3788,6516.2886,38.6916,0.5938,125778063.0,156078814.5746
000852.SH,20230518,6583.7382,6557.3701,6595.4909,6554.0805,6554.9802,28.758,0.4387,144368801.0,186333515.7946
000852.SH,20230519,6602.3174,6571.0867,6621.4262,6545.0847,6583.7382,18.5792,0.2822,135432989.0,179071786.3255
000852.SH,20230522,6595.9844,6589.351,6608.8834,6556.7401,6602.3174,-6.333,-0.0959,131198543.0,163204580.648
000852.SH,20230523,6528.4533,6591.557,6600.8024,6528.4533,6595.9844,-67.5311,-1.0238,128595517.0,158376852.8844
000852.SH,20230524,6513.1817,6507.0598,6564.513,6476.6892,6528.4533,-15.2716,-0.2339,125855093.0,163476977.0701
000852.SH,20230525,6501.0001,6502.2302,6541.3883,6424.4469,6513.1817,-12.1816,-0.187,135834643.0,175437754.9983
000852.SH,20230526,6546.4083,6495.3476,6558.1085,6451.7266,6501.0001,45.4082,0.6985,126275617.0,170164842.111
000852.SH,20230529,6534.1166,6560.1612,6579.1509,6518.0312,6546.4083,-12.2917,-0.1878,152482657.0,204321522.0521
000852.SH,20230530,6564.4686,6517.7067,6565.4766,6461.0928,6534.1166,30.352,0.4645,151317651.0,193152158.1025
000852.SH,20230531,6561.6487,6556.5156,6581.9341,6523.2732,6564.4686,-2.8199,-0.043,142968364.0,197141081.4749
000852.SH,20230601,6574.7576,6539.2594,6616.5268,6515.0228,6561.6487,13.1089,0.1998,153962339.0,208776080.1944
000852.SH,20230602,6626.2794,6585.7295,6640.5298,6585.7295,6574.7576,51.5218,0.7836,149263604.0,198301484.1922
000852.SH,20230605,6632.9556,6631.2217,6647.2037,6609.0166,6626.2794,6.6762,0.1008,137150594.0,186650947.9042
000852.SH,20230606,6489.8113,6625.0863,6625.0863,6475.2594,6632.9556,-143.1443,-2.1581,151757959.0,198453126.0889
000852.SH,20230607,6488.5574,6487.1964,6517.3187,6467.3044,6489.8113,-1.2539,-0.0193,131404709.0,169239132.0873
000852.SH,20230608,6442.4819,6477.9401,6478.3166,6399.7824,6488.5574,-46.0755,-0.7101,135583070.0,172327155.1185
000852.SH,20230609,6495.5639,6446.6202,6500.4469,6427.919,6442.4819,53.082,0.8239,151977579.0,202023488.6544
000852.SH,20230612,6530.1606,6488.1996,6549.7845,6474.8627,6495.5639,34.5967,0.5326,145153220.0,197419702.8431
000852.SH,20230613,6554.9567,6525.0477,6561.0211,6519.9667,6530.1606,24.7961,0.3797,145636301.0,206066233.1383
000852.SH,20230614,6578.1228,6556.0322,6591.6938,6547.4861,6554.9567,23.1661,0.3534,149195931.0,212483094.306
000852.SH,20230615,6613.9549,6579.4618,6618.6241,6568.6105,6578.1228,35.8321,0.5447,147955427.0,220050814.7558
000852.SH,20230616,6669.0051,6613.1045,6674.6219,6602.0393,6613.9549,55.0502,0.8323,155708689.0,223131327.3426
000852.SH,20230619,6693.299,6674.1185,6707.2268,6673.8122,6669.0051,24.2939,0.3643,168025755.0,246819992.645
000852.SH,20230620,6693.9147,6683.9242,6717.7127,6671.9896,6693.299,0.6157,0.0092,158860653.0,240661461.4669
000852.SH,20230621,6548.4066,6679.1478,6681.5664,6548.4066,6693.9147,-145.5081,-2.1737,153983944.0,226296807.5306
000852.SH,20230626,6420.9726,6504.9705,6535.492,6404.0444,6548.4066,-127.434,-1.946,154732688.0,209607215.406
000852.SH,20230627,6507.2728,6425.8427,6518.9827,6424.3317,6420.9726,86.3002,1.344,135607119.0,178812817.5494
000852.SH,20230628,6475.505,6504.4987,6505.4702,6367.3527,6507.2728,-31.7678,-0.4882,145808385.0,192407496.6616
000852.SH,20230629,6520.0393,6465.0955,6542.2764,6462.0679,6475.505,44.5343,0.6877,135252145.0,186518747.5029
000852.SH,20230630,6602.0372,6507.5038,6615.9736,6500.8607,6520.0393,81.9979,1.2576,144498924.0,203403995.419
000852.SH,20230703,6612.8844,6617.0761,6640.3394,6571.8428,6602.0372,10.8472,0.1643,160977356.0,225625497.6599
000852.SH,20230704,6638.4471,6610.6637,6639.8164,6599.6,6612.8844,25.5627,0.3866,139742795.0,203584274.3087
000852.SH,20230705,6584.4232,6632.3668,6642.5486,6575.73,6638.4471,-54.0239,-0.8138,133052280.0,184778773.1632
000852.SH,20230706,6567.0789,6573.5756,6619.2917,6558.8851,6584.4232,-17.3443,-0.2634,124077268.0,173721970.8714
000852.SH,20230707,6521.4265,6553.5581,6558.1084,6486.1147,6567.0789,-45.6524,-0.6952,123599541.0,164996211.4388
000852.SH,20230710,6526.8519,6539.0792,6556.154,6501.7461,6521.4265,5.4254,0.0832,120450936.0,158540731.7847
000852.SH,20230711,6579.3695,6531.6276,6579.3695,6514.9906,6526.8519,52.5176,0.8046,119603644.0,163273435.6047
000852.SH,20230712,6482.9867,6576.9418,6576.9621,6476.8466,6579.3695,-96.3828,-1.4649,140204471.0,187051032.4952
000852.SH,20230713,6548.3129,6497.8093,6553.5988,6497.7583,6482.9867,65.3262,1.0077,135117757.0,180915189.1964
000852.SH,20230714,6544.4593,6554.5347,6571.1441,6538.646,6548.3129,-3.8536,-0.0588,135631971.0,188566810.4127
000852.SH,20230717,6516.56,6524.6054,6525.187,6481.286,6544.4593,-27.8993,-0.4263,126408773.0,169117052.4793
000852.SH,20230718,6510.0341,6519.757,6537.9138,6490.0589,6516.56,-6.5259,-0.1001,119968653.0,159965850.7265
000852.SH,20230719,6492.3487,6508.5225,6530.5426,6459.4432,6510.0341,-17.6854,-0.2717,109136335.0,141853309.4187
000852.SH,20230720,6408.7598,6497.7781,6512.4485,6404.123,6492.3487,-83.5889,-1.2875,122150962.0,155152822.2359
000852.SH,20230721,6401.4168,6397.154,6447.2955,6378.1967,6408.7598,-7.343,-0.1146,113590849.0,138788097.4924
000852.SH,20230724,6393.7938,6397.4305,6437.9886,6370.0546,6401.4168,-7.623,-0.1191,109049465.0,129838947.141
000852.SH,20230725,6498.2688,6448.271,6499.416,6444.5791,6393.7938,104.475,1.634,147365727.0,173378677.3403
000852.SH,20230726,6457.2535,6497.5948,6497.5948,6441.5576,6498.2688,-41.0153,-0.6312,149583522.0,156686884.8411
000852.SH,20230727,6407.5461,6458.4842,6475.8298,6397.5946,6457.2535,-49.7074,-0.7698,144624358.0,153183204.6397
000852.SH,20230728,6465.3763,6389.4347,6471.6764,6369.3715,6407.5461,57.8302,0.9025,157267532.0,166557072.6897
000852.SH,20230731,6515.8486,6475.8283,6549.7454,6475.8283,6465.3763,50.4723,0.7807,183815980.0,200589879.3968
000852.SH,20230801,6507.4124,6513.1396,6521.9696,6482.1677,6515.8486,-8.4362,-0.1295,184326464.0,183590037.2697
000852.SH,20230802,6496.0222,6499.864,6515.0688,6475.4227,6507.4124,-11.3902,-0.175,168646289.0,171110955.3436
000852.SH,20230803,6499.5448,6472.1129,6502.5452,6460.2799,6496.0222,3.5226,0.0542,163471395.0,164830188.575
000852.SH,20230804,6535.322,6514.54,6561.7387,6505.8614,6499.5448,35.7772,0.5505,194622999.0,205415679.1482
000852.SH,20230807,6503.9825,6524.2963,6532.5179,6485.6622,6535.322,-31.3395,-0.4795,168919412.0,185333349.1184
000852.SH,20230808,6471.3444,6496.5898,6500.9019,6457.2466,6503.9825,-32.6381,-0.5018,142743414.0,154646581.0214
000852.SH,20230809,6420.9768,6452.9799,6464.3628,6411.2281,6471.3444,-50.3676,-0.7783,132319467.0,148343587.9661
000852.SH,20230810,6426.8142,6409.2222,6438.4307,6392.8948,6420.9768,5.8374,0.0909,131957692.0,134873259.6806
000852.SH,20230811,6304.6354,6428.8785,6428.8785,6304.6354,6426.8142,-122.1788,-1.9011,149016729.0,149330410.4816
000852.SH,20230814,6319.4073,6251.9656,6320.9489,6213.9764,6304.6354,14.7719,0.2343,138392221.0,145626319.5677
000852.SH,20230815,6261.7333,6318.5476,6325.5736,6203.4431,6319.4073,-57.674,-0.9126,122703107.0,132851531.9826
000852.SH,20230816,6186.4029,6240.7122,6255.8114,6186.4029,6261.7333,-75.3304,-1.203,124958759.0,132390724.363
000852.SH,20230817,6247.6011,6167.6544,6255.0503,6128.1311,6186.4029,61.1982,0.9892,129135238.0,139152590.2396
000852.SH,20230818,6117.1074,6245.1264,6259.7913,6117.1074,6247.6011,-130.4937,-2.0887,139212539.0,139942744.3869
000852.SH,20230821,6057.1708,6107.9242,6154.2495,6057.1708,6117.1074,-59.9366,-0.9798,117091696.0,119633708.9456
000852.SH,20230822,6099.1948,6082.7206,6108.2101,5984.4367,6057.1708,42.024,0.6938,144282422.0,153871289.4746
000852.SH,20230823,5973.6711,6084.1539,6084.1539,5973.6457,6099.1948,-125.5237,-2.058,128422382.0,135807067.8095
000852.SH,20230824,5987.9663,5989.4279,6049.546,5942.5666,5973.6711,14.2952,0.2393,134197451.0,146793181.3199
000852.SH,20230825,5879.0268,5960.5887,5980.2412,5855.8778,5987.9663,-108.9395,-1.8193,140117108.0,150562437.5102
000852.SH,20230828,5922.1617,6204.1044,6204.1044,5907.941,5879.0268,43.1349,0.7337,210870098.0,213172935.9984
000852.SH,20230829,6108.7589,5909.4623,6121.5906,5907.9605,5922.1617,186.5972,3.1508,186689576.0,200633240.4519
000852.SH,20230830,6139.6265,6117.4112,6185.2727,6102.0906,6108.7589,30.8676,0.5053,167499560.0,194127658.9823
000852.SH,20230831,6104.2953,6130.6422,6130.9527,6087.3267,6139.6265,-35.3312,-0.5755,143040409.0,161004803.8129
000852.SH,20230901,6107.1996,6108.1277,6136.7817,6086.2712,6104.2953,2.9043,0.0476,124017053.0,138221321.9383
000852.SH,20230904,6198.7623,6129.5387,6198.7623,6109.0968,6107.1996,91.5627,1.4993,155507281.0,167770708.1922
000852.SH,20230905,6167.6421,6188.5152,6206.3463,6154.8304,6198.7623,-31.1202,-0.502,141067999.0,162636723.6688
000852.SH,20230906,6195.3828,6146.3937,6202.3236,6117.8058,6167.6421,27.7407,0.4498,129717664.0,154853582.1032
000852.SH,20230907,6083.4893,6185.3275,6185.3275,6083.4893,6195.3828,-111.8935,-1.8061,132254116.0,150714755.5511
000852.SH,20230908,6102.4883,6063.2407,6128.8392,6062.8967,6083.4893,18.999,0.3123,118918279.0,142083251.2349
000852.SH,20230911,6182.6433,6114.0666,6204.4335,6083.3912,6102.4883,80.155,1.3135,144003299.0,172589292.4589
000852.SH,20230912,6184.606,6175.6348,6212.2604,6169.0352,6182.6433,1.9627,0.0317,120512253.0,144771928.1704
000852.SH,20230913,6103.137,6169.5289,6177.3846,6059.2868,6184.606,-81.469,-1.3173,125032676.0,137493570.903
000852.SH,20230914,6068.7131,6101.7729,6102.4878,6037.7174,6103.137,-34.4239,-0.564,114441844.0,123059669.8393
000852.SH,20230915,6079.0632,6082.1944,6117.8213,6046.8739,6068.7131,10.3501,0.1705,124196903.0,137783233.7615
000852.SH,20230918,6083.9692,6058.2973,6106.2651,6029.9729,6079.0632,4.906,0.0807,118394457.0,132969980.8905
000852.SH,20230919,6031.0416,6077.3962,6077.3962,6011.9075,6083.9692,-52.9276,-0.87,112745993.0,121079846.424
000852.SH,20230920,5982.5578,6020.9102,6038.7519,5982.1051,6031.0416,-48.4838,-0.8039,105727974.0,115642454.5837
000852.SH,20230921,5939.6638,5968.3504,5999.4005,5931.104,5982.5578,-42.894,-0.717,99709529.0,107167135.6058
000852.SH,20230922,6054.9279,5934.2663,6056.4455,5923.2433,5939.6638,115.2641,1.9406,133556772.0,147800973.21
000852.SH,20230925,6027.3938,6051.8209,6058.4654,6014.6134,6054.9279,-27.5341,-0.4547,129532612.0,146282703.2135
000852.SH,20230926,5996.1104,6017.3023,6034.8548,5996.0466,6027.3938,-31.2834,-0.519,114061563.0,127029193.7828
000852.SH,20230927,6034.0605,5989.8029,6063.9119,5989.1597,5996.1104,37.9501,0.6329,121662330.0,141278698.4214
000852.SH,20230928,6078.9449,6048.8327,6085.5332,6048.6765,6034.0605,44.8844,0.7439,127759256.0,144764775.6579
000852.SH,20231009,6059.9651,6073.2762,6075.464,6025.3578,6078.9449,-18.9798,-0.3122,136755964.0,151374309.942
000852.SH,20231010,6043.4816,6069.9054,6084.9308,6037.466,6059.9651,-16.4835,-0.272,140815312.0,164183443.3547
000852.SH,20231011,6059.4014,6056.0291,6105.4163,6040.502,6043.4816,15.9198,0.2634,143601130.0,169349269.5623
000852.SH,20231012,6104.4558,6088.5453,6106.9504,6064.8191,6059.4014,45.0544,0.7435,145452824.0,171667913.0176
000852.SH,20231013,6081.8658,6080.3283,6091.5379,6063.5581,6104.4558,-22.59,-0.3701,144115089.0,174075416.2535
000852.SH,20231016,6024.3594,6089.4239,6089.4822,5996.7887,6081.8658,-57.5064,-0.9455,164459217.0,187595023.3275
000852.SH,20231017,6011.3698,6027.9137,6028.021,5967.3002,6024.3594,-12.9896,-0.2156,139421234.0,158570292.1575
000852.SH,20231018,5908.0077,5992.5093,5992.5093,5905.8361,6011.3698,-103.3621,-1.7194,145065153.0,164665612.2556
000852.SH,20231019,5842.8915,5879.8077,5929.5795,5842.4117,5908.0077,-65.1162,-1.1022,155497801.0,169977393.1532
000852.SH,20231020,5774.32,5816.7173,5855.4623,5767.0213,5842.8915,-68.5715,-1.1736,138964349.0,152073198.748
000852.SH,20231023,5638.1362,5754.1767,5754.245,5613.7296,5774.32,-136.1838,-2.3584,145845854.0,156462250.9006
000852.SH,20231024,5719.3227,5654.9255,5734.5493,5625.7088,5638.1362,81.1865,1.44,151553066.0,163599460.5453
000852.SH,20231025,5778.9048,5753.6849,5811.2675,5752.7861,5719.3227,59.5821,1.0418,163597326.0,178946013.5496
000852.SH,20231026,5811.6917,5745.5342,5817.6342,5723.9996,5778.9048,32.7869,0.5674,157275832.0,177171582.1406
000852.SH,20231027,5916.6783,5792.6057,5937.5395,5774.6305,5811.6917,104.9866,1.8065,172179646.0,201532115.4985
000852.SH,20231030,6006.5591,5899.3795,6017.2814,5898.6942,5916.6783,89.8808,1.5191,179281052.0,219628050.4146
000852.SH,20231031,5969.3413,6003.365,6013.733,5934.2045,6006.5591,-37.2178,-0.6196,165318441.0,196000266.0815
000852.SH,20231101,5958.4178,5969.8069,5983.8685,5943.193,5969.3413,-10.9235,-0.183,147451128.0,169629133.6309
000852.SH,20231102,5885.2468,5958.477,5983.2222,5885.2468,5958.4178,-73.171,-1.228,140144412.0,159352391.9528
000852.SH,20231103,5973.167,5895.6017,5992.7463,5895.6017,5885.2468,87.9202,1.4939,146120206.0,172570856.1419
000852.SH,20231106,6096.5695,6007.4341,6097.0373,6007.4341,5973.167,123.4025,2.0659,186603146.0,215540583.0166
000852.SH,20231107,6116.7569,6088.511,6132.138,6068.2436,6096.5695,20.1874,0.3311,173946707.0,206605084.921
000852.SH,20231108,6138.9377,6114.9873,6160.2423,6099.2917,6116.7569,22.1808,0.3626,183964088.0,224318842.6879
000852.SH,20231109,6100.6929,6135.0718,6160.979,6087.7283,6138.9377,-38.2448,-0.623,162244319.0,197856013.5426
000852.SH,20231110,6088.5583,6079.4732,6097.6111,6055.9878,6100.6929,-12.1346,-0.1989,141567605.0,169645048.9252
000852.SH,20231113,6144.6346,6107.2693,6144.6346,6095.2749,6088.5583,56.0763,0.921,150359606.0,185937464.8766
000852.SH,20231114,6181.9796,6143.4806,6189.4999,6133.2229,6144.6346,37.345,0.6078,160172363.0,195770027.6357
000852.SH,20231115,6207.2678,6226.1979,6234.5359,6184.8995,6181.9796,25.2882,0.4091,167613188.0,214464439.4393
000852.SH,20231116,6145.1505,6188.8258,6193.6379,6143.8192,6207.2678,-62.1173,-1.0007,143682116.0,180547587.296
000852.SH,20231117,6199.2278,6135.825,6199.2308,6131.6662,6145.1505,54.0773,0.88,145989658.0,178812142.6667
000852.SH,20231120,6253.2756,6211.3393,6254.1359,6184.638,6199.2278,54.0478,0.8718,160246271.0,200298798.1704
000852.SH,20231121,6212.125,6258.7412,6267.2204,6200.6912,6253.2756,-41.1506,-0.6581,176150665.0,211256978.8115
000852.SH,20231122,6132.9704,6193.3582,6221.8713,6132.9704,6212.125,-79.1546,-1.2742,171183163.0,191793674.6077
000852.SH,20231123,6197.5257,6123.5858,6199.8751,6107.0035,6132.9704,64.5553,1.0526,152107183.0,169982693.46
000852.SH,20231124,6115.4072,6194.0241,6194.0241,6098.9609,6197.5257,-82.1185,-1.325,149815992.0,166155059.7389
000852.SH,20231127,6111.3644,6107.5621,6130.4008,6076.7107,6115.4072,-4.0428,-0.0661,154433077.0,169812162.7099
000852.SH,20231128,6143.3015,6099.5117,6143.3015,6065.6876,6111.3644,31.9371,0.5226,128368133.0,147277411.2139
000852.SH,20231129,6113.366,6138.7608,6154.898,6103.9828,6143.3015,-29.9355,-0.4873,135643952.0,150365714.3129
000852.SH,20231130,6080.547,6104.7743,6110.4082,6031.4752,6113.366,-32.819,-0.5368,131032999.0,148669808.0378
000852.SH,20231201,6130.051,6078.6385,6142.7386,6059.8028,6080.547,49.504,0.8141,145352744.0,166337102.3815
000852.SH,20231204,6114.3926,6131.5878,6147.0526,6110.2526,6130.051,-15.6584,-0.2554,153414365.0,177072943.5765
000852.SH,20231205,5992.6003,6098.1174,6098.1174,5992.6003,6114.3926,-121.7923,-1.9919,142775427.0,162512340.0611
000852.SH,20231206,6023.8036,5977.6111,6066.4182,5970.2824,5992.6003,31.2033,0.5207,144320624.0,153827863.9974
000852.SH,20231207,6020.8304,6019.9596,6044.8582,5983.2454,6023.8036,-2.9732,-0.0494,148536627.0,166906747.9909
000852.SH,20231208,6003.1435,6021.9188,6056.0631,6003.1435,6020.8304,-17.6869,-0.2938,167971282.0,194131627.8531
000852.SH,20231211,6075.0796,5984.6773,6080.8042,5933.7357,6003.1435,71.9361,1.1983,159843436.0,181217092.7261
000852.SH,20231212,6078.9899,6070.8754,6084.279,6050.7347,6075.0796,3.9103,0.0644,129712088.0,152793036.4085
000852.SH,20231213,6019.5531,6067.781,6076.3609,6019.5531,6078.9899,-59.4368,-0.9777,122547150.0,143748119.0869
000852.SH,20231214,5991.8623,6038.9207,6072.6147,5989.2337,6019.5531,-27.6908,-0.46,120199382.0,138756005.7779
000852.SH,20231215,5951.6003,6000.2585,6016.3958,5935.3173,5991.8623,-40.262,-0.6719,123710100.0,138326703.9146
000852.SH,20231218,5857.0052,5939.4345,5941.897,5845.9612,5951.6003,-94.5951,-1.5894,125259423.0,130966305.8763
000852.SH,20231219,5863.5419,5853.1945,5887.7653,5820.5131,5857.0052,6.5367,0.1116,111682675.0,116256467.57
000852.SH,20231220,5761.3123,5869.5605,5873.759,5761.3123,5863.5419,-102.2296,-1.7435,111630053.0,120601845.4507
000852.SH,20231221,5798.912,5739.0211,5814.0358,5685.6421,5761.3123,37.5997,0.6526,124949100.0,134047868.8671
000852.SH,20231222,5733.9089,5797.6087,5819.65,5713.8045,5798.912,-65.0031,-1.121,141167085.0,147745244.442
000852.SH,20231225,5735.7256,5726.5616,5753.4341,5698.3238,5733.9089,1.8167,0.0317,109638963.0,116368993.1513
000852.SH,20231226,5651.5883,5734.1504,5734.5562,5632.8719,5735.7256,-84.1373,-1.4669,104063276.0,112250605.1527
000852.SH,20231227,5696.1606,5658.1935,5703.1686,5636.9431,5651.5883,44.5723,0.7887,108265354.0,115290789.7979
000852.SH,20231228,5805.5271,5687.7533,5824.3953,5660.1296,5696.1606,109.3665,1.92,144134383.0,155833384.6424
000852.SH,20231229,5887.235,5797.5763,5891.627,5795.7569,5805.5271,81.7079,1.4074,134690778.0,152875806.7029
000852.SH,20240102,5854.7494,5891.1741,5891.2271,5854.5922,5887.235,-32.4856,-0.5518,128377670.0,141351641.5791
000852.SH,20240103,5824.0428,5838.5529,5861.4108,5785.2515,5854.7494,-30.7066,-0.5245,119248925.0,131179260.6809
000852.SH,20240104,5783.0155,5814.9372,5814.9372,5753.4666,5824.0428,-41.0273,-0.7044,102952534.0,112642946.1696
000852.SH,20240105,5675.8091,5779.7567,5796.759,5652.1261,5783.0155,-107.2064,-1.8538,119205197.0,126682946.9168
000852.SH,20240108,5543.5745,5664.4526,5664.4526,5543.5745,5675.8091,-132.2346,-2.3298,110512726.0,112633892.9246
000852.SH,20240109,5553.3035,5553.1836,5607.2178,5513.1298,5543.5745,9.729,0.1755,110223223.0,114678407.1692
000852.SH,20240110,5512.0686,5540.6641,5580.4191,5462.3615,5553.3035,-41.2349,-0.7425,106499446.0,108158125.143
000852.SH,20240111,5611.1149,5507.803,5634.0247,5502.2938,5512.0686,99.0463,1.7969,124717749.0,123635425.1661
000852.SH,20240112,5574.4926,5601.0976,5646.2716,5574.4084,5611.1149,-36.6223,-0.6527,121066881.0,118289969.7421
000852.SH,20240115,5559.376,5558.1481,5607.1342,5520.363,5574.4926,-15.1166,-0.2712,108667184.0,107428092.7928
000852.SH,20240116,5539.4741,5555.0003,5566.2102,5463.2948,5559.376,-19.9019,-0.358,116803108.0,113669505.6087
000852.SH,20240117,5389.1216,5529.8946,5529.8946,5389.1216,5539.4741,-150.3525,-2.7142,104037354.0,104138700.0269
000852.SH,20240118,5373.4239,5360.2062,5375.2344,5214.8994,5389.1216,-15.6977,-0.2913,148711036.0,142966452.4465
000852.SH,20240119,5306.9862,5364.807,5395.1373,5304.9599,5373.4239,-66.4377,-1.2364,106431086.0,109174686.3719
000852.SH,20240122,5000.8336,5298.3136,5298.3136,4970.1979,5306.9862,-306.1526,-5.7689,144252512.0,139600818.351
000852.SH,20240123,5079.6315,4992.7924,5102.4428,4939.5196,5000.8336,78.7979,1.5757,130288241.0,124162903.2266
000852.SH,20240124,5143.4078,5102.8249,5151.4231,4951.9007,5079.6315,63.7763,1.2555,143326441.0,135222048.6136
000852.SH,20240125,5316.195,5143.2892,5316.2611,5112.5353,5143.4078,172.7872,3.3594,163144917.0,158319218.8945
000852.SH,20240126,5269.7646,5303.961,5352.8464,5253.3165,5316.195,-46.4304,-0.8734,155415661.0,150031258.1072
000852.SH,20240129,5131.2465,5282.8174,5301.8708,5131.2465,5269.7646,-138.5181,-2.6285,150000892.0,141294666.661
000852.SH,20240130,4984.6598,5099.587,5144.2936,4978.9095,5131.2465,-146.5867,-2.8567,125015069.0,117586947.1002
000852.SH,20240131,4785.032,4949.188,4986.1016,4775.6227,4984.6598,-199.6278,-4.0048,158237155.0,139299752.958
000852.SH,20240201,4750.4439,4753.6393,4858.7154,4684.4734,4785.032,-34.5881,-0.7228,147115516.0,129099528.5185
000852.SH,20240202,4574.6692,4753.668,4802.6191,4431.8151,4750.4439,-175.7747,-3.7002,176885435.0,150000797.614
000852.SH,20240205,4293.0695,4534.7524,4534.7524,4177.9428,4574.6692,-281.5997,-6.1556,211274330.0,166206907.8575
000852.SH,20240206,4592.4444,4229.7937,4641.4545,4192.9652,4293.0695,299.3749,6.9734,210187410.0,169330958.1307
000852.SH,20240207,4797.8456,4604.1217,4848.2363,4599.3511,4592.4444,205.4012,4.4726,216213317.0,188713236.4918
000852.SH,20240208,4993.1046,4826.1434,5067.2281,4826.1434,4797.8456,195.259,4.0697,217620059.0,192261800.1689
000852.SH,20240219,5029.5861,5062.6847,5071.1997,4950.3279,4993.1046,36.4815,0.7306,203870996.0,185885021.6273
000852.SH,20240220,5046.0121,5004.4203,5058.2174,4950.3943,5029.5861,16.426,0.3266,154344285.0,151079011.0567
000852.SH,20240221,5073.4821,5001.6567,5208.6485,4974.0762,5046.0121,27.47,0.5444,193280527.0,178053450.1052
000852.SH,20240222,5151.5343,5075.4319,5152.0243,5066.0027,5073.4821,78.0522,1.5384,153064295.0,146838694.8307
000852.SH,20240223,5225.6697,5169.0132,5225.6697,5114.1452,5151.5343,74.1354,1.4391,171213693.0,167541135.8569
000852.SH,20240226,5255.3962,5234.8052,5325.7702,5201.1251,5225.6697,29.7265,0.5689,184471643.0,180222595.4954
000852.SH,20240227,5394.0342,5237.1053,5394.0342,5218.5861,5255.3962,138.638,2.638,182622372.0,183476438.0787
000852.SH,20240228,5152.0519,5403.4963,5478.0858,5152.0519,5394.0342,-241.9823,-4.4861,260742382.0,251859520.9379
000852.SH,20240229,5344.6052,5122.1798,5344.6052,5122.1798,5152.0519,192.5533,3.7374,188036238.0,185219961.1815
000852.SH,20240301,5401.9394,5354.7305,5411.3228,5322.0862,5344.6052,57.3342,1.0727,184436487.0,196339349.9554
000852.SH,20240304,5428.3356,5412.9077,5429.8009,5332.238,5401.9394,26.3962,0.4886,179308205.0,199765408.5726
000852.SH,20240305,5375.1317,5392.8771,5417.8157,5337.6652,5428.3356,-53.2039,-0.9801,174166911.0,196428311.5756
000852.SH,20240306,5381.4587,5346.0794,5434.4015,5306.4561,5375.1317,6.327,0.1177,154684371.0,164978930.2277
000852.SH,20240307,5303.2766,5389.9887,5430.3924,5303.2766,5381.4587,-78.1821,-1.4528,161023860.0,167524667.896
000852.SH,20240308,5370.3719,5309.5935,5386.1757,5283.1463,5303.2766,67.0953,1.2652,139130895.0,147532325.4838
000852.SH,20240311,5466.6455,5358.8369,5466.6455,5350.2919,5370.3719,96.2736,1.7927,164133442.0,175152725.4075
000852.SH,20240312,5496.3553,5477.1313,5524.5045,5443.9649,5466.6455,29.7098,0.5435,183984140.0,198909272.3347
000852.SH,20240313,5521.7838,5501.5856,5561.0818,5476.7856,5496.3553,25.4285,0.4626,181270807.0,200355388.3664
000852.SH,20240314,5486.6461,5521.7162,5546.1031,5433.2076,5521.7838,-35.1377,-0.6363,168948172.0,184410019.5867
000852.SH,20240315,5555.6442,5472.8927,5555.6442,5459.3173,5486.6461,68.9981,1.2576,161095841.0,171573287.2701
000852.SH,20240318,5648.0117,5573.9273,5648.0117,5559.0524,5555.6442,92.3675,1.6626,193419517.0,212069710.0003
000852.SH,20240319,5607.4754,5633.5043,5660.5021,5607.2555,5648.0117,-40.5363,-0.7177,181118096.0,202358294.5707
000852.SH,20240320,5659.1539,5600.1245,5663.738,5600.1245,5607.4754,51.6785,0.9216,179307654.0,199862431.4816
000852.SH,20240321,5658.2794,5674.495,5690.4548,5623.297,5659.1539,-0.8745,-0.0155,194332946.0,215621373.7206
000852.SH,20240322,5595.8848,5649.083,5660.145,5546.7785,5658.2794,-62.3946,-1.1027,210254327.0,226506007.1796
000852.SH,20240325,5466.0615,5581.3513,5611.6938,5466.0615,5595.8848,-129.8233,-2.32,204705382.0,224613418.9491
000852.SH,20240326,5447.7484,5454.6534,5495.6326,5381.853,5466.0615,-18.3131,-0.335,183180684.0,197261354.3059
000852.SH,20240327,5266.2306,5435.9712,5436.6516,5266.2306,5447.7484,-181.5178,-3.332,179173504.0,183978555.5121
000852.SH,20240328,5382.2363,5262.2197,5430.7667,5262.2197,5266.2306,116.0057,2.2028,178598735.0,187597295.8212
000852.SH,20240329,5441.2603,5383.7447,5441.2603,5345.8717,5382.2363,59.024,1.0966,168653431.0,177336825.4957
000852.SH,20240401,5559.0557,5461.5872,5559.868,5461.5872,5441.2603,117.7954,2.1649,191025707.0,202413394.1328
000852.SH,20240402,5531.0522,5556.5173,5556.5173,5490.8237,5559.0557,-28.0035,-0.5037,196097459.0,201831299.2096
000852.SH,20240403,5500.9264,5518.9108,5525.0342,5457.6141,5531.0522,-30.1258,-0.5447,186291066.0,191730116.4676
000852.SH,20240408,5399.9148,5487.6318,5492.3968,5399.9148,5500.9264,-101.0116,-1.8363,186573359.0,186731192.2014
000852.SH,20240409,5468.9109,5392.9944,5468.9109,5384.0298,5399.9148,68.9961,1.2777,159201159.0,160292707.9535
000852.SH,20240410,5367.0518,5456.9716,5456.9716,5325.9115,5468.9109,-101.8591,-1.8625,167459493.0,164477827.4571
000852.SH,20240411,5379.9153,5330.6849,5441.5022,5322.8394,5367.0518,12.8635,0.2397,165143700.0,162747758.5096
000852.SH,20240412,5338.7692,5379.1697,5408.52,5330.5417,5379.9153,-41.1461,-0.7648,157174522.0,155385863.3932
000852.SH,20240415,5287.5115,5320.8088,5364.5941,5205.7129,5338.7692,-51.2577,-0.9601,201711028.0,188383366.1555
000852.SH,20240416,5066.6599,5255.2068,5283.8317,5063.9396,5287.5115,-220.8516,-4.1769,207171940.0,188123371.6751
000852.SH,20240417,5287.4563,5109.0824,5287.4563,5109.0824,5066.6599,220.7964,4.3578,190079395.0,181206086.9767
000852.SH,20240418,5286.7192,5276.4712,5345.4363,5233.899,5287.4563,-0.7371,-0.0139,188225058.0,187626267.2501
000852.SH,20240419,5264.3891,5257.0096,5312.1512,5224.3187,5286.7192,-22.3301,-0.4224,178870211.0,176532930.6886
000852.SH,20240422,5246.0818,5231.5643,5300.7929,5187.5225,5264.3891,-18.3073,-0.3478,167762229.0,165970259.9195
000852.SH,20240423,5218.4277,5234.4341,5260.2937,5194.2624,5246.0818,-27.6541,-0.5271,156851394.0,154949436.7749
000852.SH,20240424,5305.6068,5219.257,5305.6068,5200.5977,5218.4277,87.1791,1.6706,162666749.0,165940790.8409
000852.SH,20240425,5313.986,5285.137,5357.4405,5273.5534,5305.6068,8.3792,0.1579,157831248.0,164090144.0708
000852.SH,20240426,5415.9379,5303.1506,5420.3651,5303.1506,5313.986,101.9519,1.9186,210886927.0,219583789.1535
000852.SH,20240429,5545.2346,5422.4108,5550.2143,5422.4108,5415.9379,129.2967,2.3873,241439744.0,247411968.9604
000852.SH,20240430,5497.4303,5530.9435,5542.193,5482.9876,5545.2346,-47.8043,-0.8621,204909743.0,205851328.0158
000852.SH,20240506,5606.8416,5558.924,5611.2659,5558.924,5497.4303,109.4113,1.9902,205174028.0,213462084.934
000852.SH,20240507,5625.3358,5604.2707,5631.9534,5593.0078,5606.8416,18.4942,0.3299,185622540.0,197355483.3102
000852.SH,20240508,5536.6589,5605.5922,5605.5922,5529.9139,5625.3358,-88.6769,-1.5764,175730988.0,186180909.9496
000852.SH,20240509,5626.8251,5533.5126,5638.6402,5533.5126,5536.6589,90.1662,1.6285,172678261.0,186969311.191
000852.SH,20240510,5574.232,5632.759,5641.9219,5549.61,5626.8251,-52.5931,-0.9347,188377044.0,190161522.8645
000852.SH,20240513,5520.8038,5537.928,5556.7082,5479.9458,5574.232,-53.4282,-0.9585,180308639.0,183109444.6899
000852.SH,20240514,5551.6751,5524.4342,5574.2511,5524.2626,5520.8038,30.8713,0.5592,169585067.0,171272800.5838
000852.SH,20240515,5497.2349,5541.8093,5551.2631,5491.5225,5551.6751,-54.4402,-0.9806,163304598.0,157739697.5874
000852.SH,20240516,5488.946,5508.9498,5539.919,5474.2808,5497.2349,-8.2889,-0.1508,169798002.0,163725528.7275
000852.SH,20240517,5563.231,5489.416,5564.063,5478.2973,5488.946,74.285,1.3534,182873081.0,174923884.7071
000852.SH,20240520,5596.7772,5563.6536,5612.346,5548.9032,5563.231,33.5462,0.603,197476441.0,194649563.3476
000852.SH,20240521,5536.7447,5586.0088,5586.0088,5517.3899,5596.7772,-60.0325,-1.0726,172959880.0,164385097.2916
000852.SH,20240522,5539.6597,5532.8433,5553.6965,5508.7584,5536.7447,2.915,0.0526,168002993.0,159617620.6636
000852.SH,20240523,5412.8237,5521.1799,5521.1799,5402.0043,5539.6597,-126.836,-2.2896,175806710.0,165079443.5107
000852.SH,20240524,5350.1073,5401.5831,5436.813,5350.1058,5412.8237,-62.7164,-1.1587,151050114.0,144589510.2904
000852.SH,20240527,5404.6158,5358.0761,5404.6158,5295.0884,5350.1073,54.5085,1.0188,151409114.0,145062270.806
000852.SH,20240528,5348.0293,5390.4047,5414.9779,5343.8295,5404.6158,-56.5865,-1.047,148458050.0,142242447.9621
000852.SH,20240529,5351.2524,5336.6965,5386.7827,5324.6872,5348.0293,3.2231,0.0603,142698663.0,131551463.739
000852.SH,20240530,5334.2958,5334.7966,5371.8072,5311.4387,5351.2524,-16.9566,-0.3169,141323171.0,133560052.9623
000852.SH,20240531,5355.2099,5334.0987,5381.7158,5334.0987,5334.2958,20.9141,0.3921,136735137.0,133719611.6733
000852.SH,20240603,5284.6236,5350.6426,5351.2515,5246.1694,5355.2099,-70.5863,-1.3181,163388152.0,156847760.7347
000852.SH,20240604,5313.708,5267.3615,5319.7088,5229.6763,5284.6236,29.0844,0.5504,145127777.0,138133314.0331
000852.SH,20240605,5244.0851,5294.3007,5330.8042,5244.0851,5313.708,-69.6229,-1.3103,132143504.0,129081217.4831
000852.SH,20240606,5130.8693,5249.9501,5275.8857,5113.2138,5244.0851,-113.2158,-2.1589,169793255.0,159189463.7604
000852.SH,20240607,5153.5867,5159.1727,5189.9954,5096.0841,5130.8693,22.7174,0.4428,130320202.0,127151511.6718
000852.SH,20240611,5198.923,5132.2178,5208.1793,5086.8597,5153.5867,45.3363,0.8797,128533904.0,130922333.4751
000852.SH,20240612,5216.4621,5188.3579,5231.4693,5186.6066,5198.923,17.5391,0.3374,121650752.0,125294312.0435
000852.SH,20240613,5180.2357,5214.4115,5219.7083,5170.1659,5216.4621,-36.2264,-0.6945,131172507.0,138017519.9201
000852.SH,20240614,5180.6513,5164.8721,5190.7119,5138.3578,5180.2357,0.4156,0.008,139132978.0,147939037.9189
000852.SH,20240617,5183.9678,5158.9795,5211.3895,5151.2767,5180.6513,3.3165,0.064,124616372.0,140185484.9419
000852.SH,20240618,5227.2542,5183.2707,5237.8185,5177.2766,5183.9678,43.2864,0.835,135460663.0,139816865.554
000852.SH,20240619,5159.9945,5230.4878,5241.9668,5159.9945,5227.2542,-67.2597,-1.2867,125806229.0,137697257.8264
000852.SH,20240620,5056.1383,5150.7955,5174.8747,5052.885,5159.9945,-103.8562,-2.0127,141500845.0,145161795.2196
000852.SH,20240621,5055.3329,5040.6287,5090.5697,5014.4787,5056.1383,-0.8054,-0.0159,111201689.0,113314006.0726
000852.SH,20240624,4887.777,5025.5174,5029.731,4884.4974,5055.3329,-167.5559,-3.3144,128915163.0,133643136.633
000852.SH,20240625,4847.6106,4885.8901,4907.9552,4814.6803,4887.777,-40.1664,-0.8218,112593300.0,116321034.8749
000852.SH,20240626,4986.3839,4842.0037,4988.3083,4812.0995,4847.6106,138.7733,2.8627,138027529.0,125780748.7455
000852.SH,20240627,4864.0855,4964.6591,4969.0893,4862.634,4986.3839,-122.2984,-2.4526,121642911.0,114644913.4642
000852.SH,20240628,4895.9869,4855.3505,4968.2726,4851.8354,4864.0855,31.9014,0.6559,134567796.0,129940344.7665
000852.SH,20240701,4940.2471,4894.5592,4954.1752,4839.7453,4895.9869,44.2602,0.904,129219325.0,123312519.185
000852.SH,20240702,4905.6497,4940.7002,4951.1972,4886.7022,4940.2471,-34.5974,-0.7003,118827986.0,116969050.568
000852.SH,20240703,4867.1326,4900.6672,4906.5099,4857.7752,4905.6497,-38.5171,-0.7852,102300301.0,103816042.6434
000852.SH,20240704,4761.868,4868.546,4883.7366,4745.9085,4867.1326,-105.2646,-2.1628,121202257.0,107066707.375
000852.SH,20240705,4810.7939,4753.7335,4828.8428,4711.8681,4761.868,48.9259,1.0275,110602467.0,100918951.1241
000852.SH,20240708,4693.9648,4801.4891,4801.4891,4679.2848,4810.7939,-116.8291,-2.4285,123548775.0,109218205.9755
000852.SH,20240709,4797.0634,4689.2748,4810.3222,4645.197,4693.9648,103.0986,2.1964,148511187.0,139660896.3101
000852.SH,20240710,4777.6817,4783.1695,4829.2084,4768.1249,4797.0634,-19.3817,-0.404,138401543.0,133173779.7034
000852.SH,20240711,4893.5942,4846.1054,4896.1464,4821.4135,4777.6817,115.9125,2.4261,153190469.0,152871133.8313
000852.SH,20240712,4878.0195,4884.4134,4897.169,4858.3033,4893.5942,-15.5747,-0.3183,130854179.0,126357791.6793
000852.SH,20240715,4827.6023,4869.0042,4869.0042,4815.407,4878.0195,-50.4172,-1.0336,126413017.0,116891290.1493
000852.SH,20240716,4836.7184,4815.7386,4845.3491,4786.2143,4827.6023,9.1161,0.1888,120891502.0,119708973.121
000852.SH,20240717,4795.6236,4834.4409,4842.7213,4786.3476,4836.7184,-41.0948,-0.8496,120425116.0,121445754.6157
000852.SH,20240718,4812.4263,4763.3035,4822.6187,4714.6011,4795.6236,16.8027,0.3504,121727781.0,126287644.1054
000852.SH,20240719,4821.4227,4788.7709,4854.7069,4778.7137,4812.4263,8.9964,0.1869,112647955.0,120485073.1778
000852.SH,20240722,4826.8713,4822.6393,4848.307,4798.1172,4821.4227,5.4486,0.113,110732121.0,117656274.0447
000852.SH,20240723,4694.9525,4825.745,4825.745,4694.9525,4826.8713,-131.9188,-2.733,120495201.0,121481765.8017
000852.SH,20240724,4631.0111,4682.0615,4713.074,4625.4217,4694.9525,-63.9414,-1.3619,121091980.0,118860085.0949
000852.SH,20240725,4632.5667,4602.6331,4678.6585,4587.7073,4631.0111,1.5556,0.0336,108530458.0,105862951.8932
000852.SH,20240726,4702.08,4638.3121,4710.5694,4638.3121,4632.5667,69.5133,1.5005,110691033.0,108478164.4514
000852.SH,20240729,4685.6457,4707.2785,4707.2785,4670.7997,4702.08,-16.4343,-0.3495,109319605.0,108822855.9998
000852.SH,20240730,4702.4914,4674.9244,4716.2143,4637.4095,4685.6457,16.8457,0.3595,112315594.0,112127735.5361
000852.SH,20240731,4889.0807,4698.7342,4889.7717,4690.0,4702.4914,186.5893,3.9679,173761942.0,168965970.5222
000852.SH,20240801,4878.289,4894.8088,4933.0606,4850.6329,4889.0807,-10.7917,-0.2207,146421421.0,150211396.5627
000852.SH,20240802,4809.8891,4844.7776,4902.9414,4802.0222,4878.289,-68.3999,-1.4021,137989767.0,141716564.2247
000852.SH,20240805,4678.7753,4776.1816,4854.5904,4678.7393,4809.8891,-131.1138,-2.7259,152847485.0,147489789.9432
000852.SH,20240806,4749.9466,4731.1959,4766.2733,4695.637,4678.7753,71.1713,1.5212,127097641.0,119128621.7679
000852.SH,20240807,4743.41,4741.6513,4772.2059,4715.5287,4749.9466,-6.5366,-0.1376,112619284.0,108823999.546
000852.SH,20240808,4739.4933,4728.3303,4776.4878,4677.4254,4743.41,-3.9167,-0.0826,126746572.0,118155007.2919
000852.SH,20240809,4702.7453,4760.1272,4789.169,4702.7453,4739.4933,-36.748,-0.7754,115665338.0,101903629.1295
000852.SH,20240812,4674.1017,4696.3641,4707.2164,4657.3299,4702.7453,-28.6436,-0.6091,107665245.0,93579528.5569
000852.SH,20240813,4697.5858,4671.2003,4698.3417,4642.6689,4674.1017,23.4841,0.5024,100207248.0,89086385.4677
000852.SH,20240814,4649.2784,4698.0028,4698.1483,4649.2784,4697.5858,-48.3074,-1.0283,99911373.0,88773228.4216
000852.SH,20240815,4691.8503,4639.0844,4743.728,4620.5554,4649.2784,42.5719,0.9157,129900650.0,111783008.4433
000852.SH,20240816,4655.6509,4696.7179,4703.027,4654.4599,4691.8503,-36.1994,-0.7715,122612541.0,108413620.5642
000852.SH,20240819,4663.6121,4651.2971,4714.0588,4644.6008,4655.6509,7.9612,0.171,119942244.0,104904645.6459
000852.SH,20240820,4579.3041,4663.7757,4665.6342,4563.8552,4663.6121,-84.308,-1.8078,129979655.0,107871967.9496
000852.SH,20240821,4548.2644,4564.3783,4590.2004,4543.8807,4579.3041,-31.0397,-0.6778,108164315.0,92275965.567
000852.SH,20240822,4491.8392,4549.2996,4562.9769,4484.559,4548.2644,-56.4252,-1.2406,113469330.0,97994054.3978
000852.SH,20240823,4495.3439,4482.6543,4510.5977,4462.7595,4491.8392,3.5047,0.078,110254720.0,94849186.1011
000852.SH,20240826,4512.893,4492.7057,4531.1733,4476.243,4495.3439,17.5491,0.3904,112271843.0,97519324.7941
000852.SH,20240827,4459.6801,4500.735,4501.0835,4449.2147,4512.893,-53.2129,-1.1791,113939520.0,100126840.5685
000852.SH,20240828,4470.5501,4449.7112,4506.3125,4437.5175,4459.6801,10.87,0.2437,107903177.0,92367714.6206
000852.SH,20240829,4542.4637,4453.4313,4558.9472,4443.9026,4470.5501,71.9136,1.6086,129788753.0,118136327.3416
000852.SH,20240830,4629.3195,4539.9291,4691.0146,4534.0438,4542.4637,86.8558,1.9121,177838616.0,163027974.0584
000852.SH,20240902,4532.5145,4627.1819,4635.765,4529.8343,4629.3195,-96.805,-2.0911,155927274.0,139933704.119
000852.SH,20240903,4572.397,4529.9411,4598.6317,4529.9411,4532.5145,39.8825,0.8799,128952462.0,116579546.737
000852.SH,20240904,4550.7697,4542.9049,4594.4387,4529.3384,4572.397,-21.6273,-0.473,122871657.0,113470304.8177
000852.SH,20240905,4586.7813,4554.5184,4614.7524,4554.5184,4550.7697,36.0116,0.7913,121209194.0,108293303.4643
000852.SH,20240906,4508.2281,4588.9276,4595.6966,4506.3869,4586.7813,-78.5532,-1.7126,127217733.0,115580272.235
000852.SH,20240909,4475.5315,4490.9896,4523.3656,4459.1258,4508.2281,-32.6966,-0.7253,113284927.0,100227926.9106
000852.SH,20240910,4487.5755,4481.4875,4507.1544,4400.7764,4475.5315,12.044,0.2691,132351585.0,114554770.0628
000852.SH,20240911,4486.0066,4469.0149,4500.683,4453.1996,4487.5755,-1.5689,-0.035,113953972.0,101974619.5414
000852.SH,20240912,4468.7439,4490.5235,4542.2845,4468.7439,4486.0066,-17.2627,-0.3848,118731187.0,106135757.5498
000852.SH,20240913,4413.1872,4471.9836,4478.2182,4413.1872,4468.7439,-55.5567,-1.2432,116827287.0,102975444.0462
000852.SH,20240918,4399.1332,4413.9028,4425.7918,4342.2087,4413.1872,-14.054,-0.3185,113552078.0,94168113.8278
000852.SH,20240919,4482.2746,4418.7844,4527.6125,4385.4861,4399.1332,83.1414,1.8899,145747160.0,122312275.7191
000852.SH,20240920,4463.3561,4484.1751,4487.0758,4428.1654,4482.2746,-18.9185,-0.4221,127480177.0,110050423.3616
000852.SH,20240923,4469.1326,4462.7166,4513.9695,4445.9898,4463.3561,5.7765,0.1294,124945066.0,113678187.1748
000852.SH,20240924,4642.5577,4489.4922,4642.5577,4466.3364,4469.1326,173.4251,3.8805,215782531.0,186154173.3961
000852.SH,20240925,4686.2584,4688.3888,4799.857,4681.8534,4642.5577,43.7007,0.9413,264240731.0,228396448.0701
000852.SH,20240926,4874.1321,4675.9444,4874.1321,4672.8658,4686.2584,187.8737,4.009,253977829.0,222158651.4669
000852.SH,20240927,5136.4408,4950.9375,5164.5422,4944.8397,4874.1321,262.3087,5.3816,290681694.0,277755801.2704
000852.SH,20240930,5708.8258,5375.5712,5732.5678,5307.5486,5136.4408,572.385,11.1436,471432852.0,484582504.0806
000852.SH,20241008,6201.9854,6437.113,6437.113,5861.3216,5708.8258,493.1596,8.6385,550590792.0,637520550.8651
000852.SH,20241009,5727.38,6052.6705,6105.0293,5706.0452,6201.9854,-474.6054,-7.6525,458094212.0,561178624.9817
000852.SH,20241010,5654.5298,5777.8982,5881.3291,5593.9827,5727.38,-72.8502,-1.272,349628012.0,422832925.0909
000852.SH,20241011,5416.7576,5610.9476,5616.8064,5349.3206,5654.5298,-237.7722,-4.205,279992646.0,325513950.1767
000852.SH,20241014,5615.7563,5451.619,5620.4185,5346.4244,5416.7576,198.9987,3.6738,281144405.0,332914366.9244
000852.SH,20241015,5507.1758,5585.6884,5704.5604,5505.8095,5615.7563,-108.5805,-1.9335,297517095.0,380974458.3079
000852.SH,20241016,5524.2546,5425.4315,5598.8351,5424.3934,5507.1758,17.0788,0.3101,248520319.0,306601622.5343
000852.SH,20241017,5505.6149,5563.4645,5624.7937,5504.4852,5524.2546,-18.6397,-0.3374,276397486.0,351913540.3018
000852.SH,20241018,5749.4341,5495.196,5880.8958,5484.2353,5505.6149,243.8192,4.4286,359719039.0,468006517.5761
000852.SH,20241021,5860.5711,5797.0029,5954.4356,5767.7901,5749.4341,111.137,1.933,355061095.0,496180057.6071
000852.SH,20241022,5888.8148,5866.7857,5940.3672,5814.2974,5860.5711,28.2437,0.4819,347298628.0,466594853.5506
000852.SH,20241023,5903.5783,5871.3184,5991.5887,5856.3675,5888.8148,14.7635,0.2507,333753772.0,435103067.6651
000852.SH,20241024,5861.6319,5871.2864,5887.4495,5817.9319,5903.5783,-41.9464,-0.7105,264149476.0,352283289.3208
000852.SH,20241025,5974.9086,5876.4368,6014.11,5876.2135,5861.6319,113.2767,1.9325,306820665.0,394949027.9106
000852.SH,20241028,6082.0877,5988.7231,6082.0877,5965.0012,5974.9086,107.1791,1.7938,326722938.0,408798512.1494
000852.SH,20241029,5983.8364,6106.1943,6113.6381,5982.5264,6082.0877,-98.2513,-1.6154,369325299.0,475114148.3055
000852.SH,20241030,6019.3472,5960.7916,6043.5869,5945.6752,5983.8364,35.5108,0.5934,324380186.0,416947148.5424
000852.SH,20241031,6116.6632,6041.0129,6161.5551,6004.7132,6019.3472,97.316,1.6167,386119485.0,507595177.9392
000852.SH,20241101,5930.2319,6100.7899,6125.4077,5912.5322,6116.6632,-186.4313,-3.0479,409338276.0,511368123.6271
000852.SH,20241104,6053.1116,5912.3135,6053.1116,5912.3135,5930.2319,122.8797,2.0721,295637147.0,378246863.9099
000852.SH,20241105,6266.5423,6057.2076,6279.9151,6051.457,6053.1116,213.4307,3.526,390142531.0,511248826.4644
000852.SH,20241106,6293.1933,6287.2933,6368.8685,6247.1524,6266.5423,26.651,0.4253,424250101.0,551410098.2161
000852.SH,20241107,6403.9175,6238.6172,6403.9175,6229.4904,6293.1933,110.7242,1.7594,408571652.0,498495772.9355
000852.SH,20241108,6423.1217,6470.0738,6526.6496,6400.0935,6403.9175,19.2042,0.2999,451796308.0,570702092.9215
000852.SH,20241111,6579.0054,6416.1676,6580.5679,6412.5756,6423.1217,155.8837,2.4269,402436255.0,551137709.9527
000852.SH,20241112,6491.9723,6593.822,6616.1571,6429.35,6579.0054,-87.0331,-1.3229,400715244.0,547396142.3398
000852.SH,20241113,6474.3941,6453.864,6512.5971,6357.5563,6491.9723,-17.5782,-0.2708,317485928.0,420386937.3489
000852.SH,20241114,6272.1911,6462.0103,6472.9535,6263.3137,6474.3941,-202.203,-3.1231,294794718.0,387867737.3262
000852.SH,20241115,6125.5126,6246.3358,6331.8722,6124.6613,6272.1911,-146.6785,-2.3386,295191634.0,383424106.2087
000852.SH,20241118,5974.5576,6154.5074,6180.8797,5937.0854,6125.5126,-150.955,-2.4644,322672608.0,374007994.7605
000852.SH,20241119,6130.2848,5977.8438,6130.4961,5945.4558,5974.5576,155.7272,2.6065,273167526.0,327924260.7634
000852.SH,20241120,6250.8029,6116.9604,6262.0825,6105.2219,6130.2848,120.5181,1.9659,299975821.0,367521344.3503
000852.SH,20241121,6262.1644,6241.0086,6292.8595,6199.7056,6250.8029,11.3615,0.1818,299655111.0,380712417.7441
000852.SH,20241122,6030.4882,6240.0855,6280.6033,6030.3749,6262.1644,-231.6762,-3.6996,342129117.0,415874882.2441
000852.SH,20241125,6052.1287,6047.9384,6076.1906,5937.9052,6030.4882,21.6405,0.3589,277646776.0,336016461.4506
000852.SH,20241126,5981.5699,6036.6375,6093.3708,5979.3916,6052.1287,-70.5588,-1.1659,244404112.0,293810759.3189
000852.SH,20241127,6118.6636,5942.5332,6119.011,5856.9973,5981.5699,137.0937,2.2919,290946267.0,337553542.2133
000852.SH,20241128,6086.0852,6121.6778,6170.1336,6077.6009,6118.6636,-32.5784,-0.5324,301235560.0,352731886.1727
000852.SH,20241129,6189.1276,6066.7135,6246.1979,6039.8317,6086.0852,103.0424,1.6931,324762691.0,387695670.2897
000852.SH,20241202,6313.6077,6188.8016,6325.8604,6188.8016,6189.1276,124.4801,2.0113,354028066.0,408649278.0023
000852.SH,20241203,6303.2758,6318.966,6342.3568,6239.4398,6313.6077,-10.3319,-0.1636,326652363.0,377825590.965
000852.SH,20241204,6204.9448,6301.0479,6303.5046,6175.8385,6303.2758,-98.331,-1.56,299202098.0,351416845.5979
000852.SH,20241205,6285.6007,6186.1227,6302.3554,6186.1227,6204.9448,80.6559,1.2999,288535617.0,340682850.4346
000852.SH,20241206,6349.6211,6291.3019,6384.6567,6229.2124,6285.6007,64.0204,1.0185,349030963.0,392887681.462
000852.SH,20241209,6303.2721,6346.5948,6371.098,6257.5422,6349.6211,-46.349,-0.7299,293773287.0,336347274.0961
000852.SH,20241210,6362.0203,6493.5374,6497.8893,6352.762,6303.2721,58.7482,0.932,374209206.0,453736859.9848
000852.SH,20241211,6447.3744,6343.7811,6454.9713,6343.7811,6362.0203,85.3541,1.3416,331351956.0,392600350.4362
000852.SH,20241212,6490.1455,6454.942,6493.71,6390.5886,6447.3744,42.7711,0.6634,342326053.0,407629783.9325
000852.SH,20241213,6354.9883,6447.2029,6460.9385,6351.3009,6490.1455,-135.1572,-2.0825,361985513.0,430631043.5189
000852.SH,20241216,6277.5162,6355.6283,6367.8085,6248.1579,6354.9883,-77.4721,-1.2191,310215173.0,379382275.6771
000852.SH,20241217,6143.9436,6262.4928,6269.1401,6133.1291,6277.5162,-133.5726,-2.1278,274793959.0,325036282.6994
000852.SH,20241218,6195.8677,6156.6921,6242.5165,6121.0537,6143.9436,51.9241,0.8451,248024122.0,310421477.6318
000852.SH,20241219,6207.1862,6127.2202,6223.8046,6108.3942,6195.8677,11.3185,0.1827,251487924.0,320880949.1723
000852.SH,20241220,6271.7532,6195.6436,6320.9626,6191.0814,6207.1862,64.567,1.0402,243659085.0,344655611.8697
000852.SH,20241223,6096.3813,6271.7634,6276.9712,6086.912,6271.7532,-175.3719,-2.7962,258474975.0,333062018.4847
000852.SH,20241224,6164.3605,6110.7669,6165.2022,6066.226,6096.3813,67.9792,1.1151,216010918.0,281310588.1662
000852.SH,20241225,6094.6866,6158.6491,6159.5964,6037.7355,6164.3605,-69.6739,-1.1303,219027032.0,274581369.5473
000852.SH,20241226,6160.4518,6083.8873,6185.8068,6083.8873,6094.6866,65.7652,1.0791,206916739.0,280812700.3946
000852.SH,20241227,6171.5653,6164.67,6250.2013,6135.4787,6160.4518,11.1135,0.1804,237841554.0,313072970.9152
000852.SH,20241230,6145.928,6164.908,6192.5845,6097.1031,6171.5653,-25.6373,-0.4154,207712448.0,273573030.0153
000852.SH,20241231,5957.7172,6151.0339,6160.7327,5957.7172,6145.928,-188.2108,-3.0624,237990032.0,296970407.9687
000852.SH,20250102,5797.089,5948.6802,5982.5535,5743.1785,5957.7172,-160.6282,-2.6961,244125606.0,293717954.9498
000852.SH,20250103,5625.209,5808.5424,5826.0833,5609.7663,5797.089,-171.88,-2.9649,237093211.0,272348061.5165
000852.SH,20250106,5608.0344,5614.0281,5688.9223,5561.898,5625.209,-17.1746,-0.3053,203047676.0,234876628.4727
000852.SH,20250107,5692.041,5610.9462,5694.0046,5580.8851,5608.0344,84.0066,1.498,193912450.0,234287089.801
000852.SH,20250108,5661.7793,5664.3121,5706.6593,5501.4918,5692.041,-30.2617,-0.5316,225800830.0,272083991.6563
000852.SH,20250109,5672.7796,5629.8952,5714.4606,5629.8239,5661.7793,11.0003,0.1943,193320421.0,248219962.7493
000852.SH,20250110,5544.9158,5662.7667,5718.2122,5544.9158,5672.7796,-127.8638,-2.254,198014877.0,242988533.2226
000852.SH,20250113,5559.4725,5487.1249,5599.3268,5457.5095,5544.9158,14.5567,0.2625,169309190.0,201644040.9653
000852.SH,20250114,5811.0545,5580.8778,5814.7071,5562.1801,5559.4725,251.582,4.5253,235772869.0,291062201.2669
000852.SH,20250115,5775.5709,5805.898,5815.1483,5755.6247,5811.0545,-35.4836,-0.6106,204290325.0,258108817.5105
000852.SH,20250116,5801.3051,5810.0511,5906.4655,5753.764,5775.5709,25.7342,0.4456,216373239.0,268024992.5275
000852.SH,20250117,5841.5718,5780.6056,5885.4165,5755.9071,5801.3051,40.2667,0.6941,196817967.0,252875263.5416
000852.SH,20250120,5879.1495,5877.972,5925.0719,5856.8325,5841.5718,37.5777,0.6433,198430783.0,250732032.8334
000852.SH,20250121,5908.0234,5911.4048,5917.1293,5834.9644,5879.1495,28.8739,0.4911,199127834.0,273060411.9336
000852.SH,20250122,5855.7393,5879.8433,5886.7418,5824.0345,5908.0234,-52.2841,-0.885,180296760.0,245947705.3153
000852.SH,20250123,5829.0329,5911.2189,5991.845,5829.0329,5855.7393,-26.7064,-0.4561,222855753.0,296684961.4379
000852.SH,20250124,5938.1301,5815.4583,5943.1118,5815.4583,5829.0329,109.0972,1.8716,208090445.0,279147952.3638
000852.SH,20250127,5846.0686,5946.7291,5964.1497,5846.0686,5938.1301,-92.0615,-1.5503,188646200.0,253588513.6005
000852.SH,20250205,5881.4366,5900.5128,5928.8797,5851.5951,5846.0686,35.368,0.605,212005310.0,286305599.979
000852.SH,20250206,6041.8337,5869.7051,6042.0194,5853.7462,5881.4366,160.3971,2.7272,255998511.0,361378399.2207
000852.SH,20250207,6134.0545,6046.3647,6198.7478,6042.2605,6041.8337,92.2208,1.5264,323952835.0,447048589.2781
000852.SH,20250210,6210.5471,6155.0511,6218.066,6126.0819,6134.0545,76.4926,1.247,297825932.0,407767222.3073
000852.SH,20250211,6190.1739,6209.5207,6220.964,6135.8659,6210.5471,-20.3732,-0.328,288271576.0,393173431.2221
000852.SH,20250212,6284.6107,6172.3935,6284.9184,6171.0611,6190.1739,94.4368,1.5256,281342765.0,392322251.3708
000852.SH,20250213,6212.4968,6290.7898,6290.7898,6202.5929,6284.6107,-72.1139,-1.1475,312984935.0,437899818.4806
000852.SH,20250214,6248.8345,6203.4767,6257.3064,6182.2637,6212.4968,36.3377,0.5849,298005849.0,411860060.5092
000852.SH,20250217,6281.5658,6285.0404,6308.4839,6231.8675,6248.8345,32.7313,0.5238,323734337.0,458304251.9307
000852.SH,20250218,6142.138,6264.282,6282.4039,6112.5851,6281.5658,-139.4278,-2.2196,300159330.0,417068621.3579
000852.SH,20250219,6288.529,6134.9912,6290.0127,6133.9423,6142.138,146.391,2.3834,272920114.0,405139537.1194
000852.SH,20250220,6334.4143,6289.1329,6349.4737,6274.0309,6288.529,45.8853,0.7297,288110198.0,424704883.9603
000852.SH,20250221,6449.2279,6347.67,6456.9191,6317.0853,6334.4143,114.8136,1.8125,327263771.0,503581232.0976
000852.SH,20250224,6464.0235,6454.5582,6504.4001,6411.7662,6449.2279,14.7956,0.2294,318461161.0,492113846.7114
000852.SH,20250225,6435.4284,6369.2758,6503.0066,6359.8362,6464.0235,-28.5951,-0.4424,295366372.0,464348021.1878
000852.SH,20250226,6524.4057,6451.4018,6527.8463,6423.6032,6435.4284,88.9773,1.3826,303176413.0,463990773.1616
000852.SH,20250227,6499.5301,6526.8107,6550.1,6395.9084,6524.4057,-24.8756,-0.3813,311964101.0,475356399.8788
000852.SH,20250228,6270.4186,6460.9038,6468.7955,6252.0136,6499.5301,-229.1115,-3.525,295559675.0,433909057.5246
000852.SH,20250303,6273.6699,6291.0501,6382.0476,6240.5682,6270.4186,3.2513,0.0519,266945412.0,388839572.584
000852.SH,20250304,6357.6277,6218.8312,6364.121,6217.8102,6273.6699,83.9578,1.3383,229548486.0,347694980.4436
000852.SH,20250305,6398.237,6365.4316,6401.8307,6318.2868,6357.6277,40.6093,0.6387,238961847.0,359566648.0673
000852.SH,20250306,6534.9711,6438.159,6548.8545,6435.5431,6398.237,136.7341,2.1371,300554770.0,464779819.1476
000852.SH,20250307,6507.7645,6512.7324,6577.9511,6465.2639,6534.9711,-27.2066,-0.4163,308888807.0,463226928.2827
000852.SH,20250310,6520.9725,6519.0281,6541.5929,6466.9027,6507.7645,13.208,0.203,256522113.0,374384335.1279
000852.SH,20250311,6551.7341,6438.2445,6551.7341,6432.7582,6520.9725,30.7616,0.4717,252455216.0,366244090.0843
000852.SH,20250312,6566.9679,6585.5954,6632.3876,6564.7159,6551.7341,15.2338,0.2325,281705576.0,416300253.9275
000852.SH,20250313,6466.8509,6558.419,6570.8865,6405.7315,6566.9679,-100.117,-1.5246,266825677.0,384618292.9181
000852.SH,20250314,6571.1707,6463.9245,6575.8189,6428.2246,6466.8509,104.3198,1.6131,276329994.0,384170674.1161
000852.SH,20250317,6589.5655,6585.8207,6609.8893,6557.6343,6571.1707,18.3948,0.2799,252080841.0,353560411.3509
000852.SH,20250318,6611.9263,6605.043,6642.8565,6581.9646,6589.5655,22.3608,0.3393,234726563.0,344774184.0429
000852.SH,20250319,6564.6767,6590.5553,6598.5082,6536.7163,6611.9263,-47.2496,-0.7146,219662999.0,319556371.5247
000852.SH,20250320,6535.0624,6551.8204,6596.271,6528.8581,6564.6767,-29.6143,-0.4511,231907477.0,316002108.4352
000852.SH,20250321,6405.611,6507.9498,6531.7604,6389.6151,6535.0624,-129.4514,-1.9809,256205335.0,330125305.3705
000852.SH,20250324,6360.3412,6403.5651,6412.5184,6244.8682,6405.611,-45.2698,-0.7067,257684583.0,320142693.5244
000852.SH,20250325,6310.7641,6355.8136,6382.1882,6289.1242,6360.3412,-49.5771,-0.7795,231663781.0,281993855.6072
000852.SH,20250326,6334.9077,6297.3288,6371.1014,6297.3288,6310.7641,24.1436,0.3826,206679513.0,248639805.634
000852.SH,20250327,6328.7665,6315.0972,6394.2102,6254.8872,6334.9077,-6.1412,-0.0969,198894704.0,256610200.4937
000852.SH,20250328,6268.3214,6326.8127,6356.8035,6261.6855,6328.7665,-60.4451,-0.9551,196553528.0,246785917.2646
000852.SH,20250331,6226.6488,6229.5555,6259.3642,6143.6495,6268.3214,-41.6726,-0.6648,207382027.0,267799428.2402
000852.SH,20250401,6259.4838,6242.0714,6300.6658,6240.2035,6226.6488,32.835,0.5273,182332217.0,241767488.0587
000852.SH,20250402,6277.2533,6252.6304,6316.6356,6251.8519,6259.4838,17.7695,0.2839,159266425.0,208427533.5655
000852.SH,20250403,6203.257,6208.2877,6299.1645,6168.5351,6277.2533,-73.9963,-1.1788,183699630.0,238273426.1679
000852.SH,20250407,5496.4427,5811.5439,5905.573,5437.4532,6203.257,-706.8143,-11.3942,277214829.0,311471174.8146
000852.SH,20250408,5530.0189,5475.5599,5632.6405,5426.0341,5496.4427,33.5762,0.6109,309701516.0,342259642.9352
000852.SH,20250409,5652.3303,5439.1767,5688.4848,5224.9734,5530.0189,122.3114,2.2118,305724039.0,342055474.0109
000852.SH,20250410,5784.5853,5766.5051,5883.4593,5766.4063,5652.3303,132.255,2.3398,274161849.0,329964030.6338
000852.SH,20250411,5862.1876,5744.795,5923.1357,5743.078,5784.5853,77.6023,1.3415,222139162.0,288233391.7424
000852.SH,20250414,5938.5262,5933.992,5979.902,5914.254,5862.1876,76.3386,1.3022,216581141.0,272673485.1537
000852.SH,20250415,5914.0286,5938.5727,5949.8612,5872.2874,5938.5262,-24.4976,-0.4125,183047848.0,225752074.3111
000852.SH,20250416,5835.348,5897.2004,5903.1192,5758.6655,5914.0286,-78.6806,-1.3304,190423901.0,229430157.8707
000852.SH,20250417,5839.5639,5802.2927,5898.1785,5801.1198,5835.348,4.2159,0.0722,173196708.0,212948447.362
000852.SH,20250418,5831.6869,5833.108,5855.6924,5793.7872,5839.5639,-7.877,-0.1349,164444603.0,190723835.6346
000852.SH,20250421,5952.6374,5826.6219,5952.7177,5802.8345,5831.6869,120.9505,2.074,192711500.0,228800249.6976
000852.SH,20250422,5949.3123,5947.1488,5974.317,5923.5885,5952.6374,-3.3251,-0.0559,206457074.0,246793931.9787
000852.SH,20250423,5984.5833,5971.4728,6013.2752,5954.0266,5949.3123,35.271,0.5929,218196156.0,274309975.8492
000852.SH,20250424,5920.4776,5979.4063,5984.367,5897.6501,5984.5833,-64.1057,-1.0712,199796564.0,237867471.2379
000852.SH,20250425,5939.5021,5927.316,5982.7147,5901.0766,5920.4776,19.0245,0.3213,198087660.0,234799469.5891
000852.SH,20250428,5877.0566,5933.4191,5939.9584,5868.8716,5939.5021,-62.4455,-1.0514,194950891.0,221937583.6188
000852.SH,20250429,5903.3812,5850.8273,5921.5557,5836.0307,5877.0566,26.3246,0.4479,186023394.0,219411784.6206
000852.SH,20250430,5950.1169,5907.188,5972.655,5907.188,5903.3812,46.7357,0.7917,195458998.0,241759324.2408
000852.SH,20250506,6102.9221,5993.3338,6102.9221,5993.3338,5950.1169,152.8052,2.5681,220209623.0,283658443.3114
000852.SH,20250507,6111.4946,6171.607,6195.1394,6063.6435,6102.9221,8.5725,0.1405,233922951.0,296522333.5667
000852.SH,20250508,6158.0774,6093.5595,6167.1462,6087.3724,6111.4946,46.5828,0.7622,203915826.0,262739570.0405
000852.SH,20250509,6082.0817,6153.5288,6153.5288,6054.9347,6158.0774,-75.9957,-1.2341,189221287.0,242809574.2891
000852.SH,20250512,6167.4606,6122.6686,6167.4606,6110.0218,6082.0817,85.3789,1.4038,196847210.0,264308289.5881
000852.SH,20250513,6151.0098,6219.4535,6220.4448,6141.6803,6167.4606,-16.4508,-0.2667,203274217.0,263462633.9013
000852.SH,20250514,6160.3697,6144.2464,6199.2987,6111.1119,6151.0098,9.3599,0.1522,211559083.0,252514241.0337
000852.SH,20250515,6057.0357,6146.0016,6146.0016,6055.839,6160.3697,-103.334,-1.6774,190523814.0,224907797.7933
000852.SH,20250516,6068.1165,6042.2198,6098.8779,6042.2198,6057.0357,11.0808,0.1829,176394759.0,206157492.5576
000852.SH,20250519,6095.3369,6073.2032,6100.8015,6009.9513,6068.1165,27.2204,0.4486,184712990.0,214012637.2581
000852.SH,20250520,6146.0166,6097.3639,6154.9544,6078.2177,6095.3369,50.6797,0.8315,192957294.0,232587241.7427
000852.SH,20250521,6132.1809,6137.0956,6141.7256,6109.9246,6146.0166,-13.8357,-0.2251,196550842.0,234419144.8154
000852.SH,20250522,6066.1031,6113.2068,6146.2012,6062.5927,6132.1809,-66.0778,-1.0776,186395737.0,220813672.5152
000852.SH,20250523,5989.6752,6060.5179,6099.2273,5989.6752,6066.1031,-76.4279,-1.2599,184923774.0,224806210.8536
000852.SH,20250526,6028.7861,5991.8585,6038.8058,5981.8422,5989.6752,39.1109,0.653,155988794.0,191925536.2686
000852.SH,20250527,6008.4599,6019.5428,6023.1435,5971.3474,6028.7861,-20.3262,-0.3372,157945758.0,193605916.8861
000852.SH,20250528,5984.4557,6006.8889,6023.8247,5972.1843,6008.4599,-24.0042,-0.3995,159105494.0,191732662.6676
000852.SH,20250529,6089.5778,5980.8569,6091.9619,5980.8569,5984.4557,105.1221,1.7566,189376466.0,232575959.0701
000852.SH,20250530,6026.5603,6075.4504,6075.4504,6016.8913,6089.5778,-63.0175,-1.0348,186918671.0,228038836.6055
000852.SH,20250603,6070.0368,6009.1844,6086.6158,6008.5447,6026.5603,43.4765,0.7214,191764672.0,234296502.2524
000852.SH,20250604,6123.172,6067.8272,6124.703,6067.8272,6070.0368,53.1352,0.8754,186955850.0,232039996.4022
000852.SH,20250605,6167.0149,6125.8903,6174.8499,6101.8461,6123.172,43.8429,0.716,206077919.0,273238606.8617
000852.SH,20250606,6152.8446,6164.4097,6169.5679,6137.5651,6167.0149,-14.1703,-0.2298,178339582.0,240362538.7201
000852.SH,20250609,6218.9637,6161.1381,6226.383,6158.9031,6152.8446,66.1191,1.0746,193283632.0,255785048.7021
000852.SH,20250610,6161.6919,6220.0416,6220.0416,6098.0886,6218.9637,-57.2718,-0.9209,220060485.0,277218151.0002
000852.SH,20250611,6186.5122,6162.1568,6221.202,6162.1568,6161.6919,24.8203,0.4028,197643580.0,243671184.6078
000852.SH,20250612,6192.22,6171.5572,6202.7273,6151.0355,6186.5122,5.7078,0.0923,197018749.0,250824401.4937
000852.SH,20250613,6106.0083,6174.4316,6183.7141,6088.571,6192.22,-86.2117,-1.3923,236889547.0,298969326.9478
000852.SH,20250616,6147.46,6089.9633,6151.5134,6089.9633,6106.0083,41.4517,0.6789,197310933.0,253087825.5843
000852.SH,20250617,6141.4684,6153.1473,6171.1652,6120.5704,6147.46,-5.9916,-0.0975,208427280.0,260873532.3014
000852.SH,20250618,6135.3858,6126.18,6143.2094,6086.6935,6141.4684,-6.0826,-0.099,204105755.0,256463608.4338
000852.SH,20250619,6048.2243,6127.9379,6146.6422,6028.7167,6135.3858,-87.1615,-1.4206,212217336.0,270827079.6994
000852.SH,20250620,5999.5914,6039.9913,6061.8405,5997.5898,6048.2243,-48.6329,-0.8041,180857342.0,226531986.4348
000852.SH,20250623,6078.2224,5966.4954,6083.5271,5965.6633,5999.5914,78.631,1.3106,193558490.0,239995084.5763
000852.SH,20250624,6194.666,6082.7439,6194.666,6082.7439,6078.2224,116.4436,1.9158,233453403.0,303658275.6737
000852.SH,20250625,6276.1634,6196.1529,6282.1118,6194.1479,6194.666,81.4974,1.3156,247556325.0,334997601.1756
000852.SH,20250626,6247.791,6272.4429,6310.5358,6244.7814,6276.1634,-28.3724,-0.4521,254246495.0,343746329.4481
000852.SH,20250627,6276.9373,6265.9234,6319.1607,6257.5869,6247.791,29.1463,0.4665,248563352.0,330455014.0926
000852.SH,20250630,6356.1813,6297.0769,6358.0255,6292.5142,6276.9373,79.244,1.2625,237322973.0,336221160.4152
000852.SH,20250701,6373.7679,6358.0599,6373.7679,6308.061,6356.1813,17.5866,0.2767,243537330.0,334302458.3473
000852.SH,20250702,6309.4837,6358.8725,6358.8725,6284.9999,6373.7679,-64.2842,-1.0086,238580903.0,296643998.8721
000852.SH,20250703,6342.638,6306.7451,6349.1446,6295.2252,6309.4837,33.1543,0.5255,213980765.0,270492479.3847
000852.SH,20250704,6312.1966,6338.557,6375.0672,6292.1356,6342.638,-30.4414,-0.4799,238133210.0,304676921.4806
000852.SH,20250707,6327.139,6305.0447,6333.5117,6303.8615,6312.1966,14.9424,0.2367,210477361.0,264834579.2548
000852.SH,20250708,6407.6976,6321.5525,6408.114,6318.5233,6327.139,80.5586,1.2732,235125583.0,306816858.6171
000852.SH,20250709,6390.4655,6412.1444,6431.0906,6375.0817,6407.6976,-17.2321,-0.2689,236175589.0,303195813.2887
000852.SH,20250710,6406.5677,6385.213,6427.7388,6367.6599,6390.4655,16.1022,0.252,240183380.0,296726316.9076
000852.SH,20250711,6461.0997,6411.3135,6487.4401,6388.4023,6406.5677,54.532,0.8512,282561283.0,352065982.1592
000852.SH,20250714,6462.3051,6465.506,6474.9337,6443.555,6461.0997,1.2054,0.0187,242057801.0,302637448.8188
000852.SH,20250715,6442.834,6451.9971,6472.5274,6381.5572,6462.3051,-19.4711,-0.3013,269869411.0,347377816.3601
000852.SH,20250716,6462.063,6440.5168,6487.8298,6433.5069,6442.834,19.229,0.2985,220230024.0,306082808.2167
000852.SH,20250717,6535.6713,6458.4136,6535.6713,6451.1529,6462.063,73.6083,1.1391,227831646.0,325983691.1865
000852.SH,20250718,6552.0741,6546.3622,6563.8171,6521.4998,6535.6713,16.4028,0.251,234461713.0,330217284.9224
000852.SH,20250721,6612.2589,6557.2514,6614.6058,6555.043,6552.0741,60.1848,0.9186,276591552.0,359907688.6493
000852.SH,20250722,6637.1035,6607.8261,6642.235,6597.0477,6612.2589,24.8446,0.3757,301659994.0,395915308.5536
000852.SH,20250723,6607.22,6634.1232,6667.8582,6594.483,6637.1035,-29.8835,-0.4502,294109275.0,378330158.7588
000852.SH,20250724,6701.12,6602.1685,6701.12,6602.1685,6607.22,93.9,1.4212,285418219.0,374405610.913
000852.SH,20250725,6706.6098,6708.0802,6716.7031,6674.5409,6701.12,5.4898,0.0819,264004798.0,363139664.1739
000852.SH,20250728,6729.979,6713.8176,6736.0794,6679.2113,6706.6098,23.3692,0.3485,252742904.0,359575849.6413
000852.SH,20250729,6773.8843,6724.315,6773.8843,6684.158,6729.979,43.9053,0.6524,259261236.0,383703631.5437
000852.SH,20250730,6718.4819,6758.3273,6770.8825,6662.9057,6773.8843,-55.4024,-0.8179,268179559.0,392675091.2058
000852.SH,20250731,6661.1862,6701.156,6750.0775,6639.1227,6718.4819,-57.2957,-0.8528,270138677.0,401821827.2452
000852.SH,20250801,6670.472,6665.6417,6702.6788,6625.9283,6661.1862,9.2858,0.1394,232484670.0,349070970.1474
000852.SH,20250804,6739.6936,6637.839,6739.7254,6631.1242,6670.472,69.2216,1.0377,213491525.0,329554815.2191
000852.SH,20250805,6787.4806,6753.5266,6787.4806,6744.0721,6739.6936,47.787,0.709,223724677.0,348578384.5029
000852.SH,20250806,6861.3091,6784.1749,6865.017,6774.033,6787.4806,73.8285,1.0877,258133888.0,399056054.1339
000852.SH,20250807,6862.1497,6864.4456,6876.4968,6813.7736,6861.3091,0.8406,0.0123,261389600.0,411411186.2623
000852.SH,20250808,6838.1299,6844.4385,6865.8379,6816.0939,6862.1497,-24.0198,-0.35,251465671.0,381544614.3968
000852.SH,20250811,6943.9366,6850.5717,6957.4039,6850.5717,6838.1299,105.8067,1.5473,260970241.0,401163366.844
000852.SH,20250812,6963.611,6943.666,6963.8035,6894.8459,6943.9366,19.6744,0.2833,260489869.0,409922645.2838
000852.SH,20250813,7064.3339,6966.2732,7070.5036,6966.2732,6963.611,100.7229,1.4464,294653874.0,471479346.4087
000852.SH,20250814,6976.4875,7072.9027,7077.8092,6957.3966,7064.3339,-87.8464,-1.2435,317272936.0,513604373.0088
000852.SH,20250815,7117.5009,6956.5078,7117.5099,6956.5078,6976.4875,141.0134,2.0213,304005226.0,492508504.8671
000852.SH,20250818,7237.6018,7158.5311,7267.9813,7143.0663,7117.5009,120.1009,1.6874,379831263.0,606867233.3822
000852.SH,20250819,7242.8494,7231.9301,7289.0315,7193.5945,7237.6018,5.2476,0.0725,340879045.0,558781044.0921
000852.SH,20250820,7305.4613,7212.9697,7305.4613,7166.991,7242.8494,62.6119,0.8645,324751503.0,517521411.0185
000852.SH,20250821,7253.3429,7318.7569,7343.1737,7215.338,7305.4613,-52.1184,-0.7134,326822891.0,516507411.0531
000852.SH,20250822,7362.9396,7250.1914,7362.9396,7250.1914,7253.3429,109.5967,1.511,326807492.0,527766039.4483
000852.SH,20250825,7477.728,7418.3462,7504.0091,7405.9392,7362.9396,114.7884,1.559,408457655.0,660911467.9736
000852.SH,20250826,7476.4672,7457.77,7526.166,7435.3007,7477.728,-1.2608,-0.0169,363684661.0,573343123.4637
000852.SH,20250827,7336.5036,7488.9276,7565.3531,7336.5036,7476.4672,-139.9636,-1.8721,416759265.0,672784131.8939
000852.SH,20250828,7447.1101,7331.1874,7447.1101,7216.7658,7336.5036,110.6065,1.5076,381466435.0,631711691.4763
000852.SH,20250829,7438.6767,7449.8641,7477.2041,7380.8299,7447.1101,-8.4334,-0.1132,327640881.0,565058625.6631
000852.SH,20250901,7501.1483,7475.0003,7502.5918,7424.3412,7438.6767,62.4716,0.8398,324220712.0,564568450.6789
000852.SH,20250902,7313.8824,7498.4447,7499.6024,7258.5892,7501.1483,-187.2659,-2.4965,350435853.0,598514462.4498
000852.SH,20250903,7206.8758,7336.3859,7361.0283,7182.2909,7313.8824,-107.0066,-1.4631,290288568.0,486667166.5626
000852.SH,20250904,7041.1544,7214.7204,7254.9988,6939.6649,7206.8758,-165.7214,-2.2995,297622754.0,488595037.9294
000852.SH,20250905,7245.667,7046.9581,7248.5769,7017.9463,7041.1544,204.5126,2.9045,282765931.0,458842754.3882
000852.SH,20250908,7311.0343,7257.3316,7321.157,7220.5906,7245.667,65.3673,0.9022,307813289.0,495541349.344
000852.SH,20250909,7226.0277,7287.4023,7315.9665,7198.3192,7311.0343,-85.0066,-1.1627,282443061.0,431928802.5402
000852.SH,20250910,7230.1678,7214.2262,7296.001,7179.7573,7226.0277,4.1401,0.0573,252674158.0,396104754.7901
000852.SH,20250911,7399.8854,7215.9279,7399.8854,7161.2808,7230.1678,169.7176,2.3474,293975142.0,486236595.1999
000852.SH,20250912,7422.8844,7402.4173,7472.8736,7387.5886,7399.8854,22.999,0.3108,315838793.0,508828451.8051
000852.SH,20250915,7415.5711,7445.4982,7454.2951,7404.4955,7422.8844,-7.3133,-0.0985,301307761.0,475104705.3718
000852.SH,20250916,7483.6282,7426.4093,7487.0662,7364.733,7415.5711,68.0571,0.9178,309010590.0,474734476.7896
000852.SH,20250917,7554.8125,7478.408,7564.816,7461.4097,7483.6282,71.1843,0.9512,301706485.0,493296275.7826
000852.SH,20250918,7476.402,7552.2302,7665.9697,7393.1799,7554.8125,-78.4105,-1.0379,398600102.0,654022739.8912
000852.SH,20250919,7438.1887,7473.0215,7520.9193,7405.2905,7476.402,-38.2133,-0.5111,295895870.0,483203148.4854
000852.SH,20250922,7489.4784,7457.8861,7489.4784,7418.4645,7438.1887,51.2897,0.6895,270362602.0,440515484.5602
000852.SH,20250923,7408.0691,7500.6181,7504.2308,7261.6656,7489.4784,-81.4093,-1.087,313260280.0,503959593.1117
000852.SH,20250924,7534.2223,7375.9106,7534.2223,7342.4699,7408.0691,126.1532,1.7029,278912761.0,494397619.5556
000852.SH,20250925,7506.5124,7521.3165,7563.0794,7487.1194,7534.2223,-27.7099,-0.3678,264403712.0,464745025.5789
000852.SH,20250926,7397.5894,7476.9372,7516.1106,7396.5847,7506.5124,-108.923,-1.451,258750259.0,436863300.9855
000852.SH,20250929,7497.8308,7415.128,7517.1178,7376.9091,7397.5894,100.2414,1.3551,258680184.0,419534690.314
000852.SH,20250930,7574.9631,7525.6243,7592.9135,7524.9153,7497.8308,77.1323,1.0287,255173785.0,442639611.1941
000852.SH,20251009,7648.0523,7623.2986,7671.171,7590.4725,7574.9631,73.0892,0.9649,303491380.0,530500291.4147
000852.SH,20251010,7533.8201,7608.2917,7621.9758,7513.166,7648.0523,-114.2322,-1.4936,290429922.0,485703734.7843
000852.SH,20251013,7519.7636,7250.5787,7535.2069,7250.5787,7533.8201,-14.0565,-0.1866,288400411.0,470990827.3915
000852.SH,20251014,7373.1522,7580.3927,7611.8255,7342.5996,7519.7636,-146.6114,-1.9497,304412013.0,506690155.1489
000852.SH,20251015,7483.449,7384.0113,7484.0488,7315.4827,7373.1522,110.2968,1.4959,244853965.0,403797525.5239
000852.SH,20251016,7401.8375,7460.763,7472.7549,7378.2971,7483.449,-81.6115,-1.0906,234643070.0,374296521.876
000852.SH,20251017,7185.4781,7395.8658,7426.2097,7176.9587,7401.8375,-216.3594,-2.923,254327325.0,383875372.638
000852.SH,20251020,7239.1845,7259.4863,7301.9882,7196.2804,7185.4781,53.7064,0.7474,218579676.0,328445222.6167
000852.SH,20251021,7344.0468,7257.1124,7350.9226,7236.6344,7239.1845,104.8623,1.4485,237250165.0,348158794.7869
000852.SH,20251022,7312.21,7304.964,7349.7969,7278.7127,7344.0468,-31.8368,-0.4335,227324503.0,332181328.1308
000852.SH,20251023,7308.0992,7292.3904,7319.5504,7192.416,7312.21,-4.1108,-0.0562,231568976.0,328574781.9274
000852.SH,20251024,7419.2352,7340.6692,7419.4072,7340.6692,7308.0992,111.136,1.5207,245559953.0,397473067.3757
000852.SH,20251027,7495.3831,7483.2951,7511.4144,7430.6195,7419.2352,76.1479,1.0264,265344749.0,458169856.6479
000852.SH,20251028,7479.221,7462.9114,7534.0514,7443.7011,7495.3831,-16.1621,-0.2156,251804249.0,431016068.6365
000852.SH,20251029,7569.117,7481.2368,7569.117,7469.0703,7479.221,89.896,1.2019,265846129.0,439161754.3187
000852.SH,20251030,7485.0848,7560.5999,7569.1562,7476.7009,7569.117,-84.0322,-1.1102,297385269.0,478507155.1805
000852.SH,20251031,7506.6746,7480.6583,7583.0326,7480.6583,7485.0848,21.5898,0.2884,299745206.0,475587998.2279
000852.SH,20251103,7538.1178,7507.3741,7539.3269,7417.2734,7506.6746,31.4432,0.4189,278241705.0,432422773.3805
000852.SH,20251104,7435.7308,7523.6395,7523.6395,7387.3777,7538.1178,-102.387,-1.3583,251677413.0,381678891.7586
000852.SH,20251105,7464.8632,7332.1037,7490.9036,7332.1037,7435.7308,29.1324,0.3918,258548178.0,373351692.0875
000852.SH,20251106,7551.8299,7482.9075,7551.8299,7466.7522,7464.8632,86.9667,1.165,263612959.0,405168970.7234
000852.SH,20251107,7541.878,7519.7475,7581.5597,7492.9255,7551.8299,-9.9519,-0.1318,267888664.0,419611056.7381
000852.SH,20251110,7563.2535,7568.7514,7592.7574,7515.684,7541.878,21.3755,0.2834,274361317.0,433797531.4567
000852.SH,20251111,7540.791,7579.9084,7598.9881,7530.1438,7563.2535,-22.4625,-0.297,265250731.0,404867228.0365
000852.SH,20251112,7486.3766,7520.1786,7537.7609,7421.459,7540.791,-54.4144,-0.7216,266963363.0,390482493.659
000852.SH,20251113,7590.5763,7483.6641,7604.8907,7475.5108,7486.3766,104.1997,1.3919,275636073.0,420596449.3424
000852.SH,20251114,7502.7567,7527.8343,7591.3153,7502.7567,7590.5763,-87.8196,-1.157,271972783.0,406292990.1942
000852.SH,20251117,7523.0758,7514.8395,7544.7234,7487.8078,7502.7567,20.3191,0.2708,261156118.0,391318349.646
000852.SH,20251118,7448.1007,7508.531,7521.6563,7412.276,7523.0758,-74.9751,-0.9966,277480409.0,418065487.0024
000852.SH,20251119,7387.2084,7438.1387,7471.732,7348.0371,7448.1007,-60.8923,-0.8176,238393820.0,367172563.7376
000852.SH,20251120,7340.4118,7429.7001,7439.0443,7332.3212,7387.2084,-46.7966,-0.6335,227536090.0,356711968.7274
000852.SH,20251121,7067.703,7235.3258,7274.3341,7067.703,7340.4118,-272.7088,-3.7152,284800690.0,408671897.4381
000852.SH,20251124,7156.4085,7105.642,7190.7229,7064.5978,7067.703,88.7055,1.2551,240655062.0,368993404.4001
000852.SH,20251125,7249.9471,7195.1,7311.7266,7194.7658,7156.4085,93.5386,1.3071,245429429.0,404174105.411
000852.SH,20251126,7248.4489,7236.6554,7307.1989,7225.0866,7249.9471,-1.4982,-0.0207,231776824.0,376963938.1113
000852.SH,20251127,7257.454,7243.7141,7330.5999,7243.7141,7248.4489,9.0051,0.1242,211277412.0,365625943.2472
000852.SH,20251128,7334.2097,7257.1654,7334.2097,7239.8544,7257.454,76.7557,1.0576,200680508.0,342185224.9964
000852.SH,20251201,7386.6811,7356.5131,7388.6182,7342.5963,7334.2097,52.4714,0.7154,234411583.0,392320297.5316
000852.SH,20251202,7313.178,7364.2041,7364.2041,7299.2721,7386.6811,-73.5031,-0.9951,200512477.0,320218841.0833
000852.SH,20251203,7248.274,7312.6673,7324.2105,7220.9759,7313.178,-64.904,-0.8875,214633400.0,335034477.2083
000852.SH,20251204,7248.6573,7246.8622,7269.9017,7185.911,7248.274,0.3833,0.0053,194839254.0,311315804.9597
000852.SH,20251205,7342.4924,7244.2771,7346.9992,7194.6607,7248.6573,93.8351,1.2945,215727663.0,352805657.1803
000852.SH,20251208,7423.0462,7359.4882,7446.192,7359.4882,7342.4924,80.5538,1.0971,240918995.0,418474779.4324
000852.SH,20251209,7380.5835,7400.9344,7439.5464,7370.2962,7423.0462,-42.4627,-0.572,228491428.0,392312852.1263
000852.SH,20251210,7408.2441,7367.4924,7421.4225,7332.0525,7380.5835,27.6606,0.3748,215611134.0,360245249.6925
000852.SH,20251211,7311.9952,7421.7869,7425.441,7311.9952,7408.2441,-96.2489,-1.2992,234020873.0,381933822.5129
000852.SH,20251212,7370.9416,7312.871,7384.8479,7284.5552,7311.9952,58.9464,0.8062,243525183.0,422779414.9108
000852.SH,20251215,7309.0775,7324.4797,7375.6117,7305.8316,7370.9416,-61.8641,-0.8393,220957697.0,372658890.926
000852.SH,20251216,7181.62,7302.1591,7302.1591,7143.6148,7309.0775,-127.4575,-1.7438,230526007.0,361621759.6673
000852.SH,20251217,7288.7384,7178.3067,7303.3754,7149.0188,7181.62,107.1184,1.4916,220498775.0,366263786.1901
000852.SH,20251218,7272.4024,7244.6396,7336.7315,7241.8612,7288.7384,-16.336,-0.2241,200044662.0,348983557.1608
000852.SH,20251219,7329.8057,7295.6711,7357.0417,7279.9867,7272.4024,57.4033,0.7893,219205547.0,362345403.5695
000852.SH,20251222,7408.3488,7363.064,7433.4281,7363.064,7329.8057,78.5431,1.0716,221601886.0,381186010.9095
000852.SH,20251223,7392.4204,7410.2236,7441.4124,7363.9337,7408.3488,-15.9284,-0.215,224288566.0,397181525.7617
000852.SH,20251224,7506.3814,7391.5613,7513.2535,7386.4889,7392.4204,113.961,1.5416,217961455.0,406286039.967
000852.SH,20251225,7579.3791,7507.2965,7591.7818,7502.1544,7506.3814,72.9977,0.9725,228744917.0,434419255.5929
000852.SH,20251226,7605.5299,7575.9264,7644.8395,7550.0139,7579.3791,26.1508,0.345,266261611.0,473665628.4183
000852.SH,20251229,7594.1575,7606.435,7637.9096,7574.7748,7605.5299,-11.3724,-0.1495,264064796.0,466873470.4116
000852.SH,20251230,7597.299,7556.5373,7636.1531,7552.4006,7594.1575,3.1415,0.0414,263331874.0,468024130.5907
000852.SH,20251231,7595.2845,7606.6462,7619.2214,7560.7229,7597.299,-2.0145,-0.0265,244549231.0,440672066.7483
000852.SH,20260105,7753.88,7639.5375,7753.9594,7623.7489,7595.2845,158.5955,2.0881,305374726.0,542230841.5263
000852.SH,20260106,7864.9034,7756.1581,7864.9034,7755.0717,7753.88,111.0234,1.4318,331162034.0,580815076.3341
000852.SH,20260107,7906.4197,7881.8359,7939.7517,7864.1385,7864.9034,41.5163,0.5279,318734367.0,617917011.0248
000852.SH,20260108,7971.5887,7886.8103,7993.6305,7886.6294,7906.4197,65.169,0.8243,325563908.0,605389117.0786
000852.SH,20260109,8129.1831,7969.19,8131.4905,7969.19,7971.5887,157.5944,1.977,381043869.0,705322959.7925
000852.SH,20260112,8357.0107,8196.085,8371.7487,8171.1052,8129.1831,227.8276,2.8026,447228954.0,827564717.4808
000852.SH,20260113,8203.1327,8381.0421,8381.0421,8177.6291,8357.0107,-153.878,-1.8413,454444503.0,824652003.3137
000852.SH,20260114,8257.1716,8204.2798,8415.0982,8154.2409,8203.1327,54.0389,0.6588,489798359.0,884281078.7624
000852.SH,20260115,8240.7751,8197.0612,8267.8128,8151.1074,8257.1716,-16.3965,-0.1986,353357708.0,638659733.1555
000852.SH,20260116,8232.7293,8276.6084,8304.3989,8180.1169,8240.7751,-8.0458,-0.0976,352539405.0,633410677.2969
000852.SH,20260119,8265.6462,8204.6269,8298.4797,8187.9379,8232.7293,32.9169,0.3998,326691149.0,581675794.396
000852.SH,20260120,8182.7522,8271.7792,8300.0502,8104.9177,8265.6462,-82.894,-1.0029,336689134.0,579037016.8608
000852.SH,20260121,8247.6798,8138.682,8289.1342,8136.9184,8182.7522,64.9276,0.7935,325676368.0,564720693.7943
000852.SH,20260122,8309.3456,8272.4682,8314.2158,8252.7446,8247.6798,61.6658,0.7477,328563281.0,571805715.9982
000852.SH,20260123,8470.7438,8331.7698,8478.5555,8323.3493,8309.3456,161.3982,1.9424,393043020.0,681947636.1577
000852.SH,20260126,8365.4345,8513.2216,8530.4168,8302.0989,8470.7438,-105.3093,-1.2432,403428375.0,703181530.4633
000852.SH,20260127,8382.1533,8325.4328,8406.0994,8186.2435,8365.4345,16.7188,0.1999,365657328.0,630208311.3335
000852.SH,20260128,8399.7938,8392.7526,8432.6198,8334.6827,8382.1533,17.6405,0.2105,349658293.0,627356672.5996
000852.SH,20260129,8332.2067,8380.6053,8463.1249,8308.8249,8399.7938,-67.5871,-0.8046,401987982.0,677736377.6324
000852.SH,20260130,8254.8603,8255.3349,8313.2266,8083.9704,8332.2067,-77.3464,-0.9283,364916451.0,596749295.7849
000852.SH,20260202,7975.4283,8166.736,8221.5824,7974.5993,8254.8603,-279.432,-3.3851,308321467.0,498940799.2344
000852.SH,20260203,8209.101,8058.7625,8210.0469,8023.2383,7975.4283,233.6727,2.9299,299218458.0,525759546.4052
000852.SH,20260204,8207.1203,8184.2046,8216.2042,8101.1998,8209.101,-1.9807,-0.0241,316461150.0,516215155.9448
000852.SH,20260205,8068.0767,8121.5111,8154.5578,8027.6234,8207.1203,-139.0436,-1.6942,275816823.0,440964669.7732
000852.SH,20260206,8051.5742,7980.4657,8152.3221,7950.0104,8068.0767,-16.5025,-0.2045,281083563.0,444590291.9671
000852.SH,20260209,8233.7783,8177.291,8235.1548,8149.646,8051.5742,182.2041,2.263,282848169.0,482557298.7316
000852.SH,20260210,8250.3001,8246.2179,8274.1425,8199.5105,8233.7783,16.5218,0.2007,291916250.0,475050653.3212
000852.SH,20260211,8239.513,8239.1703,8304.1252,8236.9574,8250.3001,-10.7871,-0.1307,273234312.0,438065440.5183
000852.SH,20260212,8314.8322,8252.1854,8337.3705,8227.6044,8239.513,75.3192,0.9141,277596736.0,467860009.6331
000852.SH,20260213,8204.8294,8272.8763,8323.7152,8200.1478,8314.8322,-110.0028,-1.323,261146312.0,438924354.7927
000852.SH,20260224,8299.7705,8319.6907,8356.9141,8236.7067,8204.8294,94.9411,1.1571,279479620.0,469515616.9418
000852.SH,20260225,8426.3314,8320.6122,8449.7634,8310.3252,8299.7705,126.5609,1.5249,333447346.0,533140591.7695
000852.SH,20260226,8490.6173,8447.7826,8496.7482,8398.0656,8426.3314,64.2859,0.7629,333147608.0,571186057.01
000852.SH,20260227,8560.8433,8434.096,8561.2954,8433.7171,8490.6173,70.226,0.8271,313899563.0,549574087.5308
000852.SH,20260302,8476.965,8464.2726,8535.8073,8393.9274,8560.8433,-83.8783,-0.9798,378906281.0,659006885.1987
000852.SH,20260303,8142.4538,8495.9537,8510.8538,8128.3045,8476.965,-334.5112,-3.9461,390189579.0,664863752.0432
000852.SH,20260304,8094.5183,8039.5933,8228.8953,8039.5933,8142.4538,-47.9355,-0.5887,320689561.0,502701509.918
000852.SH,20260305,8171.1194,8235.3744,8243.829,8121.3823,8094.5183,76.6011,0.9463,315360181.0,508728534.2618
000852.SH,20260306,8248.8569,8120.4947,8273.6797,8115.4792,8171.1194,77.7375,0.9514,294633269.0,474128426.8427
000852.SH,20260309,8203.8687,8131.7424,8230.6562,7983.5685,8248.8569,-44.9882,-0.5454,356307887.0,568760663.9735
000852.SH,20260310,8350.0896,8272.9406,8351.6657,8271.4927,8203.8687,146.2209,1.7823,311685273.0,533511444.2291
000852.SH,20260311,8363.5262,8356.0899,8394.1222,8334.3282,8350.0896,13.4366,0.1609,321737332.0,549266931.1447
000852.SH,20260312,8335.9078,8357.3509,8388.6328,8267.3895,8363.5262,-27.6184,-0.3302,328212747.0,531966072.6014
000852.SH,20260313,8214.2926,8297.9132,8350.917,8196.3738,8335.9078,-121.6152,-1.4589,333123020.0,523300349.1064
000852.SH,20260316,8211.3517,8212.2671,8226.032,8089.4876,8214.2926,-2.9409,-0.0358,311532458.0,489125149.2113
000852.SH,20260317,8019.8569,8219.4995,8223.9888,8019.075,8211.3517,-191.4948,-2.3321,299723380.0,452754327.2706
000852.SH,20260318,8096.5948,8050.7135,8105.8063,7970.1894,8019.8569,76.7379,0.9568,270893554.0,419893070.2335
000852.SH,20260319,7909.2343,7988.8731,8008.3892,7874.2618,8096.5948,-187.3605,-2.3141,284591099.0,443807163.4461
000852.SH,20260320,7783.4345,7943.4127,7996.1638,7781.5786,7909.2343,-125.7998,-1.5905,299022963.0,486114330.3168
000852.SH,20260323,7409.1068,7632.9721,7712.0404,7357.6959,7783.4345,-374.3277,-4.8093,349256210.0,505938395.2976
000852.SH,20260324,7600.8569,7538.6971,7601.8826,7361.7928,7409.1068,191.7501,2.588,293855085.0,432416549.0296
000852.SH,20260325,7751.1809,7654.7838,7781.1973,7654.7838,7600.8569,150.324,1.9777,303668817.0,471082962.1768
000852.SH,20260326,7639.3762,7733.7018,7775.8927,7614.8894,7751.1809,-111.8047,-1.4424,273455133.0,404052687.6966
000852.SH,20260327,7746.3131,7526.5864,7784.5469,7526.5864,7639.3762,106.9369,1.3998,258895274.0,403803691.7702
000852.SH,20260330,7767.9301,7664.6359,7774.8508,7618.9605,7746.3131,21.617,0.2791,261174129.0,411973881.3001
000852.SH,20260331,7619.8503,7741.9588,7789.2392,7618.187,7767.9301,-148.0798,-1.9063,255255790.0,404652134.1248
000852.SH,20260401,7764.1525,7767.8829,7786.7591,7692.0096,7619.8503,144.3022,1.8938,255975644.0,420061154.0565
000852.SH,20260402,7623.4168,7733.7474,7764.0271,7581.3918,7764.1525,-140.7357,-1.8126,246841161.0,388676703.4615
000852.SH,20260403,7536.5999,7658.8213,7664.7556,7521.9443,7623.4168,-86.8169,-1.1388,223680349.0,354378845.6509
000852.SH,20260407,7606.0166,7556.2765,7640.5054,7554.4083,7536.5999,69.4167,0.9211,210974357.0,343772200.4257
000852.SH,20260408,7955.7684,7765.5504,7955.7684,7765.1971,7606.0166,349.7518,4.5984,297885172.0,520657875.3205
000852.SH,20260409,7921.4465,7881.8027,7959.0665,7872.4745,7955.7684,-34.3219,-0.4314,260650171.0,466353987.5952
000852.SH,20260410,7998.232,7981.6219,8059.7551,7981.6219,7921.4465,76.7855,0.9693,262415285.0,494992306.5409
000852.SH,20260413,8025.5724,7947.2223,8040.0258,7947.2223,7998.232,27.3404,0.3418,249849773.0,452431894.3234
000852.SH,20260414,8144.7622,8088.0504,8144.7622,8059.3801,8025.5724,119.1898,1.4851,266305825.0,509465034.8366
000852.SH,20260415,8106.1646,8186.0742,8193.2959,8083.2652,8144.7622,-38.5976,-0.4739,273841846.0,520849253.1245
000852.SH,20260416,8232.9834,8120.3576,8239.0079,8100.4892,8106.1646,126.8188,1.5645,279584433.0,504935058.8335
000852.SH,20260417,8307.4361,8225.7287,8333.2215,8223.7061,8232.9834,74.4527,0.9043,285103443.0,530440512.3121
000852.SH,20260420,8357.8139,8308.0554,8374.812,8308.0554,8307.4361,50.3778,0.6064,292029604.0,559665065.9018
000852.SH,20260421,8351.156,8331.5919,8358.1241,8270.1606,8357.8139,-6.6579,-0.0797,278996210.0,521902188.2117
000852.SH,20260422,8481.2397,8317.2778,8482.1533,8317.2778,8351.156,130.0837,1.5577,281705539.0,558389615.1697
000852.SH,20260423,8362.7402,8488.996,8500.4382,8302.8492,8481.2397,-118.4995,-1.3972,319791492.0,623696526.109
000852.SH,20260424,8304.1412,8318.5968,8360.79,8254.4309,8362.7402,-58.599,-0.7007,293748118.0,566282031.2298
000852.SH,20260427,8338.7263,8292.811,8366.3124,8249.9439,8304.1412,34.5851,0.4165,277060124.0,544735960.4172
000852.SH,20260428,8226.6919,8307.6916,8316.2671,8187.2385,8338.7263,-112.0344,-1.3435,284970446.0,549201647.0957
000852.SH,20260429,8343.0651,8163.3482,8361.4866,8163.3482,8226.6919,116.3732,1.4146,289099456.0,557143418.1826
000852.SH,20260430,8381.9465,8345.2469,8402.3557,8324.2936,8343.0651,38.8814,0.466,299115110.0,595981862.1521
000852.SH,20260506,8574.5557,8462.023,8610.8806,8462.023,8381.9465,192.6092,2.2979,330853371.0,690961217.0033
000852.SH,20260507,8714.51,8602.146,8716.8606,8573.2953,8574.5557,139.9543,1.6322,332477190.0,687608424.3746
000852.SH,20260508,8741.1507,8655.1267,8760.1944,8651.059,8714.51,26.6407,0.3057,321781545.0,656747057.0938
000852.SH,20260511,8866.7792,8807.905,8888.8726,8760.7141,8741.1507,125.6285,1.4372,344807972.0,742541492.8563
000852.SH,20260512,8821.8874,8880.4148,8881.9024,8749.722,8866.7792,-44.8918,-0.5063,320849278.0,683458191.3099
000852.SH,20260513,8955.4473,8764.0225,8958.4563,8764.0225,8821.8874,133.5599,1.514,319152706.0,677186620.7192
000852.SH,20260514,8778.7088,8989.4867,8991.85,8778.7088,8955.4473,-176.7385,-1.9735,356344177.0,730969710.7992
000852.SH,20260515,8682.6536,8786.3816,8846.5154,8616.0601,8778.7088,-96.0552,-1.0942,355707317.0,730238194.1251
000852.SH,20260518,8720.2132,8645.7632,8766.3059,8610.7417,8682.6536,37.5596,0.4326,300420672.0,628497008.2292
000852.SH,20260519,8808.6445,8691.3841,8812.0309,8602.0462,8720.2132,88.4313,1.0141,299219845.0,628935613.9947
000852.SH,20260520,8808.9095,8769.0973,8823.6839,8697.3996,8808.6445,0.265,0.003,306719188.0,653945996.3354
000852.SH,20260521,8510.4958,8852.4337,8896.6004,8500.92,8808.9095,-298.4137,-3.3876,350037951.0,744490227.3702
000852.SH,20260522,8692.6655,8578.9002,8719.3865,8521.6952,8510.4958,182.1697,2.1405,286812407.0,613491387.4979
000852.SH,20260525,8799.3116,8756.4578,8802.9457,8670.7156,8692.6655,106.6461,1.2269,302896006.0,668583970.1149
000852.SH,20260526,8687.2528,8755.9075,8756.4625,8560.8039,8799.3116,-112.0588,-1.2735,314373551.0,681153504.0486
000852.SH,20260527,8546.5142,8679.5357,8737.0548,8495.7232,8687.2528,-140.7386,-1.6201,313112354.0,668282707.8627
000852.SH,20260528,8637.743,8527.9088,8659.6101,8459.9486,8546.5142,91.2288,1.0674,300747650.0,636606110.7259
000852.SH,20260529,8408.7357,8673.798,8680.266,8357.8007,8637.743,-229.0073,-2.6512,332780217.0,705660466.9569
000852.SH,20260601,8345.1291,8393.5182,8504.9828,8339.3533,8408.7357,-63.6066,-0.7564,305706423.0,607633321.0587
000852.SH,20260602,8384.7812,8360.8072,8440.2318,8219.1526,8345.1291,39.6521,0.4752,292777853.0,589657282.8734
000852.SH,20260603,8432.679,8386.8576,8549.2486,8357.4635,8384.7812,47.8978,0.5712,318291166.0,688232619.7456
000852.SH,20260604,8420.0946,8338.854,8456.0172,8338.854,8432.679,-12.5844,-0.1492,286173609.0,599542777.8656
000852.SH,20260605,8340.9631,8380.8523,8500.1001,8305.3956,8420.0946,-79.1315,-0.9398,314953576.0,664778756.1465
000852.SH,20260608,8081.2614,8069.482,8260.1923,7987.3963,8340.9631,-259.7017,-3.1136,303536985.0,603155103.7994
000852.SH,20260609,8318.6978,8178.8231,8322.109,8096.5769,8081.2614,237.4364,2.9381,293097597.0,602773097.2703
000852.SH,20260610,8198.7232,8232.0235,8285.2864,8103.0099,8318.6978,-119.9746,-1.4422,286844566.0,582026561.1815
000852.SH,20260611,8159.4548,8158.4598,8223.5272,8084.9,8198.7232,-39.2684,-0.479,271163953.0,577080601.0808
000852.SH,20260612,8202.7991,8294.8972,8348.786,8181.4174,8159.4548,43.3443,0.5312,328599085.0,717319013.0931
000852.SH,20260615,8521.233,8269.3972,8521.233,8269.3972,8202.7991,318.4339,3.882,296012067.0,640124261.587
000852.SH,20260616,8646.4034,8534.2702,8684.6498,8508.9079,8521.233,125.1704,1.4689,298022607.0,683488867.0289
000852.SH,20260617,8704.4677,8581.6499,8705.4025,8581.6499,8646.4034,58.0643,0.6715,282227937.0,658867267.0243
000852.SH,20260618,8771.0244,8666.6378,8796.4845,8664.2777,8704.4677,66.5567,0.7646,290062435.0,680473865.6889
000852.SH,20260622,8865.676,8813.7247,8865.8148,8609.6107,8771.0244,94.6516,1.0791,335718210.0,786541007.0109
000852.SH,20260623,8680.0387,8838.7627,8862.7185,8626.1008,8865.676,-185.6373,-2.0939,303954878.0,707484276.759
000852.SH,20260624,8793.4866,8650.8156,8803.5014,8581.751,8680.0387,113.4479,1.307,286867145.0,680312177.6165
000852.SH,20260625,8825.9201,8806.0709,8872.1228,8743.2493,8793.4866,32.4335,0.3688,305442638.0,729838211.0677
000852.SH,20260626,8601.4075,8771.5979,8797.282,8563.695,8825.9201,-224.5126,-2.5438,321227656.0,755464112.2934
000852.SH,20260629,8597.8932,8616.4237,8677.6299,8413.8636,8601.4075,-3.5143,-0.0409,309871021.0,750058629.1285
000852.SH,20260630,8809.7859,8574.2495,8815.1083,8547.3122,8597.8932,211.8927,2.4645,279117364.0,685381605.2239
000852.SH,20260701,8876.6303,8827.4702,8944.1946,8806.6459,8809.7859,66.8444,0.7588,325765871.0,782800133.6208
000852.SH,20260702,8625.3336,8688.2905,8865.9659,8598.8691,8876.6303,-251.2967,-2.831,310858902.0,717867291.6224
000852.SH,20260703,8620.7886,8627.3819,8740.6676,8559.2847,8625.3336,-4.545,-0.0527,290244508.0,674994834.0993
000852.SH,20260706,8472.6028,8669.123,8694.8045,8432.8967,8620.7886,-148.1858,-1.7189,281224208.0,655013068.7307
000852.SH,20260707,8301.8035,8436.3894,8489.4759,8261.3977,8472.6028,-170.7993,-2.0159,244575082.0,544456254.0121
000852.SH,20260708,8117.8607,8315.9619,8328.9647,8117.8607,8301.8035,-183.9428,-2.2157,238283926.0,527640623.9738
000852.SH,20260709,8300.077,8161.8585,8312.6212,7978.8056,8117.8607,182.2163,2.2446,254579344.0,580421702.8881
000852.SH,20260710,8198.3078,8312.4918,8438.1942,8198.3078,8300.077,-101.7692,-1.2261,308503609.0,691814043.7439
000852.SH,20260713,7787.8529,8124.363,8171.5039,7769.2917,8198.3078,-410.4549,-5.0066,285286344.0,573788494.5179
000852.SH,20260714,7925.1232,7799.813,7934.1027,7657.6714,7787.8529,137.2703,1.7626,255892015.0,519230856.494
000852.SH,20260715,7817.8313,7959.3737,7979.0765,7783.219,7925.1232,-107.2919,-1.3538,258433271.0,504268472.7999
000852.SH,20260716,7631.7622,7713.1352,7836.39,7591.4205,7817.8313,-186.0691,-2.3801,248226871.0,473090736.1734
000852.SH,20260717,7167.9959,7599.3879,7605.6125,7163.3085,7631.7622,-463.7663,-6.0768,296242245.0,510907297.8869
000852.SH,20260720,6965.3757,7256.2669,7298.1222,6824.1446,7167.9959,-202.6202,-2.8267,308186914.0,518121843.9324
000852.SH,20260721,7259.863,6975.8931,7264.3378,6714.1869,6965.3757,294.4873,4.2279,334989399.0,572869030.3327
000852.SH,20260722,7158.7622,7196.8632,7302.4544,7118.6602,7259.863,-101.1008,-1.3926,291582470.0,518357580.3913
000852.SH,20260723,7195.4997,7169.5427,7247.1412,7113.4977,7158.7622,36.7375,0.5132,250502727.0,422221092.3518
000852.SH,20260724,6995.6931,7109.2475,7174.5521,6995.6931,7195.4997,-199.8066,-2.7768,229026635.0,379813289.8295
000852.SH,20260727,7228.7845,6981.1649,7228.7845,6972.2815,6995.6931,233.0914,3.3319,225960825.0,390089645.4517
000852.SH,20260728,7026.2761,7135.7349,7189.1772,6992.9441,7228.7845,-202.5084,-2.8014,225776735.0,393766907.5445
000852.SH,20260729,7095.1863,7020.2233,7132.3518,6897.3922,7026.2761,68.9102,0.9807,271374083.0,458880097.3953
000852.SH,20260730,6900.6579,7053.0899,7121.523,6841.751,7095.1863,-194.5284,-2.7417,259507814.0,436231656.9888
000852.SH,20260731,7075.5065,7082.7535,7218.0614,7071.0481,6900.6579,174.8486,2.5338,283219421.0,498602137.1765
