ts_code,trade_date,close,open,high,low,pre_close,change,pct_chg,vol,amount
932000.CSI,20160104,2953.1497,3210.9299,3210.9299,2953.1497,3221.0948,-267.9451,-8.3184,27223905.01,50423803.75
932000.CSI,20160105,2872.1377,2779.8654,2928.3161,2779.8654,2953.1497,-81.012,-2.7432,38818272.56,67737687.811
932000.CSI,20160106,2959.8784,2884.6379,2959.8784,2862.9061,2872.1377,87.7407,3.0549,32457381.91,59650469.759
932000.CSI,20160107,2715.102,2905.9973,2905.9973,2713.8663,2959.8784,-244.7764,-8.2698,8771476.81,15593741.964
932000.CSI,20160108,2727.5869,2770.8629,2774.9708,2580.9334,2715.102,12.4849,0.4598,36752230.2,62279898.888
932000.CSI,20160111,2529.8184,2663.2281,2684.0334,2529.0918,2727.5869,-197.7685,-7.2507,32909538.43,52128944.348
932000.CSI,20160112,2530.7388,2517.8796,2561.0479,2468.6472,2529.8184,0.9204,0.0364,28207241.07,44772616.447
932000.CSI,20160113,2429.2719,2540.1239,2564.4567,2429.2719,2530.7388,-101.4669,-4.0094,25809302.49,41122991.552
932000.CSI,20160114,2518.6289,2344.8417,2520.289,2344.8417,2429.2719,89.357,3.6783,29157364.23,44545723.956
932000.CSI,20160115,2423.8541,2493.8568,2523.8044,2416.1631,2518.6289,-94.7748,-3.763,28256321.32,44618453.21
932000.CSI,20160118,2484.7507,2371.1741,2503.9595,2371.1741,2423.8541,60.8966,2.5124,25695579.88,41076526.329
932000.CSI,20160119,2583.0846,2476.5244,2585.9557,2476.5244,2484.7507,98.3339,3.9575,31657300.37,51143314.949
932000.CSI,20160120,2578.3155,2566.9202,2610.5271,2546.5721,2583.0846,-4.7691,-0.1846,32431793.45,53420260.755
932000.CSI,20160121,2466.2265,2534.9103,2597.1367,2466.2265,2578.3155,-112.089,-4.3474,30273178.79,49477031.526
932000.CSI,20160122,2511.8097,2493.542,2511.8097,2435.4225,2466.2265,45.5832,1.8483,25082444.48,40754425.849
932000.CSI,20160125,2546.4495,2530.9544,2562.4668,2516.0717,2511.8097,34.6398,1.3791,23618344.61,39779986.636
932000.CSI,20160126,2356.5528,2515.0312,2515.0312,2354.1728,2546.4495,-189.8967,-7.4573,28893815.4,44541320.52
932000.CSI,20160127,2326.5696,2362.2236,2362.2236,2206.7137,2356.5528,-29.9832,-1.2723,28941365.62,41750463.43
932000.CSI,20160128,2212.6776,2291.6274,2313.4335,2208.9029,2326.5696,-113.892,-4.8953,22366136.12,33164379.561
932000.CSI,20160129,2293.6581,2201.245,2314.8232,2201.245,2212.6776,80.9805,3.6598,23794310.38,34641014.668
932000.CSI,20160201,2270.7963,2288.7363,2311.9513,2244.0979,2293.6581,-22.8618,-0.9967,22173250.05,33073436.614
932000.CSI,20160202,2359.0091,2271.0612,2360.4935,2271.0612,2270.7963,88.2128,3.8847,23367885.4,35382677.377
932000.CSI,20160203,2378.9278,2331.3792,2384.321,2321.8703,2359.0091,19.9187,0.8444,22054813.48,33388708.463
932000.CSI,20160204,2439.1969,2382.7655,2443.6422,2382.7655,2378.9278,60.2691,2.5335,24881336.53,39339268.93
932000.CSI,20160205,2416.4838,2447.8383,2456.6573,2416.4838,2439.1969,-22.7131,-0.9312,21832793.38,34624726.661
932000.CSI,20160215,2419.7029,2330.0269,2429.2777,2330.0269,2416.4838,3.2191,0.1332,18880480.39,28601427.913
932000.CSI,20160216,2516.9068,2427.0099,2518.6688,2427.0099,2419.7029,97.2039,4.0172,27006945.2,44119232.911
932000.CSI,20160217,2557.0227,2513.9904,2557.0227,2499.0811,2516.9068,40.1159,1.5939,30624613.48,51288972.844
932000.CSI,20160218,2554.879,2571.1729,2582.3773,2554.3204,2557.0227,-2.1437,-0.0838,32507566.46,54767998.856
932000.CSI,20160219,2574.3797,2545.0522,2584.7603,2544.9594,2554.879,19.5007,0.7633,26877526.82,45679738.669
932000.CSI,20160222,2630.4889,2605.5052,2630.4889,2595.0693,2574.3797,56.1092,2.1795,31753828.0,53452970.904
932000.CSI,20160223,2617.6237,2631.7942,2634.2962,2581.5871,2630.4889,-12.8652,-0.4891,31081697.22,52852131.427
932000.CSI,20160224,2615.9016,2606.662,2633.1501,2563.5289,2617.6237,-1.7221,-0.0658,32580511.79,55566971.025
932000.CSI,20160225,2412.7624,2607.3065,2607.3065,2408.2702,2615.9016,-203.1392,-7.7656,35941524.84,57491574.171
932000.CSI,20160226,2408.0121,2432.1541,2433.0571,2362.9411,2412.7624,-4.7503,-0.1969,28401814.65,44056663.091
932000.CSI,20160229,2254.4613,2390.7575,2390.7575,2239.4268,2408.0121,-153.5508,-6.3767,27471921.43,37616474.369
932000.CSI,20160301,2299.8285,2251.5625,2310.843,2217.0478,2254.4613,45.3672,2.0123,27303922.0,39795782.272
932000.CSI,20160302,2408.2205,2292.7909,2410.9834,2292.7909,2299.8285,108.392,4.713,34462615.1,50154154.038
932000.CSI,20160303,2411.9057,2408.1533,2455.9232,2408.1533,2408.2205,3.6852,0.153,34235151.88,51257019.624
932000.CSI,20160304,2321.2387,2396.681,2411.5942,2301.52,2411.9057,-90.667,-3.7591,32570960.21,45889835.571
932000.CSI,20160307,2381.6362,2342.1346,2392.6378,2342.1346,2321.2387,60.3975,2.602,27464058.43,38641108.009
932000.CSI,20160308,2403.3888,2377.4901,2403.3888,2288.3185,2381.6362,21.7526,0.9133,31816279.11,45267829.748
932000.CSI,20160309,2352.8075,2348.1424,2386.9142,2346.2865,2403.3888,-50.5813,-2.1046,24597163.98,35532539.893
932000.CSI,20160310,2310.9936,2354.6639,2369.9512,2310.9936,2352.8075,-41.8139,-1.7772,21404661.14,31052821.03
932000.CSI,20160311,2307.4099,2287.049,2322.5065,2276.5873,2310.9936,-3.5837,-0.1551,18181674.27,26080554.783
932000.CSI,20160314,2394.5328,2332.9107,2414.6037,2332.9107,2307.4099,87.1229,3.7758,27689371.32,42064330.894
932000.CSI,20160315,2379.4505,2387.7854,2403.9199,2369.727,2394.5328,-15.0823,-0.6299,23016885.27,35659556.664
932000.CSI,20160316,2356.3864,2404.793,2404.793,2343.2505,2379.4505,-23.0641,-0.9693,23961378.66,34690932.702
932000.CSI,20160317,2438.8301,2362.5873,2439.3688,2362.5873,2356.3864,82.4437,3.4987,30899923.02,46733910.559
932000.CSI,20160318,2528.4027,2443.7717,2533.4969,2443.7717,2438.8301,89.5726,3.6728,41465996.15,64216079.717
932000.CSI,20160321,2595.1353,2555.2571,2595.1353,2546.1257,2528.4027,66.7326,2.6393,43246951.31,68752821.762
932000.CSI,20160322,2593.1873,2571.0521,2612.2579,2571.0521,2595.1353,-1.948,-0.0751,37590596.18,60410065.769
932000.CSI,20160323,2622.2488,2584.4928,2622.2488,2582.8684,2593.1873,29.0615,1.1207,31747715.82,53984277.641
932000.CSI,20160324,2593.3332,2601.3309,2641.7027,2579.8317,2622.2488,-28.9156,-1.1027,35448940.19,61184341.279
932000.CSI,20160325,2610.4978,2586.2528,2613.2947,2576.4158,2593.3332,17.1646,0.6619,27860188.74,50906639.223
932000.CSI,20160328,2600.2064,2625.2465,2651.9234,2589.9049,2610.4978,-10.2914,-0.3942,34450482.98,57212774.808
932000.CSI,20160329,2545.3474,2593.9342,2593.9342,2523.6205,2600.2064,-54.859,-2.1098,27690527.76,46374190.639
932000.CSI,20160330,2643.3577,2565.6575,2643.3577,2565.6575,2545.3474,98.0103,3.8506,30464460.42,53317615.665
932000.CSI,20160331,2672.0992,2660.0223,2689.5108,2657.544,2643.3577,28.7415,1.0873,36288131.56,66720250.349
932000.CSI,20160401,2667.2396,2660.7383,2670.1645,2628.6521,2672.0992,-4.8596,-0.1819,31612647.81,57858310.874
932000.CSI,20160405,2738.3376,2668.9145,2739.9252,2668.9145,2667.2396,71.098,2.6656,36071954.44,63551179.256
932000.CSI,20160406,2757.5169,2727.3348,2757.5169,2726.4996,2738.3376,19.1793,0.7004,35670655.36,63162418.358
932000.CSI,20160407,2711.8739,2760.6066,2760.6066,2711.8739,2757.5169,-45.643,-1.6552,35146412.43,63791143.323
932000.CSI,20160408,2686.7735,2685.4235,2692.0267,2656.4431,2711.8739,-25.1004,-0.9256,28648748.3,52186593.365
932000.CSI,20160411,2744.9609,2706.5163,2751.9905,2706.5163,2686.7735,58.1874,2.1657,31788529.5,57404067.657
932000.CSI,20160412,2728.1995,2741.7768,2747.9082,2701.1289,2744.9609,-16.7614,-0.6106,30447271.91,55258391.111
932000.CSI,20160413,2768.8813,2739.5858,2797.4174,2739.5858,2728.1995,40.6818,1.4912,38715277.28,67273328.589
932000.CSI,20160414,2813.2003,2783.7809,2813.2003,2776.9565,2768.8813,44.319,1.6006,32399860.96,57966920.066
932000.CSI,20160415,2822.5197,2812.6079,2826.5835,2800.4722,2813.2003,9.3194,0.3313,32519000.65,57479845.739
932000.CSI,20160418,2792.4042,2804.8423,2804.8423,2777.9328,2822.5197,-30.1155,-1.067,30488730.44,52668721.198
932000.CSI,20160419,2803.7161,2803.5075,2808.7687,2782.6068,2792.4042,11.3119,0.4051,30757173.67,52215822.286
932000.CSI,20160420,2683.5419,2810.6318,2810.6318,2646.939,2803.7161,-120.1742,-4.2862,45907267.33,75728286.273
932000.CSI,20160421,2646.9102,2668.4372,2700.1786,2646.5473,2683.5419,-36.6317,-1.3651,34066295.57,56065215.633
932000.CSI,20160422,2669.3813,2626.2703,2669.3813,2626.2703,2646.9102,22.4711,0.849,26406656.57,43954171.475
932000.CSI,20160425,2662.8805,2660.3109,2668.6013,2632.3065,2669.3813,-6.5008,-0.2435,25221741.08,41639420.099
932000.CSI,20160426,2699.0675,2658.1428,2699.0675,2657.3467,2662.8805,36.187,1.3589,24977526.42,41185830.235
932000.CSI,20160427,2696.0897,2700.4618,2726.3196,2690.1414,2699.0675,-2.9778,-0.1103,28404002.84,46977956.863
932000.CSI,20160428,2689.23,2692.7047,2692.7047,2632.7417,2696.0897,-6.8597,-0.2544,26377038.23,43443736.974
932000.CSI,20160429,2695.5053,2674.5448,2704.9686,2674.5448,2689.23,6.2753,0.2333,22037015.02,37112699.974
932000.CSI,20160503,2773.5299,2693.5622,2773.5299,2684.8307,2695.5053,78.0246,2.8946,30746115.17,51248736.655
932000.CSI,20160504,2779.2693,2764.5113,2797.9095,2764.5113,2773.5299,5.7394,0.2069,31656286.99,54402666.509
932000.CSI,20160505,2800.868,2773.8694,2800.868,2772.0367,2779.2693,21.5987,0.7771,27948764.9,49137859.345
932000.CSI,20160506,2685.9313,2803.414,2812.1948,2685.9313,2800.868,-114.9367,-4.1036,38928461.05,66958919.534
932000.CSI,20160509,2562.6013,2650.3113,2650.3113,2550.6882,2685.9313,-123.33,-4.5917,30991797.76,48549189.744
932000.CSI,20160510,2548.9764,2550.1281,2567.9906,2537.4952,2562.6013,-13.6249,-0.5317,20920465.68,33691792.877
932000.CSI,20160511,2515.2279,2560.0311,2560.0311,2514.9641,2548.9764,-33.7485,-1.324,24399124.73,39319147.029
932000.CSI,20160512,2495.538,2471.0794,2495.538,2428.5966,2515.2279,-19.6899,-0.7828,23561373.75,36593344.139
932000.CSI,20160513,2490.108,2486.2204,2520.1459,2481.699,2495.538,-5.43,-0.2176,21467439.24,33780501.481
932000.CSI,20160516,2541.0385,2484.6062,2541.0385,2479.0156,2490.108,50.9305,2.0453,23026063.42,35585840.639
932000.CSI,20160517,2539.8952,2541.9736,2559.1744,2528.5336,2541.0385,-1.1433,-0.045,26392406.18,42197101.696
932000.CSI,20160518,2452.7762,2512.651,2512.651,2436.7625,2539.8952,-87.119,-3.43,27564996.16,41080689.051
932000.CSI,20160519,2467.1726,2448.1683,2497.706,2448.1683,2452.7762,14.3964,0.5869,22964742.15,36128215.76
932000.CSI,20160520,2490.0389,2443.181,2490.0389,2443.181,2467.1726,22.8663,0.9268,22140202.69,34389161.41
932000.CSI,20160523,2534.9674,2494.4139,2534.9674,2494.4139,2490.0389,44.9285,1.8043,25952032.16,40537885.717
932000.CSI,20160524,2510.9597,2530.129,2530.129,2497.9514,2534.9674,-24.0077,-0.9471,22739877.17,35456626.869
932000.CSI,20160525,2504.0984,2526.2603,2537.4913,2497.1915,2510.9597,-6.8613,-0.2733,22009532.19,35452033.452
932000.CSI,20160526,2513.0889,2496.5061,2513.0889,2446.4302,2504.0984,8.9905,0.359,23991578.51,36063871.077
932000.CSI,20160527,2519.3456,2509.1112,2534.7748,2508.2493,2513.0889,6.2567,0.249,23438739.31,36633609.407
932000.CSI,20160530,2509.1501,2506.0298,2525.944,2490.1966,2519.3456,-10.1955,-0.4047,21349319.35,33165405.563
932000.CSI,20160531,2604.0659,2509.8371,2604.0659,2509.8371,2509.1501,94.9158,3.7828,35392473.47,54566044.527
932000.CSI,20160601,2632.5142,2607.8296,2639.6963,2607.8296,2604.0659,28.4483,1.0925,37150698.11,60982219.912
932000.CSI,20160602,2662.4364,2627.5586,2662.4364,2627.5586,2632.5142,29.9222,1.1366,31190835.18,52586013.936
932000.CSI,20160603,2669.5865,2664.2639,2682.1928,2653.3718,2662.4364,7.1501,0.2686,32553158.39,57013365.348
932000.CSI,20160606,2682.5004,2676.1292,2683.3105,2668.5785,2669.5865,12.9139,0.4837,28917696.39,48683755.123
932000.CSI,20160607,2695.1942,2684.2918,2695.1942,2671.3672,2682.5004,12.6938,0.4732,29562505.5,51014017.182
932000.CSI,20160608,2691.9333,2690.3493,2706.9121,2665.4557,2695.1942,-3.2609,-0.121,32795079.73,56994347.773
932000.CSI,20160613,2549.2994,2650.9935,2663.1365,2549.2994,2691.9333,-142.6339,-5.2986,38875459.47,62016997.971
932000.CSI,20160614,2558.8218,2530.1587,2559.613,2528.0932,2549.2994,9.5224,0.3735,29055607.63,44320851.492
932000.CSI,20160615,2651.28,2532.2897,2655.6275,2532.2897,2558.8218,92.4582,3.6133,37991545.44,58483695.026
932000.CSI,20160616,2657.7652,2652.6077,2673.7983,2648.9645,2651.28,6.4852,0.2446,40657423.86,62386889.564
932000.CSI,20160617,2674.4848,2658.6768,2688.5413,2657.3559,2657.7652,16.7196,0.6291,36609007.67,59407840.074
932000.CSI,20160620,2685.1417,2667.277,2686.1873,2638.8883,2674.4848,10.6569,0.3985,33700169.7,56833807.357
932000.CSI,20160621,2655.4215,2697.3116,2710.1307,2644.2908,2685.1417,-29.7202,-1.1068,37559466.28,62083616.31
932000.CSI,20160622,2701.6091,2647.3731,2701.6091,2647.3731,2655.4215,46.1876,1.7394,31573344.05,52562191.03
932000.CSI,20160623,2687.5901,2700.9564,2704.8665,2674.3843,2701.6091,-14.019,-0.5189,33384327.07,54503389.026
932000.CSI,20160624,2670.1064,2684.6481,2700.5604,2615.8859,2687.5901,-17.4837,-0.6505,41883084.34,66198397.385
932000.CSI,20160627,2733.5832,2650.2204,2733.5832,2650.2204,2670.1064,63.4768,2.3773,37446900.1,61142227.252
932000.CSI,20160628,2771.1735,2724.8984,2771.1735,2724.8984,2733.5832,37.5903,1.3751,43627640.7,71078014.135
932000.CSI,20160629,2781.2932,2780.3664,2786.3489,2763.6746,2771.1735,10.1197,0.3652,40343681.23,67137228.35
932000.CSI,20160630,2781.974,2780.0261,2789.1386,2769.2142,2781.2932,0.6808,0.0245,37521485.36,64151425.111
932000.CSI,20160701,2778.3247,2782.0786,2793.4057,2772.1047,2781.974,-3.6493,-0.1312,33779805.63,56350947.918
932000.CSI,20160704,2826.5349,2761.2213,2828.3394,2761.2213,2778.3247,48.2102,1.7352,39502328.01,63362946.65
932000.CSI,20160705,2842.3905,2830.387,2842.8382,2821.0875,2826.5349,15.8556,0.561,42518178.67,71093855.715
932000.CSI,20160706,2854.5041,2831.9651,2857.0451,2825.736,2842.3905,12.1136,0.4262,40225357.61,67183088.664
932000.CSI,20160707,2856.0317,2851.4094,2864.6299,2830.7097,2854.5041,1.5276,0.0535,43719072.49,72280486.593
932000.CSI,20160708,2853.3162,2853.7474,2868.6195,2842.0092,2856.0317,-2.7155,-0.0951,35728630.87,59471067.388
932000.CSI,20160711,2829.5948,2854.7093,2868.4042,2827.9893,2853.3162,-23.7214,-0.8314,41194302.78,68295382.864
932000.CSI,20160712,2847.8535,2826.4753,2847.8535,2785.5476,2829.5948,18.2587,0.6453,40024915.73,63884249.29
932000.CSI,20160713,2866.8214,2850.1555,2869.0975,2840.8064,2847.8535,18.9679,0.666,37536815.93,59746003.973
932000.CSI,20160714,2874.1757,2867.1891,2874.1757,2861.9545,2866.8214,7.3543,0.2565,33628148.55,55198820.861
932000.CSI,20160715,2865.2449,2874.578,2874.578,2858.4308,2874.1757,-8.9308,-0.3107,31643492.5,51410371.473
932000.CSI,20160718,2852.7665,2860.2422,2868.1794,2842.6904,2865.2449,-12.4784,-0.4355,30925456.27,51649992.282
932000.CSI,20160719,2872.2494,2849.5716,2872.2494,2839.116,2852.7665,19.4829,0.6829,28287951.88,48229699.058
932000.CSI,20160720,2883.7264,2873.5844,2897.2643,2873.5844,2872.2494,11.477,0.3996,31405083.17,54208631.481
932000.CSI,20160721,2885.3894,2884.2207,2900.8231,2873.5878,2883.7264,1.663,0.0577,33827602.2,56513676.301
932000.CSI,20160722,2857.5083,2881.7151,2882.0498,2854.367,2885.3894,-27.8811,-0.9663,30317151.24,49872953.54
932000.CSI,20160725,2860.0811,2849.8934,2871.3344,2846.3446,2857.5083,2.5728,0.09,30804310.84,48476248.698
932000.CSI,20160726,2892.6315,2857.9432,2892.6315,2857.9432,2860.0811,32.5504,1.1381,30100388.97,45836997.266
932000.CSI,20160727,2746.2852,2891.8484,2891.8484,2734.3911,2892.6315,-146.3463,-5.0593,47291601.61,71765443.12
932000.CSI,20160728,2736.2945,2738.6093,2754.4222,2697.5977,2746.2852,-9.9907,-0.3638,31722237.49,48192295.306
932000.CSI,20160729,2715.8135,2735.7715,2740.9594,2710.7923,2736.2945,-20.481,-0.7485,24567202.88,37482032.395
932000.CSI,20160801,2668.9071,2702.4096,2702.4096,2640.3865,2715.8135,-46.9064,-1.7272,25902694.15,37701365.111
932000.CSI,20160802,2695.877,2664.6806,2695.877,2664.6806,2668.9071,26.9699,1.0105,20587995.61,30921386.984
932000.CSI,20160803,2711.352,2693.3624,2711.352,2693.3624,2695.877,15.475,0.574,23690343.87,35560416.09
932000.CSI,20160804,2732.4119,2708.8201,2734.8987,2703.9748,2711.352,21.0599,0.7767,24240111.64,37260055.639
932000.CSI,20160805,2713.175,2728.5377,2732.335,2713.175,2732.4119,-19.2369,-0.704,24036462.66,36089167.265
932000.CSI,20160808,2733.9687,2703.6587,2733.9687,2682.0515,2713.175,20.7937,0.7664,24611520.33,34356647.051
932000.CSI,20160809,2766.3894,2731.9471,2766.3894,2731.9471,2733.9687,32.4207,1.1858,27842502.17,39653716.586
932000.CSI,20160810,2761.9508,2765.2915,2775.5694,2760.4256,2766.3894,-4.4386,-0.1604,27900057.95,41546734.819
932000.CSI,20160811,2717.5326,2753.4191,2757.8494,2717.5326,2761.9508,-44.4182,-1.6082,26333310.4,39888846.322
932000.CSI,20160812,2739.5097,2711.1016,2739.5097,2708.2989,2717.5326,21.9771,0.8087,24283599.43,34471430.304
932000.CSI,20160815,2795.281,2740.1227,2799.3907,2732.9358,2739.5097,55.7713,2.0358,37031365.07,54368615.465
932000.CSI,20160816,2821.9632,2797.712,2826.9978,2797.712,2795.281,26.6822,0.9545,36446906.64,54817485.854
932000.CSI,20160817,2837.3088,2819.2029,2838.8517,2814.7434,2821.9632,15.3456,0.5438,36631881.91,58202097.89
932000.CSI,20160818,2841.4115,2829.2291,2847.2977,2829.2291,2837.3088,4.1027,0.1446,37071176.24,56826897.887
932000.CSI,20160819,2847.1089,2838.2023,2850.035,2832.381,2841.4115,5.6974,0.2005,32735913.06,52716711.305
932000.CSI,20160822,2811.699,2847.2428,2847.2428,2811.699,2847.1089,-35.4099,-1.2437,32213151.93,51986553.771
932000.CSI,20160823,2823.388,2807.1308,2831.1984,2807.028,2811.699,11.689,0.4157,30005188.59,46322833.496
932000.CSI,20160824,2839.1143,2826.306,2850.4386,2826.306,2823.388,15.7263,0.557,31500728.98,50567460.604
932000.CSI,20160825,2825.1804,2823.1259,2825.6873,2790.2053,2839.1143,-13.9339,-0.4908,32148586.51,51273935.674
932000.CSI,20160826,2841.0528,2828.5339,2856.7479,2828.5339,2825.1804,15.8724,0.5618,31385279.73,51572590.093
932000.CSI,20160829,2849.9377,2838.9902,2856.0522,2838.9902,2841.0528,8.8849,0.3127,29941133.74,48590875.997
932000.CSI,20160830,2853.3158,2851.3165,2860.67,2849.18,2849.9377,3.3781,0.1185,31249236.19,49252349.34
932000.CSI,20160831,2858.829,2854.054,2858.829,2838.0644,2853.3158,5.5132,0.1932,32906723.23,50252784.231
932000.CSI,20160901,2843.6112,2857.026,2867.0545,2843.6112,2858.829,-15.2178,-0.5323,33710262.93,50311725.665
932000.CSI,20160902,2830.1123,2835.2561,2848.0602,2818.8897,2843.6112,-13.4989,-0.4747,30138702.79,44474592.691
932000.CSI,20160905,2846.1729,2836.1333,2854.0664,2833.8176,2830.1123,16.0606,0.5675,29835292.5,43855082.525
932000.CSI,20160906,2891.6802,2846.0422,2891.6802,2830.2291,2846.1729,45.5073,1.5989,39181739.11,57409086.58
932000.CSI,20160907,2898.2621,2891.934,2915.553,2891.934,2891.6802,6.5819,0.2276,43955205.63,65643296.862
932000.CSI,20160908,2911.6913,2893.0811,2911.6913,2893.0811,2898.2621,13.4292,0.4634,34699166.42,51086535.962
932000.CSI,20160909,2895.8747,2910.7983,2917.7919,2895.7324,2911.6913,-15.8166,-0.5432,36839236.53,54690131.08
932000.CSI,20160912,2811.231,2838.2752,2854.6431,2810.8674,2895.8747,-84.6437,-2.9229,37857913.98,54456813.2
932000.CSI,20160913,2846.8504,2828.1723,2846.8504,2822.9975,2811.231,35.6194,1.267,32578006.18,46860295.196
932000.CSI,20160914,2832.3595,2831.2799,2848.4363,2823.1979,2846.8504,-14.4909,-0.509,31575005.86,44884077.483
932000.CSI,20160919,2867.6258,2838.274,2867.6258,2838.274,2832.3595,35.2663,1.2451,29454990.66,42599220.748
932000.CSI,20160920,2873.9956,2869.3748,2873.9956,2863.5927,2867.6258,6.3698,0.2221,31495667.76,46035954.075
932000.CSI,20160921,2884.3092,2872.6565,2892.4888,2872.6565,2873.9956,10.3136,0.3589,30433068.08,44415237.356
932000.CSI,20160922,2905.4213,2899.2125,2907.2544,2897.8394,2884.3092,21.1121,0.732,32826240.16,48476908.412
932000.CSI,20160923,2897.947,2906.9361,2910.3305,2897.947,2905.4213,-7.4743,-0.2573,33101452.31,50978458.02
932000.CSI,20160926,2830.7857,2890.0561,2890.0561,2830.6069,2897.947,-67.1613,-2.3175,34407322.73,50314234.522
932000.CSI,20160927,2849.2908,2823.9302,2849.2908,2803.7625,2830.7857,18.5051,0.6537,30535410.38,42934658.951
932000.CSI,20160928,2844.4159,2847.0288,2849.6162,2838.0443,2849.2908,-4.8749,-0.1711,26377475.25,37275221.072
932000.CSI,20160929,2851.548,2844.9001,2860.6332,2844.7489,2844.4159,7.1321,0.2507,26343219.9,36894754.535
932000.CSI,20160930,2869.2894,2847.4174,2870.258,2847.4174,2851.548,17.7414,0.6222,25857817.33,35496818.64
932000.CSI,20161010,2934.8976,2884.1808,2934.8976,2882.8296,2869.2894,65.6082,2.2866,33744078.69,50104897.876
932000.CSI,20161011,2961.7476,2934.7488,2961.7476,2934.7488,2934.8976,26.85,0.9149,37278391.32,55963392.92
932000.CSI,20161012,2968.4976,2954.1276,2968.4976,2953.9136,2961.7476,6.75,0.2279,34435327.67,52584237.62
932000.CSI,20161013,2982.4341,2971.5199,2989.8977,2969.4798,2968.4976,13.9365,0.4695,35858873.99,53657771.566
932000.CSI,20161014,2984.1038,2978.6719,2984.8209,2961.1241,2982.4341,1.6697,0.056,36459725.26,55281163.319
932000.CSI,20161017,2954.2289,2986.1058,2991.018,2945.4908,2984.1038,-29.8749,-1.0011,37297991.73,59102915.195
932000.CSI,20161018,3008.9701,2948.7375,3008.9701,2948.7375,2954.2289,54.7412,1.853,37229352.5,58993537.546
932000.CSI,20161019,3013.5813,3013.6142,3019.444,3004.7241,3008.9701,4.6112,0.1532,41829295.13,66115711.232
932000.CSI,20161020,3024.3473,3010.4328,3026.1445,3005.9295,3013.5813,10.766,0.3572,40015522.07,65922616.648
932000.CSI,20161021,3011.1364,3020.6032,3022.3323,2982.4281,3024.3473,-13.2109,-0.4368,37979358.37,63325159.06
932000.CSI,20161024,3032.2482,3008.9371,3033.6515,3005.3762,3011.1364,21.1118,0.7011,35126815.55,57928556.856
932000.CSI,20161025,3046.0825,3032.3815,3046.0825,3029.9122,3032.2482,13.8343,0.4562,36046525.29,60040246.972
932000.CSI,20161026,3037.8604,3045.0393,3047.925,3026.2031,3046.0825,-8.2221,-0.2699,40833728.19,62752307.454
932000.CSI,20161027,3045.3741,3033.3011,3045.5203,3030.5961,3037.8604,7.5137,0.2473,33967294.95,51072708.165
932000.CSI,20161028,3012.324,3041.6831,3047.2548,3012.324,3045.3741,-33.0501,-1.0853,39335565.76,61712403.682
932000.CSI,20161031,3012.0492,2999.9044,3012.0492,2987.6161,3012.324,-0.2748,-0.0091,32176997.06,51071477.707
932000.CSI,20161101,3057.6893,3010.5273,3057.6893,3010.5273,3012.0492,45.6401,1.5153,36596557.56,62498544.941
932000.CSI,20161102,3048.6357,3050.4171,3062.0708,3048.6357,3057.6893,-9.0536,-0.2961,41895874.51,70800345.436
932000.CSI,20161103,3071.5662,3036.7199,3091.6835,3036.7199,3048.6357,22.9305,0.7522,45845159.97,80213859.507
932000.CSI,20161104,3063.4542,3066.9036,3083.3153,3056.7729,3071.5662,-8.112,-0.2641,41274508.34,70610480.52
932000.CSI,20161107,3066.0158,3058.6325,3072.2728,3054.8106,3063.4542,2.5616,0.0836,37280450.75,60936328.269
932000.CSI,20161108,3086.4612,3072.3077,3086.931,3070.6072,3066.0158,20.4454,0.6668,38025927.12,60592850.022
932000.CSI,20161109,3067.3499,3083.7438,3087.7341,3039.133,3086.4612,-19.1113,-0.6192,45063802.01,69947883.212
932000.CSI,20161110,3116.6018,3089.1845,3116.6018,3089.1845,3067.3499,49.2519,1.6057,43820053.95,69999003.991
932000.CSI,20161111,3130.3724,3119.6322,3130.3724,3118.7426,3116.6018,13.7706,0.4418,48883389.14,76745731.486
932000.CSI,20161114,3143.1878,3125.279,3143.1878,3125.279,3130.3724,12.8154,0.4094,45622948.6,73539996.339
932000.CSI,20161115,3166.3906,3141.5845,3166.3906,3137.0193,3143.1878,23.2028,0.7382,42214674.37,69738659.34
932000.CSI,20161116,3167.9087,3168.4689,3178.1083,3167.7201,3166.3906,1.5181,0.0479,42024748.94,73014000.281
932000.CSI,20161117,3157.6116,3161.1111,3161.4926,3139.0446,3167.9087,-10.2971,-0.325,41172073.18,65834318.208
932000.CSI,20161118,3158.8356,3158.8337,3170.7044,3156.8662,3157.6116,1.224,0.0388,37547964.15,64464689.356
932000.CSI,20161121,3176.2618,3155.0922,3176.2618,3155.0922,3158.8356,17.4262,0.5517,37158333.73,67106775.629
932000.CSI,20161122,3208.6359,3179.722,3208.6359,3135.8387,3176.2618,32.3741,1.0193,40691718.54,74093428.543
932000.CSI,20161123,3190.9248,3210.4029,3212.286,3188.819,3208.6359,-17.7111,-0.552,41594325.08,73762975.813
932000.CSI,20161124,3176.9512,3187.0446,3195.9501,3167.3103,3190.9248,-13.9736,-0.4379,42294219.29,73801184.937
932000.CSI,20161125,3174.8196,3173.1171,3175.1271,3108.5541,3176.9512,-2.1316,-0.0671,39740079.81,69642622.297
932000.CSI,20161128,3164.3094,3175.6543,3177.6624,3164.0633,3174.8196,-10.5102,-0.331,34402641.93,60745602.636
932000.CSI,20161129,3112.9048,3157.4057,3157.4057,3112.9048,3164.3094,-51.4046,-1.6245,35287605.09,59208897.563
932000.CSI,20161130,3104.6508,3102.3078,3113.9171,3091.8819,3112.9048,-8.254,-0.2652,29838385.58,51477723.373
932000.CSI,20161201,3119.3733,3103.9794,3119.3733,3103.9794,3104.6508,14.7225,0.4742,29471377.76,50825737.984
932000.CSI,20161202,3056.8423,3119.9978,3119.9978,3056.8423,3119.3733,-62.531,-2.0046,31705052.83,53953845.035
932000.CSI,20161205,3038.4518,3020.6653,3053.5622,3020.6653,3056.8423,-18.3905,-0.6016,25477458.09,42091557.768
932000.CSI,20161206,3051.8146,3037.2168,3059.2847,3037.2168,3038.4518,13.3628,0.4398,23806581.09,40832259.291
932000.CSI,20161207,3091.9985,3049.5804,3091.9985,3047.8207,3051.8146,40.1839,1.3167,25773925.76,43735013.068
932000.CSI,20161208,3074.81,3094.2762,3094.2762,3074.81,3091.9985,-17.1885,-0.5559,28182142.07,48593172.749
932000.CSI,20161209,3063.0464,3068.4604,3074.078,3057.7452,3074.81,-11.7636,-0.3826,26190815.63,45628803.088
932000.CSI,20161212,2890.0862,3058.412,3058.412,2888.3863,3063.0464,-172.9602,-5.6467,46415480.47,75552541.013
932000.CSI,20161213,2908.8256,2877.0662,2918.038,2851.3367,2890.0862,18.7394,0.6484,34213787.38,55682385.319
932000.CSI,20161214,2901.5106,2904.6174,2934.4664,2898.9053,2908.8256,-7.315,-0.2515,36716423.74,60497764.823
932000.CSI,20161215,2938.2485,2890.2488,2950.9852,2890.2488,2901.5106,36.7379,1.2662,37797061.93,61355230.211
932000.CSI,20161216,2974.841,2936.2854,2977.9877,2936.2854,2938.2485,36.5925,1.2454,38657324.23,65384521.005
932000.CSI,20161219,2975.8758,2973.077,2980.7085,2967.447,2974.841,1.0348,0.0348,35886497.55,59462919.519
932000.CSI,20161220,2982.0625,2971.4468,2984.1383,2968.5618,2975.8758,6.1867,0.2079,36776706.12,59071706.483
932000.CSI,20161221,3007.8073,2984.6948,3007.8073,2984.6948,2982.0625,25.7448,0.8633,37612821.33,63322945.008
932000.CSI,20161222,2999.9406,3004.5383,3004.5383,2990.3641,3007.8073,-7.8667,-0.2615,33669217.17,56949515.477
932000.CSI,20161223,2960.727,2994.904,2994.904,2959.2809,2999.9406,-39.2136,-1.3071,34379304.05,56469589.409
932000.CSI,20161226,2979.9002,2947.2339,2979.9002,2913.2317,2960.727,19.1732,0.6476,31825648.04,51313822.64
932000.CSI,20161227,2996.1047,2980.4693,3003.5495,2980.4693,2979.9002,16.2045,0.5438,34248923.71,56436823.334
932000.CSI,20161228,2985.7274,2990.3882,3001.271,2985.4051,2996.1047,-10.3773,-0.3464,35533166.91,56920701.463
932000.CSI,20161229,2975.3703,2979.0298,2993.4294,2970.7603,2985.7274,-10.3571,-0.3469,32583114.63,54174924.653
932000.CSI,20161230,2975.3394,2973.4866,2985.7917,2968.7899,2975.3703,-0.0309,-0.001,32186172.07,52489230.887
932000.CSI,20170103,3008.6997,2978.6849,3008.6997,2978.6849,2975.3394,33.3603,1.1212,32162179.96,49569226.497
932000.CSI,20170104,3048.6957,3012.6886,3048.6957,3010.1761,3008.6997,39.996,1.3293,41842887.98,64643459.796
932000.CSI,20170105,3051.8605,3048.4546,3060.6806,3048.4546,3048.6957,3.1648,0.1038,44617738.84,69121600.266
932000.CSI,20170106,3022.7298,3045.4561,3045.4561,3022.2441,3051.8605,-29.1307,-0.9545,44158291.48,67571747.345
932000.CSI,20170109,3032.7676,3013.7657,3032.7676,3009.1171,3022.7298,10.0378,0.3321,39942354.51,58740930.796
932000.CSI,20170110,3027.4891,3030.2726,3043.7516,3025.1073,3032.7676,-5.2785,-0.174,41618719.02,61492131.345
932000.CSI,20170111,2988.9448,3020.7293,3027.0572,2988.9448,3027.4891,-38.5443,-1.2731,37756759.07,57204199.819
932000.CSI,20170112,2959.0733,2983.1404,2997.0577,2959.0733,2988.9448,-29.8715,-0.9994,34290619.24,52885802.513
932000.CSI,20170113,2899.184,2955.981,2958.1736,2896.6392,2959.0733,-59.8893,-2.0239,33592025.0,53057581.409
932000.CSI,20170116,2765.6093,2886.2462,2886.2462,2699.5754,2899.184,-133.5747,-4.6073,42715645.67,60827244.417
932000.CSI,20170117,2798.9126,2751.4534,2798.9126,2720.2005,2765.6093,33.3033,1.2042,33719096.22,49273688.921
932000.CSI,20170118,2785.8348,2790.2819,2798.1811,2782.7674,2798.9126,-13.0778,-0.4672,30689174.5,45004068.822
932000.CSI,20170119,2767.1879,2775.0485,2783.0395,2757.2652,2785.8348,-18.6469,-0.6693,28222798.35,41853920.26
932000.CSI,20170120,2815.5297,2761.9084,2818.9606,2761.9084,2767.1879,48.3418,1.747,30576454.86,45181117.26
932000.CSI,20170123,2847.4429,2818.0454,2849.9435,2818.0454,2815.5297,31.9132,1.1335,30187006.84,44597874.776
932000.CSI,20170124,2839.5023,2847.8907,2847.8907,2836.693,2847.4429,-7.9406,-0.2789,29570457.24,43053961.501
932000.CSI,20170125,2842.698,2835.3826,2850.4165,2829.9316,2839.5023,3.1957,0.1125,28607018.3,42597897.363
932000.CSI,20170126,2859.4269,2843.0286,2859.4269,2843.0286,2842.698,16.7289,0.5885,24319518.59,35838313.929
932000.CSI,20170203,2850.9149,2860.2395,2860.2395,2840.135,2859.4269,-8.512,-0.2977,22383649.25,32893283.178
932000.CSI,20170206,2889.1378,2850.5035,2889.1378,2847.2038,2850.9149,38.2229,1.3407,30337522.61,44681208.19
932000.CSI,20170207,2901.5775,2886.4298,2902.0719,2885.0429,2889.1378,12.4397,0.4306,32990343.73,49637599.495
932000.CSI,20170208,2926.6265,2895.7382,2926.6265,2884.7118,2901.5775,25.049,0.8633,36088933.16,52776353.231
932000.CSI,20170209,2956.297,2925.1676,2956.8856,2925.1676,2926.6265,29.6705,1.0138,43324887.25,63813117.039
932000.CSI,20170210,2948.3876,2954.19,2960.0719,2947.8835,2956.297,-7.9094,-0.2675,46249250.46,64911553.07
932000.CSI,20170213,2965.9532,2941.7193,2966.2801,2940.8812,2948.3876,17.5656,0.5958,41656663.88,58227725.281
932000.CSI,20170214,2959.9546,2962.1169,2964.4974,2951.3744,2965.9532,-5.9986,-0.2022,37402297.67,53442894.479
932000.CSI,20170215,2930.7953,2955.4778,2960.7588,2926.0091,2959.9546,-29.1593,-0.9851,43583434.97,61758450.801
932000.CSI,20170216,2950.8332,2926.2434,2950.8332,2926.2248,2930.7953,20.0379,0.6837,39170261.02,53629466.188
932000.CSI,20170217,2920.9874,2947.7388,2954.6406,2919.0379,2950.8332,-29.8458,-1.0114,41081903.91,55977249.537
932000.CSI,20170220,2936.0131,2916.372,2936.0131,2908.4809,2920.9874,15.0257,0.5144,39529551.0,53626771.501
932000.CSI,20170221,2960.2062,2934.8281,2960.2062,2934.8281,2936.0131,24.1931,0.824,38264109.68,54138078.46
932000.CSI,20170222,2975.1215,2959.2559,2975.1215,2956.8736,2960.2062,14.9153,0.5039,41770041.45,60405100.578
932000.CSI,20170223,2967.5451,2972.0085,2972.0085,2953.9244,2975.1215,-7.5764,-0.2547,40492217.26,59436690.901
932000.CSI,20170224,2977.9187,2961.8226,2977.9187,2960.1098,2967.5451,10.3736,0.3496,33569936.63,51801270.957
932000.CSI,20170227,2955.2111,2976.8374,2977.8442,2954.9024,2977.9187,-22.7076,-0.7625,33996662.09,53194265.326
932000.CSI,20170228,2966.0792,2951.8479,2966.0792,2950.4175,2955.2111,10.8681,0.3678,29819016.2,47233642.318
932000.CSI,20170301,2976.7266,2962.8399,2982.7696,2962.6144,2966.0792,10.6474,0.359,35555911.23,57364376.046
932000.CSI,20170302,2957.469,2978.0312,2979.0438,2957.469,2976.7266,-19.2576,-0.6469,34918605.37,56828233.574
932000.CSI,20170303,2965.5285,2948.2142,2967.2232,2936.6381,2957.469,8.0595,0.2725,33020305.49,53839008.156
932000.CSI,20170306,3000.473,2967.6241,3000.473,2967.6241,2965.5285,34.9445,1.1784,34508133.95,57236968.936
932000.CSI,20170307,3012.3036,3000.6099,3012.3036,2995.846,3000.473,11.8306,0.3943,34999636.6,58624254.121
932000.CSI,20170308,3002.596,3010.0777,3010.0777,2993.4948,3012.3036,-9.7076,-0.3223,34657870.94,55687510.217
932000.CSI,20170309,2984.1855,2997.5453,2997.5453,2977.3154,3002.596,-18.4105,-0.6132,34097975.53,53835713.149
932000.CSI,20170310,2985.035,2981.4882,2995.1197,2981.4882,2984.1855,0.8495,0.0285,32267599.14,53077470.524
932000.CSI,20170313,3001.7312,2981.7524,3001.7312,2965.1985,2985.035,16.6962,0.5593,32745055.59,54191204.498
932000.CSI,20170314,3000.8592,3000.4086,3005.1631,2992.6069,3001.7312,-0.872,-0.029,32345300.94,55046937.279
932000.CSI,20170315,2993.4548,2994.4464,2998.3987,2988.981,3000.8592,-7.4044,-0.2467,29341148.6,48895844.461
932000.CSI,20170316,3026.9497,2997.2412,3026.9497,2997.2412,2993.4548,33.4949,1.1189,35200208.89,58431913.585
932000.CSI,20170317,3008.884,3027.8629,3038.9804,3008.884,3026.9497,-18.0657,-0.5968,39519832.0,66848547.71
932000.CSI,20170320,3018.4825,3003.7144,3018.4825,2996.151,3008.884,9.5985,0.319,33647826.93,55240719.201
932000.CSI,20170321,3026.9775,3016.8928,3026.9775,3012.4166,3018.4825,8.495,0.2814,32755306.3,53790076.802
932000.CSI,20170322,3008.2252,3012.7005,3018.6143,2993.9381,3026.9775,-18.7523,-0.6195,34532229.37,56020632.84
932000.CSI,20170323,3007.7995,3009.0887,3021.4459,2983.4841,3008.2252,-0.4257,-0.0142,38648772.64,66617362.802
932000.CSI,20170324,3009.8875,3005.0458,3009.8875,2990.1668,3007.7995,2.088,0.0694,38382478.52,61388290.158
932000.CSI,20170327,3002.7552,3008.6108,3009.2635,2999.9868,3009.8875,-7.1323,-0.237,40032870.16,62933906.045
932000.CSI,20170328,2994.4693,2998.5216,3003.324,2992.4475,3002.7552,-8.2859,-0.2759,32028795.01,52691240.452
932000.CSI,20170329,2965.4301,2991.5814,2991.5814,2964.1997,2994.4693,-29.0392,-0.9698,39163879.46,61406443.806
932000.CSI,20170330,2887.6724,2956.7911,2956.7911,2887.6724,2965.4301,-77.7577,-2.6221,46329599.08,67930148.412
932000.CSI,20170331,2886.0631,2884.9974,2897.7425,2872.761,2887.6724,-1.6093,-0.0557,33912977.33,49117716.01
932000.CSI,20170405,2938.7333,2893.1733,2938.7333,2893.1733,2886.0631,52.6702,1.825,33689733.43,48915570.525
932000.CSI,20170406,2952.6872,2941.7378,2955.4175,2941.7378,2938.7333,13.9539,0.4748,32958602.74,48636270.452
932000.CSI,20170407,2949.3131,2950.6778,2953.6601,2941.4627,2952.6872,-3.3741,-0.1143,32856937.84,49922413.429
932000.CSI,20170410,2906.6177,2942.0797,2942.0797,2906.6177,2949.3131,-42.6954,-1.4476,38449576.77,58530395.609
932000.CSI,20170411,2922.2674,2901.425,2922.2674,2878.1145,2906.6177,15.6497,0.5384,41037034.45,60379898.533
932000.CSI,20170412,2893.3447,2915.3316,2915.3316,2892.9859,2922.2674,-28.9227,-0.9897,35195887.51,52331835.587
932000.CSI,20170413,2898.9159,2886.9868,2907.8006,2886.9868,2893.3447,5.5712,0.1926,27912427.22,41561098.834
932000.CSI,20170414,2851.9508,2895.1318,2895.1318,2849.1613,2898.9159,-46.9651,-1.6201,33207984.73,46566058.865
932000.CSI,20170417,2793.5735,2837.1425,2837.1425,2781.3615,2851.9508,-58.3773,-2.0469,32587678.09,45872221.107
932000.CSI,20170418,2762.5804,2787.6354,2801.3614,2762.5804,2793.5735,-30.9931,-1.1094,29924554.59,42585811.039
932000.CSI,20170419,2720.1226,2747.6483,2747.6483,2689.7872,2762.5804,-42.4578,-1.5369,33089828.96,43839884.058
932000.CSI,20170420,2700.699,2716.8438,2730.5597,2682.9924,2720.1226,-19.4236,-0.7141,28066796.16,38944569.082
932000.CSI,20170421,2682.2091,2699.1104,2706.4417,2682.2091,2700.699,-18.4899,-0.6846,22533741.96,30273215.451
932000.CSI,20170424,2589.7602,2674.8986,2674.8986,2589.7602,2682.2091,-92.4489,-3.4467,25395158.02,32275561.06
932000.CSI,20170425,2599.3497,2591.0798,2615.2721,2589.3983,2589.7602,9.5895,0.3703,22942720.51,30875155.836
932000.CSI,20170426,2609.0895,2597.3004,2609.0895,2597.3004,2599.3497,9.7398,0.3747,22543863.38,31735401.967
932000.CSI,20170427,2625.8199,2602.5557,2627.2606,2552.0995,2609.0895,16.7304,0.6412,32307118.78,42396901.926
932000.CSI,20170428,2647.3779,2618.2716,2647.3779,2618.2716,2625.8199,21.558,0.821,26134728.51,38689135.238
932000.CSI,20170502,2655.9076,2643.5782,2656.8129,2640.7397,2647.3779,8.5297,0.3222,24012444.07,35852528.353
932000.CSI,20170503,2652.9227,2651.9827,2660.2134,2645.5275,2655.9076,-2.9849,-0.1124,26689301.11,38972412.364
932000.CSI,20170504,2647.2713,2647.3217,2667.9955,2633.1632,2652.9227,-5.6514,-0.213,26348305.68,38046760.955
932000.CSI,20170505,2614.7996,2642.2643,2646.0109,2614.2624,2647.2713,-32.4717,-1.2266,25030049.32,37428853.317
932000.CSI,20170508,2553.2795,2606.3826,2606.3826,2553.2795,2614.7996,-61.5201,-2.3528,23588357.13,33170846.282
932000.CSI,20170509,2565.7833,2542.4317,2565.7833,2524.3267,2553.2795,12.5038,0.4897,20911892.19,28955280.037
932000.CSI,20170510,2525.041,2563.9333,2581.9355,2524.1505,2565.7833,-40.7423,-1.5879,23205931.35,32420231.313
932000.CSI,20170511,2503.7752,2508.566,2508.566,2446.4131,2525.041,-21.2658,-0.8422,27122876.05,35214013.013
932000.CSI,20170512,2497.6904,2498.3066,2505.176,2479.4695,2503.7752,-6.0848,-0.243,21259956.69,29540456.736
932000.CSI,20170515,2505.2199,2499.0378,2510.9523,2499.0378,2497.6904,7.5295,0.3015,21142499.61,28820354.61
932000.CSI,20170516,2559.1177,2500.3628,2559.1177,2486.4602,2505.2199,53.8978,2.1514,28359926.24,39332809.873
932000.CSI,20170517,2572.5433,2557.336,2583.2069,2557.336,2559.1177,13.4256,0.5246,30799602.01,43904235.82
932000.CSI,20170518,2555.7108,2551.8119,2574.621,2551.8119,2572.5433,-16.8325,-0.6543,24978982.29,35353285.153
932000.CSI,20170519,2549.7117,2554.2155,2561.1128,2538.1962,2555.7108,-5.9991,-0.2347,20822989.59,28919100.589
932000.CSI,20170522,2490.7796,2545.7306,2546.8706,2485.8763,2549.7117,-58.9321,-2.3113,22537494.48,29651501.374
932000.CSI,20170523,2410.3918,2485.5139,2485.5139,2408.9343,2490.7796,-80.3878,-3.2274,25002404.3,31839959.777
932000.CSI,20170524,2420.7195,2397.0748,2420.7195,2371.1001,2410.3918,10.3277,0.4285,21712446.24,26029009.851
932000.CSI,20170525,2431.4032,2414.4646,2431.4581,2384.1428,2420.7195,10.6837,0.4413,23920002.21,29979971.458
932000.CSI,20170526,2432.453,2429.6673,2442.9581,2427.0711,2431.4032,1.0498,0.0432,20482776.85,26363473.051
932000.CSI,20170531,2425.3935,2452.8218,2457.9099,2425.0419,2432.453,-7.0595,-0.2902,20585681.97,26198574.826
932000.CSI,20170601,2353.1215,2417.5107,2417.5107,2353.1215,2425.3935,-72.272,-2.9798,22703347.99,27398595.454
932000.CSI,20170602,2378.0826,2342.195,2380.3145,2321.9087,2353.1215,24.9611,1.0608,22874455.19,26640761.906
932000.CSI,20170605,2400.6418,2382.4775,2403.4396,2382.4775,2378.0826,22.5592,0.9486,19998668.53,24614106.191
932000.CSI,20170606,2407.1063,2398.5807,2408.1472,2396.6842,2400.6418,6.4645,0.2693,19308881.33,24008531.41
932000.CSI,20170607,2464.9721,2407.6163,2464.9721,2407.6163,2407.1063,57.8658,2.404,29191808.64,37862363.174
932000.CSI,20170608,2467.3694,2465.0408,2476.2475,2460.6408,2464.9721,2.3973,0.0973,27980792.26,37378115.999
932000.CSI,20170609,2471.4947,2465.6216,2471.4947,2449.6376,2467.3694,4.1253,0.1672,27627908.99,36655328.752
932000.CSI,20170612,2420.8904,2455.5187,2455.5187,2420.7766,2471.4947,-50.6043,-2.0475,37171586.62,53766314.49
932000.CSI,20170613,2460.7969,2415.2897,2462.274,2415.2897,2420.8904,39.9065,1.6484,35012314.25,51305989.858
932000.CSI,20170614,2464.4421,2456.3843,2469.1865,2455.2513,2460.7969,3.6452,0.1481,37573672.42,55730047.818
932000.CSI,20170615,2497.8728,2457.6138,2503.4327,2457.6138,2464.4421,33.4307,1.3565,42185229.96,63103355.537
932000.CSI,20170616,2490.7201,2493.6898,2496.6053,2486.8717,2497.8728,-7.1527,-0.2864,36419045.23,55744613.341
932000.CSI,20170619,2504.8905,2487.1745,2504.8905,2486.6843,2490.7201,14.1704,0.5689,34666921.75,50311968.402
932000.CSI,20170620,2506.5543,2506.3622,2515.9227,2502.3155,2504.8905,1.6638,0.0664,38712947.5,57154032.717
932000.CSI,20170621,2506.6303,2506.7523,2509.069,2491.6302,2506.5543,0.076,0.003,35954485.41,52895714.292
932000.CSI,20170622,2451.4992,2503.3452,2503.3452,2451.4992,2506.6303,-55.1311,-2.1994,39115160.23,56141294.932
932000.CSI,20170623,2454.4069,2448.2135,2458.7033,2414.4969,2451.4992,2.9077,0.1186,35194291.45,48715851.713
932000.CSI,20170626,2483.4994,2452.6944,2483.4994,2449.7514,2454.4069,29.0925,1.1853,32317289.31,43823533.001
932000.CSI,20170627,2491.0008,2483.6455,2496.4181,2478.7481,2483.4994,7.5014,0.302,34143169.97,46450053.824
932000.CSI,20170628,2466.1774,2482.6031,2482.6031,2462.6356,2491.0008,-24.8234,-0.9965,31745567.24,42778100.668
932000.CSI,20170629,2474.028,2466.0025,2479.2113,2466.0025,2466.1774,7.8506,0.3183,29757669.41,40023730.843
932000.CSI,20170630,2478.2236,2466.9809,2478.2236,2458.9259,2474.028,4.1956,0.1696,28295506.8,38458271.295
932000.CSI,20170703,2499.7894,2480.0699,2499.7894,2475.1038,2478.2236,21.5658,0.8702,30480664.03,39432858.103
932000.CSI,20170704,2497.3815,2498.7238,2500.2644,2489.9521,2499.7894,-2.4079,-0.0963,29763860.33,40824460.374
932000.CSI,20170705,2516.8504,2495.0625,2516.8504,2490.2701,2497.3815,19.4689,0.7796,33071173.88,45055994.273
932000.CSI,20170706,2522.5931,2515.2794,2523.5976,2500.1407,2516.8504,5.7427,0.2282,39971732.55,55193558.427
932000.CSI,20170707,2535.8449,2519.297,2535.8449,2519.297,2522.5931,13.2518,0.5253,40636678.56,60112442.962
932000.CSI,20170710,2516.497,2529.9093,2531.4567,2512.2236,2535.8449,-19.3479,-0.763,43338802.97,61084154.331
932000.CSI,20170711,2481.7735,2509.8014,2513.1487,2481.7735,2516.497,-34.7235,-1.3798,39498113.35,52213426.441
932000.CSI,20170712,2479.9943,2477.7712,2480.7266,2435.0014,2481.7735,-1.7792,-0.0717,38030808.4,50591649.245
932000.CSI,20170713,2478.8767,2475.1277,2482.8669,2471.7986,2479.9943,-1.1176,-0.0451,34750260.46,46222588.43
932000.CSI,20170714,2463.4727,2474.4044,2474.4044,2456.0109,2478.8767,-15.404,-0.6214,32215155.2,44554476.879
932000.CSI,20170717,2316.014,2450.7462,2450.7462,2315.5699,2463.4727,-147.4587,-5.9858,48267685.73,60889477.916
932000.CSI,20170718,2338.1138,2301.1241,2338.1138,2294.721,2316.014,22.0998,0.9542,34219259.48,43389357.624
932000.CSI,20170719,2366.5887,2332.6036,2366.5887,2327.4915,2338.1138,28.4749,1.2179,39097667.76,48249974.355
932000.CSI,20170720,2374.0322,2362.7419,2386.3574,2362.7419,2366.5887,7.4435,0.3145,39658292.36,51116998.324
932000.CSI,20170721,2370.3026,2367.0648,2376.9699,2366.5193,2374.0322,-3.7296,-0.1571,35743680.19,44005935.832
932000.CSI,20170724,2386.8827,2362.741,2386.8827,2360.3383,2370.3026,16.5801,0.6995,39935162.08,49467543.991
932000.CSI,20170725,2381.1916,2382.628,2387.3651,2369.0844,2386.8827,-5.6911,-0.2384,33936697.57,43175553.358
932000.CSI,20170726,2382.733,2380.1414,2384.8062,2370.4004,2381.1916,1.5414,0.0647,34950009.96,43844551.983
932000.CSI,20170727,2419.2966,2380.1085,2419.3063,2377.5937,2382.733,36.5636,1.5345,45339819.77,58042504.403
932000.CSI,20170728,2417.0967,2415.0036,2423.7531,2414.6767,2419.2966,-2.1999,-0.0909,37428719.51,47637843.253
932000.CSI,20170731,2432.6859,2415.2012,2433.117,2411.5845,2417.0967,15.5892,0.645,42317927.05,52245367.875
932000.CSI,20170801,2432.6126,2433.4951,2437.2435,2421.4705,2432.6859,-0.0733,-0.003,43544450.02,53258594.478
932000.CSI,20170802,2407.7147,2429.6576,2429.6576,2407.5028,2432.6126,-24.8979,-1.0235,45207557.08,55932427.03
932000.CSI,20170803,2420.2019,2401.0711,2428.1292,2401.0711,2407.7147,12.4872,0.5186,41169002.61,50304746.235
932000.CSI,20170804,2410.4064,2419.7246,2427.9465,2410.4064,2420.2019,-9.7955,-0.4047,43976978.61,52185769.431
932000.CSI,20170807,2428.4522,2406.3355,2428.4522,2406.3355,2410.4064,18.0458,0.7487,37929628.95,43065481.166
932000.CSI,20170808,2432.9956,2428.6051,2434.9114,2421.7169,2428.4522,4.5434,0.1871,41043519.02,48775641.352
932000.CSI,20170809,2442.883,2431.0812,2442.883,2424.1069,2432.9956,9.8874,0.4064,39301346.73,46905458.311
932000.CSI,20170810,2420.7918,2436.9713,2441.2634,2407.7533,2442.883,-22.0912,-0.9043,44878457.88,53496862.316
932000.CSI,20170811,2386.011,2405.6717,2411.174,2385.643,2420.7918,-34.7808,-1.4368,41634089.95,49546446.93
932000.CSI,20170814,2428.6018,2384.9695,2428.6018,2384.9695,2386.011,42.5908,1.785,36948832.4,45442923.736
932000.CSI,20170815,2440.1191,2429.3179,2440.1191,2426.5626,2428.6018,11.5173,0.4742,37217129.7,47201839.751
932000.CSI,20170816,2454.1644,2437.8553,2455.0716,2434.9212,2440.1191,14.0453,0.5756,38758878.32,49966440.394
932000.CSI,20170817,2471.356,2454.1769,2471.356,2452.0563,2454.1644,17.1916,0.7005,40261570.4,52729189.752
932000.CSI,20170818,2464.9668,2457.1588,2468.3376,2456.1359,2471.356,-6.3892,-0.2585,39600766.88,50877197.925
932000.CSI,20170821,2484.35,2465.5312,2484.35,2465.5312,2464.9668,19.3832,0.7863,35977312.53,45473060.695
932000.CSI,20170822,2468.6372,2482.8155,2482.8155,2465.4802,2484.35,-15.7128,-0.6325,37140112.89,47835941.702
932000.CSI,20170823,2459.7292,2465.5419,2470.0581,2451.3489,2468.6372,-8.908,-0.3608,35365903.49,43922815.749
932000.CSI,20170824,2444.2871,2458.2038,2458.9178,2440.4461,2459.7292,-15.4421,-0.6278,34625802.59,44057050.574
932000.CSI,20170825,2467.3886,2440.8301,2468.4205,2440.8301,2444.2871,23.1015,0.9451,34899396.78,45128039.758
932000.CSI,20170828,2495.0166,2467.8899,2497.2623,2467.8899,2467.3886,27.628,1.1197,40962534.42,56039974.206
932000.CSI,20170829,2496.8135,2493.4977,2501.4281,2492.4598,2495.0166,1.7969,0.072,42110703.62,58751593.06
932000.CSI,20170830,2502.397,2494.6353,2503.1671,2492.9266,2496.8135,5.5835,0.2236,42298154.83,54950454.964
932000.CSI,20170831,2513.9406,2500.9208,2513.9406,2499.1966,2502.397,11.5436,0.4613,39306288.44,53457654.413
932000.CSI,20170901,2528.6422,2514.7666,2528.6422,2511.6845,2513.9406,14.7016,0.5848,44320602.27,59981606.935
932000.CSI,20170904,2541.5655,2528.9824,2541.5655,2525.4356,2528.6422,12.9233,0.5111,48834825.36,63797087.014
932000.CSI,20170905,2542.5453,2539.5934,2543.6445,2530.4987,2541.5655,0.9798,0.0386,41674428.61,54804282.187
932000.CSI,20170906,2548.5335,2536.3846,2548.5335,2528.3952,2542.5453,5.9882,0.2355,41329943.82,55955739.979
932000.CSI,20170907,2544.1634,2547.5243,2562.6938,2544.1634,2548.5335,-4.3701,-0.1715,46824665.22,67416762.085
932000.CSI,20170908,2551.5939,2541.5897,2553.8423,2536.9582,2544.1634,7.4305,0.2921,41101705.51,59101845.354
932000.CSI,20170911,2575.4777,2550.7459,2575.4777,2548.7458,2551.5939,23.8838,0.936,42440722.06,58839751.1
932000.CSI,20170912,2565.529,2577.6003,2582.7744,2561.9752,2575.4777,-9.9487,-0.3863,55909040.83,74584674.976
932000.CSI,20170913,2578.3062,2562.0159,2578.3062,2558.9821,2565.529,12.7772,0.498,42064602.19,56159997.333
932000.CSI,20170914,2577.3946,2578.5891,2585.9039,2571.0336,2578.3062,-0.9116,-0.0354,46000196.78,61407867.859
932000.CSI,20170915,2563.1512,2573.9997,2573.9997,2556.6837,2577.3946,-14.2434,-0.5526,41639938.9,54662706.47
932000.CSI,20170918,2581.6557,2559.5847,2581.6557,2558.0798,2563.1512,18.5045,0.7219,34871902.55,47099340.281
932000.CSI,20170919,2574.3377,2581.6447,2585.1853,2570.5005,2581.6557,-7.318,-0.2835,37803465.9,52609634.864
932000.CSI,20170920,2595.7366,2571.2189,2595.7366,2567.1223,2574.3377,21.3989,0.8312,39913191.43,56739303.501
932000.CSI,20170921,2571.6979,2595.2766,2598.7719,2571.6979,2595.7366,-24.0387,-0.9261,41144016.26,59758010.569
932000.CSI,20170922,2564.0857,2565.6867,2569.3439,2550.4657,2571.6979,-7.6122,-0.296,36709783.99,51584885.321
932000.CSI,20170925,2530.5855,2561.9595,2564.3905,2530.5855,2564.0857,-33.5002,-1.3065,34831659.33,49569307.702
932000.CSI,20170926,2528.5275,2528.1284,2533.0618,2517.0175,2530.5855,-2.058,-0.0813,30268315.61,44395911.713
932000.CSI,20170927,2549.5839,2528.6728,2551.0411,2527.995,2528.5275,21.0564,0.8328,32102872.76,44856665.255
932000.CSI,20170928,2536.2375,2547.2149,2553.4605,2536.214,2549.5839,-13.3464,-0.5235,34966840.32,49973044.976
932000.CSI,20170929,2560.1559,2537.2144,2560.1559,2537.2144,2536.2375,23.9184,0.9431,33602733.7,48412760.516
932000.CSI,20171009,2588.2523,2583.8095,2588.3877,2577.9846,2560.1559,28.0964,1.0974,35093378.4,50371606.514
932000.CSI,20171010,2611.0635,2588.251,2611.0635,2587.716,2588.2523,22.8112,0.8813,39121702.24,56099502.432
932000.CSI,20171011,2605.5688,2610.3713,2612.6215,2602.7656,2611.0635,-5.4947,-0.2104,44297972.9,64246677.135
932000.CSI,20171012,2602.0604,2603.4126,2605.9639,2584.3972,2605.5688,-3.5084,-0.1347,39922663.05,56213481.989
932000.CSI,20171013,2610.5,2598.5296,2610.7901,2595.267,2602.0604,8.4396,0.3243,36663621.29,54515253.243
932000.CSI,20171016,2551.2032,2605.5856,2605.5856,2551.2032,2610.5,-59.2968,-2.2715,42381866.45,61409445.151
932000.CSI,20171017,2552.8096,2545.267,2559.6851,2540.9961,2551.2032,1.6064,0.063,29845110.29,43493289.246
932000.CSI,20171018,2525.6025,2552.8654,2560.3585,2525.5551,2552.8096,-27.2071,-1.0658,34514707.23,48503563.606
932000.CSI,20171019,2494.8731,2521.0308,2522.7369,2491.3391,2525.6025,-30.7294,-1.2167,33604096.86,44939366.298
932000.CSI,20171020,2526.3049,2492.6657,2526.3516,2492.6657,2494.8731,31.4318,1.2599,30178143.03,40694461.571
932000.CSI,20171023,2543.2775,2523.9172,2543.2775,2523.9172,2526.3049,16.9726,0.6718,30306298.64,43194002.235
932000.CSI,20171024,2522.5942,2539.2116,2539.2116,2508.3233,2543.2775,-20.6833,-0.8133,30225241.29,42440963.742
932000.CSI,20171025,2541.4827,2520.9463,2541.4827,2520.9463,2522.5942,18.8885,0.7488,27669226.06,40420246.282
932000.CSI,20171026,2553.9907,2540.6079,2555.1508,2537.6986,2541.4827,12.508,0.4922,33385625.27,47966056.802
932000.CSI,20171027,2535.3623,2551.0779,2551.3115,2534.2321,2553.9907,-18.6284,-0.7294,31090196.08,44910673.393
932000.CSI,20171030,2470.0113,2529.2064,2529.2064,2456.039,2535.3623,-65.351,-2.5776,36797905.24,50912523.577
932000.CSI,20171031,2491.8698,2466.9863,2491.8698,2466.9863,2470.0113,21.8585,0.885,26443044.67,37986830.605
932000.CSI,20171101,2493.4992,2491.1349,2498.4376,2489.1038,2491.8698,1.6294,0.0654,28882626.0,42122639.344
932000.CSI,20171102,2462.2571,2490.1195,2490.1195,2462.2303,2493.4992,-31.2421,-1.2529,29609453.81,42491181.505
932000.CSI,20171103,2442.1385,2459.0571,2461.8162,2430.4022,2462.2571,-20.1186,-0.8171,28955283.92,41408117.052
932000.CSI,20171106,2463.8268,2441.9243,2463.8268,2434.6927,2442.1385,21.6883,0.8881,27747271.21,40480515.789
932000.CSI,20171107,2470.049,2461.617,2470.049,2453.8949,2463.8268,6.2222,0.2525,30244888.79,43715680.989
932000.CSI,20171108,2479.0605,2468.3059,2488.5565,2468.3059,2470.049,9.0115,0.3648,32911201.61,47342709.938
932000.CSI,20171109,2494.746,2477.9538,2494.746,2477.9538,2479.0605,15.6855,0.6327,31300185.48,44877515.635
932000.CSI,20171110,2496.9955,2492.6436,2499.4143,2487.0021,2494.746,2.2495,0.0902,32573533.4,48421097.4
932000.CSI,20171113,2493.2562,2496.877,2496.877,2489.6797,2496.9955,-3.7393,-0.1498,33725288.05,49945734.072
932000.CSI,20171114,2473.5444,2491.9678,2491.9678,2468.0804,2493.2562,-19.7118,-0.7906,35575282.38,50932448.677
932000.CSI,20171115,2455.5895,2468.4395,2470.6791,2450.6542,2473.5444,-17.9549,-0.7259,29232373.45,42508777.708
932000.CSI,20171116,2446.5601,2452.1469,2459.5517,2446.4184,2455.5895,-9.0294,-0.3677,28497654.64,40654001.272
932000.CSI,20171117,2347.5954,2442.0516,2442.0516,2347.0044,2446.5601,-98.9647,-4.0451,38613048.74,50990572.543
932000.CSI,20171120,2348.0651,2333.7629,2348.0651,2287.4887,2347.5954,0.4697,0.02,27892473.99,36220803.313
932000.CSI,20171121,2343.4824,2341.7925,2359.1766,2330.5209,2348.0651,-4.5827,-0.1952,26776098.46,36760374.248
932000.CSI,20171122,2338.9194,2343.1298,2348.2682,2325.4021,2343.4824,-4.563,-0.1947,26352739.86,35498553.027
932000.CSI,20171123,2290.903,2337.4101,2337.4101,2290.903,2338.9194,-48.0164,-2.0529,28369485.58,37228470.873
932000.CSI,20171124,2296.676,2284.1701,2298.7395,2282.5385,2290.903,5.773,0.252,24476624.87,31334592.047
932000.CSI,20171127,2273.1642,2292.154,2295.0294,2272.0821,2296.676,-23.5118,-1.0237,22687912.93,29029070.99
932000.CSI,20171128,2304.0648,2270.5134,2304.0648,2270.5134,2273.1642,30.9006,1.3594,22412062.85,27816165.503
932000.CSI,20171129,2309.9929,2305.1921,2309.9929,2289.4333,2304.0648,5.9281,0.2573,28351632.57,32695911.102
932000.CSI,20171130,2303.687,2307.6813,2314.0019,2298.4946,2309.9929,-6.3059,-0.273,25228160.68,31284242.31
932000.CSI,20171201,2326.2506,2301.0564,2326.2506,2301.0564,2303.687,22.5636,0.9795,24855141.93,34818791.925
932000.CSI,20171204,2293.6832,2322.2548,2322.2548,2293.1406,2326.2506,-32.5674,-1.4,26369714.58,33298245.572
932000.CSI,20171205,2230.3162,2287.1452,2287.7113,2219.3527,2293.6832,-63.367,-2.7627,30968905.09,38472397.441
932000.CSI,20171206,2249.5767,2224.0481,2249.5767,2206.7991,2230.3162,19.2605,0.8636,24662872.28,30535398.151
932000.CSI,20171207,2248.6461,2244.5518,2258.427,2240.6523,2249.5767,-0.9306,-0.0414,21946969.83,29930256.557
932000.CSI,20171208,2272.4058,2245.1591,2273.5412,2245.1591,2248.6461,23.7597,1.0566,23371433.55,31239875.584
932000.CSI,20171211,2291.185,2272.5832,2291.185,2272.5832,2272.4058,18.7792,0.8264,27826330.17,39149032.169
932000.CSI,20171212,2265.0319,2289.6275,2289.6275,2265.0319,2291.185,-26.1531,-1.1415,27593955.26,38830296.889
932000.CSI,20171213,2280.3806,2261.3565,2280.3806,2261.3565,2265.0319,15.3487,0.6776,23756818.31,34360017.575
932000.CSI,20171214,2283.6754,2278.5649,2283.6894,2272.4432,2280.3806,3.2948,0.1445,27507635.07,38654803.354
932000.CSI,20171215,2282.3468,2280.8129,2285.8379,2272.1865,2283.6754,-1.3286,-0.0582,30250004.91,41948612.256
932000.CSI,20171218,2268.1122,2279.2944,2280.4957,2260.851,2282.3468,-14.2346,-0.6237,28104706.65,38308884.4
932000.CSI,20171219,2281.409,2266.4346,2281.409,2266.4346,2268.1122,13.2968,0.5862,25982643.38,35016187.994
932000.CSI,20171220,2256.9855,2279.9083,2279.9083,2255.5405,2281.409,-24.4235,-1.0705,28208190.32,38322065.417
932000.CSI,20171221,2257.5592,2253.9064,2261.8659,2233.1166,2256.9855,0.5737,0.0254,28625083.79,40017247.811
932000.CSI,20171222,2253.3887,2253.9115,2258.9549,2251.772,2257.5592,-4.1705,-0.1847,25413654.09,35136498.398
932000.CSI,20171225,2222.8432,2249.8978,2249.8978,2217.7771,2253.3887,-30.5455,-1.3555,29729937.24,39106935.315
932000.CSI,20171226,2242.6851,2218.8032,2242.6851,2215.7837,2222.8432,19.8419,0.8926,29102839.64,39997341.67
932000.CSI,20171227,2233.1968,2240.6211,2243.8785,2232.9895,2242.6851,-9.4883,-0.4231,31188903.64,42618031.449
932000.CSI,20171228,2242.0631,2229.6221,2245.6382,2227.098,2233.1968,8.8663,0.397,32683403.39,44509671.823
932000.CSI,20171229,2258.2814,2240.8375,2258.2814,2240.8375,2242.0631,16.2183,0.7234,28877469.62,39502673.054
932000.CSI,20180102,2277.1313,2259.2819,2277.1313,2257.1831,2258.2814,18.8499,0.8347,32736292.93,41891102.898
932000.CSI,20180103,2295.8034,2275.5227,2295.8034,2275.5227,2277.1313,18.6721,0.82,41504632.2,55091519.531
932000.CSI,20180104,2296.329,2292.5805,2297.0866,2292.0251,2295.8034,0.5256,0.0229,38873796.52,53012708.967
932000.CSI,20180105,2296.9573,2292.8547,2299.2696,2290.8174,2296.329,0.6283,0.0274,37017467.0,48507684.292
932000.CSI,20180108,2296.607,2293.9001,2296.607,2282.7109,2296.9573,-0.3503,-0.0153,37151516.15,50197618.95
932000.CSI,20180109,2293.1949,2294.9759,2295.6192,2288.7757,2296.607,-3.4121,-0.1486,34319312.85,45836539.824
932000.CSI,20180110,2273.82,2291.973,2291.973,2259.3374,2293.1949,-19.3749,-0.8449,36999807.48,49440017.135
932000.CSI,20180111,2285.9868,2269.2994,2286.5856,2263.218,2273.82,12.1668,0.5351,33578605.49,46484388.527
932000.CSI,20180112,2275.195,2282.6046,2284.7889,2272.8019,2285.9868,-10.7918,-0.4721,34535553.57,44534251.199
932000.CSI,20180115,2218.6253,2268.7708,2268.7708,2215.0828,2275.195,-56.5697,-2.4864,39080443.8,50717319.709
932000.CSI,20180116,2231.8418,2215.0291,2231.8418,2215.0291,2218.6253,13.2165,0.5957,32037361.41,42571464.263
932000.CSI,20180117,2232.6946,2228.5017,2232.9933,2204.4282,2231.8418,0.8528,0.0382,34399258.29,45643993.849
932000.CSI,20180118,2240.1871,2229.61,2240.9775,2229.61,2232.6946,7.4925,0.3356,28681241.71,38706935.321
932000.CSI,20180119,2234.6561,2237.888,2246.3026,2232.0358,2240.1871,-5.531,-0.2469,31979271.24,43205613.29
932000.CSI,20180122,2245.2286,2229.0051,2245.2286,2216.8833,2234.6561,10.5725,0.4731,31555621.82,42361975.727
932000.CSI,20180123,2248.2147,2242.5696,2250.1009,2242.5686,2245.2286,2.9861,0.133,30412198.39,40607062.975
932000.CSI,20180124,2256.7031,2245.5939,2256.7031,2234.0206,2248.2147,8.4884,0.3776,33127446.45,46155130.83
932000.CSI,20180125,2254.0013,2253.5746,2267.6003,2253.5746,2256.7031,-2.7018,-0.1197,36888502.09,48984999.805
932000.CSI,20180126,2244.9544,2248.5591,2253.3809,2242.9608,2254.0013,-9.0469,-0.4014,31012357.38,41237048.962
932000.CSI,20180129,2215.2614,2240.9544,2241.4788,2212.4133,2244.9544,-29.693,-1.3227,33615870.18,42853131.378
932000.CSI,20180130,2211.811,2212.1679,2217.0257,2207.9101,2215.2614,-3.4504,-0.1558,26930389.41,33833827.264
932000.CSI,20180131,2155.0307,2202.3279,2202.3279,2150.3623,2211.811,-56.7803,-2.5671,36961094.3,45000616.695
932000.CSI,20180201,2061.5949,2148.55,2150.4417,2061.5949,2155.0307,-93.4358,-4.3357,41811510.75,48358670.425
932000.CSI,20180202,2038.2384,2041.5559,2043.5039,2000.0441,2061.5949,-23.3565,-1.1329,35706796.29,39613193.835
932000.CSI,20180205,2025.862,2013.0092,2031.7372,2013.0092,2038.2384,-12.3764,-0.6072,26607972.11,31614194.169
932000.CSI,20180206,1922.2608,1994.3568,1996.85,1921.8729,2025.862,-103.6012,-5.1139,34980923.85,38561579.227
932000.CSI,20180207,1931.8606,1948.9867,1952.9307,1903.9503,1922.2608,9.5998,0.4994,31991270.71,35960199.891
932000.CSI,20180208,1957.6042,1926.1712,1957.6042,1926.1712,1931.8606,25.7436,1.3326,26119680.5,29638393.99
932000.CSI,20180209,1904.0358,1916.6855,1927.353,1885.9142,1957.6042,-53.5684,-2.7364,31261795.91,32866968.9
932000.CSI,20180212,1950.9103,1911.3098,1954.3532,1911.3098,1904.0358,46.8745,2.4618,26272344.96,28842395.385
932000.CSI,20180213,1951.0635,1955.7658,1965.9284,1950.2554,1950.9103,0.1532,0.0079,25681907.97,29629448.225
932000.CSI,20180214,1957.7108,1948.3415,1957.7108,1944.6688,1951.0635,6.6473,0.3407,18559839.34,21306401.632
932000.CSI,20180222,1987.2453,1964.6719,1987.2453,1964.6719,1957.7108,29.5345,1.5086,23125203.27,26602997.406
932000.CSI,20180223,1994.6636,1987.3194,1994.6636,1982.0131,1987.2453,7.4183,0.3733,25100775.64,29736459.409
932000.CSI,20180226,2036.704,2001.2596,2036.704,2001.2596,1994.6636,42.0404,2.1076,34337726.36,42458903.302
932000.CSI,20180227,2041.175,2034.6673,2042.6014,2034.6673,2036.704,4.471,0.2195,33234036.08,42729956.586
932000.CSI,20180228,2045.3037,2030.6131,2048.26,2019.6282,2041.175,4.1287,0.2023,30590456.79,38278337.34
932000.CSI,20180301,2072.5311,2035.963,2072.5311,2035.963,2045.3037,27.2274,1.3312,34330820.19,42769206.406
932000.CSI,20180302,2063.8806,2061.7433,2075.0425,2061.7433,2072.5311,-8.6505,-0.4174,34671171.61,41497092.068
932000.CSI,20180305,2075.9158,2064.3117,2075.9158,2062.9595,2063.8806,12.0352,0.5831,30462900.47,38107250.951
932000.CSI,20180306,2099.0133,2077.2969,2099.0133,2077.2969,2075.9158,23.0975,1.1126,37002942.91,48401301.449
932000.CSI,20180307,2089.2046,2096.0702,2100.2939,2087.648,2099.0133,-9.8087,-0.4673,34181651.23,45059843.418
932000.CSI,20180308,2110.053,2086.6601,2110.053,2086.6601,2089.2046,20.8484,0.9979,35177056.9,48325956.752
932000.CSI,20180309,2142.066,2110.6828,2142.066,2110.6828,2110.053,32.013,1.5172,44642475.71,61654609.426
932000.CSI,20180312,2174.5323,2147.5224,2174.5323,2147.5224,2142.066,32.4663,1.5157,50065310.16,68136205.992
932000.CSI,20180313,2165.2186,2171.4448,2179.7413,2162.8491,2174.5323,-9.3137,-0.4283,46056938.5,58822456.355
932000.CSI,20180314,2145.3011,2159.1761,2164.102,2145.3011,2165.2186,-19.9175,-0.9199,40985271.09,52125888.741
932000.CSI,20180315,2124.9591,2134.722,2134.722,2102.343,2145.3011,-20.342,-0.9482,41768979.52,53175174.529
932000.CSI,20180316,2126.1714,2124.1174,2138.8747,2124.1174,2124.9591,1.2123,0.0571,35729376.01,44273138.439
932000.CSI,20180319,2135.0281,2124.1949,2140.0476,2118.502,2126.1714,8.8567,0.4166,33798603.39,44282455.335
932000.CSI,20180320,2143.3796,2122.0739,2143.3796,2118.2408,2135.0281,8.3515,0.3912,40820042.97,50557570.664
932000.CSI,20180321,2132.5815,2144.902,2162.4608,2132.1662,2143.3796,-10.7981,-0.5038,46966291.38,60335509.039
932000.CSI,20180322,2137.787,2130.4343,2146.8119,2122.1365,2132.5815,5.2055,0.2441,41434691.97,53678068.259
932000.CSI,20180323,2020.3138,2080.185,2092.0811,2000.7996,2137.787,-117.4732,-5.4951,60330534.84,70070142.897
932000.CSI,20180326,2045.8431,1988.8707,2045.8471,1960.2389,2020.3138,25.5293,1.2636,42642858.33,51638993.733
932000.CSI,20180327,2099.6312,2060.9236,2101.6416,2060.9236,2045.8431,53.7881,2.6291,47887127.11,63043097.771
932000.CSI,20180328,2093.5014,2078.5706,2104.2749,2078.5706,2099.6312,-6.1298,-0.2919,44041417.32,60389693.485
932000.CSI,20180329,2113.5676,2098.3032,2113.7373,2095.5383,2093.5014,20.0662,0.9585,40747022.04,56614004.924
932000.CSI,20180330,2145.2594,2117.687,2145.2594,2117.687,2113.5676,31.6918,1.4994,45195450.96,64897609.063
932000.CSI,20180402,2153.0987,2150.4043,2164.6372,2149.5706,2145.2594,7.8393,0.3654,48929052.42,71483905.053
932000.CSI,20180403,2133.5803,2124.7261,2133.9745,2122.1969,2153.0987,-19.5184,-0.9065,43951075.16,62576781.82
932000.CSI,20180404,2129.4182,2141.4687,2150.2268,2127.2925,2133.5803,-4.1621,-0.1951,43866186.48,61737847.223
932000.CSI,20180409,2136.3576,2119.7855,2139.3645,2104.279,2129.4182,6.9394,0.3259,43215334.25,59634627.644
932000.CSI,20180410,2136.5448,2134.7442,2137.2083,2112.6669,2136.3576,0.1872,0.0088,45231542.61,65520073.59
932000.CSI,20180411,2155.5378,2140.2719,2158.8427,2140.2719,2136.5448,18.993,0.889,45406189.67,67565668.58
932000.CSI,20180412,2146.0345,2151.6668,2158.0373,2141.0186,2155.5378,-9.5033,-0.4409,43126771.58,66438985.831
932000.CSI,20180413,2137.1713,2150.6026,2154.5001,2134.9935,2146.0345,-8.8632,-0.413,37698369.56,58966115.875
932000.CSI,20180416,2121.9771,2131.5994,2135.0391,2108.1543,2137.1713,-15.1942,-0.7109,36750459.78,52623605.019
932000.CSI,20180417,2072.8078,2124.2414,2127.4013,2072.8078,2121.9771,-49.1693,-2.3171,42040967.79,59315290.54
932000.CSI,20180418,2092.3126,2079.5527,2094.7952,2041.9327,2072.8078,19.5048,0.941,39175602.37,56497440.963
932000.CSI,20180419,2095.8156,2087.5679,2105.3081,2087.5679,2092.3126,3.503,0.1674,36857754.79,55893298.801
932000.CSI,20180420,2047.5281,2086.3259,2088.5594,2047.5281,2095.8156,-48.2875,-2.304,37258920.53,52132081.285
932000.CSI,20180423,2032.8761,2043.7659,2053.7646,2014.361,2047.5281,-14.652,-0.7156,31283892.47,44419814.699
932000.CSI,20180424,2080.1912,2031.8819,2080.1912,2031.8819,2032.8761,47.3151,2.3275,35604172.2,50793719.256
932000.CSI,20180425,2091.5789,2072.4328,2092.0637,2072.4328,2080.1912,11.3877,0.5474,36037020.29,55205810.605
932000.CSI,20180426,2049.9765,2086.5117,2086.5117,2049.9765,2091.5789,-41.6024,-1.989,36781420.06,53632824.504
932000.CSI,20180427,2051.6167,2052.9411,2057.8768,2043.7659,2049.9765,1.6402,0.08,34582438.08,48467047.858
932000.CSI,20180502,2040.4381,2048.2939,2056.7648,2029.0681,2051.6167,-11.1786,-0.5449,35582183.7,46609645.231
932000.CSI,20180503,2061.0534,2035.9913,2061.0534,2014.4731,2040.4381,20.6153,1.0103,35898387.59,48062114.192
932000.CSI,20180504,2061.5184,2056.8148,2070.6585,2056.8148,2061.0534,0.465,0.0226,35415416.53,49415532.253
932000.CSI,20180507,2102.4074,2062.3796,2102.4074,2062.3796,2061.5184,40.889,1.9834,41569493.37,57283180.775
932000.CSI,20180508,2118.9199,2104.1721,2118.9199,2104.1721,2102.4074,16.5125,0.7854,45415714.36,61882030.055
932000.CSI,20180509,2121.3569,2115.9603,2122.968,2111.1859,2118.9199,2.437,0.115,45135072.1,61472345.494
932000.CSI,20180510,2137.0189,2122.4476,2137.0189,2122.4476,2121.3569,15.662,0.7383,48751319.95,67570254.55
932000.CSI,20180511,2110.165,2136.6851,2136.6851,2110.165,2137.0189,-26.8539,-1.2566,44642668.39,63924586.399
932000.CSI,20180514,2093.487,2103.3034,2107.5118,2089.1271,2110.165,-16.678,-0.7904,37171785.25,52418154.885
932000.CSI,20180515,2118.7231,2092.325,2118.7231,2088.7138,2093.487,25.2361,1.2055,36755565.08,52678121.727
932000.CSI,20180516,2109.6924,2112.4907,2123.5113,2109.3082,2118.7231,-9.0307,-0.4262,40244244.85,57247898.733
932000.CSI,20180517,2107.4277,2107.123,2111.969,2103.5254,2109.6924,-2.2647,-0.1073,38781293.37,54730233.005
932000.CSI,20180518,2118.0711,2104.7408,2118.0711,2097.1287,2107.4277,10.6434,0.505,41100109.7,55670156.691
932000.CSI,20180521,2148.3589,2124.9432,2149.5593,2124.9432,2118.0711,30.2878,1.43,48515612.15,67051347.077
932000.CSI,20180522,2159.375,2145.4972,2159.375,2142.2073,2148.3589,11.0161,0.5128,46794634.81,68559554.943
932000.CSI,20180523,2138.1346,2152.3679,2156.1486,2138.1346,2159.375,-21.2404,-0.9836,46576810.08,67972311.155
932000.CSI,20180524,2139.1343,2134.6786,2144.9712,2134.6786,2138.1346,0.9997,0.0468,40740622.78,58577096.764
932000.CSI,20180525,2123.5955,2136.6452,2138.2671,2121.0624,2139.1343,-15.5388,-0.7264,42475387.68,61979141.713
932000.CSI,20180528,2106.408,2121.1147,2121.6343,2102.4154,2123.5955,-17.1875,-0.8094,42908979.54,62718568.535
932000.CSI,20180529,2086.3639,2099.8199,2113.8516,2086.1307,2106.408,-20.0441,-0.9516,42789343.48,60243361.846
932000.CSI,20180530,2003.4203,2055.3606,2055.3606,2002.9989,2086.3639,-82.9436,-3.9755,49644895.11,62813370.335
932000.CSI,20180531,2041.5568,2016.3105,2041.5568,2012.053,2003.4203,38.1365,1.9036,40101071.24,51560317.251
932000.CSI,20180601,2021.7347,2033.377,2047.7842,2009.7243,2041.5568,-19.8221,-0.9709,38965449.45,50569381.201
932000.CSI,20180604,2016.9925,2023.9946,2025.8581,2010.0094,2021.7347,-4.7422,-0.2346,33494078.62,42499193.957
932000.CSI,20180605,2049.4635,2016.3756,2049.4635,2016.3756,2016.9925,32.471,1.6099,36149458.06,48470668.593
932000.CSI,20180606,2056.9908,2048.2077,2056.9908,2047.1176,2049.4635,7.5273,0.3673,37663645.61,50096999.965
932000.CSI,20180607,2038.1016,2058.6291,2058.6291,2037.6699,2056.9908,-18.8892,-0.9183,37508152.64,49412886.661
932000.CSI,20180608,2017.4704,2033.7683,2033.7683,2002.1303,2038.1016,-20.6312,-1.0123,36137068.49,45385314.259
932000.CSI,20180611,1999.6659,2010.4439,2014.0281,1995.046,2017.4704,-17.8045,-0.8825,39263192.91,60858451.251
932000.CSI,20180612,2010.2768,1997.0385,2010.2768,1971.301,1999.6659,10.6109,0.5306,44018606.76,68144857.537
932000.CSI,20180613,1972.3971,2004.7357,2004.7357,1972.3926,2010.2768,-37.8797,-1.8843,43456813.72,65274256.977
932000.CSI,20180614,1966.8809,1963.4546,1984.3766,1961.5942,1972.3971,-5.5162,-0.2797,39162174.14,58608801.726
932000.CSI,20180615,1910.9345,1964.0664,1968.1808,1906.1017,1966.8809,-55.9464,-2.8444,45495768.26,63398978.6
932000.CSI,20180619,1771.6842,1877.6457,1877.6457,1756.6095,1910.9345,-139.2503,-7.287,54389761.87,63001310.774
932000.CSI,20180620,1797.3388,1755.6963,1805.1491,1752.795,1771.6842,25.6546,1.448,49247784.31,61185295.297
932000.CSI,20180621,1746.8432,1793.0186,1802.91,1746.8432,1797.3388,-50.4956,-2.8095,49006153.18,61281816.11
932000.CSI,20180622,1773.1569,1732.1751,1774.4624,1732.1751,1746.8432,26.3137,1.5064,40795997.01,49793324.295
932000.CSI,20180625,1774.8261,1786.5707,1794.1665,1774.681,1773.1569,1.6692,0.0941,39371862.8,50268591.743
932000.CSI,20180626,1797.7564,1752.5632,1797.7564,1752.5632,1774.8261,22.9303,1.292,41279329.47,54777702.04
932000.CSI,20180627,1792.0036,1797.4145,1809.9423,1787.8883,1797.7564,-5.7528,-0.32,42182050.51,56920788.319
932000.CSI,20180628,1772.0106,1788.7418,1802.271,1771.9353,1792.0036,-19.993,-1.1157,41712491.52,55376498.16
932000.CSI,20180629,1822.8095,1770.0546,1822.8095,1769.5102,1772.0106,50.7989,2.8667,50003714.05,64384650.902
932000.CSI,20180702,1802.5032,1820.5185,1827.7553,1793.0211,1822.8095,-20.3063,-1.114,49609193.41,62361814.916
932000.CSI,20180703,1834.2705,1802.0584,1834.2705,1787.2346,1802.5032,31.7673,1.7624,54273444.33,66737813.59
932000.CSI,20180704,1794.8928,1825.6344,1825.6344,1785.4481,1834.2705,-39.3777,-2.1468,49460729.37,63555033.277
932000.CSI,20180705,1740.8687,1787.3371,1791.6501,1740.8687,1794.8928,-54.0241,-3.0099,45805299.49,54686785.32
932000.CSI,20180706,1746.113,1739.3434,1765.7135,1711.6848,1740.8687,5.2443,0.3012,50248536.66,59589229.191
932000.CSI,20180709,1786.1221,1745.8963,1786.1221,1745.8963,1746.113,40.0091,2.2913,43380688.29,54507952.953
932000.CSI,20180710,1806.4265,1787.9249,1806.4265,1785.3383,1786.1221,20.3044,1.1368,46232422.65,62065878.438
932000.CSI,20180711,1764.8144,1782.2767,1782.2767,1742.6593,1806.4265,-41.6121,-2.3036,51861578.03,66668507.175
932000.CSI,20180712,1809.3729,1761.4427,1813.3081,1761.4427,1764.8144,44.5585,2.5248,57071391.49,75594785.916
932000.CSI,20180713,1813.5862,1807.6629,1816.2193,1805.4373,1809.3729,4.2133,0.2329,52509687.98,70025782.049
932000.CSI,20180716,1815.4061,1809.3892,1815.4061,1803.0523,1813.5862,1.8199,0.1003,47843468.26,60832188.818
932000.CSI,20180717,1822.4762,1813.0553,1822.4762,1801.5772,1815.4061,7.0701,0.3895,46925954.92,57878221.305
932000.CSI,20180718,1813.9649,1823.5454,1833.3771,1813.9649,1822.4762,-8.5113,-0.467,52486261.88,63986598.356
932000.CSI,20180719,1791.5991,1809.9046,1815.7028,1785.3219,1813.9649,-22.3658,-1.233,48051972.37,59000209.492
932000.CSI,20180720,1808.7843,1787.4596,1810.1363,1780.8233,1791.5991,17.1852,0.9592,44606594.88,53203564.418
932000.CSI,20180723,1818.3029,1801.0315,1818.3029,1800.4367,1808.7843,9.5186,0.5262,49872198.64,59129393.524
932000.CSI,20180724,1847.2455,1817.681,1847.2455,1815.994,1818.3029,28.9426,1.5917,59305257.55,65837652.482
932000.CSI,20180725,1850.1833,1846.7372,1855.6155,1845.7305,1847.2455,2.9378,0.159,55917568.2,62758076.435
932000.CSI,20180726,1846.2873,1848.8916,1854.6912,1842.7703,1850.1833,-3.896,-0.2106,63409811.3,63509639.566
932000.CSI,20180727,1834.3084,1843.629,1845.1001,1834.3084,1846.2873,-11.9789,-0.6488,55596939.09,54390234.662
932000.CSI,20180730,1803.5016,1829.661,1829.661,1795.7981,1834.3084,-30.8068,-1.6795,51381471.22,52580856.353
932000.CSI,20180731,1804.5519,1799.2291,1807.6108,1796.621,1803.5016,1.0503,0.0582,43756734.19,43207025.582
932000.CSI,20180801,1777.6486,1805.8971,1814.9497,1777.6486,1804.5519,-26.9033,-1.4909,47946633.46,48892076.605
932000.CSI,20180802,1729.5572,1770.1257,1770.1257,1687.8325,1777.6486,-48.0914,-2.7053,57551294.45,56354436.076
932000.CSI,20180803,1708.6954,1725.0174,1733.601,1708.6954,1729.5572,-20.8618,-1.2062,41259374.31,40234681.758
932000.CSI,20180806,1676.1254,1701.7911,1709.6428,1672.6471,1708.6954,-32.57,-1.9061,42609552.35,40771264.398
932000.CSI,20180807,1721.2106,1676.1217,1721.2106,1675.4778,1676.1254,45.0852,2.6898,46940886.68,44599538.049
932000.CSI,20180808,1694.4047,1718.6968,1720.5087,1694.4047,1721.2106,-26.8059,-1.5574,51942071.01,48236430.586
932000.CSI,20180809,1732.9577,1687.4326,1738.6105,1687.4326,1694.4047,38.553,2.2753,55222503.31,52795222.651
932000.CSI,20180810,1743.4665,1730.9216,1743.9717,1728.7885,1732.9577,10.5088,0.6064,46778164.83,47499410.241
932000.CSI,20180813,1747.1366,1722.956,1747.1366,1717.423,1743.4665,3.6701,0.2105,42587497.01,45316975.392
932000.CSI,20180814,1748.0401,1744.574,1754.2283,1741.9563,1747.1366,0.9035,0.0517,42561554.91,44316506.971
932000.CSI,20180815,1717.1102,1746.8982,1746.8982,1717.1102,1748.0401,-30.9299,-1.7694,43659130.0,43936799.287
932000.CSI,20180816,1700.393,1698.0824,1717.8992,1691.244,1717.1102,-16.7172,-0.9736,41801372.52,41049973.014
932000.CSI,20180817,1667.4307,1710.1409,1712.4421,1666.6021,1700.393,-32.9623,-1.9385,39810594.98,39866200.999
932000.CSI,20180820,1677.4154,1663.5523,1677.4154,1642.8646,1667.4307,9.9847,0.5988,37335214.08,37954448.715
932000.CSI,20180821,1695.4536,1675.5867,1696.1144,1673.547,1677.4154,18.0382,1.0754,37579935.36,40982197.882
932000.CSI,20180822,1675.0582,1691.6361,1691.6361,1675.035,1695.4536,-20.3954,-1.2029,34768035.26,37055318.952
932000.CSI,20180823,1687.8379,1672.9879,1693.0069,1672.9879,1675.0582,12.7797,0.7629,34999330.08,38507636.211
932000.CSI,20180824,1681.8189,1685.3464,1692.5225,1678.972,1687.8379,-6.019,-0.3566,34316738.64,36714017.96
932000.CSI,20180827,1714.3212,1682.4965,1714.3212,1682.4965,1681.8189,32.5023,1.9326,41011754.38,44560871.0
932000.CSI,20180828,1717.4373,1714.3755,1719.2529,1711.4642,1714.3212,3.1161,0.1818,40431355.62,43236128.012
932000.CSI,20180829,1707.7308,1715.0185,1715.0185,1703.0838,1717.4373,-9.7065,-0.5652,35956864.6,37417845.371
932000.CSI,20180830,1681.2003,1706.3876,1706.3876,1681.2003,1707.7308,-26.5305,-1.5536,37388300.45,37923409.01
932000.CSI,20180831,1662.5401,1677.4095,1678.8009,1661.5908,1681.2003,-18.6602,-1.1099,32286464.45,32955872.425
932000.CSI,20180903,1658.8959,1659.6336,1659.6336,1635.4851,1662.5401,-3.6442,-0.2192,33673430.97,34250107.4
932000.CSI,20180904,1679.7067,1657.1499,1681.1846,1657.1499,1658.8959,20.8108,1.2545,36660951.98,37355232.171
932000.CSI,20180905,1656.5863,1676.5072,1683.9827,1656.5863,1679.7067,-23.1204,-1.3765,39300198.31,39765963.988
932000.CSI,20180906,1651.4459,1651.8873,1666.8819,1647.0838,1656.5863,-5.1404,-0.3103,35171309.14,35978156.524
932000.CSI,20180907,1654.929,1651.4659,1669.9151,1646.7622,1651.4459,3.4831,0.2109,37129415.66,37930192.182
932000.CSI,20180910,1622.2262,1653.4416,1653.4416,1622.2075,1654.929,-32.7028,-1.9761,36647280.06,36211292.009
932000.CSI,20180911,1628.6685,1621.7885,1634.5474,1616.9872,1622.2262,6.4423,0.3971,32806124.34,32050352.357
932000.CSI,20180912,1629.7946,1627.8314,1638.8347,1625.2709,1628.6685,1.1261,0.0691,31193121.15,30638320.991
932000.CSI,20180913,1644.4721,1638.6223,1644.4721,1623.3661,1629.7946,14.6775,0.9006,35306322.26,35430736.439
932000.CSI,20180914,1626.2016,1645.5124,1645.9495,1626.2016,1644.4721,-18.2705,-1.111,38091773.05,36964911.754
932000.CSI,20180917,1599.1885,1619.5068,1619.5068,1597.3594,1626.2016,-27.0131,-1.6611,35737451.06,32502975.347
932000.CSI,20180918,1625.3538,1594.6983,1625.3538,1594.6983,1599.1885,26.1653,1.6362,39562786.53,36385282.75
932000.CSI,20180919,1643.8094,1622.6698,1651.2816,1622.6698,1625.3538,18.4556,1.1355,48433671.05,44776788.957
932000.CSI,20180920,1638.632,1641.6266,1647.7195,1637.3117,1643.8094,-5.1774,-0.315,45058330.76,39187021.859
932000.CSI,20180921,1656.8457,1641.3184,1656.8457,1637.1058,1638.632,18.2137,1.1115,49385733.05,43107704.814
932000.CSI,20180925,1652.0741,1650.0958,1655.4067,1648.1325,1656.8457,-4.7716,-0.288,38914717.15,34862975.601
932000.CSI,20180926,1657.6801,1652.1279,1664.1302,1651.2804,1652.0741,5.606,0.3393,43247129.51,40872588.312
932000.CSI,20180927,1626.2849,1656.9267,1656.9267,1626.2849,1657.6801,-31.3952,-1.8939,47463269.4,43216798.784
932000.CSI,20180928,1641.9765,1626.4474,1641.9765,1626.4474,1626.2849,15.6916,0.9649,38084413.26,35238312.49
932000.CSI,20181008,1586.9777,1618.6568,1618.9765,1586.9777,1641.9765,-54.9988,-3.3495,39270245.29,35537345.112
932000.CSI,20181009,1594.3771,1589.476,1603.0497,1585.9027,1586.9777,7.3994,0.4663,34978529.71,32185962.517
932000.CSI,20181010,1604.0011,1595.6865,1604.2233,1592.2023,1594.3771,9.624,0.6036,36760447.11,36044809.68
932000.CSI,20181011,1483.2619,1556.4341,1556.4341,1475.8113,1604.0011,-120.7392,-7.5274,59258543.63,50787129.463
932000.CSI,20181012,1474.4786,1468.0174,1480.3434,1414.2093,1483.2619,-8.7833,-0.5922,52104689.27,44430582.826
932000.CSI,20181015,1459.2199,1477.7412,1492.6543,1458.8221,1474.4786,-15.2587,-1.0349,38599058.92,36550812.094
932000.CSI,20181016,1431.509,1458.1508,1470.6957,1423.7635,1459.2199,-27.7109,-1.899,40567147.39,37123570.197
932000.CSI,20181017,1442.1566,1446.5225,1448.3992,1415.6177,1431.509,10.6476,0.7438,43110216.11,39683906.653
932000.CSI,20181018,1395.9257,1433.7639,1433.7639,1395.2787,1442.1566,-46.2309,-3.2057,42036763.25,36029844.374
932000.CSI,20181019,1423.8359,1373.9609,1424.5472,1373.9609,1395.9257,27.9102,1.9994,42933657.87,37451327.543
932000.CSI,20181022,1493.4151,1437.7104,1502.0113,1437.7104,1423.8359,69.5792,4.8867,59133462.39,52975547.336
932000.CSI,20181023,1476.0018,1492.1927,1495.5394,1469.4858,1493.4151,-17.4133,-1.166,53823299.91,47243575.965
932000.CSI,20181024,1477.8508,1470.1181,1488.8856,1469.0078,1476.0018,1.849,0.1253,45902645.05,39940233.973
932000.CSI,20181025,1464.7793,1432.6625,1464.7793,1432.6625,1477.8508,-13.0715,-0.8845,44682717.72,37555376.902
932000.CSI,20181026,1472.2415,1473.0247,1486.7932,1468.2273,1464.7793,7.4622,0.5094,43690654.24,36097553.885
932000.CSI,20181029,1451.5853,1468.2999,1468.2999,1448.793,1472.2415,-20.6562,-1.403,35216783.85,29742895.843
932000.CSI,20181030,1470.0456,1448.8595,1473.0217,1433.5134,1451.5853,18.4603,1.2717,42895621.69,36883210.241
932000.CSI,20181031,1492.4929,1471.2404,1499.8808,1471.2404,1470.0456,22.4473,1.527,49430402.12,42349372.602
932000.CSI,20181101,1500.024,1499.1928,1519.7995,1499.1928,1492.4929,7.5311,0.5046,55754223.68,49395378.232
932000.CSI,20181102,1538.7293,1515.4659,1538.7293,1515.3979,1500.024,38.7053,2.5803,62597622.71,56581721.323
932000.CSI,20181105,1553.8359,1538.0886,1558.1374,1532.5586,1538.7293,15.1066,0.9818,67542367.5,59862595.311
932000.CSI,20181106,1550.6611,1549.6942,1551.1963,1531.3322,1553.8359,-3.1748,-0.2043,57052285.74,49946699.421
932000.CSI,20181107,1548.9683,1550.31,1564.7493,1548.0862,1550.6611,-1.6928,-0.1092,58232691.04,53671789.922
932000.CSI,20181108,1548.7976,1556.2234,1562.5376,1547.2879,1548.9683,-0.1707,-0.011,57221773.62,49758694.099
932000.CSI,20181109,1547.2104,1544.1741,1554.1932,1544.1741,1548.7976,-1.5872,-0.1025,53104362.24,45310427.413
932000.CSI,20181112,1592.613,1547.0095,1592.613,1547.0095,1547.2104,45.4026,2.9345,67383397.17,56754516.77
932000.CSI,20181113,1621.7103,1577.2588,1630.1191,1577.2588,1592.613,29.0973,1.827,88991293.12,72810232.528
932000.CSI,20181114,1621.9019,1622.5067,1640.3474,1619.2722,1621.7103,0.1916,0.0118,82484696.61,68709622.712
932000.CSI,20181115,1657.1455,1625.8563,1657.1455,1625.2855,1621.9019,35.2436,2.173,81016662.56,76656080.166
932000.CSI,20181116,1674.5611,1659.6795,1681.8444,1657.0053,1657.1455,17.4156,1.0509,87649363.79,82546812.813
932000.CSI,20181119,1683.0041,1674.2335,1683.0041,1660.3547,1674.5611,8.443,0.5042,78658228.52,71816668.826
932000.CSI,20181120,1636.8727,1669.9143,1674.528,1636.8727,1683.0041,-46.1314,-2.741,74826054.54,69240691.565
932000.CSI,20181121,1649.8045,1617.6524,1649.8045,1617.6524,1636.8727,12.9318,0.79,66249862.46,58957016.561
932000.CSI,20181122,1652.9187,1654.1415,1659.7368,1647.8638,1649.8045,3.1142,0.1888,59396488.45,54492882.386
932000.CSI,20181123,1577.1721,1650.0129,1650.0129,1575.9301,1652.9187,-75.7466,-4.5826,70398597.43,61616333.73
932000.CSI,20181126,1573.5999,1572.9223,1585.8198,1565.371,1577.1721,-3.5722,-0.2265,49929028.99,44538596.736
932000.CSI,20181127,1586.8327,1582.4151,1591.3393,1575.3343,1573.5999,13.2328,0.8409,50490645.11,43983970.744
932000.CSI,20181128,1603.9027,1586.7647,1603.9027,1565.0407,1586.8327,17.07,1.0757,58739573.17,49050501.308
932000.CSI,20181129,1561.8337,1608.3909,1610.4072,1561.8337,1603.9027,-42.069,-2.6229,60887548.27,52172779.279
932000.CSI,20181130,1570.6489,1555.9402,1572.6753,1536.875,1561.8337,8.8152,0.5644,53118386.85,45200556.237
932000.CSI,20181203,1619.756,1601.9792,1625.5828,1599.9957,1570.6489,49.1071,3.1265,68855337.35,61337590.129
932000.CSI,20181204,1635.432,1617.5861,1635.432,1617.5861,1619.756,15.676,0.9678,67188878.3,56791696.15
932000.CSI,20181205,1620.4208,1603.2143,1629.2641,1601.1145,1635.432,-15.0112,-0.9179,63570346.95,52642897.235
932000.CSI,20181206,1592.113,1615.3355,1615.529,1592.113,1620.4208,-28.3078,-1.7469,55624348.56,47308060.443
932000.CSI,20181207,1593.4439,1594.1871,1597.8249,1585.7296,1592.113,1.3309,0.0836,46512767.84,39637204.825
932000.CSI,20181210,1573.2503,1583.4469,1583.6172,1567.8451,1593.4439,-20.1936,-1.2673,45276665.12,39379788.633
932000.CSI,20181211,1588.9285,1575.6207,1588.9285,1575.6207,1573.2503,15.6782,0.9965,43568192.7,37597535.17
932000.CSI,20181212,1588.9865,1591.8691,1595.0568,1587.125,1588.9285,0.058,0.0037,46962850.75,39764568.618
932000.CSI,20181213,1602.1188,1590.9172,1608.5488,1584.2969,1588.9865,13.1323,0.8265,53813004.04,47292358.324
932000.CSI,20181214,1560.0499,1599.4331,1599.4331,1558.746,1602.1188,-42.0689,-2.6258,52697657.47,45242966.772
932000.CSI,20181217,1563.2634,1553.0218,1563.2634,1540.6962,1560.0499,3.2135,0.206,45638101.88,39164548.698
932000.CSI,20181218,1552.616,1555.8685,1564.4358,1539.0251,1563.2634,-10.6474,-0.6811,47396959.38,41768541.727
932000.CSI,20181219,1533.132,1552.5805,1552.5805,1532.3236,1552.616,-19.484,-1.2549,45336804.14,39375942.266
932000.CSI,20181220,1543.2735,1528.934,1543.3916,1528.934,1533.132,10.1415,0.6615,45189370.1,38758059.066
932000.CSI,20181221,1532.3191,1538.2557,1540.712,1521.5319,1543.2735,-10.9544,-0.7098,43098435.17,37940230.82
932000.CSI,20181224,1548.2824,1530.8862,1548.2824,1530.8862,1532.3191,15.9633,1.0418,41228184.84,40315921.47
932000.CSI,20181225,1532.3683,1534.0938,1534.1525,1491.6685,1548.2824,-15.9141,-1.0279,57518168.42,52771420.514
932000.CSI,20181226,1532.1098,1531.4449,1539.4392,1531.3178,1532.3683,-0.2585,-0.0169,51751516.17,50437367.308
932000.CSI,20181227,1504.9658,1550.5423,1550.5423,1504.9658,1532.1098,-27.144,-1.7717,52677839.96,50357536.042
932000.CSI,20181228,1505.3141,1506.0597,1514.4884,1499.0527,1504.9658,0.3483,0.0231,44070385.75,42136536.25
932000.CSI,20190102,1506.3926,1509.799,1511.001,1503.4219,1505.3141,1.0785,0.0716,40585625.71,38900619.281
932000.CSI,20190103,1497.079,1505.6624,1515.3423,1497.079,1506.3926,-9.3136,-0.6183,47591908.82,44886759.72
932000.CSI,20190104,1533.0329,1481.3218,1533.0329,1481.3218,1497.079,35.9539,2.4016,58068902.09,49855937.815
932000.CSI,20190107,1566.9547,1541.1246,1568.1138,1541.1246,1533.0329,33.9218,2.2127,66720827.82,57438453.03
932000.CSI,20190108,1566.6349,1566.3575,1569.43,1560.7515,1566.9547,-0.3198,-0.0204,64890452.22,55796048.858
932000.CSI,20190109,1572.0278,1568.285,1590.7477,1567.4594,1566.6349,5.3929,0.3442,75686731.21,65829653.922
932000.CSI,20190110,1570.9128,1570.9554,1581.0114,1568.2448,1572.0278,-1.115,-0.0709,67234513.69,58033122.7
932000.CSI,20190111,1584.1178,1569.8953,1584.1178,1567.2123,1570.9128,13.205,0.8406,65322058.37,56653845.079
932000.CSI,20190114,1576.7495,1583.0791,1583.0791,1573.0717,1584.1178,-7.3683,-0.4651,62015958.08,53618787.281
932000.CSI,20190115,1594.0373,1573.7064,1594.0373,1571.6974,1576.7495,17.2878,1.0964,63601258.13,55837628.031
932000.CSI,20190116,1589.5107,1593.77,1597.6829,1588.9319,1594.0373,-4.5266,-0.284,62654744.58,56089287.071
932000.CSI,20190117,1569.1565,1586.7574,1586.7574,1567.9012,1589.5107,-20.3542,-1.2805,60296387.25,52358133.978
932000.CSI,20190118,1572.8042,1569.1123,1575.5308,1560.0072,1569.1565,3.6477,0.2325,55801372.02,47506863.588
932000.CSI,20190121,1583.551,1575.3424,1587.9757,1575.3424,1572.8042,10.7468,0.6833,50323511.25,44210706.063
932000.CSI,20190122,1571.9874,1574.8559,1574.8559,1570.3727,1583.551,-11.5636,-0.7302,51925398.21,45762195.624
932000.CSI,20190123,1576.3286,1568.1555,1576.3286,1564.4251,1571.9874,4.3412,0.2762,50356605.48,43768245.442
932000.CSI,20190124,1582.3135,1576.8958,1586.0319,1572.6376,1576.3286,5.9849,0.3797,55470085.57,48202404.907
932000.CSI,20190125,1568.0572,1581.2534,1583.6185,1568.0572,1582.3135,-14.2563,-0.901,60404461.36,50227257.726
932000.CSI,20190128,1555.1136,1575.3671,1578.2591,1554.6612,1568.0572,-12.9436,-0.8255,54863000.51,45821038.786
932000.CSI,20190129,1518.1523,1547.9894,1547.9894,1498.2356,1555.1136,-36.9613,-2.3768,57986820.45,46174243.262
932000.CSI,20190130,1491.0513,1507.4699,1515.5594,1491.0513,1518.1523,-27.101,-1.7851,43646676.61,35154380.915
932000.CSI,20190131,1458.4625,1485.4204,1493.8856,1455.3556,1491.0513,-32.5888,-2.1856,52820048.99,40577679.127
932000.CSI,20190201,1498.2676,1462.0428,1498.2676,1462.0428,1458.4625,39.8051,2.7293,40401465.14,32276446.495
932000.CSI,20190211,1539.6502,1503.4334,1539.6502,1503.4334,1498.2676,41.3826,2.762,46627000.66,39371924.784
932000.CSI,20190212,1564.284,1541.6428,1565.2237,1541.6428,1539.6502,24.6338,1.6,59084315.99,51004214.018
932000.CSI,20190213,1591.2937,1565.5393,1592.6456,1564.9122,1564.284,27.0097,1.7266,72910533.87,63884056.718
932000.CSI,20190214,1600.9443,1591.7302,1606.9779,1590.7759,1591.2937,9.6506,0.6065,68951171.66,60981781.803
932000.CSI,20190215,1602.1925,1599.564,1611.2035,1599.564,1600.9443,1.2482,0.078,69737224.18,61967106.843
932000.CSI,20190218,1655.1971,1609.8474,1655.1971,1609.8474,1602.1925,53.0046,3.3083,91446186.86,80434310.574
932000.CSI,20190219,1662.183,1662.0361,1667.9134,1644.9819,1655.1971,6.9859,0.4221,103685028.54,92174385.878
932000.CSI,20190220,1667.638,1661.1458,1667.638,1648.1089,1662.183,5.455,0.3282,86083037.07,77360068.558
932000.CSI,20190221,1665.1544,1667.4795,1695.7215,1659.8985,1667.638,-2.4836,-0.1489,106949862.27,96249495.016
932000.CSI,20190222,1701.9796,1662.7835,1701.9796,1662.7835,1665.1544,36.8252,2.2115,101063757.62,90596339.971
932000.CSI,20190225,1783.7758,1722.0077,1784.2915,1721.7305,1701.9796,81.7962,4.8059,153218788.19,136576128.341
932000.CSI,20190226,1774.348,1787.5373,1812.3176,1767.2585,1783.7758,-9.4278,-0.5285,154401371.74,143253254.552
932000.CSI,20190227,1769.9126,1769.5802,1794.4576,1757.3913,1774.348,-4.4354,-0.25,122544079.38,113827488.022
932000.CSI,20190228,1780.0596,1770.1365,1788.816,1768.809,1769.9126,10.147,0.5733,98892904.58,89479927.269
932000.CSI,20190301,1788.6773,1784.158,1788.6773,1768.4774,1780.0596,8.6177,0.4841,90716182.84,84717522.014
932000.CSI,20190304,1822.4439,1803.3285,1845.7242,1803.3285,1788.6773,33.7666,1.8878,140905665.91,131247133.837
932000.CSI,20190305,1876.0629,1821.2372,1876.0629,1821.2372,1822.4439,53.619,2.9421,139508281.24,131015452.046
932000.CSI,20190306,1918.2978,1886.9783,1918.2978,1872.3734,1876.0629,42.2349,2.2513,163486046.0,157831075.439
932000.CSI,20190307,1954.1373,1919.6471,1967.6538,1917.6491,1918.2978,35.8395,1.8683,166923788.97,165755861.021
932000.CSI,20190308,1864.8311,1914.7291,1951.8394,1864.8311,1954.1373,-89.3062,-4.5701,164607967.58,162521653.631
932000.CSI,20190311,1947.5385,1877.9875,1947.5385,1877.9875,1864.8311,82.7074,4.4351,134107874.94,134384164.813
932000.CSI,20190312,1988.4478,1967.8814,2000.4879,1964.3658,1947.5385,40.9093,2.1006,165458278.0,169106370.161
932000.CSI,20190313,1950.1955,1990.9935,2001.1871,1941.0439,1988.4478,-38.2523,-1.9237,159242279.6,162232373.238
932000.CSI,20190314,1890.6942,1933.8091,1944.6108,1875.2469,1950.1955,-59.5013,-3.051,125076232.25,121780973.879
932000.CSI,20190315,1920.9587,1899.5068,1932.0242,1899.5068,1890.6942,30.2645,1.6007,119011680.47,112925186.821
932000.CSI,20190318,1962.1958,1926.2579,1962.1958,1918.5331,1920.9587,41.2371,2.1467,119417880.8,113901021.237
932000.CSI,20190319,1971.6013,1962.7979,1974.4584,1959.5409,1962.1958,9.4055,0.4793,114972130.71,114127523.648
932000.CSI,20190320,1976.7707,1970.6215,1977.4071,1938.7469,1971.6013,5.1694,0.2622,120466733.29,118013822.542
932000.CSI,20190321,2003.8146,1980.0483,2017.3464,1977.424,1976.7707,27.0439,1.3681,140648452.54,137186137.951
932000.CSI,20190322,2015.1867,2002.9692,2015.2817,1982.0828,2003.8146,11.3721,0.5675,132309987.15,129829166.615
932000.CSI,20190325,2000.6771,1981.2511,2022.7603,1981.2511,2015.1867,-14.5096,-0.72,123168837.28,124577604.306
932000.CSI,20190326,1949.3942,2007.793,2009.115,1947.088,2000.6771,-51.2829,-2.5633,123331645.87,122579804.436
932000.CSI,20190327,1965.3049,1959.8306,1965.3049,1930.5551,1949.3942,15.9107,0.8162,109666034.83,109038564.732
932000.CSI,20190328,1936.7484,1954.89,1976.5485,1936.7484,1965.3049,-28.5565,-1.453,110291916.6,113134651.177
932000.CSI,20190329,1982.6674,1931.7526,1982.6674,1912.1826,1936.7484,45.919,2.3709,115413066.74,116714713.588
932000.CSI,20190401,2055.677,1993.3206,2055.677,1993.3206,1982.6674,73.0096,3.6824,142156579.09,148326720.842
932000.CSI,20190402,2072.2469,2066.6154,2089.4286,2063.442,2055.677,16.5699,0.8061,147933055.71,160341996.059
932000.CSI,20190403,2091.3676,2061.1347,2091.3676,2061.1347,2072.2469,19.1207,0.9227,130932711.99,135881299.832
932000.CSI,20190404,2097.9688,2098.1199,2101.6655,2084.1581,2091.3676,6.6012,0.3156,139742193.5,144494816.401
932000.CSI,20190408,2093.1688,2112.2271,2113.6196,2063.2908,2097.9688,-4.8,-0.2288,145239480.32,147726664.247
932000.CSI,20190409,2107.8519,2088.5973,2107.8519,2085.5142,2093.1688,14.6831,0.7015,125871632.99,130205677.877
932000.CSI,20190410,2104.0605,2093.6967,2119.7454,2079.7143,2107.8519,-3.7914,-0.1799,130383147.67,134354234.891
932000.CSI,20190411,2066.7254,2102.9598,2105.643,2066.7254,2104.0605,-37.3351,-1.7744,123409249.53,124214452.388
932000.CSI,20190412,2068.1534,2064.3622,2074.6933,2051.0123,2066.7254,1.428,0.0691,107409927.15,106433147.939
932000.CSI,20190415,2048.4752,2088.5301,2097.4605,2048.4752,2068.1534,-19.6782,-0.9515,109652668.03,111321930.507
932000.CSI,20190416,2089.6986,2037.1844,2089.6986,2023.5224,2048.4752,41.2234,2.0124,106422182.98,111150452.756
932000.CSI,20190417,2110.3074,2091.7096,2115.789,2091.7096,2089.6986,20.6088,0.9862,122954459.27,127046443.224
932000.CSI,20190418,2093.2447,2107.2013,2110.5176,2091.6664,2110.3074,-17.0627,-0.8085,121129652.77,122519737.35
932000.CSI,20190419,2109.6915,2088.9671,2109.6915,2075.2375,2093.2447,16.4468,0.7857,112819525.56,112717528.024
932000.CSI,20190422,2087.3488,2113.7736,2113.7897,2085.8755,2109.6915,-22.3427,-1.0591,118910391.95,120816722.511
932000.CSI,20190423,2044.0879,2082.0807,2082.0807,2040.1501,2087.3488,-43.2609,-2.0725,108577118.68,108136574.564
932000.CSI,20190424,2064.7319,2045.3472,2064.7319,2030.3153,2044.0879,20.644,1.0099,92165041.77,93461203.223
932000.CSI,20190425,1976.7265,2058.0512,2059.1701,1976.7265,2064.7319,-88.0054,-4.2623,116120137.94,112232086.338
932000.CSI,20190426,1949.143,1963.1225,1981.3181,1949.143,1976.7265,-27.5835,-1.3954,95252076.06,91695856.656
932000.CSI,20190429,1868.4225,1948.3761,1948.3761,1868.3627,1949.143,-80.7205,-4.1413,92882530.47,88902470.664
932000.CSI,20190430,1884.9298,1857.2787,1895.4701,1857.2787,1868.4225,16.5073,0.8835,70017443.93,66879773.158
932000.CSI,20190506,1738.7592,1826.4585,1826.4585,1731.1199,1884.9298,-146.1706,-7.7547,89793495.26,77111655.513
932000.CSI,20190507,1767.7877,1745.6924,1776.114,1735.9561,1738.7592,29.0285,1.6695,77858501.71,69490522.638
932000.CSI,20190508,1768.1947,1733.6858,1788.7651,1733.6858,1767.7877,0.407,0.023,77123969.86,68263784.213
932000.CSI,20190509,1760.0105,1755.0387,1777.482,1755.0387,1768.1947,-8.1842,-0.4629,67610116.12,60371642.861
932000.CSI,20190510,1824.9522,1774.6721,1824.9522,1770.0478,1760.0105,64.9417,3.6898,97449253.89,88791070.263
932000.CSI,20190513,1821.8384,1809.4203,1828.4207,1809.4203,1824.9522,-3.1138,-0.1706,80103626.35,74870903.622
932000.CSI,20190514,1811.5476,1799.535,1825.8174,1799.535,1821.8384,-10.2908,-0.5649,76652333.72,71315109.589
932000.CSI,20190515,1855.322,1827.1305,1856.8567,1827.1305,1811.5476,43.7744,2.4164,90142987.07,84007967.786
932000.CSI,20190516,1865.468,1854.6779,1869.2327,1852.1242,1855.322,10.146,0.5469,93684726.99,86438096.659
932000.CSI,20190517,1796.9776,1865.7334,1865.7334,1790.3842,1865.468,-68.4904,-3.6715,102954824.04,95062379.589
932000.CSI,20190520,1793.4571,1796.6342,1796.6342,1758.2192,1796.9776,-3.5205,-0.1959,77897237.35,72579103.103
932000.CSI,20190521,1821.13,1788.8865,1823.1162,1788.8865,1793.4571,27.6729,1.543,79486627.05,77343391.0
932000.CSI,20190522,1813.3557,1820.2436,1828.1898,1802.7941,1821.13,-7.7743,-0.4269,80661459.66,78498319.82
932000.CSI,20190523,1768.2315,1807.8159,1807.8159,1765.7254,1813.3557,-45.1242,-2.4884,75629567.74,73587096.181
932000.CSI,20190524,1754.043,1756.565,1773.0496,1750.878,1768.2315,-14.1885,-0.8024,62670059.26,60531305.152
932000.CSI,20190527,1807.932,1755.9274,1807.932,1755.9274,1754.043,53.889,3.0723,72648496.35,69825130.939
932000.CSI,20190528,1813.1496,1810.8334,1832.1246,1809.5385,1807.932,5.2176,0.2886,82603952.0,81711449.723
932000.CSI,20190529,1822.09,1810.1085,1830.8455,1810.1085,1813.1496,8.9404,0.4931,75147472.39,77397948.067
932000.CSI,20190530,1805.6901,1816.0517,1816.0517,1785.6838,1822.09,-16.3999,-0.9001,78426857.36,79281368.903
932000.CSI,20190531,1804.9594,1804.1305,1818.0141,1802.2362,1805.6901,-0.7307,-0.0405,71290476.49,74612535.915
932000.CSI,20190603,1779.4798,1806.173,1808.4811,1769.4043,1804.9594,-25.4796,-1.4116,76739936.04,78327771.517
932000.CSI,20190604,1747.78,1776.018,1776.018,1737.7582,1779.4798,-31.6998,-1.7814,69563293.55,70023298.861
932000.CSI,20190605,1753.9114,1761.4767,1767.4435,1749.8712,1747.78,6.1314,0.3508,66579845.03,68717331.119
932000.CSI,20190606,1706.4447,1751.4385,1751.4385,1703.0647,1753.9114,-47.4667,-2.7063,67407315.14,66909702.981
932000.CSI,20190610,1725.7376,1709.4119,1730.4075,1706.3688,1706.4447,19.2929,1.1306,56706801.84,57959632.393
932000.CSI,20190611,1788.7196,1728.8902,1788.7196,1728.8902,1725.7376,62.982,3.6496,84842139.31,85743155.717
932000.CSI,20190612,1784.9586,1786.1531,1798.6166,1782.5717,1788.7196,-3.761,-0.2103,84411474.02,88769619.178
932000.CSI,20190613,1796.7803,1782.1458,1800.4155,1779.6727,1784.9586,11.8217,0.6623,80522191.37,82742275.588
932000.CSI,20190614,1753.0328,1797.3299,1797.3299,1753.0328,1796.7803,-43.7475,-2.4348,76681997.77,76093680.972
932000.CSI,20190617,1755.9734,1752.0793,1763.9327,1748.7624,1753.0328,2.9406,0.1677,64662189.39,61823402.855
932000.CSI,20190618,1752.6048,1756.7232,1759.7479,1746.8312,1755.9734,-3.3686,-0.1918,63309745.24,60687337.185
932000.CSI,20190619,1778.844,1787.0703,1792.6556,1778.2349,1752.6048,26.2392,1.4972,84059785.61,80912149.786
932000.CSI,20190620,1802.4357,1774.1639,1802.4357,1767.4772,1778.844,23.5917,1.3262,95578906.96,89785428.344
932000.CSI,20190621,1842.1781,1822.7954,1845.3643,1822.4517,1802.4357,39.7424,2.2049,113083346.98,106744510.583
932000.CSI,20190624,1841.754,1844.1377,1845.4703,1832.9383,1842.1781,-0.4241,-0.023,99463167.56,94308630.57
932000.CSI,20190625,1820.4652,1838.6098,1838.6098,1804.4097,1841.754,-21.2888,-1.1559,95252939.8,88612870.884
932000.CSI,20190626,1817.3365,1809.9379,1829.8041,1809.9379,1820.4652,-3.1287,-0.1719,77879100.04,73558041.589
932000.CSI,20190627,1827.6818,1820.1202,1834.1281,1820.1202,1817.3365,10.3453,0.5693,82535483.8,81056187.102
932000.CSI,20190628,1798.0453,1824.6648,1824.6648,1787.7996,1827.6818,-29.6365,-1.6215,82656832.22,77853403.813
932000.CSI,20190701,1851.6094,1830.264,1851.6094,1824.6794,1798.0453,53.5641,2.979,98760617.24,94181670.657
932000.CSI,20190702,1849.6461,1850.8163,1855.2168,1845.3477,1851.6094,-1.9633,-0.106,90751314.74,91277075.027
932000.CSI,20190703,1829.1071,1842.9558,1842.9558,1823.2058,1849.6461,-20.539,-1.1104,77965400.65,74610729.507
932000.CSI,20190704,1822.8486,1831.6941,1835.1577,1814.6081,1829.1071,-6.2585,-0.3422,72638285.73,68821368.068
932000.CSI,20190705,1829.8754,1821.8207,1832.1871,1816.9779,1822.8486,7.0268,0.3855,62758529.02,60463273.525
932000.CSI,20190708,1761.3176,1825.0113,1825.0113,1759.4556,1829.8754,-68.5578,-3.7466,83652344.59,77421374.017
932000.CSI,20190709,1772.9633,1760.0412,1774.7939,1752.3393,1761.3176,11.6457,0.6612,61670108.26,59454153.288
932000.CSI,20190710,1760.9899,1773.1679,1777.1272,1756.2926,1772.9633,-11.9734,-0.6753,62607161.38,60844875.146
932000.CSI,20190711,1762.09,1765.9294,1779.3432,1753.7971,1760.9899,1.1001,0.0625,64148118.99,61164526.955
932000.CSI,20190712,1766.838,1762.7509,1769.2768,1754.0705,1762.09,4.748,0.2695,58780222.44,56664598.987
932000.CSI,20190715,1783.5313,1761.1728,1784.1073,1744.2028,1766.838,16.6933,0.9448,69751899.64,66010101.426
932000.CSI,20190716,1790.6068,1780.9435,1790.6068,1780.9435,1783.5313,7.0755,0.3967,63008629.45,61333065.756
932000.CSI,20190717,1791.971,1786.6431,1797.6829,1786.6431,1790.6068,1.3642,0.0762,67310695.97,64695259.476
932000.CSI,20190718,1755.7167,1782.1011,1782.1011,1755.7167,1791.971,-36.2543,-2.0232,66179787.15,63171029.868
932000.CSI,20190719,1763.9106,1758.9737,1778.8614,1758.9737,1755.7167,8.1939,0.4667,59329691.48,57518044.718
932000.CSI,20190722,1704.1673,1763.552,1763.552,1703.8869,1763.9106,-59.7433,-3.387,66599590.33,58939745.714
932000.CSI,20190723,1730.9459,1704.4942,1730.9459,1704.4942,1704.1673,26.7786,1.5714,53376663.59,50203466.967
932000.CSI,20190724,1756.6843,1735.1357,1764.0187,1735.1357,1730.9459,25.7384,1.487,65803942.03,63123613.891
932000.CSI,20190725,1760.6938,1758.1806,1765.143,1755.7543,1756.6843,4.0095,0.2282,61724965.64,60693059.916
932000.CSI,20190726,1759.4438,1756.7566,1760.8515,1751.7821,1760.6938,-1.25,-0.071,55967145.53,54030017.938
932000.CSI,20190729,1758.569,1760.5557,1763.619,1753.6309,1759.4438,-0.8748,-0.0497,52067201.39,51450236.199
932000.CSI,20190730,1766.733,1758.3269,1774.2422,1758.3269,1758.569,8.164,0.4642,58081023.56,56514255.31
932000.CSI,20190731,1754.9715,1764.7531,1764.7531,1752.651,1766.733,-11.7615,-0.6657,54831349.99,53741090.756
932000.CSI,20190801,1752.2668,1746.0468,1758.5435,1745.6,1754.9715,-2.7047,-0.1541,56713993.1,56510901.738
932000.CSI,20190802,1721.0942,1718.0356,1724.423,1707.6187,1752.2668,-31.1726,-1.779,66891132.04,64269087.469
932000.CSI,20190805,1704.1546,1716.5894,1730.8361,1704.1546,1721.0942,-16.9396,-0.9842,57193153.51,56888119.426
932000.CSI,20190806,1648.6169,1671.5302,1671.5302,1611.2935,1704.1546,-55.5377,-3.259,79020143.09,71392954.274
932000.CSI,20190807,1641.7246,1656.9219,1661.8742,1641.6731,1648.6169,-6.8923,-0.4181,54924282.72,54627560.243
932000.CSI,20190808,1651.9045,1644.4993,1655.0788,1644.4993,1641.7246,10.1799,0.6201,49899572.8,50205783.437
932000.CSI,20190809,1631.4064,1658.6309,1664.1967,1629.0861,1651.9045,-20.4981,-1.2409,55592578.01,54740143.597
932000.CSI,20190812,1663.0657,1633.6143,1663.0657,1632.7156,1631.4064,31.6593,1.9406,50960136.25,51471294.769
932000.CSI,20190813,1652.3285,1650.7069,1653.1391,1645.8878,1663.0657,-10.7372,-0.6456,48042090.09,49920904.346
932000.CSI,20190814,1663.9657,1671.433,1676.8253,1662.3005,1652.3285,11.6372,0.7043,54243816.67,57266181.93
932000.CSI,20190815,1670.6856,1623.8424,1670.6856,1623.8424,1663.9657,6.7199,0.4038,57972507.37,57245934.612
932000.CSI,20190816,1679.1466,1670.1886,1688.562,1670.1886,1670.6856,8.461,0.5064,58645397.63,61284897.559
932000.CSI,20190819,1731.3049,1693.8967,1731.3049,1693.8967,1679.1466,52.1583,3.1062,78660863.31,81546507.714
932000.CSI,20190820,1737.499,1735.4808,1745.0597,1733.5768,1731.3049,6.1941,0.3578,82374362.24,85177721.324
932000.CSI,20190821,1740.6009,1735.7427,1744.9518,1734.923,1737.499,3.1019,0.1785,73587185.93,74857111.285
932000.CSI,20190822,1750.7621,1743.5149,1750.7621,1735.1417,1740.6009,10.1612,0.5838,72164703.86,72111199.451
932000.CSI,20190823,1744.6374,1750.9661,1753.0839,1739.6904,1750.7621,-6.1247,-0.3498,75133041.44,74365362.587
932000.CSI,20190826,1732.7601,1706.0885,1736.0722,1706.0885,1744.6374,-11.8773,-0.6808,69744178.54,67278360.59
932000.CSI,20190827,1764.6345,1740.871,1768.3974,1740.871,1732.7601,31.8744,1.8395,81570717.32,78680620.34
932000.CSI,20190828,1764.9914,1763.21,1770.4977,1760.9338,1764.6345,0.3569,0.0202,81232345.21,77115388.842
932000.CSI,20190829,1764.7236,1766.3985,1773.8974,1761.9059,1764.9914,-0.2678,-0.0152,78117893.34,73587525.341
932000.CSI,20190830,1733.4086,1771.2689,1772.3311,1729.1408,1764.7236,-31.315,-1.7745,86319416.99,82409038.05
932000.CSI,20190902,1778.6377,1734.4483,1778.6377,1734.4483,1733.4086,45.2291,2.6093,80899922.03,79393811.769
932000.CSI,20190903,1793.7042,1782.2853,1793.7042,1781.6518,1778.6377,15.0665,0.8471,84956781.1,85022278.447
932000.CSI,20190904,1807.879,1790.6571,1807.879,1790.3683,1793.7042,14.1748,0.7903,89222011.86,88369190.047
932000.CSI,20190905,1824.4677,1816.7836,1843.8232,1816.703,1807.879,16.5887,0.9176,115922964.84,116474890.006
932000.CSI,20190906,1833.4006,1829.0243,1835.3995,1819.0201,1824.4677,8.9329,0.4896,91298734.56,96596455.075
932000.CSI,20190909,1879.0988,1848.6689,1879.0988,1845.0124,1833.4006,45.6982,2.4925,106091606.19,112636019.212
932000.CSI,20190910,1885.3369,1881.538,1888.4179,1869.2283,1879.0988,6.2381,0.332,109719984.26,114835196.75
932000.CSI,20190911,1873.3755,1889.1892,1890.3807,1873.3755,1885.3369,-11.9614,-0.6344,101119348.67,104069944.599
932000.CSI,20190912,1886.691,1877.351,1886.691,1871.6978,1873.3755,13.3155,0.7108,87622683.95,91579029.133
932000.CSI,20190916,1895.2205,1893.2924,1901.9931,1887.3171,1886.691,8.5295,0.4521,93905569.93,98186671.149
932000.CSI,20190917,1846.4528,1890.9557,1890.9557,1839.0206,1895.2205,-48.7677,-2.5732,96233302.45,99103028.957
932000.CSI,20190918,1848.5224,1848.5077,1855.3742,1844.4258,1846.4528,2.0696,0.1121,76290775.43,82252504.845
932000.CSI,20190919,1872.7086,1850.7981,1872.7086,1844.2487,1848.5224,24.1862,1.3084,77844112.25,85108417.053
932000.CSI,20190920,1871.8696,1875.2549,1880.893,1868.3687,1872.7086,-0.839,-0.0448,82139783.09,91637929.913
932000.CSI,20190923,1858.2123,1865.2795,1865.2795,1844.8731,1871.8696,-13.6573,-0.7296,75679282.89,81737980.778
932000.CSI,20190924,1864.307,1859.7412,1878.3089,1859.1879,1858.2123,6.0947,0.328,81678258.14,91797215.217
932000.CSI,20190925,1824.8938,1854.6203,1854.6203,1824.8938,1864.307,-39.4132,-2.1141,83020374.93,89367140.081
932000.CSI,20190926,1764.6155,1827.1147,1827.1147,1764.6155,1824.8938,-60.2783,-3.3031,86191920.75,88692199.834
932000.CSI,20190927,1782.711,1761.7072,1787.9529,1761.7072,1764.6155,18.0955,1.0255,63774706.41,67696466.164
932000.CSI,20190930,1761.2348,1781.7309,1788.4183,1761.2348,1782.711,-21.4762,-1.2047,51407337.87,54829073.841
932000.CSI,20191008,1766.2543,1763.5047,1781.2139,1763.1078,1761.2348,5.0195,0.285,52480666.45,56561529.346
932000.CSI,20191009,1787.5384,1760.7529,1787.5384,1756.4141,1766.2543,21.2841,1.205,53877125.23,58404272.69
932000.CSI,20191010,1811.2943,1788.7221,1811.2943,1788.7221,1787.5384,23.7559,1.329,62905886.13,66784667.212
932000.CSI,20191011,1815.8849,1814.7872,1821.8775,1801.4275,1811.2943,4.5906,0.2534,72079442.53,73715599.785
932000.CSI,20191014,1845.2874,1828.39,1846.1176,1828.39,1815.8849,29.4025,1.6192,81037968.47,81823329.535
932000.CSI,20191015,1825.9026,1840.0613,1840.0613,1819.2008,1845.2874,-19.3848,-1.0505,77451449.63,79473552.663
932000.CSI,20191016,1812.1144,1826.2134,1830.2293,1812.0753,1825.9026,-13.7882,-0.7551,69197274.38,69381107.925
932000.CSI,20191017,1809.8146,1810.4996,1819.5701,1804.9497,1812.1144,-2.2998,-0.1269,61250960.36,62708356.455
932000.CSI,20191018,1785.5887,1809.0443,1815.6991,1781.4747,1809.8146,-24.2259,-1.3386,69281639.14,67360308.677
932000.CSI,20191021,1779.3133,1785.9267,1785.9267,1759.3652,1785.5887,-6.2754,-0.3514,62660362.86,60415653.911
932000.CSI,20191022,1803.2348,1777.6331,1803.2348,1777.6331,1779.3133,23.9215,1.3444,61740175.26,61734208.706
932000.CSI,20191023,1792.4028,1803.2772,1806.8012,1790.4416,1803.2348,-10.832,-0.6007,64263412.77,64245550.875
932000.CSI,20191024,1791.4145,1790.1433,1794.9283,1779.1255,1792.4028,-0.9883,-0.0551,60776033.79,60212512.226
932000.CSI,20191025,1800.949,1788.9871,1802.5405,1778.3309,1791.4145,9.5345,0.5322,63862526.5,62427116.975
932000.CSI,20191028,1838.6264,1807.9783,1838.6264,1807.9783,1800.949,37.6774,2.0921,82177019.81,79432469.332
932000.CSI,20191029,1808.4722,1840.5325,1840.5325,1808.4722,1838.6264,-30.1542,-1.64,88374490.39,87571910.909
932000.CSI,20191030,1781.6353,1799.309,1799.309,1777.4816,1808.4722,-26.8369,-1.484,76433489.31,74305110.066
932000.CSI,20191031,1754.7213,1779.4656,1784.2705,1754.7213,1781.6353,-26.914,-1.5106,68064102.85,66136440.159
932000.CSI,20191101,1772.0985,1748.5522,1772.2883,1748.5102,1754.7213,17.3772,0.9903,61322706.96,60298622.963
932000.CSI,20191104,1774.8026,1774.3771,1783.6468,1772.2272,1772.0985,2.7041,0.1526,61313753.93,62835981.833
932000.CSI,20191105,1772.886,1775.5477,1775.8393,1760.7311,1774.8026,-1.9166,-0.108,59477560.82,60680170.771
932000.CSI,20191106,1754.4153,1771.5445,1773.4876,1749.6071,1772.886,-18.4707,-1.0418,59575006.58,60545162.709
932000.CSI,20191107,1768.2322,1753.4191,1768.2322,1751.8821,1754.4153,13.8169,0.7876,56969610.96,59094887.736
932000.CSI,20191108,1763.6315,1774.9856,1779.2167,1763.6315,1768.2322,-4.6007,-0.2602,59103294.01,64325661.775
932000.CSI,20191111,1717.8541,1755.0271,1755.0271,1717.3139,1763.6315,-45.7774,-2.5956,63559171.94,63425911.076
932000.CSI,20191112,1723.397,1716.4794,1723.397,1697.5335,1717.8541,5.5429,0.3227,54555602.41,55738423.453
932000.CSI,20191113,1716.6266,1721.0202,1721.5552,1709.1415,1723.397,-6.7704,-0.3929,50275918.98,52826089.866
932000.CSI,20191114,1730.62,1716.4925,1733.9402,1716.4925,1716.6266,13.9934,0.8152,53707487.71,57969537.031
932000.CSI,20191115,1706.1583,1728.5698,1728.5698,1706.1583,1730.62,-24.4617,-1.4135,56493054.87,60584450.887
932000.CSI,20191118,1719.027,1702.3673,1719.027,1702.3673,1706.1583,12.8687,0.7543,49486568.59,53696884.894
932000.CSI,20191119,1749.827,1719.6446,1749.827,1719.6446,1719.027,30.8,1.7917,59048668.61,63122388.947
932000.CSI,20191120,1737.7112,1749.0776,1750.3094,1736.8295,1749.827,-12.1158,-0.6924,60865401.89,63772812.105
932000.CSI,20191121,1735.9515,1731.2101,1740.5609,1730.594,1737.7112,-1.7597,-0.1013,53795155.81,54305856.613
932000.CSI,20191122,1717.0724,1736.5603,1750.0734,1709.2932,1735.9515,-18.8791,-1.0875,63153172.16,62266160.633
932000.CSI,20191125,1702.2471,1714.3752,1714.3752,1696.1341,1717.0724,-14.8253,-0.8634,55238342.4,51759112.206
932000.CSI,20191126,1700.3338,1702.8871,1707.696,1696.9375,1702.2471,-1.9133,-0.1124,49377859.93,44989099.675
932000.CSI,20191127,1699.6412,1699.301,1705.8886,1692.7796,1700.3338,-0.6926,-0.0407,49350477.57,45723790.958
932000.CSI,20191128,1696.0201,1697.7728,1705.6084,1693.435,1699.6412,-3.6211,-0.2131,50470325.24,48478928.617
932000.CSI,20191129,1697.3476,1694.6108,1697.8132,1683.3029,1696.0201,1.3275,0.0783,47051682.32,45277277.791
932000.CSI,20191202,1700.2799,1698.7258,1704.1939,1695.7694,1697.3476,2.9323,0.1728,48770247.44,47394988.009
932000.CSI,20191203,1712.362,1693.1787,1712.362,1688.347,1700.2799,12.0821,0.7106,53130416.26,49604188.566
932000.CSI,20191204,1714.7653,1703.3784,1717.2689,1703.3784,1712.362,2.4033,0.1404,53747988.75,51280313.616
932000.CSI,20191205,1734.9792,1715.783,1735.6102,1715.783,1714.7653,20.2139,1.1788,60750892.24,60053121.939
932000.CSI,20191206,1745.6332,1733.7852,1745.6332,1731.1639,1734.9792,10.654,0.6141,60860903.92,61248226.851
932000.CSI,20191209,1751.4612,1747.5426,1753.7095,1746.5072,1745.6332,5.828,0.3339,66938491.48,67372801.261
932000.CSI,20191210,1761.0073,1747.4753,1761.0073,1743.0259,1751.4612,9.5461,0.545,68250349.07,68997885.061
932000.CSI,20191211,1758.6164,1760.6505,1762.7559,1751.6734,1761.0073,-2.3909,-0.1358,69354434.71,69846851.464
932000.CSI,20191212,1757.7201,1757.5178,1767.5936,1756.6692,1758.6164,-0.8963,-0.051,69776082.29,70444556.718
932000.CSI,20191213,1775.5837,1765.7164,1775.5837,1764.0712,1757.7201,17.8636,1.0163,72608745.17,73965094.555
932000.CSI,20191216,1807.8249,1779.8379,1807.8249,1779.5405,1775.5837,32.2412,1.8158,88956613.46,89743499.695
932000.CSI,20191217,1827.9623,1810.0434,1830.2896,1810.0434,1807.8249,20.1374,1.1139,104565917.73,104252547.927
932000.CSI,20191218,1833.0166,1827.2111,1839.7113,1827.2111,1827.9623,5.0543,0.2765,98791984.59,101472947.574
932000.CSI,20191219,1847.0798,1832.7497,1848.7994,1832.7497,1833.0166,14.0632,0.7672,95577800.83,97636534.082
932000.CSI,20191220,1826.4687,1848.5076,1849.9076,1826.4687,1847.0798,-20.6111,-1.1159,93767496.45,94044833.202
932000.CSI,20191223,1783.4131,1821.5334,1821.5334,1783.4131,1826.4687,-43.0556,-2.3573,85219679.33,84977707.69
932000.CSI,20191224,1813.9627,1785.6249,1813.9627,1785.6249,1783.4131,30.5496,1.713,73068017.8,72739312.693
932000.CSI,20191225,1822.6509,1813.0185,1826.276,1813.0185,1813.9627,8.6882,0.479,79307422.11,81009414.1
932000.CSI,20191226,1838.0297,1821.5307,1838.0297,1821.5307,1822.6509,15.3788,0.8438,81261960.33,83641595.431
932000.CSI,20191227,1820.4075,1841.0279,1845.9179,1820.4075,1838.0297,-17.6222,-0.9588,92074280.66,92988517.721
932000.CSI,20191230,1825.759,1810.1321,1825.759,1792.4877,1820.4075,5.3515,0.294,86819797.57,83591675.539
932000.CSI,20191231,1835.8921,1824.836,1835.8921,1824.836,1825.759,10.1331,0.555,81258753.96,76469473.543
932000.CSI,20200102,1873.9215,1848.2495,1874.4336,1848.2495,1835.8921,38.0294,2.0714,102515106.49,97650244.628
932000.CSI,20200103,1886.7108,1878.7584,1890.3723,1873.4735,1873.9215,12.7893,0.6825,112075718.0,110719836.475
932000.CSI,20200106,1902.3342,1875.6112,1910.8564,1875.6112,1886.7108,15.6234,0.8281,123756788.25,118227703.768
932000.CSI,20200107,1928.6772,1904.5751,1928.6772,1904.5751,1902.3342,26.343,1.3848,121043425.72,117951321.345
932000.CSI,20200108,1899.6447,1921.8351,1928.4641,1899.6447,1928.6772,-29.0325,-1.5053,130020046.41,124095457.47
932000.CSI,20200109,1933.6434,1913.7545,1933.6434,1913.7545,1899.6447,33.9987,1.7897,112068402.75,113017979.42
932000.CSI,20200110,1928.3488,1938.6374,1938.6374,1919.5558,1933.6434,-5.2946,-0.2738,105780641.01,107470566.543
932000.CSI,20200113,1952.3133,1926.3679,1952.3133,1921.3732,1928.3488,23.9645,1.2427,96355729.95,103322642.435
932000.CSI,20200114,1952.708,1957.433,1961.3419,1952.708,1952.3133,0.3947,0.0202,106241245.15,114381047.455
932000.CSI,20200115,1945.3528,1949.4471,1951.3258,1933.3538,1952.708,-7.3552,-0.3767,95038127.63,102767044.836
932000.CSI,20200116,1939.9419,1945.3605,1950.1688,1938.0832,1945.3528,-5.4109,-0.2781,88343221.12,98358107.678
932000.CSI,20200117,1931.2264,1943.804,1947.1422,1930.9479,1939.9419,-8.7155,-0.4493,83553351.56,95245680.719
932000.CSI,20200120,1953.1145,1931.6104,1953.1145,1925.748,1931.2264,21.8881,1.1334,90986896.79,100097435.782
932000.CSI,20200121,1931.9048,1950.2894,1950.2894,1931.9048,1953.1145,-21.2097,-1.0859,92572064.29,100485213.997
932000.CSI,20200122,1934.1713,1924.0205,1940.5681,1894.6253,1931.9048,2.2665,0.1173,97957637.37,102977220.215
932000.CSI,20200123,1867.376,1919.5364,1929.7669,1850.4728,1934.1713,-66.7953,-3.4534,109074325.07,111864146.117
932000.CSI,20200203,1701.6841,1699.2937,1704.0569,1696.9522,1867.376,-165.6919,-8.873,46754100.1,44209463.84
932000.CSI,20200204,1685.7313,1588.5913,1692.1396,1588.5913,1701.6841,-15.9528,-0.9375,137956868.98,121764506.61
932000.CSI,20200205,1738.6838,1693.076,1750.7858,1693.076,1685.7313,52.9525,3.1412,120154744.23,114809656.097
932000.CSI,20200206,1789.7814,1743.7976,1797.176,1743.7976,1738.6838,51.0976,2.9389,128855689.62,125481773.478
932000.CSI,20200207,1815.6241,1796.7193,1815.6624,1776.4531,1789.7814,25.8427,1.4439,137125815.38,138454037.58
932000.CSI,20200210,1843.4391,1817.5544,1843.659,1812.9002,1815.6241,27.815,1.532,134679828.26,133895190.278
932000.CSI,20200211,1827.8933,1843.7241,1843.7241,1820.0964,1843.4391,-15.5458,-0.8433,122539089.89,121927066.05
932000.CSI,20200212,1858.8111,1819.8812,1858.8111,1819.8812,1827.8933,30.9178,1.6914,115308200.48,116950908.798
932000.CSI,20200213,1839.9011,1859.3802,1861.3256,1834.0994,1858.8111,-18.91,-1.0173,124187666.06,127896877.433
932000.CSI,20200214,1843.7259,1834.3878,1856.8756,1833.2307,1839.9011,3.8248,0.2079,112008176.19,117153786.903
932000.CSI,20200217,1912.2888,1854.8605,1912.2888,1854.8605,1843.7259,68.5629,3.7187,130799676.58,135816618.349
932000.CSI,20200218,1959.8177,1917.4655,1959.8177,1917.4655,1912.2888,47.5289,2.4854,149522269.01,161271955.154
932000.CSI,20200219,1951.9987,1957.6882,1975.288,1951.9987,1959.8177,-7.819,-0.399,153987327.17,167717764.425
932000.CSI,20200220,1990.4285,1954.475,1990.4285,1947.3595,1951.9987,38.4298,1.9687,154687757.22,163201694.948
932000.CSI,20200221,2016.8046,1988.6703,2025.6495,1988.6703,1990.4285,26.3761,1.3251,167629018.82,180730149.725
932000.CSI,20200224,2057.0202,2014.8952,2062.4326,2011.2308,2016.8046,40.2156,1.994,168863671.86,184724999.07
932000.CSI,20200225,2058.285,2008.8824,2061.5192,1986.428,2057.0202,1.2648,0.0615,199681273.92,212158691.76
932000.CSI,20200226,2011.11,2029.6973,2059.1992,2010.1728,2058.285,-47.175,-2.292,190409709.12,193176095.031
932000.CSI,20200227,2014.5743,2017.3013,2032.4601,1989.343,2011.11,3.4643,0.1723,156613905.09,156755796.823
932000.CSI,20200228,1897.5716,1942.2317,1964.486,1897.5716,2014.5743,-117.0027,-5.8078,170542161.85,163975335.041
932000.CSI,20200302,1980.7836,1917.8265,1985.7215,1917.8265,1897.5716,83.212,4.3852,151644414.4,148568487.634
932000.CSI,20200303,2011.4201,2010.8391,2043.8917,1993.6161,1980.7836,30.6365,1.5467,177935976.4,180075905.98
932000.CSI,20200304,2029.435,1996.8925,2029.435,1992.4393,2011.4201,18.0149,0.8956,157773483.05,157085806.174
932000.CSI,20200305,2066.0376,2055.8616,2066.0376,2045.9536,2029.435,36.6026,1.8036,185558485.84,180476584.145
932000.CSI,20200306,2067.6447,2040.3711,2082.0463,2040.3711,2066.0376,1.6071,0.0778,174898129.16,167612127.765
932000.CSI,20200309,1998.5087,2038.923,2051.9715,1998.5087,2067.6447,-69.136,-3.3437,179942833.78,174224431.419
932000.CSI,20200310,2043.5764,1962.5476,2043.5764,1943.1843,1998.5087,45.0677,2.2551,181929447.46,178249733.621
932000.CSI,20200311,2024.9222,2049.4361,2065.4501,2024.9222,2043.5764,-18.6542,-0.9128,174742797.89,171964082.446
932000.CSI,20200312,1985.9233,1993.003,2004.4807,1965.6782,2024.9222,-38.9989,-1.9259,154966222.36,150083971.712
932000.CSI,20200313,1961.968,1879.7481,1973.8444,1879.7481,1985.9233,-23.9553,-1.2063,166490423.9,155808151.018
932000.CSI,20200316,1885.9187,1983.3431,1987.9673,1885.9187,1961.968,-76.0493,-3.8762,161135665.92,155037455.657
932000.CSI,20200317,1882.9841,1892.573,1895.5657,1812.9073,1885.9187,-2.9346,-0.1556,143384170.93,132361066.644
932000.CSI,20200318,1851.8685,1898.2849,1928.7083,1851.8685,1882.9841,-31.1156,-1.6525,143864650.73,139404126.384
932000.CSI,20200319,1873.0764,1845.802,1877.2365,1828.8041,1851.8685,21.2079,1.1452,128903702.14,123004552.465
932000.CSI,20200320,1896.9622,1891.4522,1897.6226,1871.4774,1873.0764,23.8858,1.2752,125413481.05,122516768.461
932000.CSI,20200323,1819.8794,1847.8605,1871.4865,1816.1478,1896.9622,-77.0828,-4.0635,125064963.55,116353933.511
932000.CSI,20200324,1852.5511,1851.1212,1855.9144,1800.8417,1819.8794,32.6717,1.7953,126843908.54,120205468.994
932000.CSI,20200325,1896.003,1885.7016,1896.003,1879.3472,1852.5511,43.4519,2.3455,131515014.03,122845841.078
932000.CSI,20200326,1874.5392,1883.4071,1895.9443,1872.4282,1896.003,-21.4638,-1.1321,120670395.8,112608126.067
932000.CSI,20200327,1860.7202,1892.4513,1893.0602,1860.7202,1874.5392,-13.819,-0.7372,114976138.64,107730969.157
932000.CSI,20200330,1816.2329,1832.9861,1832.9861,1797.8494,1860.7202,-44.4873,-2.3909,116151574.25,105875062.035
932000.CSI,20200331,1813.2129,1829.1155,1830.4532,1812.0535,1816.2329,-3.02,-0.1663,105391249.1,95788944.294
932000.CSI,20200401,1805.6583,1807.5167,1832.7348,1803.8519,1813.2129,-7.5546,-0.4166,106596874.21,97200269.396
932000.CSI,20200402,1852.4412,1796.494,1852.4412,1796.494,1805.6583,46.7829,2.5909,107343323.23,99541193.694
932000.CSI,20200403,1843.9373,1851.1389,1857.3862,1836.2495,1852.4412,-8.5039,-0.4591,110366199.2,104135031.494
932000.CSI,20200407,1908.7834,1873.4193,1908.7834,1873.4193,1843.9373,64.8461,3.5167,130478840.57,123956777.04
932000.CSI,20200408,1915.9995,1902.6007,1919.5164,1902.6007,1908.7834,7.2161,0.378,138281657.9,129508094.235
932000.CSI,20200409,1930.9265,1920.5485,1935.3413,1918.642,1915.9995,14.927,0.7791,133482663.18,124651167.567
932000.CSI,20200410,1873.515,1925.2214,1925.2214,1871.5766,1930.9265,-57.4115,-2.9733,131489232.1,123548664.79
932000.CSI,20200413,1859.2617,1861.7858,1867.2533,1848.7385,1873.515,-14.2533,-0.7608,98720856.97,90584496.552
932000.CSI,20200414,1893.3696,1865.9984,1893.3696,1865.0997,1859.2617,34.1079,1.8345,107582352.22,96003181.684
932000.CSI,20200415,1880.8081,1893.3601,1898.8351,1880.8081,1893.3696,-12.5615,-0.6634,119369821.87,109971261.992
932000.CSI,20200416,1889.566,1868.4905,1890.0326,1867.3323,1880.8081,8.7579,0.4656,113926768.4,105525576.472
932000.CSI,20200417,1885.7089,1896.5128,1901.3363,1884.5941,1889.566,-3.8571,-0.2041,122400640.84,117026676.568
932000.CSI,20200420,1910.7065,1887.1999,1910.7065,1887.1999,1885.7089,24.9976,1.3256,104604311.01,101342050.533
932000.CSI,20200421,1905.0611,1904.2694,1905.1996,1885.4661,1910.7065,-5.6454,-0.2955,115724493.9,110551676.979
932000.CSI,20200422,1927.4254,1889.2559,1927.4254,1889.2559,1905.0611,22.3643,1.1739,121222255.9,114300560.047
932000.CSI,20200423,1916.3543,1930.177,1931.1887,1916.1408,1927.4254,-11.0711,-0.5744,131287373.83,124004815.795
932000.CSI,20200424,1873.2021,1914.2301,1914.2301,1866.0305,1916.3543,-43.1522,-2.2518,130358078.31,116563890.513
932000.CSI,20200427,1857.0736,1871.7203,1872.3032,1856.9224,1873.2021,-16.1285,-0.861,106724778.68,95157156.207
932000.CSI,20200428,1810.6792,1851.8796,1851.8796,1761.1157,1857.0736,-46.3944,-2.4983,117658002.56,105763403.006
932000.CSI,20200429,1803.7413,1801.126,1822.1708,1801.126,1810.6792,-6.9379,-0.3832,88061176.45,83896307.974
932000.CSI,20200430,1842.509,1809.8038,1845.3539,1809.8038,1803.7413,38.7677,2.1493,94446954.89,92818483.785
932000.CSI,20200506,1879.7223,1825.5088,1879.7223,1825.5088,1842.509,37.2133,2.0197,91688989.1,94253741.139
932000.CSI,20200507,1876.1215,1883.0767,1888.0693,1872.4173,1879.7223,-3.6008,-0.1916,99486832.32,101143168.146
932000.CSI,20200508,1897.63,1883.5176,1900.5946,1883.5176,1876.1215,21.5085,1.1464,101183034.03,101686608.742
932000.CSI,20200511,1900.4677,1902.9416,1908.9014,1888.9234,1897.63,2.8377,0.1495,103061950.64,103630440.682
932000.CSI,20200512,1899.3614,1898.892,1899.3614,1873.8856,1900.4677,-1.1063,-0.0582,94622535.5,94377525.604
932000.CSI,20200513,1911.1353,1893.5639,1911.1353,1891.7046,1899.3614,11.7739,0.6199,92952658.27,93049935.919
932000.CSI,20200514,1895.2478,1902.531,1911.7031,1893.8603,1911.1353,-15.8875,-0.8313,97137224.84,97461178.504
932000.CSI,20200515,1901.4348,1902.1026,1911.4516,1896.5346,1895.2478,6.187,0.3264,91012918.19,94365608.076
932000.CSI,20200518,1890.72,1906.0306,1906.8257,1886.996,1901.4348,-10.7148,-0.5635,101733440.34,105024915.986
932000.CSI,20200519,1915.5719,1900.0683,1915.5719,1899.6812,1890.72,24.8519,1.3144,92660138.28,98120293.965
932000.CSI,20200520,1896.8893,1912.3512,1913.9681,1892.836,1915.5719,-18.6826,-0.9753,103145603.34,108410691.592
932000.CSI,20200521,1871.821,1899.5301,1899.5301,1871.5061,1896.8893,-25.0683,-1.3215,99051743.37,99125976.434
932000.CSI,20200522,1839.5072,1867.8122,1867.8122,1833.9568,1871.821,-32.3138,-1.7263,95778349.35,93480310.536
932000.CSI,20200525,1840.5837,1836.0996,1844.9475,1833.2359,1839.5072,1.0765,0.0585,81294523.76,80411486.549
932000.CSI,20200526,1883.0588,1845.6269,1883.0588,1845.6269,1840.5837,42.4751,2.3077,89590710.74,90651664.68
932000.CSI,20200527,1877.4053,1884.3744,1886.7902,1873.7155,1883.0588,-5.6535,-0.3002,96773473.08,100909701.797
932000.CSI,20200528,1867.5422,1874.5136,1877.5024,1843.2637,1877.4053,-9.8631,-0.5254,95499721.56,96350076.126
932000.CSI,20200529,1882.328,1859.3687,1885.15,1859.3687,1867.5422,14.7858,0.7917,90829485.2,90831132.653
932000.CSI,20200601,1938.4688,1890.3717,1938.4688,1890.3717,1882.328,56.1408,2.9825,110418503.88,111606970.817
932000.CSI,20200602,1946.1187,1944.0767,1949.9788,1938.409,1938.4688,7.6499,0.3946,115791612.36,116961251.45
932000.CSI,20200603,1951.5013,1949.683,1963.7328,1945.4058,1946.1187,5.3826,0.2766,121719058.53,123020191.34
932000.CSI,20200604,1955.3985,1953.2964,1957.4456,1943.9574,1951.5013,3.8972,0.1997,109006713.72,108687542.862
932000.CSI,20200605,1953.5742,1956.0132,1957.2001,1945.0678,1955.3985,-1.8243,-0.0933,104660347.84,104523086.962
932000.CSI,20200608,1949.7146,1960.5687,1962.2125,1947.1645,1953.5742,-3.8596,-0.1976,104374213.87,104984896.411
932000.CSI,20200609,1957.2014,1948.6756,1957.2014,1944.7518,1949.7146,7.4868,0.384,95562596.16,94161152.52
932000.CSI,20200610,1954.5111,1953.7298,1954.5111,1940.9814,1957.2014,-2.6903,-0.1375,91262059.22,90524052.045
932000.CSI,20200611,1952.7567,1953.3053,1975.7238,1948.2551,1954.5111,-1.7544,-0.0898,100483131.62,104207313.161
932000.CSI,20200612,1955.075,1911.784,1959.1628,1911.784,1952.7567,2.3183,0.1187,95408948.08,97825444.473
932000.CSI,20200615,1957.2837,1956.3022,1976.8361,1956.3022,1955.075,2.2087,0.113,108069025.66,105070002.491
932000.CSI,20200616,1993.9812,1968.6081,1993.9812,1968.6081,1957.2837,36.6975,1.8749,102178391.28,102724545.948
932000.CSI,20200617,2005.3812,1996.2698,2005.3812,1988.5351,1993.9812,11.4,0.5717,115267345.74,117145726.994
932000.CSI,20200618,1994.7184,2003.3265,2003.3265,1989.4753,2005.3812,-10.6628,-0.5317,104058821.63,108632755.567
932000.CSI,20200619,2000.6027,1991.9023,2004.8871,1991.1415,1994.7184,5.8843,0.295,97539726.11,100377485.709
932000.CSI,20200622,2005.6468,2003.5627,2009.3416,2000.4509,2000.6027,5.0441,0.2521,99326285.61,104167755.999
932000.CSI,20200623,2000.2443,2003.2566,2003.2566,1992.8484,2005.6468,-5.4025,-0.2694,93531370.36,98941164.4
932000.CSI,20200624,1990.409,1999.7212,1999.7212,1985.1625,2000.2443,-9.8353,-0.4917,90658606.57,96153843.393
932000.CSI,20200629,1980.4764,1986.1064,1986.7987,1975.6355,1990.409,-9.9326,-0.499,86833430.46,92339950.953
932000.CSI,20200630,2012.282,1987.5385,2012.9978,1987.5385,1980.4764,31.8056,1.606,89902020.67,98823390.525
932000.CSI,20200701,2018.5521,2016.9282,2018.5521,2003.6262,2012.282,6.2701,0.3116,105051390.43,112112709.516
932000.CSI,20200702,2039.1663,2017.8967,2039.1663,2016.575,2018.5521,20.6142,1.0212,113397677.15,114352722.687
932000.CSI,20200703,2061.0952,2040.9458,2061.0952,2040.9458,2039.1663,21.9289,1.0754,129968769.31,125848985.05
932000.CSI,20200706,2132.5131,2070.9639,2132.5131,2070.9639,2061.0952,71.4179,3.465,181200748.38,175407152.974
932000.CSI,20200707,2161.3027,2147.5703,2182.8695,2132.0773,2132.5131,28.7896,1.35,201549467.63,200485916.694
932000.CSI,20200708,2206.6467,2161.9911,2206.6467,2160.0109,2161.3027,45.344,2.098,179754693.67,182062599.852
932000.CSI,20200709,2269.7602,2208.8961,2269.7602,2208.8961,2206.6467,63.1135,2.8602,212856411.55,217150975.609
932000.CSI,20200710,2262.6496,2266.6245,2285.0443,2256.6167,2269.7602,-7.1106,-0.3133,190983321.82,200351896.666
932000.CSI,20200713,2345.776,2277.648,2345.776,2277.648,2262.6496,83.1264,3.6739,195618708.5,214125996.45
932000.CSI,20200714,2332.2722,2352.9199,2356.1757,2293.5395,2345.776,-13.5038,-0.5757,205146698.0,221335209.139
932000.CSI,20200715,2271.4646,2335.4106,2335.4106,2265.4192,2332.2722,-60.8076,-2.6072,183287828.13,198617680.198
932000.CSI,20200716,2162.0349,2268.3433,2271.1936,2162.0349,2271.4646,-109.4297,-4.8176,161307939.84,167951680.179
932000.CSI,20200717,2170.1048,2160.6192,2188.6936,2146.0337,2162.0349,8.0699,0.3733,124770176.72,127741182.104
932000.CSI,20200720,2247.3534,2187.5825,2247.3534,2187.5825,2170.1048,77.2486,3.5597,133051505.85,134955205.261
932000.CSI,20200721,2260.612,2252.3112,2260.612,2237.6793,2247.3534,13.2586,0.59,127822781.0,135864780.851
932000.CSI,20200722,2270.8134,2256.38,2284.1799,2256.38,2260.612,10.2014,0.4513,131892564.87,143597387.532
932000.CSI,20200723,2268.0979,2253.2147,2268.0979,2213.0242,2270.8134,-2.7155,-0.1196,143525018.68,152299741.293
932000.CSI,20200724,2167.8045,2261.2367,2266.6015,2165.9003,2268.0979,-100.2934,-4.4219,152508121.75,163950294.606
932000.CSI,20200727,2168.0386,2173.4764,2179.4158,2152.504,2167.8045,0.2341,0.0108,107819662.68,113962047.869
932000.CSI,20200728,2196.8788,2180.2901,2201.9673,2180.2157,2168.0386,28.8402,1.3302,110262333.61,117854710.139
932000.CSI,20200729,2254.013,2191.6154,2254.013,2182.1807,2196.8788,57.1342,2.6007,121350366.13,131544736.414
932000.CSI,20200730,2254.8507,2259.519,2268.0492,2249.9172,2254.013,0.8377,0.0372,137502391.37,148161325.301
932000.CSI,20200731,2291.5769,2249.7598,2291.5769,2248.5695,2254.8507,36.7262,1.6288,141788304.07,153047196.62
932000.CSI,20200803,2364.3308,2308.9751,2364.3308,2308.9751,2291.5769,72.7539,3.1748,166946188.61,181640732.865
932000.CSI,20200804,2342.24,2373.4664,2373.4664,2335.7631,2364.3308,-22.0908,-0.9343,171989982.82,192607687.383
932000.CSI,20200805,2371.6054,2339.2634,2372.8432,2324.5427,2342.24,29.3654,1.2537,153056761.1,166442857.61
932000.CSI,20200806,2365.847,2369.5184,2371.3167,2333.7885,2371.6054,-5.7584,-0.2428,150091433.54,163296436.551
932000.CSI,20200807,2336.8462,2359.5135,2359.5135,2303.0996,2365.847,-29.0008,-1.2258,146054863.5,159979700.522
932000.CSI,20200810,2356.2686,2331.5075,2366.3809,2330.4616,2336.8462,19.4224,0.8311,134138087.25,145245562.611
932000.CSI,20200811,2305.4073,2354.4959,2354.4959,2305.4073,2356.2686,-50.8613,-2.1586,147053931.62,153131009.584
932000.CSI,20200812,2291.8583,2297.8524,2297.8524,2239.4104,2305.4073,-13.549,-0.5877,139183915.76,143379444.157
932000.CSI,20200813,2309.8343,2297.022,2322.4772,2297.022,2291.8583,17.976,0.7843,132145635.98,132710760.664
932000.CSI,20200814,2319.546,2305.4392,2319.546,2283.8854,2309.8343,9.7117,0.4205,128430686.91,126734949.259
932000.CSI,20200817,2365.5457,2319.6761,2365.5457,2319.6761,2319.546,45.9997,1.9831,140625392.27,144051714.37
932000.CSI,20200818,2390.0377,2368.3519,2390.2921,2368.3519,2365.5457,24.492,1.0354,149603259.54,157114527.195
932000.CSI,20200819,2351.9638,2387.9222,2388.8393,2350.4743,2390.0377,-38.0739,-1.593,158797510.42,161603215.574
932000.CSI,20200820,2323.6513,2333.5697,2345.3145,2320.2411,2351.9638,-28.3125,-1.2038,125011144.73,126541901.286
932000.CSI,20200821,2338.6509,2331.6801,2350.5791,2323.4738,2323.6513,14.9996,0.6455,119324101.65,124195935.549
932000.CSI,20200824,2360.2237,2342.1272,2365.1185,2316.2442,2338.6509,21.5728,0.9224,118104582.27,125758692.225
932000.CSI,20200825,2359.6331,2359.5845,2372.017,2353.8352,2360.2237,-0.5906,-0.025,141554925.31,144915972.079
932000.CSI,20200826,2304.473,2357.2467,2357.2467,2295.0612,2359.6331,-55.1601,-2.3377,138902823.01,141143189.585
932000.CSI,20200827,2342.8709,2301.5221,2346.2522,2295.4856,2304.473,38.3979,1.6662,133566843.74,133609511.991
932000.CSI,20200828,2362.4321,2335.5552,2362.4321,2327.8645,2342.8709,19.5612,0.8349,137898188.9,142010848.845
932000.CSI,20200831,2368.4881,2369.2124,2390.5496,2368.4881,2362.4321,6.056,0.2563,135563595.59,143331819.918
932000.CSI,20200901,2385.0367,2365.7012,2385.0367,2358.1265,2368.4881,16.5486,0.6987,124936077.5,131393600.543
932000.CSI,20200902,2410.9889,2390.8377,2419.4278,2378.6355,2385.0367,25.9522,1.0881,161169473.33,165940786.495
932000.CSI,20200903,2383.0011,2406.5428,2406.5428,2379.2252,2410.9889,-27.9878,-1.1608,152493976.84,159004385.198
932000.CSI,20200904,2391.954,2338.0225,2393.4336,2338.0225,2383.0011,8.9529,0.3757,141616158.07,146608528.194
932000.CSI,20200907,2375.2773,2394.9325,2415.5797,2360.5485,2391.954,-16.6767,-0.6972,171177641.13,177622143.941
932000.CSI,20200908,2402.9632,2373.0291,2402.9632,2358.4264,2375.2773,27.6859,1.1656,172852994.03,170922242.757
932000.CSI,20200909,2326.3757,2375.6354,2393.2655,2326.3757,2402.9632,-76.5875,-3.1872,206789297.32,203375792.308
932000.CSI,20200910,2212.952,2331.5797,2331.5797,2206.7242,2326.3757,-113.4237,-4.8756,177520981.4,167763506.205
932000.CSI,20200911,2249.0678,2192.1419,2251.6016,2192.1419,2212.952,36.1158,1.632,125087413.13,117832804.635
932000.CSI,20200914,2299.1493,2262.0633,2301.4562,2262.0633,2249.0678,50.0815,2.2268,135523327.08,135709268.527
932000.CSI,20200915,2304.1601,2303.4411,2304.2841,2289.9812,2299.1493,5.0108,0.2179,127705612.75,133182412.517
932000.CSI,20200916,2282.9553,2299.9615,2299.9615,2271.4398,2304.1601,-21.2048,-0.9203,111424326.75,116491212.913
932000.CSI,20200917,2288.2193,2279.918,2300.7602,2269.0211,2282.9553,5.264,0.2306,107783626.51,116564114.789
932000.CSI,20200918,2316.2814,2287.7275,2316.712,2282.5309,2288.2193,28.0621,1.2264,114612618.32,123489955.132
932000.CSI,20200921,2314.1267,2319.5399,2325.1892,2310.0317,2316.2814,-2.1547,-0.093,107147803.55,116372231.336
932000.CSI,20200922,2281.6222,2291.8825,2309.5484,2278.3747,2314.1267,-32.5045,-1.4046,106070451.51,114738259.106
932000.CSI,20200923,2298.9519,2288.2858,2303.0634,2280.9794,2281.6222,17.3297,0.7595,100675219.6,111664421.348
932000.CSI,20200924,2227.6397,2282.6839,2282.6839,2227.6397,2298.9519,-71.3122,-3.1019,108932060.75,113108225.871
932000.CSI,20200925,2212.18,2236.7668,2236.7668,2201.91,2227.6397,-15.4597,-0.694,86294005.11,94172328.857
932000.CSI,20200928,2173.8508,2214.6114,2214.6114,2173.8508,2212.18,-38.3292,-1.7326,78695957.47,84477265.275
932000.CSI,20200929,2194.1649,2181.8509,2204.9699,2175.9524,2173.8508,20.3141,0.9345,78817432.42,88068445.004
932000.CSI,20200930,2191.6417,2198.9573,2204.5289,2182.0812,2194.1649,-2.5232,-0.115,79609805.71,86814555.032
932000.CSI,20201009,2266.7977,2225.6942,2266.8248,2225.6942,2191.6417,75.156,3.4292,93706860.47,107289351.65
932000.CSI,20201012,2343.833,2283.4368,2343.833,2283.4368,2266.7977,77.0353,3.3984,125688744.43,146227642.713
932000.CSI,20201013,2359.5293,2341.9103,2360.7501,2335.8117,2343.833,15.6963,0.6697,123152642.8,147582869.399
932000.CSI,20201014,2351.9645,2358.3254,2358.9404,2344.1506,2359.5293,-7.5648,-0.3206,128748398.09,152793609.414
932000.CSI,20201015,2327.4989,2351.7234,2351.7234,2327.2749,2351.9645,-24.4656,-1.0402,118993931.2,139086736.498
932000.CSI,20201016,2335.4689,2324.6109,2335.4689,2311.5902,2327.4989,7.97,0.3424,117219999.38,130516301.243
932000.CSI,20201019,2324.4478,2344.2574,2350.3771,2318.1622,2335.4689,-11.0211,-0.4719,115708730.89,132110741.419
932000.CSI,20201020,2350.0717,2318.423,2350.0717,2309.5145,2324.4478,25.6239,1.1024,106877330.14,123997100.561
932000.CSI,20201021,2313.7054,2351.6491,2351.6491,2306.3218,2350.0717,-36.3663,-1.5475,111863740.76,133997464.601
932000.CSI,20201022,2308.1425,2302.2216,2318.3271,2284.39,2313.7054,-5.5629,-0.2404,102872188.12,122318167.247
932000.CSI,20201023,2274.6544,2308.6623,2321.4601,2270.3673,2308.1425,-33.4881,-1.4509,108300742.7,129424550.121
932000.CSI,20201026,2288.1912,2269.4594,2293.1874,2255.0079,2274.6544,13.5368,0.5951,99411115.2,117721194.023
932000.CSI,20201027,2289.0874,2281.3543,2295.3259,2272.4074,2288.1912,0.8962,0.0392,103571911.9,122423159.446
932000.CSI,20201028,2291.7086,2286.6918,2294.5048,2254.4115,2289.0874,2.6212,0.1145,111476938.97,131844951.743
932000.CSI,20201029,2284.2807,2255.9068,2295.08,2255.9068,2291.7086,-7.4279,-0.3241,117702731.26,139595562.65
932000.CSI,20201030,2210.3383,2285.2245,2285.2245,2210.3383,2284.2807,-73.9424,-3.237,126921176.92,144823328.807
932000.CSI,20201102,2218.9259,2209.5288,2222.8708,2201.7717,2210.3383,8.5876,0.3885,104961919.87,118262267.822
932000.CSI,20201103,2261.8352,2226.9839,2261.8352,2226.9839,2218.9259,42.9093,1.9338,108530928.07,123327351.749
932000.CSI,20201104,2257.0044,2264.8576,2265.2115,2241.4385,2261.8352,-4.8308,-0.2136,109704979.51,126936608.356
932000.CSI,20201105,2296.3645,2269.685,2296.3645,2267.7683,2257.0044,39.3601,1.7439,119463368.37,136878698.577
932000.CSI,20201106,2262.7496,2299.9903,2299.9903,2251.9561,2296.3645,-33.6149,-1.4638,110016139.41,127806435.053
932000.CSI,20201109,2314.5799,2272.1848,2319.959,2272.1848,2262.7496,51.8303,2.2906,123924420.45,146359376.299
932000.CSI,20201110,2281.7016,2317.0194,2317.0194,2275.4122,2314.5799,-32.8783,-1.4205,117378927.53,138720102.005
932000.CSI,20201111,2246.7953,2275.8837,2275.8837,2246.4092,2281.7016,-34.9063,-1.5298,103993701.66,114976476.978
932000.CSI,20201112,2248.9059,2248.5022,2254.7074,2239.7098,2246.7953,2.1106,0.0939,96884123.28,102385660.041
932000.CSI,20201113,2249.0439,2246.4644,2252.3672,2233.6043,2248.9059,0.138,0.0061,91589544.16,96691675.813
932000.CSI,20201116,2265.2796,2254.122,2265.2796,2246.0576,2249.0439,16.2357,0.7219,108114443.15,108626682.587
932000.CSI,20201117,2243.364,2262.7306,2262.7306,2230.7077,2265.2796,-21.9156,-0.9675,113449319.2,115826765.839
932000.CSI,20201118,2255.1804,2239.8759,2258.2663,2239.8759,2243.364,11.8164,0.5267,111089817.29,109732619.795
932000.CSI,20201119,2263.7357,2249.9324,2264.697,2240.5286,2255.1804,8.5553,0.3794,112478157.78,114755347.875
932000.CSI,20201120,2273.6286,2260.5806,2273.7944,2257.7275,2263.7357,9.8929,0.437,108403712.42,110818836.879
932000.CSI,20201123,2276.4123,2274.9538,2284.2446,2259.7211,2273.6286,2.7837,0.1224,123320062.92,124079537.192
932000.CSI,20201124,2275.2326,2274.9596,2282.4331,2271.9638,2276.4123,-1.1797,-0.0518,110471062.69,111109622.546
932000.CSI,20201125,2243.8223,2277.0709,2277.0709,2243.8223,2275.2326,-31.4103,-1.3805,115157166.23,116666880.925
932000.CSI,20201126,2228.4817,2239.4733,2241.0611,2217.5056,2243.8223,-15.3406,-0.6837,99797375.22,105085733.092
932000.CSI,20201127,2222.6134,2228.613,2228.613,2202.9166,2228.4817,-5.8683,-0.2633,100877844.52,102643626.65
932000.CSI,20201130,2215.255,2222.22,2232.4427,2210.3976,2222.6134,-7.3584,-0.3311,102469788.32,104808573.345
932000.CSI,20201201,2241.9329,2209.4208,2243.6149,2209.4208,2215.255,26.6779,1.2043,102389231.17,105038348.977
932000.CSI,20201202,2243.9688,2242.0769,2246.0277,2235.5114,2241.9329,2.0359,0.0908,106419869.1,109096406.745
932000.CSI,20201203,2240.6206,2240.9417,2245.437,2227.2095,2243.9688,-3.3482,-0.1492,107127218.69,108108193.161
932000.CSI,20201204,2246.955,2235.7973,2249.9015,2233.5322,2240.6206,6.3344,0.2827,98783749.2,98983854.967
932000.CSI,20201207,2240.6386,2248.2197,2250.6479,2240.6386,2246.955,-6.3164,-0.2811,99306892.54,98768355.899
932000.CSI,20201208,2238.2293,2239.9256,2244.385,2236.4174,2240.6386,-2.4093,-0.1075,93492156.72,93794304.171
932000.CSI,20201209,2193.2467,2237.6812,2237.6812,2193.2467,2238.2293,-44.9826,-2.0097,103994447.82,104348083.876
932000.CSI,20201210,2193.0951,2185.8357,2206.2397,2180.9288,2193.2467,-0.1516,-0.0069,96974826.18,93960416.699
932000.CSI,20201211,2157.0596,2193.6838,2193.6838,2137.5613,2193.0951,-36.0355,-1.6431,111964681.39,107983298.398
932000.CSI,20201214,2176.1056,2153.6875,2176.8118,2143.9932,2157.0596,19.046,0.883,101172796.92,97337875.766
932000.CSI,20201215,2174.5709,2173.5165,2176.7572,2164.7567,2176.1056,-1.5347,-0.0705,99149839.66,95749339.908
932000.CSI,20201216,2142.6415,2172.6615,2172.6615,2142.6415,2174.5709,-31.9294,-1.4683,105875650.14,100515879.376
932000.CSI,20201217,2161.9113,2137.4323,2162.7591,2112.2732,2142.6415,19.2698,0.8993,114199893.81,105572790.65
932000.CSI,20201218,2153.2123,2161.2791,2167.074,2150.3745,2161.9113,-8.699,-0.4024,109362233.96,101808194.386
932000.CSI,20201221,2178.5788,2153.2917,2178.8525,2151.7704,2153.2123,25.3665,1.1781,114152223.68,110036148.918
932000.CSI,20201222,2138.6377,2170.8345,2179.4849,2137.3445,2178.5788,-39.9411,-1.8334,133668385.26,127271028.813
932000.CSI,20201223,2152.2022,2135.9951,2157.3728,2135.9951,2138.6377,13.5645,0.6343,125639847.39,122446523.938
932000.CSI,20201224,2106.8883,2149.3395,2149.3395,2104.3262,2152.2022,-45.3139,-2.1055,131197141.11,124672928.395
932000.CSI,20201225,2122.7662,2097.0844,2130.4969,2097.0844,2106.8883,15.8779,0.7536,119535860.11,111250146.711
932000.CSI,20201228,2097.6193,2122.6201,2122.6201,2093.862,2122.7662,-25.1469,-1.1846,124061168.75,115859762.601
932000.CSI,20201229,2083.7326,2096.0787,2106.24,2083.7326,2097.6193,-13.8867,-0.662,119457282.46,113183695.47
932000.CSI,20201230,2089.5402,2079.212,2100.9097,2077.0578,2083.7326,5.8076,0.2787,107387383.39,98685239.611
932000.CSI,20201231,2118.4328,2090.2027,2120.4233,2090.2027,2089.5402,28.8926,1.3827,110104338.47,104625495.55
932000.CSI,20210104,2154.8522,2124.1254,2156.9573,2124.1254,2118.4328,36.4194,1.7192,127142785.66,122866774.328
932000.CSI,20210105,2149.9473,2148.8449,2152.3377,2131.5375,2154.8522,-4.9049,-0.2276,134540374.49,130453755.363
932000.CSI,20210106,2116.2346,2147.7398,2147.7398,2109.6893,2149.9473,-33.7127,-1.5681,137435939.66,130132215.76
932000.CSI,20210107,2047.974,2108.0955,2108.0955,2040.2214,2116.2346,-68.2606,-3.2256,140511817.7,130039747.761
932000.CSI,20210108,2038.9265,2041.2138,2056.4411,2001.7145,2047.974,-9.0475,-0.4418,116197661.59,105996582.108
932000.CSI,20210111,1983.6452,2036.6132,2036.6132,1977.6852,2038.9265,-55.2813,-2.7113,116738786.83,106345825.68
932000.CSI,20210112,1994.35,1978.3073,2003.0382,1978.3073,1983.6452,10.7048,0.5397,94560356.7,89716166.681
932000.CSI,20210113,1953.9742,1993.4649,1993.4649,1949.1815,1994.35,-40.3758,-2.0245,111831164.53,101545568.625
932000.CSI,20210114,1956.64,1948.0835,1966.6408,1928.6729,1953.9742,2.6658,0.1364,95166748.38,88343856.998
932000.CSI,20210115,1988.2339,1955.1999,1988.8233,1955.1999,1956.64,31.5939,1.6147,90595907.42,84158101.411
932000.CSI,20210118,2026.84,1987.2246,2026.9797,1987.2246,1988.2339,38.6061,1.9417,96904049.09,90966916.822
932000.CSI,20210119,2036.6951,2025.759,2045.5714,2025.759,2026.84,9.8551,0.4862,104197405.17,98298719.003
932000.CSI,20210120,2044.6382,2036.1339,2044.6382,2028.1772,2036.6951,7.9431,0.39,95000952.84,90139916.36
932000.CSI,20210121,2056.6686,2043.6851,2064.7041,2042.3782,2044.6382,12.0304,0.5884,108954363.05,102750788.025
932000.CSI,20210122,2034.5069,2050.6684,2050.6684,2028.685,2056.6686,-22.1617,-1.0776,104841078.97,100816023.075
932000.CSI,20210125,2001.6687,2028.4739,2028.4739,1998.6623,2034.5069,-32.8382,-1.6141,106425603.83,101548616.943
932000.CSI,20210126,1983.9552,1993.5466,2004.6085,1982.1296,2001.6687,-17.7135,-0.8849,89032092.3,84122772.152
932000.CSI,20210127,1985.9154,1982.1702,1987.4162,1973.2909,1983.9552,1.9602,0.0988,87265884.58,80530147.458
932000.CSI,20210128,1961.072,1969.3285,1991.3248,1960.9951,1985.9154,-24.8434,-1.251,90799632.41,81627494.693
932000.CSI,20210129,1928.5808,1964.5509,1964.5509,1908.7727,1961.072,-32.4912,-1.6568,98096071.8,84447407.662
932000.CSI,20210201,1937.1736,1920.3292,1937.1805,1919.2223,1928.5808,8.5928,0.4456,86789862.81,75141097.037
932000.CSI,20210202,1941.4725,1935.2986,1941.5863,1924.2314,1937.1736,4.2989,0.2219,81928204.94,72106044.756
932000.CSI,20210203,1913.8042,1937.4511,1937.4511,1913.3768,1941.4725,-27.6683,-1.4251,89485879.31,79302169.227
932000.CSI,20210204,1871.6673,1906.2011,1906.2011,1852.3529,1913.8042,-42.1369,-2.2017,89490497.8,78150759.645
932000.CSI,20210205,1839.4419,1871.8707,1888.1198,1839.4419,1871.6673,-32.2254,-1.7217,80876344.36,71140292.17
932000.CSI,20210208,1838.0629,1839.4428,1847.0538,1828.7139,1839.4419,-1.379,-0.075,72654009.88,61356126.648
932000.CSI,20210209,1871.7342,1836.5871,1874.3431,1836.5871,1838.0629,33.6713,1.8319,72727838.53,62039017.763
932000.CSI,20210210,1880.9772,1873.184,1881.6598,1870.3072,1871.7342,9.243,0.4938,69439822.7,59646460.142
932000.CSI,20210218,1933.4338,1905.3961,1933.4338,1905.3961,1880.9772,52.4566,2.7888,89264342.27,75521317.61
932000.CSI,20210219,1990.6623,1933.327,1990.6623,1933.327,1933.4338,57.2285,2.9599,98316552.87,81518055.41
932000.CSI,20210222,2015.4403,1999.8821,2051.5429,1999.8821,1990.6623,24.778,1.2447,132773132.49,112807662.49
932000.CSI,20210223,2002.9091,2010.2085,2015.9277,1990.2936,2015.4403,-12.5312,-0.6218,107314689.62,90836575.562
932000.CSI,20210224,2004.9824,2001.3449,2017.5827,1994.5429,2002.9091,2.0733,0.1035,102234539.8,88719189.911
932000.CSI,20210225,1986.5923,2014.3618,2014.3618,1985.547,2004.9824,-18.3901,-0.9172,97679631.38,83427905.867
932000.CSI,20210226,1991.6987,1961.1531,2000.2365,1961.1531,1986.5923,5.1064,0.257,95903460.78,82877509.475
932000.CSI,20210301,2041.1171,1997.9581,2041.1171,1997.9581,1991.6987,49.4184,2.4812,100383808.85,88905749.441
932000.CSI,20210302,2027.6842,2043.0461,2043.0461,2017.5901,2041.1171,-13.4329,-0.6581,98182999.62,88593899.4
932000.CSI,20210303,2053.4461,2023.4203,2053.4461,2023.4203,2027.6842,25.7619,1.2705,97230007.26,85765866.39
932000.CSI,20210304,2036.7519,2045.2756,2053.8001,2033.2709,2053.4461,-16.6942,-0.813,112412128.01,97831586.247
932000.CSI,20210305,2056.4106,2025.8964,2060.6726,2025.8964,2036.7519,19.6587,0.9652,112631658.33,96300515.764
932000.CSI,20210308,2030.3597,2064.2198,2075.5282,2030.3597,2056.4106,-26.0509,-1.2668,114654813.44,99506413.607
932000.CSI,20210309,1975.6115,2026.8617,2026.8617,1945.9023,2030.3597,-54.7482,-2.6965,117233666.5,97155175.865
932000.CSI,20210310,1947.7812,1985.3057,1985.3057,1945.7224,1975.6115,-27.8303,-1.4087,92569759.04,77066060.476
932000.CSI,20210311,1989.8433,1946.9486,1989.8433,1937.4388,1947.7812,42.0621,2.1595,91860665.87,77042684.089
932000.CSI,20210312,1994.2474,1990.9002,1996.5953,1976.0264,1989.8433,4.4041,0.2213,101919696.55,82591348.076
932000.CSI,20210315,1995.4246,1989.7202,2003.1978,1983.025,1994.2474,1.1772,0.059,99991746.78,80121534.491
932000.CSI,20210316,2025.9216,1996.219,2026.0616,1996.219,1995.4246,30.497,1.5283,111353852.3,89279168.089
932000.CSI,20210317,2036.571,2022.751,2036.7707,2016.0547,2025.9216,10.6494,0.5257,107037080.44,90036738.918
932000.CSI,20210318,2034.0465,2033.5883,2042.1195,2031.2215,2036.571,-2.5245,-0.124,104892912.47,90765409.217
932000.CSI,20210319,2028.8005,2016.6417,2046.9435,2016.6417,2034.0465,-5.246,-0.2579,105943847.14,91038488.539
932000.CSI,20210322,2063.4025,2030.1743,2063.4025,2030.1743,2028.8005,34.602,1.7055,108604677.78,93524550.795
932000.CSI,20210323,2036.4647,2062.7452,2062.7452,2030.8404,2063.4025,-26.9378,-1.3055,118040687.21,101019702.409
932000.CSI,20210324,2019.4128,2025.7621,2036.2442,2016.5738,2036.4647,-17.0519,-0.8373,107109754.94,91021488.913
932000.CSI,20210325,2009.9655,2014.6068,2023.4528,2004.6415,2019.4128,-9.4473,-0.4678,103501329.88,86916414.373
932000.CSI,20210326,2036.6295,2009.1233,2038.9679,2009.1233,2009.9655,26.664,1.3266,103961003.92,88064167.959
932000.CSI,20210329,2039.0511,2039.0871,2044.7763,2034.7237,2036.6295,2.4216,0.1189,105221109.46,89724497.254
932000.CSI,20210330,2018.1274,2034.3433,2034.3433,2015.0856,2039.0511,-20.9237,-1.0261,110005465.56,91689803.086
932000.CSI,20210331,2023.1798,2014.0468,2023.1798,2010.125,2018.1274,5.0524,0.2504,96758589.99,81835354.779
932000.CSI,20210401,2021.3605,2022.7807,2023.5464,2014.2057,2023.1798,-1.8193,-0.0899,102747041.32,85613771.278
932000.CSI,20210402,2025.5786,2022.3796,2027.5796,2017.9603,2021.3605,4.2181,0.2087,97349168.13,82912383.05
932000.CSI,20210406,2054.1935,2027.5992,2054.4393,2027.5992,2025.5786,28.6149,1.4127,97883812.21,84513269.242
932000.CSI,20210407,2066.605,2053.4295,2066.605,2050.0778,2054.1935,12.4115,0.6042,104300556.97,87875706.321
932000.CSI,20210408,2047.9005,2063.8914,2063.8914,2047.9005,2066.605,-18.7045,-0.9051,114610574.7,97175789.492
932000.CSI,20210409,2051.9245,2044.2178,2052.9847,2043.9291,2047.9005,4.024,0.1965,101607034.89,86922098.46
932000.CSI,20210412,2025.088,2051.9332,2051.9332,2022.5161,2051.9245,-26.8365,-1.3079,107237074.9,91116931.161
932000.CSI,20210413,2010.6051,2020.6616,2020.6616,2007.3762,2025.088,-14.4829,-0.7152,107527508.45,88128340.407
932000.CSI,20210414,2033.2265,2007.8522,2033.2265,2004.9134,2010.6051,22.6214,1.1251,101016120.82,84944624.587
932000.CSI,20210415,2030.3775,2030.5096,2032.8742,2023.9944,2033.2265,-2.849,-0.1401,106311557.86,87400193.222
932000.CSI,20210416,2068.886,2030.9572,2068.886,2030.9572,2030.3775,38.5085,1.8966,120710482.43,98665424.25
932000.CSI,20210419,2095.6424,2069.727,2095.815,2069.727,2068.886,26.7564,1.2933,126554589.56,107960689.925
932000.CSI,20210420,2087.1283,2092.0909,2103.2771,2087.1283,2095.6424,-8.5141,-0.4063,123954106.93,111173212.303
932000.CSI,20210421,2080.0714,2078.0945,2087.0879,2072.9555,2087.1283,-7.0569,-0.3381,112970218.47,99648767.516
932000.CSI,20210422,2089.8885,2083.6972,2093.1035,2083.6972,2080.0714,9.8171,0.472,106828765.27,96948382.747
932000.CSI,20210423,2070.6617,2088.0625,2088.0625,2064.1013,2089.8885,-19.2268,-0.92,109797521.8,98766695.477
932000.CSI,20210426,2064.7936,2070.6214,2086.3718,2064.3639,2070.6617,-5.8681,-0.2834,115197636.92,104423046.058
932000.CSI,20210427,2050.8825,2060.241,2060.241,2031.8871,2064.7936,-13.9111,-0.6737,110313782.07,98960002.221
932000.CSI,20210428,2052.8133,2045.0452,2052.8133,2039.3966,2050.8825,1.9308,0.0941,102248714.6,95192874.894
932000.CSI,20210429,2041.1953,2047.0338,2052.7538,2041.1953,2052.8133,-11.618,-0.566,104355519.44,94051651.505
932000.CSI,20210430,2031.3346,2036.8079,2039.8327,2021.9332,2041.1953,-9.8607,-0.4831,103022947.55,92452649.271
932000.CSI,20210506,2045.8988,2032.2648,2048.4966,2032.2648,2031.3346,14.5642,0.717,104784746.33,95642493.942
932000.CSI,20210507,2033.565,2046.7201,2046.7201,2032.598,2045.8988,-12.3338,-0.6029,107455494.96,96110371.312
932000.CSI,20210510,2047.6151,2034.2573,2047.6151,2030.006,2033.565,14.0501,0.6909,110599256.5,96594632.723
932000.CSI,20210511,2052.5053,2039.2678,2054.8469,2026.8962,2047.6151,4.8902,0.2388,114681757.38,99359629.331
932000.CSI,20210512,2078.1335,2044.261,2078.1335,2043.1157,2052.5053,25.6282,1.2486,116592218.07,103275405.516
932000.CSI,20210513,2068.9393,2065.7542,2087.369,2065.7542,2078.1335,-9.1942,-0.4424,122671902.88,108153594.832
932000.CSI,20210514,2092.0466,2073.7423,2092.0466,2073.7423,2068.9393,23.1073,1.1169,124005594.78,108731962.357
932000.CSI,20210517,2064.7065,2085.5683,2085.5683,2064.3121,2092.0466,-27.3401,-1.3069,118558891.35,107561382.067
932000.CSI,20210518,2076.1171,2060.1873,2076.1171,2056.9548,2064.7065,11.4106,0.5526,102679473.31,94668617.563
932000.CSI,20210519,2077.1497,2071.9155,2079.3696,2071.3503,2076.1171,1.0326,0.0497,106813985.35,100760623.489
932000.CSI,20210520,2070.5335,2069.6419,2078.0566,2064.6499,2077.1497,-6.6162,-0.3185,114545033.2,106343218.892
932000.CSI,20210521,2077.7122,2071.24,2082.9844,2071.24,2070.5335,7.1787,0.3467,109527989.91,102689054.398
932000.CSI,20210524,2089.2243,2077.6259,2089.2243,2077.6259,2077.7122,11.5121,0.5541,108421596.54,101928596.878
932000.CSI,20210525,2100.9083,2087.8888,2100.9083,2082.8564,2089.2243,11.684,0.5593,111695499.97,105834351.168
932000.CSI,20210526,2117.1304,2100.5481,2117.3146,2100.5481,2100.9083,16.2221,0.7721,118577016.24,110165682.031
932000.CSI,20210527,2135.6198,2115.8492,2135.962,2115.8492,2117.1304,18.4894,0.8733,120231408.21,116115396.753
932000.CSI,20210528,2132.273,2136.6624,2144.3949,2127.5947,2135.6198,-3.3468,-0.1567,123513285.0,123646814.557
932000.CSI,20210531,2163.0801,2134.737,2163.0801,2133.839,2132.273,30.8071,1.4448,123803982.46,124973072.558
932000.CSI,20210601,2181.4586,2164.0853,2181.4586,2164.0853,2163.0801,18.3785,0.8496,133565728.18,135427848.573
932000.CSI,20210602,2159.5193,2177.8255,2177.8255,2158.4736,2181.4586,-21.9393,-1.0057,134615885.01,133414055.229
932000.CSI,20210603,2155.8979,2157.4813,2174.0669,2155.8979,2159.5193,-3.6214,-0.1677,119373404.22,117245351.276
932000.CSI,20210604,2161.9098,2149.615,2165.904,2149.615,2155.8979,6.0119,0.2789,112579012.42,112550287.88
932000.CSI,20210607,2181.0553,2166.0174,2181.0553,2166.0174,2161.9098,19.1455,0.8856,112559557.09,116419966.699
932000.CSI,20210608,2177.3628,2179.6867,2182.792,2170.8963,2181.0553,-3.6925,-0.1693,120152116.82,120779468.14
932000.CSI,20210609,2182.8121,2174.6675,2186.9118,2174.6675,2177.3628,5.4493,0.2503,117406022.12,115737618.619
932000.CSI,20210610,2190.9701,2181.6141,2191.2721,2179.5218,2182.8121,8.158,0.3737,123035730.16,124105270.989
932000.CSI,20210611,2173.4138,2191.0016,2191.9335,2172.9271,2190.9701,-17.5563,-0.8013,124873661.31,125501764.684
932000.CSI,20210615,2158.9121,2173.4224,2173.4224,2156.6161,2173.4138,-14.5017,-0.6672,133233118.46,132847170.777
932000.CSI,20210616,2132.4948,2155.1231,2156.2942,2130.0678,2158.9121,-26.4173,-1.2236,125197128.08,126485067.215
932000.CSI,20210617,2150.0255,2129.0965,2150.0968,2129.0965,2132.4948,17.5307,0.8221,121225925.29,125869700.632
932000.CSI,20210618,2172.6858,2147.8258,2172.6858,2137.4213,2150.0255,22.6603,1.054,127248097.01,133778346.193
932000.CSI,20210621,2204.479,2165.4281,2204.479,2165.4281,2172.6858,31.7932,1.4633,130555346.05,141030403.83
932000.CSI,20210622,2219.4999,2206.4579,2219.4999,2203.7602,2204.479,15.0209,0.6814,141329059.53,150617484.897
932000.CSI,20210623,2226.9103,2218.6289,2229.5385,2213.7654,2219.4999,7.4104,0.3339,136512132.17,151014434.005
932000.CSI,20210624,2211.2341,2227.2605,2227.2605,2211.1389,2226.9103,-15.6762,-0.7039,135426732.27,143656490.514
932000.CSI,20210625,2211.9236,2208.6045,2213.8362,2195.3334,2211.2341,0.6895,0.0312,130327465.31,136937438.93
932000.CSI,20210628,2231.4905,2213.4216,2232.2656,2213.4216,2211.9236,19.5669,0.8846,125663361.38,135468086.209
932000.CSI,20210629,2214.0409,2229.5741,2229.5741,2213.4093,2231.4905,-17.4496,-0.782,127169348.61,138899131.014
932000.CSI,20210630,2236.2408,2215.6546,2236.2408,2215.6546,2214.0409,22.1999,1.0027,122833121.39,137002732.907
932000.CSI,20210701,2197.1391,2237.9308,2237.9308,2197.1391,2236.2408,-39.1017,-1.7485,133587954.4,148101344.952
932000.CSI,20210702,2202.0643,2191.4813,2204.0964,2191.4813,2197.1391,4.9252,0.2242,118837566.67,132370168.702
932000.CSI,20210705,2239.5866,2206.2928,2239.5866,2206.2928,2202.0643,37.5223,1.704,120999516.92,137602317.991
932000.CSI,20210706,2240.7595,2239.8785,2246.0715,2216.7219,2239.5866,1.1729,0.0524,128563110.57,150313841.603
932000.CSI,20210707,2260.4397,2226.8247,2260.8259,2226.8247,2240.7595,19.6802,0.8783,121613844.24,140705414.858
932000.CSI,20210708,2253.5985,2264.0504,2265.0426,2250.9274,2260.4397,-6.8412,-0.3026,139558999.04,160420814.781
932000.CSI,20210709,2272.3398,2242.8099,2273.9688,2241.1685,2253.5985,18.7413,0.8316,135675931.67,152580181.298
932000.CSI,20210712,2312.7018,2281.7256,2312.7831,2281.7256,2272.3398,40.362,1.7762,151782902.3,174108291.679
932000.CSI,20210713,2329.6953,2310.5095,2329.6953,2305.8762,2312.7018,16.9935,0.7348,153218423.33,174811595.037
932000.CSI,20210714,2311.5353,2326.2466,2333.0018,2311.5353,2329.6953,-18.16,-0.7795,155924117.68,174623541.94
932000.CSI,20210715,2291.9068,2300.3334,2300.8473,2262.746,2311.5353,-19.6285,-0.8492,146732833.42,159212325.74
932000.CSI,20210716,2293.6945,2289.7365,2310.7305,2289.7365,2291.9068,1.7877,0.078,138612748.5,155123079.035
932000.CSI,20210719,2292.703,2291.0731,2295.3383,2279.7385,2293.6945,-0.9915,-0.0432,139815504.11,154539837.952
932000.CSI,20210720,2304.1629,2274.6828,2304.1629,2274.6828,2292.703,11.4599,0.4998,127266488.48,142284709.119
932000.CSI,20210721,2341.2213,2312.007,2342.5947,2312.007,2304.1629,37.0584,1.6083,147246419.64,170414805.014
932000.CSI,20210722,2366.7997,2343.6535,2366.7997,2334.3521,2341.2213,25.5784,1.0925,159804846.47,188291148.197
932000.CSI,20210723,2339.125,2361.7266,2361.8507,2331.9822,2366.7997,-27.6747,-1.1693,167451458.3,194585925.373
932000.CSI,20210726,2314.7603,2334.1685,2336.4261,2280.3644,2339.125,-24.3647,-1.0416,162371594.55,185326056.924
932000.CSI,20210727,2262.2436,2314.6188,2327.6119,2262.2436,2314.7603,-52.5167,-2.2688,164218322.77,196521450.732
932000.CSI,20210728,2195.9726,2238.7766,2238.7766,2169.7522,2262.2436,-66.271,-2.9294,152251400.99,169514193.48
932000.CSI,20210729,2276.2036,2223.614,2280.5277,2223.614,2195.9726,80.231,3.6536,140644153.76,169824410.663
932000.CSI,20210730,2310.8277,2275.7822,2310.8277,2275.7822,2276.2036,34.6241,1.5211,157666222.98,192680278.394
932000.CSI,20210802,2357.8341,2312.9961,2357.8341,2312.9961,2310.8277,47.0064,2.0342,161234008.65,200502944.878
932000.CSI,20210803,2332.9273,2352.5133,2366.3422,2327.1778,2357.8341,-24.9068,-1.0563,169145426.54,203329999.132
932000.CSI,20210804,2370.2427,2329.7989,2370.4949,2329.7989,2332.9273,37.3154,1.5995,144850427.5,178236752.58
932000.CSI,20210805,2348.5032,2362.6395,2362.6395,2337.6849,2370.2427,-21.7395,-0.9172,151179976.26,180321267.044
932000.CSI,20210806,2359.6943,2349.2941,2359.7253,2336.9297,2348.5032,11.1911,0.4765,143481058.45,171844575.959
932000.CSI,20210809,2377.9588,2355.6091,2377.9588,2347.4538,2359.6943,18.2645,0.774,141766925.6,173846157.836
932000.CSI,20210810,2398.3877,2374.0502,2406.2917,2374.0502,2377.9588,20.4289,0.8591,156846690.61,196436238.922
932000.CSI,20210811,2424.051,2396.8996,2424.051,2391.9588,2398.3877,25.6633,1.07,168579955.08,199988753.739
932000.CSI,20210812,2434.0965,2422.4071,2438.9939,2418.9796,2424.051,10.0455,0.4144,168784541.1,204151902.184
932000.CSI,20210813,2437.3391,2427.107,2439.2127,2423.7161,2434.0965,3.2426,0.1332,168396724.37,202322123.628
932000.CSI,20210816,2425.6964,2434.4552,2439.2593,2420.1253,2437.3391,-11.6427,-0.4777,166460907.41,201934720.689
932000.CSI,20210817,2354.7298,2420.7619,2420.7619,2350.1139,2425.6964,-70.9666,-2.9256,178082312.02,204561949.247
932000.CSI,20210818,2379.6839,2350.4292,2381.8376,2350.4292,2354.7298,24.9541,1.0597,150792744.73,175344998.696
932000.CSI,20210819,2373.5779,2372.8806,2384.7131,2348.1171,2379.6839,-6.106,-0.2566,145589827.9,170388006.63
932000.CSI,20210820,2370.5688,2365.4195,2373.0966,2342.0751,2373.5779,-3.0091,-0.1268,141289180.41,170609488.035
932000.CSI,20210823,2442.4068,2376.5425,2442.5331,2376.5425,2370.5688,71.838,3.0304,165995649.07,198885059.619
932000.CSI,20210824,2452.1006,2444.7116,2456.6348,2438.3617,2442.4068,9.6938,0.3969,176006430.02,211299073.794
932000.CSI,20210825,2474.3072,2448.3554,2474.3072,2448.3554,2452.1006,22.2066,0.9056,168018655.43,201295284.469
932000.CSI,20210826,2460.5303,2470.7973,2478.7672,2460.5303,2474.3072,-13.7769,-0.5568,184345478.95,215980217.465
932000.CSI,20210827,2457.444,2451.0177,2458.3811,2435.7832,2460.5303,-3.0863,-0.1254,177638457.28,210772329.771
932000.CSI,20210830,2466.309,2455.067,2477.8828,2455.067,2457.444,8.865,0.3607,181914414.73,220359409.195
932000.CSI,20210831,2458.8636,2462.2407,2464.0271,2441.1387,2466.309,-7.4454,-0.3019,169083776.69,201461982.13
932000.CSI,20210901,2416.9532,2461.8505,2464.8177,2395.5302,2458.8636,-41.9104,-1.7045,186185412.05,212488186.387
932000.CSI,20210902,2460.3972,2408.2076,2460.4346,2408.2076,2416.9532,43.444,1.7975,166693575.86,190706002.562
932000.CSI,20210903,2459.9079,2460.3475,2499.1432,2443.8761,2460.3972,-0.4893,-0.0199,191381977.22,217794419.227
932000.CSI,20210906,2478.9124,2461.4254,2478.9658,2432.7837,2459.9079,19.0045,0.7726,165286413.07,191701266.638
932000.CSI,20210907,2514.437,2478.9306,2514.437,2478.9306,2478.9124,35.5246,1.4331,172918027.51,196098588.157
932000.CSI,20210908,2539.6832,2518.7928,2539.6832,2518.7928,2514.437,25.2462,1.004,199658408.68,217093169.491
932000.CSI,20210909,2532.5991,2535.008,2539.0782,2520.8755,2539.6832,-7.0841,-0.2789,196305954.36,214733088.671
932000.CSI,20210910,2517.8866,2532.1864,2532.1864,2504.6186,2532.5991,-14.7125,-0.5809,190435092.6,208058659.639
932000.CSI,20210913,2537.6149,2520.1409,2537.6149,2511.0797,2517.8866,19.7283,0.7835,179245943.28,203021627.6
932000.CSI,20210914,2522.5745,2535.3135,2556.3986,2519.0674,2537.6149,-15.0404,-0.5927,191051050.06,219680501.905
932000.CSI,20210915,2559.2149,2518.4575,2559.2149,2514.1882,2522.5745,36.6404,1.4525,175635794.99,205397250.81
932000.CSI,20210916,2515.9501,2563.4459,2582.1129,2515.9501,2559.2149,-43.2648,-1.6905,203370544.77,233315654.835
932000.CSI,20210917,2510.2573,2510.9606,2532.0137,2472.0541,2515.9501,-5.6928,-0.2263,184543398.32,214801042.361
932000.CSI,20210922,2531.0796,2487.5926,2531.0965,2487.5926,2510.2573,20.8223,0.8295,166447365.39,190031893.827
932000.CSI,20210923,2531.749,2543.5215,2548.9394,2528.3569,2531.0796,0.6694,0.0264,189409903.52,212396260.481
932000.CSI,20210924,2471.0923,2527.3423,2527.3423,2470.9178,2531.749,-60.6567,-2.3958,177502001.36,195677228.906
932000.CSI,20210927,2373.7211,2474.4511,2474.4511,2350.3178,2471.0923,-97.3712,-3.9404,180354160.61,192049135.409
932000.CSI,20210928,2386.5994,2367.694,2395.2633,2365.6688,2373.7211,12.8783,0.5425,136082324.64,144920488.653
932000.CSI,20210929,2302.8966,2367.0576,2372.5284,2302.8966,2386.5994,-83.7028,-3.5072,141209792.25,148250885.353
932000.CSI,20210930,2370.0659,2316.4124,2372.3478,2316.4124,2302.8966,67.1693,2.9167,126175641.27,134477404.18
932000.CSI,20211008,2394.0635,2397.9559,2401.2344,2379.5849,2370.0659,23.9976,1.0125,142937083.67,145744163.985
932000.CSI,20211011,2378.4949,2398.9798,2398.9798,2360.6387,2394.0635,-15.5686,-0.6503,131579010.38,135659629.338
932000.CSI,20211012,2329.6206,2372.4812,2374.8032,2306.5133,2378.4949,-48.8743,-2.0548,134495464.7,139975864.824
932000.CSI,20211013,2331.1183,2330.3689,2332.3935,2300.7271,2329.6206,1.4977,0.0643,115986993.92,119248515.831
932000.CSI,20211014,2355.6689,2324.1057,2361.8765,2315.3725,2331.1183,24.5506,1.0532,115058476.5,124790360.103
932000.CSI,20211015,2333.1597,2351.6284,2351.6284,2330.082,2355.6689,-22.5092,-0.9555,120246449.34,132351931.6
932000.CSI,20211018,2365.7255,2329.972,2365.7255,2329.8321,2333.1597,32.5658,1.3958,118942660.62,131151116.183
932000.CSI,20211019,2379.9073,2364.7632,2381.6049,2364.7632,2365.7255,14.1818,0.5995,122149459.3,137388556.157
932000.CSI,20211020,2384.2095,2372.1659,2393.3097,2371.2378,2379.9073,4.3022,0.1808,126711409.29,149228197.117
932000.CSI,20211021,2374.1551,2381.5981,2387.5506,2370.9167,2384.2095,-10.0544,-0.4217,124088183.17,145777932.409
932000.CSI,20211022,2342.5265,2372.3805,2373.4731,2342.5265,2374.1551,-31.6286,-1.3322,126561598.31,146520858.09
932000.CSI,20211025,2375.3672,2342.5263,2375.3672,2342.5263,2342.5265,32.8407,1.4019,117972790.31,144456869.407
932000.CSI,20211026,2371.4195,2378.5083,2386.3154,2366.0085,2375.3672,-3.9477,-0.1662,128598910.82,159507258.969
932000.CSI,20211027,2340.9134,2364.7076,2364.7076,2330.7651,2371.4195,-30.5061,-1.2864,133508391.6,157656178.664
932000.CSI,20211028,2284.8625,2332.5491,2334.8566,2283.6871,2340.9134,-56.0509,-2.3944,129467390.42,152466729.804
932000.CSI,20211029,2325.6355,2287.2765,2326.4749,2273.8979,2284.8625,40.773,1.7845,125770234.85,148073462.645
932000.CSI,20211101,2366.6197,2326.0664,2374.316,2326.0664,2325.6355,40.9842,1.7623,132946166.91,166263229.627
932000.CSI,20211102,2334.1406,2368.9222,2379.1197,2318.2853,2366.6197,-32.4791,-1.3724,149643242.94,179549113.559
932000.CSI,20211103,2344.3897,2332.8852,2344.3897,2321.4577,2334.1406,10.2491,0.4391,117776583.94,145237490.297
932000.CSI,20211104,2388.3838,2350.3172,2388.3838,2350.3172,2344.3897,43.9941,1.8766,134730985.38,166250700.622
932000.CSI,20211105,2367.6422,2387.8744,2391.3263,2367.6422,2388.3838,-20.7416,-0.8684,154030203.89,188062541.92
932000.CSI,20211108,2386.5122,2365.6346,2386.5122,2354.1094,2367.6422,18.87,0.797,138095456.1,167202890.224
932000.CSI,20211109,2420.9149,2390.8359,2420.9149,2390.8359,2386.5122,34.4027,1.4415,139874606.72,172534374.386
932000.CSI,20211110,2435.026,2415.6342,2435.026,2401.868,2420.9149,14.1111,0.5829,141145994.97,173155893.477
932000.CSI,20211111,2452.2043,2430.4984,2455.7447,2430.4984,2435.026,17.1783,0.7055,146636290.99,185455340.381
932000.CSI,20211112,2481.7674,2449.2531,2483.3597,2449.2531,2452.2043,29.5631,1.2056,147779850.98,185531599.078
932000.CSI,20211115,2496.1326,2487.9222,2496.6949,2479.5747,2481.7674,14.3652,0.5788,165592320.22,206299303.805
932000.CSI,20211116,2472.0982,2494.0409,2495.9522,2471.9541,2496.1326,-24.0344,-0.9629,161765973.84,198231539.043
932000.CSI,20211117,2523.3742,2471.812,2523.3742,2471.812,2472.0982,51.276,2.0742,158557656.19,192481094.945
932000.CSI,20211118,2512.1454,2524.2971,2529.4661,2512.1454,2523.3742,-11.2288,-0.445,168359185.16,208439089.555
932000.CSI,20211119,2542.0551,2509.0248,2542.0551,2509.0248,2512.1454,29.9097,1.1906,157927925.33,198231146.799
932000.CSI,20211122,2574.7564,2545.466,2575.0342,2542.8333,2542.0551,32.7013,1.2864,159320487.17,204903143.193
932000.CSI,20211123,2580.2213,2573.5971,2588.8055,2569.5512,2574.7564,5.4649,0.2122,161444817.73,212531550.015
932000.CSI,20211124,2580.4125,2579.3829,2586.746,2570.15,2580.2213,0.1912,0.0074,161997487.82,206883594.594
932000.CSI,20211125,2583.5705,2582.4603,2596.3855,2579.1757,2580.4125,3.158,0.1224,161048910.61,203484799.217
932000.CSI,20211126,2587.8891,2578.8261,2592.0478,2575.9968,2583.5705,4.3186,0.1672,159609938.26,203519518.243
932000.CSI,20211129,2602.1007,2550.8368,2602.5555,2550.8368,2587.8891,14.2116,0.5492,160794087.88,206563848.989
932000.CSI,20211130,2624.9807,2614.0388,2639.5336,2612.8207,2602.1007,22.88,0.8793,174288749.57,224020469.337
932000.CSI,20211201,2650.2083,2619.765,2650.2083,2619.765,2624.9807,25.2276,0.9611,171288504.65,215606267.554
932000.CSI,20211202,2605.6173,2646.0842,2646.0842,2605.6173,2650.2083,-44.591,-1.6825,175529150.57,216293810.342
932000.CSI,20211203,2616.1364,2606.4133,2622.9423,2599.3863,2605.6173,10.5191,0.4037,156170157.46,188624663.527
932000.CSI,20211206,2571.5471,2615.737,2615.737,2569.1482,2616.1364,-44.5893,-1.7044,160617017.05,194118644.413
932000.CSI,20211207,2533.5955,2581.7918,2581.7918,2513.3788,2571.5471,-37.9516,-1.4758,154908596.71,187190265.551
932000.CSI,20211208,2575.831,2539.3267,2575.831,2536.5904,2533.5955,42.2355,1.667,139380301.19,170991367.055
932000.CSI,20211209,2575.1668,2577.0494,2580.5861,2572.3421,2575.831,-0.6642,-0.0258,152070607.53,182153451.095
932000.CSI,20211210,2590.9838,2568.3798,2592.7665,2566.4274,2575.1668,15.817,0.6142,148182356.52,181175854.376
932000.CSI,20211213,2607.4079,2595.7725,2607.9339,2584.0731,2590.9838,16.4241,0.6339,181268598.95,210169667.098
932000.CSI,20211214,2624.6002,2606.1839,2625.9257,2606.1839,2607.4079,17.1923,0.6594,189890591.9,219542592.831
932000.CSI,20211215,2631.0698,2623.1355,2643.7922,2623.1355,2624.6002,6.4696,0.2465,205640134.21,224662405.705
932000.CSI,20211216,2653.713,2633.7946,2653.713,2632.8567,2631.0698,22.6432,0.8606,203949936.16,223596376.83
932000.CSI,20211217,2631.3416,2652.8851,2652.8851,2631.3416,2653.713,-22.3714,-0.843,218291611.04,234761119.981
932000.CSI,20211220,2597.4088,2627.0918,2636.7961,2597.4088,2631.3416,-33.9328,-1.2896,223267182.21,228107462.186
932000.CSI,20211221,2638.4887,2596.9498,2638.4887,2596.9498,2597.4088,41.0799,1.5816,217596473.05,208834353.282
932000.CSI,20211222,2650.8181,2644.6141,2654.5647,2638.5491,2638.4887,12.3294,0.4673,238004422.11,230002552.972
932000.CSI,20211223,2639.0544,2648.7507,2649.8312,2636.2971,2650.8181,-11.7637,-0.4438,214613759.89,217305437.843
932000.CSI,20211224,2583.3454,2642.8675,2642.8675,2583.3454,2639.0544,-55.709,-2.1109,231174598.4,232825527.978
932000.CSI,20211227,2599.6659,2579.678,2609.2094,2571.7058,2583.3454,16.3205,0.6318,192555840.66,198585924.405
932000.CSI,20211228,2623.6252,2602.6948,2623.6602,2600.5793,2599.6659,23.9593,0.9216,186467144.64,199468699.415
932000.CSI,20211229,2626.2207,2621.448,2633.6962,2613.8385,2623.6252,2.5955,0.0989,190837312.07,197035071.425
932000.CSI,20211230,2653.5784,2627.9865,2660.9684,2627.9865,2626.2207,27.3577,1.0417,198065535.4,208647876.239
932000.CSI,20211231,2666.9693,2660.3487,2676.253,2659.8506,2653.5784,13.3909,0.5046,208521324.41,218988163.4
932000.CSI,20220104,2697.7209,2675.3655,2700.2387,2675.3655,2666.9693,30.7516,1.1531,245427254.28,248807279.305
932000.CSI,20220105,2648.9806,2697.058,2697.058,2624.797,2697.7209,-48.7403,-1.8067,250862841.62,261326940.578
932000.CSI,20220106,2677.4415,2633.5138,2683.0628,2633.5138,2648.9806,28.4609,1.0744,213127720.92,225855746.359
932000.CSI,20220107,2613.9284,2678.3529,2681.7766,2613.9284,2677.4415,-63.5131,-2.3722,235789755.62,241153507.229
932000.CSI,20220110,2636.2099,2606.5115,2637.9058,2589.9616,2613.9284,22.2815,0.8524,184391849.22,192377753.063
932000.CSI,20220111,2625.6355,2638.0454,2656.2556,2620.5471,2636.2099,-10.5744,-0.4011,198432884.06,208140450.385
932000.CSI,20220112,2670.5664,2630.6615,2670.5664,2630.6615,2625.6355,44.9309,1.7112,204808054.6,210896473.377
932000.CSI,20220113,2645.9454,2673.0556,2673.0556,2645.9454,2670.5664,-24.621,-0.9219,213624824.48,221053916.447
932000.CSI,20220114,2646.7729,2638.7234,2669.9721,2638.7234,2645.9454,0.8275,0.0313,220917056.15,229900926.193
932000.CSI,20220117,2696.8735,2654.303,2696.8735,2654.303,2646.7729,50.1006,1.8929,209816063.81,234651779.605
932000.CSI,20220118,2644.5093,2698.606,2698.606,2642.3816,2696.8735,-52.3642,-1.9417,228293703.34,258952415.292
932000.CSI,20220119,2644.3098,2631.5015,2654.0811,2628.6721,2644.5093,-0.1995,-0.0075,196848969.86,214613896.901
932000.CSI,20220120,2562.8674,2642.5272,2642.5272,2562.8674,2644.3098,-81.4424,-3.0799,217364360.69,231749121.34
932000.CSI,20220121,2529.0969,2552.9733,2562.2148,2528.6697,2562.8674,-33.7705,-1.3177,176609641.31,185047345.377
932000.CSI,20220124,2527.2421,2515.0855,2539.0047,2511.5513,2529.0969,-1.8548,-0.0733,148257323.65,153362990.255
932000.CSI,20220125,2413.9628,2517.6097,2517.6097,2413.9628,2527.2421,-113.2793,-4.4823,179573935.07,182392852.299
932000.CSI,20220126,2430.7537,2418.2048,2439.4952,2405.714,2413.9628,16.7909,0.6956,143394874.86,146317226.454
932000.CSI,20220127,2349.3906,2431.1835,2431.1835,2348.8395,2430.7537,-81.3631,-3.3472,148789040.32,149440320.471
932000.CSI,20220128,2388.8164,2358.9493,2410.2455,2337.0782,2349.3906,39.4258,1.6781,144332506.0,141585164.983
932000.CSI,20220207,2416.3912,2418.2439,2421.7695,2398.8377,2388.8164,27.5748,1.1543,148048749.16,142389738.451
932000.CSI,20220208,2452.9368,2415.6282,2452.9368,2406.8132,2416.3912,36.5456,1.5124,163620848.88,157299720.342
932000.CSI,20220209,2492.5332,2453.0377,2492.5332,2450.9389,2452.9368,39.5964,1.6142,171177999.33,173281805.012
932000.CSI,20220210,2477.7613,2492.1757,2492.1757,2465.2661,2492.5332,-14.7719,-0.5926,165195932.56,174921480.326
932000.CSI,20220211,2416.4751,2467.1382,2467.1382,2413.0635,2477.7613,-61.2862,-2.4735,180856866.66,183914887.918
932000.CSI,20220214,2423.6946,2405.641,2438.7896,2405.641,2416.4751,7.2195,0.2988,159061374.97,160911089.862
932000.CSI,20220215,2435.134,2426.5396,2438.7485,2414.1241,2423.6946,11.4394,0.472,159072914.44,160615793.714
932000.CSI,20220216,2471.6117,2446.0004,2474.7266,2446.0004,2435.134,36.4777,1.498,168465540.95,175244989.719
932000.CSI,20220217,2468.6678,2467.4165,2487.2797,2464.5962,2471.6117,-2.9439,-0.1191,191835173.16,198527842.089
932000.CSI,20220218,2485.35,2454.718,2485.35,2454.718,2468.6678,16.6822,0.6758,158805819.81,168262223.671
932000.CSI,20220221,2529.3493,2488.2595,2529.3493,2488.2595,2485.35,43.9993,1.7703,185260371.87,193136744.2
932000.CSI,20220222,2504.1785,2515.6977,2515.6977,2487.6964,2529.3493,-25.1708,-0.9951,193391084.52,208120618.056
932000.CSI,20220223,2552.4705,2509.3398,2552.4926,2509.3398,2504.1785,48.292,1.9285,198993205.23,219091579.989
932000.CSI,20220224,2486.1149,2541.2458,2566.617,2454.6393,2552.4705,-66.3556,-2.5997,279061560.89,287036129.561
932000.CSI,20220225,2513.5699,2500.2951,2530.2951,2500.2951,2486.1149,27.455,1.1043,196905484.34,206026715.906
932000.CSI,20220228,2517.8487,2516.5185,2518.068,2480.5757,2513.5699,4.2788,0.1702,185219568.8,197178730.087
932000.CSI,20220301,2540.2929,2522.0702,2540.2929,2521.6861,2517.8487,22.4442,0.8914,176993328.88,197921473.686
932000.CSI,20220302,2556.0766,2530.7195,2556.4521,2530.1204,2540.2929,15.7837,0.6213,193095614.89,203560425.685
932000.CSI,20220303,2544.768,2564.0601,2564.0601,2542.84,2556.0766,-11.3086,-0.4424,211732658.82,221626669.658
932000.CSI,20220304,2508.6563,2534.0884,2543.2616,2501.4428,2544.768,-36.1117,-1.4191,211128422.13,215886920.002
932000.CSI,20220307,2475.1863,2502.0356,2503.4372,2464.5268,2508.6563,-33.47,-1.3342,193468911.74,194798880.398
932000.CSI,20220308,2391.8465,2471.6769,2471.6769,2390.5124,2475.1863,-83.3398,-3.367,210408014.71,212798900.839
932000.CSI,20220309,2366.5016,2393.3402,2401.7679,2264.6678,2391.8465,-25.3449,-1.0596,221761506.83,215411620.981
932000.CSI,20220310,2412.3818,2408.092,2431.7207,2406.7854,2366.5016,45.8802,1.9387,209255484.57,216569039.348
932000.CSI,20220311,2428.5798,2381.3032,2430.8915,2359.7986,2412.3818,16.198,0.6715,207262356.56,209269699.847
932000.CSI,20220314,2359.5694,2416.1994,2416.1994,2359.5694,2428.5798,-69.0104,-2.8416,194487365.31,203869696.78
932000.CSI,20220315,2245.1455,2342.1734,2351.8515,2245.1455,2359.5694,-114.4239,-4.8494,216333732.66,211162389.276
932000.CSI,20220316,2319.5871,2278.0093,2323.4072,2215.072,2245.1455,74.4416,3.3157,222093256.55,223115856.763
932000.CSI,20220317,2361.4845,2337.5281,2394.3453,2337.5281,2319.5871,41.8974,1.8062,234431566.78,252536856.701
932000.CSI,20220318,2388.5092,2350.7233,2393.0345,2350.7233,2361.4845,27.0247,1.1444,201485580.49,205390262.67
932000.CSI,20220321,2429.0438,2392.1056,2429.0438,2392.1056,2388.5092,40.5346,1.6971,216012239.8,220946321.809
932000.CSI,20220322,2422.9036,2427.2619,2436.2474,2408.033,2429.0438,-6.1402,-0.2528,214614369.33,221543625.164
932000.CSI,20220323,2430.6717,2425.3508,2441.1603,2422.6919,2422.9036,7.7681,0.3206,213433602.55,219597818.656
932000.CSI,20220324,2400.7713,2417.8126,2417.8126,2396.2582,2430.6717,-29.9004,-1.2301,205283533.88,206655453.101
932000.CSI,20220325,2391.5029,2401.783,2424.8588,2391.5029,2400.7713,-9.2684,-0.3861,213772990.46,213817399.477
932000.CSI,20220328,2379.8228,2380.5893,2397.561,2353.7812,2391.5029,-11.6801,-0.4884,196014172.91,190584383.433
932000.CSI,20220329,2360.0544,2383.352,2385.5772,2353.8853,2379.8228,-19.7684,-0.8307,197829662.38,194630690.835
932000.CSI,20220330,2396.1313,2365.2026,2396.1313,2356.9117,2360.0544,36.0769,1.5286,199178761.44,200035412.015
932000.CSI,20220331,2391.275,2391.6878,2410.8547,2386.0172,2396.1313,-4.8563,-0.2027,224065806.41,227188736.677
932000.CSI,20220401,2376.2308,2377.2883,2383.015,2371.5766,2391.275,-15.0442,-0.6291,212141300.15,203971818.79
932000.CSI,20220406,2399.4684,2372.3023,2399.4684,2372.3023,2376.2308,23.2376,0.9779,213103753.87,199757019.804
932000.CSI,20220407,2332.8168,2389.1943,2389.1943,2332.8168,2399.4684,-66.6516,-2.7778,209586462.38,195212436.496
932000.CSI,20220408,2312.1417,2330.7506,2330.7506,2286.5691,2332.8168,-20.6751,-0.8863,200205877.74,187714395.472
932000.CSI,20220411,2245.4756,2302.9679,2302.9679,2233.2423,2312.1417,-66.6661,-2.8833,202806589.93,184214162.033
932000.CSI,20220412,2281.5248,2240.9461,2281.5248,2228.2724,2245.4756,36.0492,1.6054,197085812.49,176010453.721
932000.CSI,20220413,2232.1489,2270.752,2270.752,2232.1489,2281.5248,-49.3759,-2.1642,197180651.9,176603627.166
932000.CSI,20220414,2252.7767,2239.0489,2262.6904,2239.0489,2232.1489,20.6278,0.9241,177532480.64,159452432.928
932000.CSI,20220415,2201.1033,2241.9855,2241.9855,2195.4806,2252.7767,-51.6734,-2.2938,195883875.61,185474455.348
932000.CSI,20220418,2220.8878,2188.2495,2222.6375,2174.5588,2201.1033,19.7845,0.8988,158044177.4,149311357.999
932000.CSI,20220419,2239.5246,2218.8202,2243.0021,2218.8202,2220.8878,18.6368,0.8392,164759891.45,155877646.393
932000.CSI,20220420,2214.6848,2237.0963,2247.8666,2208.1666,2239.5246,-24.8398,-1.1092,180732625.17,164974141.4
932000.CSI,20220421,2119.2815,2204.1184,2205.7655,2113.7011,2214.6848,-95.4033,-4.3078,194732964.54,171478306.37
932000.CSI,20220422,2088.0494,2104.0607,2114.1734,2076.6693,2119.2815,-31.2321,-1.4737,166067196.09,144723385.414
932000.CSI,20220425,1921.2797,2054.524,2054.524,1921.2797,2088.0494,-166.7697,-7.9869,199847886.76,160808472.11
932000.CSI,20220426,1845.8949,1916.5943,1918.6098,1839.6363,1921.2797,-75.3848,-3.9237,182673662.58,144966948.253
932000.CSI,20220427,1907.2921,1815.7254,1907.2921,1795.2201,1845.8949,61.3972,3.3261,194201916.41,151165754.709
932000.CSI,20220428,1868.6976,1889.8097,1898.0187,1851.4484,1907.2921,-38.5945,-2.0235,169061310.62,135797701.325
932000.CSI,20220429,1953.1131,1879.9149,1960.75,1879.9149,1868.6976,84.4155,4.5173,183958600.31,150637947.765
932000.CSI,20220505,1993.7153,1953.4971,2006.9397,1953.4971,1953.1131,40.6022,2.0788,165268823.16,144351181.277
932000.CSI,20220506,1976.3664,1949.4562,1990.9553,1949.4562,1993.7153,-17.3489,-0.8702,160335697.16,140642405.644
932000.CSI,20220509,2014.3806,1978.1825,2019.4243,1978.1825,1976.3664,38.0142,1.9234,149564842.98,133017341.903
932000.CSI,20220510,2052.5901,1991.3411,2052.5901,1991.3411,2014.3806,38.2095,1.8968,173494359.75,154641892.778
932000.CSI,20220511,2058.9727,2058.4865,2110.0737,2058.4865,2052.5901,6.3826,0.311,214539497.02,200211272.247
932000.CSI,20220512,2076.454,2047.7425,2079.3605,2047.6375,2058.9727,17.4813,0.849,183784396.95,169473836.088
932000.CSI,20220513,2088.2999,2083.7957,2088.2999,2063.0767,2076.454,11.8459,0.5705,178161350.06,156154117.312
932000.CSI,20220516,2093.7014,2100.2366,2107.4209,2085.6144,2088.2999,5.4015,0.2587,185114273.59,158619945.604
932000.CSI,20220517,2089.8032,2092.4351,2092.4351,2057.0343,2093.7014,-3.8982,-0.1862,176816370.42,150635108.626
932000.CSI,20220518,2109.4197,2089.5675,2123.0363,2089.5675,2089.8032,19.6165,0.9387,178346172.45,154566949.619
932000.CSI,20220519,2126.5293,2079.402,2126.5293,2079.402,2109.4197,17.1096,0.8111,185607752.9,161454536.0
932000.CSI,20220520,2148.9998,2132.7608,2148.9998,2129.5257,2126.5293,22.4705,1.0567,184524199.38,165301251.341
932000.CSI,20220523,2186.2577,2153.5771,2186.2577,2153.5771,2148.9998,37.2579,1.7337,183812079.14,164783722.742
932000.CSI,20220524,2088.7274,2188.9234,2188.9234,2088.7274,2186.2577,-97.5303,-4.4611,214596104.95,194478503.499
932000.CSI,20220525,2133.131,2085.6804,2133.131,2085.6804,2088.7274,44.4036,2.1259,168204497.69,149912767.139
932000.CSI,20220526,2140.4928,2137.3451,2146.4136,2102.2708,2133.131,7.3618,0.3451,176453889.65,157541556.555
932000.CSI,20220527,2144.4216,2145.1368,2156.4498,2125.798,2140.4928,3.9288,0.1835,186966203.8,162300261.932
932000.CSI,20220530,2161.7598,2151.3412,2161.7598,2132.5411,2144.4216,17.3382,0.8085,178640947.83,160314744.267
932000.CSI,20220531,2182.7675,2163.5781,2183.1878,2145.9279,2161.7598,21.0077,0.9718,192487799.24,175351019.812
932000.CSI,20220601,2197.6458,2177.5112,2204.3604,2177.5112,2182.7675,14.8783,0.6816,193406225.86,175962799.512
932000.CSI,20220602,2219.2126,2191.0066,2220.2343,2182.9673,2197.6458,21.5668,0.9814,185893933.53,172378149.345
932000.CSI,20220606,2257.7617,2221.0744,2259.1285,2221.0744,2219.2126,38.5491,1.7371,201526561.38,194413091.032
932000.CSI,20220607,2244.1359,2258.6293,2258.6293,2226.182,2257.7617,-13.6258,-0.6035,199418606.19,189555287.94
932000.CSI,20220608,2239.5353,2241.975,2252.6579,2195.0274,2244.1359,-4.6006,-0.205,204018917.12,187930553.478
932000.CSI,20220609,2197.5481,2235.1076,2235.1076,2189.1724,2239.5353,-41.9872,-1.8748,189127477.31,171751217.21
932000.CSI,20220610,2244.7175,2185.749,2249.1344,2185.749,2197.5481,47.1694,2.1465,191349583.79,178596567.326
932000.CSI,20220613,2261.501,2234.2052,2261.5953,2234.2052,2244.7175,16.7835,0.7477,221371680.32,204830481.252
932000.CSI,20220614,2262.7391,2243.6475,2262.7391,2200.929,2261.501,1.2381,0.0547,228380943.92,209384070.423
932000.CSI,20220615,2248.3963,2266.0889,2277.4703,2248.3963,2262.7391,-14.3428,-0.6339,240955582.82,220624690.722
932000.CSI,20220616,2270.8078,2246.5392,2280.744,2246.5392,2248.3963,22.4115,0.9968,216836193.82,200040277.376
932000.CSI,20220617,2284.3811,2258.3353,2284.3811,2246.993,2270.8078,13.5733,0.5977,219318422.38,203604548.462
932000.CSI,20220620,2311.6527,2288.9917,2314.0038,2288.9917,2284.3811,27.2716,1.1938,226025094.87,216696031.447
932000.CSI,20220621,2298.122,2312.319,2314.1046,2277.8386,2311.6527,-13.5307,-0.5853,234417688.35,220390410.759
932000.CSI,20220622,2276.6198,2297.7908,2302.9446,2276.6198,2298.122,-21.5022,-0.9356,212133376.29,201928647.779
932000.CSI,20220623,2323.315,2276.342,2323.315,2266.018,2276.6198,46.6952,2.0511,229188147.42,215310231.641
932000.CSI,20220624,2349.3753,2329.1885,2351.2946,2329.1885,2323.315,26.0603,1.1217,239764483.23,230483213.055
932000.CSI,20220627,2372.9727,2359.7118,2374.2199,2354.0662,2349.3753,23.5974,1.0044,240057384.58,237347740.235
932000.CSI,20220628,2408.6181,2372.7039,2408.6181,2369.3929,2372.9727,35.6454,1.5021,251158307.52,250886878.087
932000.CSI,20220629,2344.8858,2405.6217,2405.6217,2344.8858,2408.6181,-63.7323,-2.646,273006563.55,267109656.176
932000.CSI,20220630,2361.8825,2346.732,2377.1264,2346.674,2344.8858,16.9967,0.7248,246612363.25,234157706.697
932000.CSI,20220701,2361.2815,2361.3564,2375.13,2353.6987,2361.8825,-0.601,-0.0254,227075360.36,214041112.499
932000.CSI,20220704,2377.7403,2360.2525,2377.7403,2352.0436,2361.2815,16.4588,0.697,225045272.9,214713150.405
932000.CSI,20220705,2357.2678,2377.7383,2380.4263,2331.2885,2377.7403,-20.4725,-0.861,234009823.44,223874336.503
932000.CSI,20220706,2341.3437,2350.3426,2355.5174,2321.7933,2357.2678,-15.9241,-0.6755,213508784.77,202935830.475
932000.CSI,20220707,2363.7826,2340.9924,2367.951,2333.8115,2341.3437,22.4389,0.9584,216523390.31,206597158.963
932000.CSI,20220708,2364.9621,2367.9349,2380.0291,2362.137,2363.7826,1.1795,0.0499,223796516.47,210177711.57
932000.CSI,20220711,2351.5991,2359.6785,2359.6785,2335.6164,2364.9621,-13.363,-0.565,217592565.99,203872831.001
932000.CSI,20220712,2310.0996,2350.9837,2350.9837,2310.0996,2351.5991,-41.4995,-1.7647,223054207.86,203152367.499
932000.CSI,20220713,2348.7348,2309.7901,2351.7652,2309.7901,2310.0996,38.6352,1.6724,219992259.98,197720556.704
932000.CSI,20220714,2366.3409,2345.2054,2375.4533,2345.2054,2348.7348,17.6061,0.7496,232682762.91,218242306.72
932000.CSI,20220715,2325.5002,2357.5072,2357.5219,2325.5002,2366.3409,-40.8407,-1.7259,245329848.32,228967671.114
932000.CSI,20220718,2391.6553,2327.9987,2391.6553,2327.9987,2325.5002,66.1551,2.8448,234966324.87,223479300.208
932000.CSI,20220719,2418.8617,2398.0877,2420.6295,2398.0877,2391.6553,27.2064,1.1376,243837429.9,244683097.556
932000.CSI,20220720,2440.5354,2422.5183,2440.5354,2416.8945,2418.8617,21.6737,0.896,231760135.71,228802257.455
932000.CSI,20220721,2430.7609,2436.1912,2450.4624,2430.7609,2440.5354,-9.7745,-0.4005,234987238.94,235786954.967
932000.CSI,20220722,2427.6458,2430.7802,2443.4623,2408.1133,2430.7609,-3.1151,-0.1282,225186632.1,223458287.338
932000.CSI,20220725,2398.3122,2430.3912,2430.3912,2395.5762,2427.6458,-29.3336,-1.2083,202237819.83,203090228.981
932000.CSI,20220726,2428.6542,2397.9488,2428.6542,2378.7667,2398.3122,30.342,1.2651,208786845.68,201066256.684
932000.CSI,20220727,2459.006,2423.9118,2459.006,2423.9118,2428.6542,30.3518,1.2497,212997841.38,217936919.698
932000.CSI,20220728,2479.1091,2469.4042,2486.6805,2469.4042,2459.006,20.1031,0.8175,233071572.1,241138822.0
932000.CSI,20220729,2473.7382,2482.9758,2487.282,2472.5517,2479.1091,-5.3709,-0.2166,231487562.83,239079518.868
932000.CSI,20220801,2488.0099,2472.3148,2488.0099,2460.0519,2473.7382,14.2717,0.5769,224166946.57,234091555.966
932000.CSI,20220802,2380.8888,2462.4363,2462.4363,2363.7711,2488.0099,-107.1211,-4.3055,283185727.86,277907242.27
932000.CSI,20220803,2362.877,2381.8542,2431.9514,2360.1708,2380.8888,-18.0118,-0.7565,252911711.05,259309212.442
932000.CSI,20220804,2399.4342,2375.2474,2399.4342,2358.3125,2362.877,36.5572,1.5471,208705971.49,212139670.64
932000.CSI,20220805,2416.0086,2405.3016,2416.6796,2387.7319,2399.4342,16.5744,0.6908,213871862.88,217186471.892
932000.CSI,20220808,2467.7989,2411.9883,2467.7989,2411.9883,2416.0086,51.7903,2.1436,205899531.46,216797501.784
932000.CSI,20220809,2478.4004,2467.6983,2478.4004,2467.6081,2467.7989,10.6015,0.4296,209443981.14,225756776.55
932000.CSI,20220810,2500.3411,2474.2908,2500.3411,2474.2908,2478.4004,21.9407,0.8853,210457541.19,233774243.383
932000.CSI,20220811,2523.7652,2509.1621,2525.0974,2507.7919,2500.3411,23.4241,0.9368,224023251.49,247967902.819
932000.CSI,20220812,2508.3133,2523.4256,2534.5041,2508.1402,2523.7652,-15.4519,-0.6123,232464596.14,245023919.561
932000.CSI,20220815,2531.7916,2505.0648,2531.7916,2502.6181,2508.3133,23.4783,0.936,212422075.66,225803926.186
932000.CSI,20220816,2562.8834,2535.084,2562.8834,2535.084,2531.7916,31.0918,1.2281,241861316.32,255947396.078
932000.CSI,20220817,2564.0779,2568.3643,2568.9163,2555.9077,2562.8834,1.1945,0.0466,250596331.75,268617730.538
932000.CSI,20220818,2582.7182,2560.3262,2582.7182,2558.756,2564.0779,18.6403,0.727,254653662.03,273719014.454
932000.CSI,20220819,2537.5998,2586.845,2587.5833,2537.5998,2582.7182,-45.1184,-1.7469,257682048.69,286473324.981
932000.CSI,20220822,2548.9201,2532.4149,2548.9201,2526.9155,2537.5998,11.3203,0.4461,228450837.74,242819503.104
932000.CSI,20220823,2571.5522,2543.7381,2571.5522,2543.7381,2548.9201,22.6321,0.8879,232646471.04,248958087.644
932000.CSI,20220824,2484.0431,2573.1539,2573.1539,2483.6004,2571.5522,-87.5091,-3.403,272361616.29,283261424.834
932000.CSI,20220825,2458.951,2490.8071,2490.8071,2425.8939,2484.0431,-25.0921,-1.0101,238342525.73,240368532.924
932000.CSI,20220826,2442.4528,2459.6117,2482.5255,2437.7789,2458.951,-16.4982,-0.6709,220528673.59,222600423.427
932000.CSI,20220829,2469.9525,2407.644,2469.9525,2407.644,2442.4528,27.4997,1.1259,205735453.63,203996845.148
932000.CSI,20220830,2447.4497,2471.9444,2471.9444,2435.8147,2469.9525,-22.5028,-0.9111,207842245.74,206108883.601
932000.CSI,20220831,2357.8731,2440.9855,2440.9855,2357.8668,2447.4497,-89.5766,-3.66,226936859.52,217146876.323
932000.CSI,20220901,2349.3881,2359.4284,2379.4731,2346.5254,2357.8731,-8.485,-0.3599,200108206.09,183149838.872
932000.CSI,20220902,2392.1259,2353.0081,2393.6238,2350.0812,2349.3881,42.7378,1.8191,190040366.99,177064854.359
932000.CSI,20220905,2403.8487,2393.4628,2412.8928,2389.6331,2392.1259,11.7228,0.4901,190305584.36,176541164.837
932000.CSI,20220906,2445.8021,2411.1291,2445.8021,2401.6707,2403.8487,41.9534,1.7453,215132858.35,199433777.169
932000.CSI,20220907,2463.7576,2441.0317,2469.4046,2441.0317,2445.8021,17.9555,0.7341,230488246.21,220387090.284
932000.CSI,20220908,2433.6812,2463.8517,2465.8447,2433.6175,2463.7576,-30.0764,-1.2208,212098048.69,203678166.566
932000.CSI,20220909,2418.9801,2434.5314,2434.5314,2401.8775,2433.6812,-14.7011,-0.6041,185777175.5,173144755.359
932000.CSI,20220913,2423.3598,2423.8758,2437.244,2414.8061,2418.9801,4.3797,0.1811,180532210.63,167533776.765
932000.CSI,20220914,2398.0843,2386.9,2403.4457,2381.5472,2423.3598,-25.2755,-1.043,180867985.44,164187510.95
932000.CSI,20220915,2326.2764,2407.3837,2407.3837,2296.1365,2398.0843,-71.8079,-2.9944,215865144.97,196477770.089
932000.CSI,20220916,2272.5038,2320.8559,2325.0568,2272.5038,2326.2764,-53.7726,-2.3115,182094161.5,159132748.586
932000.CSI,20220919,2244.7643,2270.6286,2277.3136,2235.0827,2272.5038,-27.7395,-1.2207,162088953.69,143875804.968
932000.CSI,20220920,2290.8255,2257.9249,2298.4507,2257.9249,2244.7643,46.0612,2.0519,167099619.23,149247670.028
932000.CSI,20220921,2297.1588,2284.6965,2303.9856,2256.4321,2290.8255,6.3333,0.2765,168722335.2,147894148.584
932000.CSI,20220922,2291.6818,2283.4297,2317.5212,2283.4297,2297.1588,-5.477,-0.2384,159878433.12,147452638.113
932000.CSI,20220923,2234.2689,2293.0356,2293.0356,2227.3793,2291.6818,-57.4129,-2.5053,167395265.84,151868750.761
932000.CSI,20220926,2198.2663,2219.3071,2236.8054,2196.0873,2234.2689,-36.0026,-1.6114,162478221.64,146101518.04
932000.CSI,20220927,2252.3877,2205.6693,2252.3877,2203.6242,2198.2663,54.1214,2.462,159996016.44,144388668.334
932000.CSI,20220928,2179.4394,2249.7417,2249.7417,2179.4394,2252.3877,-72.9483,-3.2387,165943737.71,148407932.144
932000.CSI,20220929,2167.9942,2198.0267,2198.0267,2158.0723,2179.4394,-11.4452,-0.5251,158029853.95,136016832.533
932000.CSI,20220930,2136.3707,2165.2412,2168.3855,2136.3707,2167.9942,-31.6235,-1.4587,139600430.94,119948927.384
932000.CSI,20221010,2098.1741,2143.0272,2147.693,2090.1505,2136.3707,-38.1966,-1.7879,146475210.46,125053281.172
932000.CSI,20221011,2122.4305,2101.0213,2124.6388,2085.9695,2098.1741,24.2564,1.1561,137727935.93,118904596.493
932000.CSI,20221012,2189.8925,2121.3398,2189.8925,2100.2981,2122.4305,67.462,3.1785,163294749.42,147633019.401
932000.CSI,20221013,2210.78,2180.1319,2227.3892,2180.1319,2189.8925,20.8875,0.9538,170604191.05,157877070.915
932000.CSI,20221014,2259.795,2222.2829,2264.2223,2222.2829,2210.78,49.015,2.2171,182540413.93,172399601.525
932000.CSI,20221017,2296.5667,2250.4021,2296.5667,2250.4021,2259.795,36.7717,1.6272,188426178.83,175427502.936
932000.CSI,20221018,2308.0286,2303.5473,2322.8669,2294.9474,2296.5667,11.4619,0.4991,197993007.45,192586610.349
932000.CSI,20221019,2291.0627,2299.901,2311.4676,2291.0627,2308.0286,-16.9659,-0.7351,188073278.44,183294498.524
932000.CSI,20221020,2277.5081,2280.5256,2305.5412,2257.9457,2291.0627,-13.5546,-0.5916,184766274.32,178421481.468
932000.CSI,20221021,2283.282,2278.5256,2296.9261,2268.6183,2277.5081,5.7739,0.2535,169328018.96,162258030.095
932000.CSI,20221024,2258.0973,2290.6716,2313.9451,2253.1921,2283.282,-25.1847,-1.103,194363420.44,187955025.265
932000.CSI,20221025,2258.9979,2247.3455,2264.5247,2213.6363,2258.0973,0.9006,0.0399,191320350.27,187313977.819
932000.CSI,20221026,2301.667,2259.9947,2309.1321,2259.9947,2258.9979,42.6691,1.8889,201556197.33,204880449.782
932000.CSI,20221027,2287.3458,2302.141,2313.7949,2287.3458,2301.667,-14.3212,-0.6222,197307956.39,202111842.82
932000.CSI,20221028,2198.3915,2274.1255,2274.1255,2193.5482,2287.3458,-88.9543,-3.889,209802654.87,199905184.864
932000.CSI,20221031,2226.2882,2186.7424,2241.486,2186.7424,2198.3915,27.8967,1.269,178121576.97,175268108.347
932000.CSI,20221101,2284.9115,2231.6786,2284.9115,2231.6786,2226.2882,58.6233,2.6332,194135636.67,197908899.565
932000.CSI,20221102,2317.5292,2285.6257,2328.3266,2285.6257,2284.9115,32.6177,1.4275,217096321.92,222671485.715
932000.CSI,20221103,2331.7159,2301.1462,2333.643,2301.1462,2317.5292,14.1867,0.6121,188310160.86,199405361.378
932000.CSI,20221104,2372.4716,2333.1775,2373.1572,2333.1775,2331.7159,40.7557,1.7479,211940823.34,221595961.917
932000.CSI,20221107,2390.4635,2374.159,2395.0001,2374.159,2372.4716,17.9919,0.7584,213144193.49,221722268.296
932000.CSI,20221108,2389.034,2390.498,2390.498,2369.3199,2390.4635,-1.4295,-0.0598,198097496.16,202915585.39
932000.CSI,20221109,2394.0587,2389.3503,2405.8785,2384.0736,2389.034,5.0247,0.2103,190164477.54,195215836.169
932000.CSI,20221110,2383.6827,2383.8581,2399.3265,2378.893,2394.0587,-10.376,-0.4334,207057598.77,215035506.411
932000.CSI,20221111,2382.5639,2428.3845,2428.3845,2382.5639,2383.6827,-1.1188,-0.0469,268214341.78,274619909.679
932000.CSI,20221114,2374.5048,2380.2626,2390.6731,2366.1817,2382.5639,-8.0591,-0.3383,226765257.08,228207110.867
932000.CSI,20221115,2423.4745,2373.0131,2423.4745,2373.0131,2374.5048,48.9697,2.0623,219159465.1,229034641.048
932000.CSI,20221116,2414.1417,2424.3737,2435.0992,2409.1415,2423.4745,-9.3328,-0.3851,219104731.79,223798991.148
932000.CSI,20221117,2426.245,2409.4873,2426.245,2397.4204,2414.1417,12.1033,0.5014,203825321.91,211515298.178
932000.CSI,20221118,2409.3498,2427.8101,2437.3624,2407.7624,2426.245,-16.8952,-0.6964,225268149.04,236199259.505
932000.CSI,20221121,2426.9009,2400.4205,2426.9009,2389.9213,2409.3498,17.5511,0.7285,200563163.51,218236445.558
932000.CSI,20221122,2389.1816,2423.5085,2427.7554,2379.9351,2426.9009,-37.7193,-1.5542,210299060.65,221842076.926
932000.CSI,20221123,2373.309,2386.1605,2386.1605,2330.5936,2389.1816,-15.8726,-0.6644,196790401.18,199087396.309
932000.CSI,20221124,2386.087,2376.2627,2391.5091,2376.2627,2373.309,12.778,0.5384,191692983.47,196195178.617
932000.CSI,20221125,2354.0211,2380.2409,2380.2409,2353.1449,2386.087,-32.0659,-1.3439,181103696.35,179365468.978
932000.CSI,20221128,2346.7769,2327.5745,2347.6615,2327.5745,2354.0211,-7.2442,-0.3077,180278442.76,173569196.372
932000.CSI,20221129,2387.706,2350.088,2387.8335,2350.088,2346.7769,40.9291,1.7441,217690198.19,208007470.47
932000.CSI,20221130,2389.463,2389.5971,2398.4653,2377.7042,2387.706,1.757,0.0736,222745897.9,216323937.509
932000.CSI,20221201,2405.4542,2405.3103,2408.7901,2398.4679,2389.463,15.9912,0.6692,235732085.26,233207025.732
932000.CSI,20221202,2424.3001,2399.5137,2426.8987,2399.5137,2405.4542,18.8459,0.7835,213689607.57,217394724.192
932000.CSI,20221205,2435.6791,2434.4158,2435.6791,2424.0778,2424.3001,11.379,0.4694,232041086.78,232467819.167
932000.CSI,20221206,2418.0733,2428.5871,2428.5871,2411.8576,2435.6791,-17.6058,-0.7228,215169456.98,221052275.706
932000.CSI,20221207,2420.3074,2412.2349,2424.4743,2407.7267,2418.0733,2.2341,0.0924,206675023.99,208351513.9
932000.CSI,20221208,2411.025,2417.0858,2419.6245,2407.2225,2420.3074,-9.2824,-0.3835,207702116.39,208782073.492
932000.CSI,20221209,2403.9986,2410.2419,2410.2419,2394.9177,2411.025,-7.0264,-0.2914,204787565.9,206183306.3
932000.CSI,20221212,2402.2118,2401.6493,2405.8643,2389.9571,2403.9986,-1.7868,-0.0743,220151196.32,217132170.652
932000.CSI,20221213,2391.2851,2401.845,2402.9684,2388.8419,2402.2118,-10.9267,-0.4549,214853685.52,215592577.149
932000.CSI,20221214,2382.5376,2389.8096,2397.3981,2377.7593,2391.2851,-8.7475,-0.3658,208828164.38,208695596.064
932000.CSI,20221215,2397.6195,2379.7998,2398.2074,2379.7998,2382.5376,15.0819,0.633,206203808.3,205456251.399
932000.CSI,20221216,2367.3612,2386.666,2386.666,2364.6778,2397.6195,-30.2583,-1.262,214652566.44,214814526.029
932000.CSI,20221219,2315.2548,2365.8653,2365.8653,2308.2765,2367.3612,-52.1064,-2.201,213498665.22,203983072.62
932000.CSI,20221220,2307.0842,2310.0753,2318.676,2291.3564,2315.2548,-8.1706,-0.3529,171520646.16,166900850.824
932000.CSI,20221221,2287.2023,2305.554,2305.554,2279.2589,2307.0842,-19.8819,-0.8618,171222720.49,165146754.67
932000.CSI,20221222,2248.982,2296.0962,2296.0962,2244.0944,2287.2023,-38.2203,-1.6711,189481945.32,178068186.451
932000.CSI,20221223,2238.4741,2238.8873,2252.0418,2223.4831,2248.982,-10.5079,-0.4672,181332752.25,170892730.677
932000.CSI,20221226,2285.5534,2238.6507,2285.5534,2238.6507,2238.4741,47.0793,2.1032,179284990.75,171783766.967
932000.CSI,20221227,2295.5752,2290.0746,2295.5752,2272.0511,2285.5534,10.0218,0.4385,191443711.93,185414308.462
932000.CSI,20221228,2265.6983,2289.5715,2289.5715,2260.247,2295.5752,-29.8769,-1.3015,183772874.34,172319199.224
932000.CSI,20221229,2253.9755,2260.7207,2278.0911,2253.9755,2265.6983,-11.7228,-0.5174,175691102.85,163926960.318
932000.CSI,20221230,2272.926,2260.4717,2272.926,2257.2585,2253.9755,18.9505,0.8408,185288358.77,165709731.273
932000.CSI,20230103,2332.3566,2274.2327,2332.3566,2274.2327,2272.926,59.4306,2.6147,215040556.66,196969827.915
932000.CSI,20230104,2343.9817,2334.2472,2347.0672,2329.7214,2332.3566,11.6251,0.4984,229743349.94,209650321.94
932000.CSI,20230105,2355.2614,2345.6724,2355.7111,2335.757,2343.9817,11.2797,0.4812,221071658.18,210564233.093
932000.CSI,20230106,2351.4358,2353.1364,2365.4063,2347.9411,2355.2614,-3.8256,-0.1624,217167443.92,214303818.502
932000.CSI,20230109,2366.9606,2357.4532,2371.4594,2357.4532,2351.4358,15.5248,0.6602,185726644.88,190241707.831
932000.CSI,20230110,2363.762,2369.216,2369.216,2358.027,2366.9606,-3.1986,-0.1351,175255894.48,179689156.286
932000.CSI,20230111,2343.6695,2365.2643,2368.5099,2343.6695,2363.762,-20.0925,-0.85,183727217.15,186683344.032
932000.CSI,20230112,2344.4044,2346.5143,2357.9637,2340.4386,2343.6695,0.7349,0.0314,175089748.31,174730841.821
932000.CSI,20230113,2345.5964,2349.7761,2351.6778,2334.5266,2344.4044,1.192,0.0508,170866188.59,167400104.0
932000.CSI,20230116,2365.3808,2346.3677,2370.4604,2346.3677,2345.5964,19.7844,0.8435,174270651.51,171250353.163
932000.CSI,20230117,2359.7296,2368.4537,2368.4537,2352.5027,2365.3808,-5.6512,-0.2389,167076340.25,164905029.035
932000.CSI,20230118,2370.3019,2362.7878,2373.884,2361.5457,2359.7296,10.5723,0.448,156462948.37,154055352.693
932000.CSI,20230119,2380.5526,2367.0873,2381.3549,2365.1239,2370.3019,10.2507,0.4325,155403186.32,155053378.452
932000.CSI,20230120,2402.9992,2385.7373,2402.9992,2385.7373,2380.5526,22.4466,0.9429,163367334.74,158375461.0
932000.CSI,20230130,2444.7074,2430.9329,2447.9966,2430.9329,2402.9992,41.7082,1.7357,231281371.33,228546812.238
932000.CSI,20230131,2458.5713,2436.1306,2458.5713,2436.1306,2444.7074,13.8639,0.5671,220090568.13,219297097.874
932000.CSI,20230201,2503.1627,2461.8197,2503.1627,2461.8197,2458.5713,44.5914,1.8137,244358320.04,248543097.332
932000.CSI,20230202,2510.5307,2505.1874,2517.2403,2498.8263,2503.1627,7.368,0.2943,245965165.41,257377058.912
932000.CSI,20230203,2512.4129,2506.8047,2512.4129,2482.1936,2510.5307,1.8822,0.075,230208237.16,237796590.939
932000.CSI,20230206,2513.2616,2508.9816,2518.6962,2503.4175,2512.4129,0.8487,0.0338,217117615.49,229416695.349
932000.CSI,20230207,2535.4349,2514.7271,2535.4349,2514.7271,2513.2616,22.1733,0.8823,233821829.49,244813379.695
932000.CSI,20230208,2524.4474,2535.6995,2536.6017,2524.4474,2535.4349,-10.9875,-0.4334,227035668.55,240570451.139
932000.CSI,20230209,2555.6795,2518.8716,2555.6795,2518.8716,2524.4474,31.2321,1.2372,223490988.04,241185123.793
932000.CSI,20230210,2550.5791,2553.2931,2563.3366,2539.9316,2555.6795,-5.1004,-0.1996,232604145.88,246643970.739
932000.CSI,20230213,2577.7727,2551.1745,2577.7727,2551.1745,2550.5791,27.1936,1.0662,226607148.65,244444498.612
932000.CSI,20230214,2577.7613,2584.1291,2584.1291,2569.7903,2577.7727,-0.0114,-0.0004,233407275.42,255131527.228
932000.CSI,20230215,2589.0449,2577.867,2589.4274,2577.0193,2577.7613,11.2836,0.4377,225967541.24,253388888.126
932000.CSI,20230216,2520.2796,2586.8616,2589.049,2511.4847,2589.0449,-68.7653,-2.656,294535237.91,314381470.596
932000.CSI,20230217,2505.3849,2520.4947,2537.7662,2500.9209,2520.2796,-14.8947,-0.591,218755841.16,232404519.088
932000.CSI,20230220,2535.1874,2508.2014,2535.1874,2498.8131,2505.3849,29.8025,1.1895,194952530.99,211175183.833
932000.CSI,20230221,2547.1105,2537.9614,2551.6011,2529.3993,2535.1874,11.9231,0.4703,199581903.78,216160795.251
932000.CSI,20230222,2549.3455,2536.2016,2549.6662,2536.2016,2547.1105,2.235,0.0877,176750448.15,195099054.847
932000.CSI,20230223,2542.8798,2551.1689,2555.0423,2532.1766,2549.3455,-6.4657,-0.2536,184519874.28,200089355.581
932000.CSI,20230224,2537.7766,2544.711,2545.4301,2521.712,2542.8798,-5.1032,-0.2007,159060947.85,175863881.576
932000.CSI,20230227,2514.8992,2531.612,2535.6978,2513.0352,2537.7766,-22.8774,-0.9015,167561241.77,185714424.922
932000.CSI,20230228,2539.1934,2522.3134,2539.1934,2511.3148,2514.8992,24.2942,0.966,165863771.99,183472481.68
932000.CSI,20230301,2562.386,2539.5434,2562.386,2536.7614,2539.1934,23.1926,0.9134,198168778.09,218278471.935
932000.CSI,20230302,2548.5985,2562.6316,2565.777,2546.486,2562.386,-13.7875,-0.5381,212489872.24,237826135.414
932000.CSI,20230303,2544.7992,2546.7619,2552.8456,2527.3425,2548.5985,-3.7993,-0.1491,188179462.24,208783316.386
932000.CSI,20230306,2549.0315,2547.0761,2550.5538,2535.4453,2544.7992,4.2323,0.1663,184390796.98,206464979.922
932000.CSI,20230307,2491.9744,2548.8713,2548.8713,2491.9744,2549.0315,-57.0571,-2.2384,195100702.34,209508563.086
932000.CSI,20230308,2515.444,2486.8652,2515.444,2486.8652,2491.9744,23.4696,0.9418,150942208.56,169632252.852
932000.CSI,20230309,2518.7193,2519.657,2524.9375,2503.1243,2515.444,3.2753,0.1302,168023510.26,188166659.736
932000.CSI,20230310,2480.541,2505.0371,2505.0371,2480.541,2518.7193,-38.1783,-1.5158,172155458.27,189280117.43
932000.CSI,20230313,2485.1756,2472.8182,2485.1756,2459.7019,2480.541,4.6346,0.1868,167706984.64,185373694.536
932000.CSI,20230314,2449.1021,2482.3584,2482.3584,2423.3937,2485.1756,-36.0735,-1.4515,181995712.26,200076739.148
932000.CSI,20230315,2471.5496,2459.3758,2482.7599,2459.3758,2449.1021,22.4475,0.9166,165117296.55,180256727.501
932000.CSI,20230316,2428.2025,2460.0537,2460.0537,2427.2272,2471.5496,-43.3471,-1.7538,163201220.25,176054499.68
932000.CSI,20230317,2448.0455,2441.8686,2457.445,2440.1866,2428.2025,19.843,0.8172,171022807.39,190743144.866
932000.CSI,20230320,2442.3398,2451.3723,2452.6769,2428.2545,2448.0455,-5.7057,-0.2331,192709014.15,211729464.276
932000.CSI,20230321,2483.0462,2443.3271,2483.0462,2440.6477,2442.3398,40.7064,1.6667,172934464.64,188994393.392
932000.CSI,20230322,2499.6145,2486.3285,2499.6145,2486.3285,2483.0462,16.5683,0.6673,190710363.22,214001956.126
932000.CSI,20230323,2494.3224,2491.957,2494.3224,2482.2276,2499.6145,-5.2921,-0.2117,179008347.59,206510764.456
932000.CSI,20230324,2502.1118,2496.0278,2502.1118,2490.2607,2494.3224,7.7894,0.3123,201222394.86,229296068.983
932000.CSI,20230327,2507.4981,2502.0043,2507.4981,2482.5592,2502.1118,5.3863,0.2153,209402833.01,240770487.725
932000.CSI,20230328,2481.2598,2505.9129,2505.9129,2479.368,2507.4981,-26.2383,-1.0464,187636079.78,219144787.775
932000.CSI,20230329,2471.653,2481.4339,2484.1499,2467.3042,2481.2598,-9.6068,-0.3872,173749925.71,205842086.275
932000.CSI,20230330,2454.4192,2471.0286,2471.0286,2440.1657,2471.653,-17.2338,-0.6973,167067965.17,193834421.576
932000.CSI,20230331,2486.7176,2455.7622,2486.7176,2455.7622,2454.4192,32.2984,1.3159,163244176.59,190690734.958
932000.CSI,20230403,2514.1235,2486.5335,2514.1235,2486.5335,2486.7176,27.4059,1.1021,196111925.38,235753468.019
932000.CSI,20230404,2482.187,2512.4007,2512.4007,2476.2171,2514.1235,-31.9365,-1.2703,204280772.61,246201293.775
932000.CSI,20230406,2476.5054,2471.9053,2476.5369,2465.5466,2482.187,-5.6816,-0.2289,181692636.61,223723919.676
932000.CSI,20230407,2503.8155,2478.628,2503.8155,2478.628,2476.5054,27.3101,1.1028,178212179.07,211161564.105
932000.CSI,20230410,2465.4227,2504.6164,2504.6164,2459.4041,2503.8155,-38.3928,-1.5334,206458959.64,239717085.126
932000.CSI,20230411,2473.8932,2464.7317,2474.152,2453.9451,2465.4227,8.4705,0.3436,171921171.81,199828257.625
932000.CSI,20230412,2502.6994,2476.4115,2502.6994,2476.4115,2473.8932,28.8062,1.1644,189244126.68,223660640.883
932000.CSI,20230413,2487.3647,2498.6077,2506.2119,2485.9045,2502.6994,-15.3347,-0.6127,201894890.73,240542209.456
932000.CSI,20230414,2491.9123,2489.9976,2499.6877,2468.1218,2487.3647,4.5476,0.1828,187968871.73,220722548.778
932000.CSI,20230417,2484.569,2488.0962,2489.7117,2476.0775,2491.9123,-7.3433,-0.2947,180946465.08,204956443.119
932000.CSI,20230418,2469.0059,2481.7211,2481.7211,2457.0005,2484.569,-15.5631,-0.6264,166161001.69,191396972.331
932000.CSI,20230419,2465.3913,2465.6066,2479.0706,2462.0312,2469.0059,-3.6146,-0.1464,171447734.26,204141164.55
932000.CSI,20230420,2459.3303,2459.9089,2459.9089,2436.7,2465.3913,-6.061,-0.2458,180659538.23,215772205.338
932000.CSI,20230421,2386.7547,2456.0354,2456.0354,2386.7547,2459.3303,-72.5756,-2.951,205076285.97,239173508.034
932000.CSI,20230424,2382.805,2383.4162,2396.9155,2366.182,2386.7547,-3.9497,-0.1655,176598313.47,203571289.421
932000.CSI,20230425,2331.2081,2378.5107,2378.5107,2300.634,2382.805,-51.5969,-2.1654,193753476.7,219353699.446
932000.CSI,20230426,2360.9546,2324.8887,2373.0898,2324.8887,2331.2081,29.7465,1.276,187542658.31,222726401.391
932000.CSI,20230427,2346.4396,2351.8346,2372.1151,2338.6367,2360.9546,-14.515,-0.6148,178463360.89,210842062.17
932000.CSI,20230428,2403.168,2341.2921,2403.168,2341.2921,2346.4396,56.7284,2.4176,199664144.16,219919002.333
932000.CSI,20230504,2423.336,2397.603,2423.336,2397.603,2403.168,20.168,0.8392,211986963.13,230633528.936
932000.CSI,20230505,2399.3903,2419.6652,2419.6652,2385.8547,2423.336,-23.9457,-0.9881,187813636.62,211720033.335
932000.CSI,20230508,2413.2851,2401.6065,2413.2851,2396.0766,2399.3903,13.8948,0.5791,188018895.38,212819411.411
932000.CSI,20230509,2369.2607,2407.7248,2407.7248,2369.2607,2413.2851,-44.0244,-1.8243,198668244.51,220476185.531
932000.CSI,20230510,2385.3641,2364.6845,2390.6741,2364.6845,2369.2607,16.1034,0.6797,172185943.42,198464662.168
932000.CSI,20230511,2401.586,2388.6656,2407.629,2386.1914,2385.3641,16.2219,0.6801,175510314.91,196846201.873
932000.CSI,20230512,2373.7623,2393.5824,2397.4696,2373.7623,2401.586,-27.8237,-1.1586,169327223.0,185464364.753
932000.CSI,20230515,2392.9389,2372.92,2392.9389,2355.088,2373.7623,19.1766,0.8079,174186591.47,195418887.331
932000.CSI,20230516,2372.0784,2391.1685,2391.1685,2366.247,2392.9389,-20.8605,-0.8718,175184188.56,199919476.266
932000.CSI,20230517,2399.8735,2363.01,2399.8735,2363.01,2372.0784,27.7951,1.1718,170250158.05,190748816.203
932000.CSI,20230518,2419.0519,2399.22,2419.9008,2399.22,2399.8735,19.1784,0.7991,183413410.67,207661570.71
932000.CSI,20230519,2417.4705,2414.0097,2426.2101,2399.1162,2419.0519,-1.5814,-0.0654,168046353.45,194055452.706
932000.CSI,20230522,2427.0807,2414.8109,2427.0807,2414.2435,2417.4705,9.6102,0.3975,171120080.63,191458906.159
932000.CSI,20230523,2400.0926,2424.9201,2424.9201,2400.0926,2427.0807,-26.9881,-1.112,161086388.09,186162170.031
932000.CSI,20230524,2406.1041,2391.8483,2420.2746,2391.8483,2400.0926,6.0115,0.2505,168530900.71,195370534.665
932000.CSI,20230525,2405.6445,2402.7485,2412.4308,2376.7241,2406.1041,-0.4596,-0.0191,186448912.72,215610557.004
932000.CSI,20230526,2424.05,2404.2277,2426.9365,2388.2006,2405.6445,18.4055,0.7651,183916488.6,213000443.486
932000.CSI,20230529,2415.9187,2426.7046,2427.9981,2414.5816,2424.05,-8.1313,-0.3354,182746137.85,216267063.812
932000.CSI,20230530,2433.3913,2410.6107,2433.3913,2403.2544,2415.9187,17.4726,0.7232,188445078.34,223991924.86
932000.CSI,20230531,2428.6212,2429.3936,2436.4065,2424.4082,2433.3913,-4.7701,-0.196,185433504.84,228236501.135
932000.CSI,20230601,2438.75,2420.8912,2453.3803,2417.3021,2428.6212,10.1288,0.4171,203254135.35,242802511.442
932000.CSI,20230602,2452.6537,2442.4808,2456.7205,2442.4808,2438.75,13.9037,0.5701,195672824.22,235049813.602
932000.CSI,20230605,2469.1055,2453.0895,2469.1055,2450.9365,2452.6537,16.4518,0.6708,184700621.43,217825106.744
932000.CSI,20230606,2416.3891,2464.5617,2464.5617,2414.8241,2469.1055,-52.7164,-2.135,207087295.26,242766967.054
932000.CSI,20230607,2434.4718,2415.0768,2434.8712,2415.0768,2416.3891,18.0827,0.7483,179659218.89,215988540.48
932000.CSI,20230608,2419.3161,2430.7662,2430.7662,2409.417,2434.4718,-15.1557,-0.6225,190420770.28,232231316.103
932000.CSI,20230609,2435.0374,2417.1337,2435.0374,2412.1761,2419.3161,15.7213,0.6498,195822084.2,234078554.666
932000.CSI,20230612,2456.0551,2433.4726,2460.5951,2427.9648,2435.0374,21.0177,0.8631,207883359.2,255936824.082
932000.CSI,20230613,2468.4621,2452.38,2468.7928,2452.38,2456.0551,12.407,0.5052,203418668.51,256570521.064
932000.CSI,20230614,2474.1855,2468.1629,2478.7832,2461.3003,2468.4621,5.7234,0.2319,215972335.35,272387450.354
932000.CSI,20230615,2480.4503,2472.0906,2482.2733,2468.229,2474.1855,6.2648,0.2532,220558825.49,280211411.816
932000.CSI,20230616,2504.0613,2478.8909,2505.79,2471.5834,2480.4503,23.611,0.9519,214911562.95,278629239.567
932000.CSI,20230619,2516.3338,2505.9305,2520.7422,2505.6191,2504.0613,12.2725,0.4901,219316641.75,300598169.97
932000.CSI,20230620,2508.2468,2513.4204,2517.7126,2501.1392,2516.3338,-8.087,-0.3214,217873866.77,297035526.06
932000.CSI,20230621,2463.2788,2505.069,2506.5198,2463.2788,2508.2468,-44.968,-1.7928,216287451.22,281115632.644
932000.CSI,20230626,2404.3994,2447.8997,2463.2449,2399.7892,2463.2788,-58.8794,-2.3903,210772618.37,259791285.275
932000.CSI,20230627,2450.7381,2404.1169,2450.7381,2404.1169,2404.3994,46.3387,1.9272,199470574.08,235093819.79
932000.CSI,20230628,2436.0925,2445.7195,2445.7195,2380.2362,2450.7381,-14.6456,-0.5976,209733977.11,252705902.304
932000.CSI,20230629,2467.6192,2431.5279,2476.2323,2431.0703,2436.0925,31.5267,1.2942,197691960.16,247205697.796
932000.CSI,20230630,2497.1526,2465.3664,2500.8933,2459.8063,2467.6192,29.5334,1.1968,210718082.18,260194565.15
932000.CSI,20230703,2497.8958,2502.8103,2513.0479,2482.278,2497.1526,0.7432,0.0298,222270823.33,271200147.04
932000.CSI,20230704,2514.2321,2495.5628,2514.2321,2491.3074,2497.8958,16.3363,0.654,204866708.4,252936065.653
932000.CSI,20230705,2493.7028,2510.3794,2518.134,2489.9944,2514.2321,-20.5293,-0.8165,196838298.38,242379585.18
932000.CSI,20230706,2495.6854,2488.8438,2506.2214,2480.6051,2493.7028,1.9826,0.0795,183456633.29,225651378.77
932000.CSI,20230707,2477.292,2489.6535,2492.9792,2466.3413,2495.6854,-18.3934,-0.737,186705254.65,228636818.172
932000.CSI,20230710,2472.4857,2483.0708,2487.4676,2465.8955,2477.292,-4.8063,-0.194,168360727.93,202641896.009
932000.CSI,20230711,2490.8247,2474.2918,2490.8247,2465.9129,2472.4857,18.339,0.7417,169138950.94,206790730.28
932000.CSI,20230712,2454.7614,2490.2573,2494.5836,2452.8635,2490.8247,-36.0633,-1.4478,204111622.96,250138844.599
932000.CSI,20230713,2479.3856,2457.4749,2480.8852,2457.2659,2454.7614,24.6242,1.0031,196018228.35,243586025.701
932000.CSI,20230714,2481.8374,2480.3603,2492.6762,2469.774,2479.3856,2.4518,0.0989,200221655.2,253055048.901
932000.CSI,20230717,2475.6519,2474.3025,2475.6519,2457.7876,2481.8374,-6.1855,-0.2492,180380303.07,220023918.975
932000.CSI,20230718,2471.494,2476.2771,2482.696,2459.8486,2475.6519,-4.1579,-0.168,181589168.48,219975580.591
932000.CSI,20230719,2465.8657,2469.9571,2481.1163,2453.3833,2471.494,-5.6283,-0.2277,168020442.06,201897321.188
932000.CSI,20230720,2430.7713,2466.9765,2467.8712,2427.9717,2465.8657,-35.0944,-1.4232,183700520.61,214986480.168
932000.CSI,20230721,2417.261,2425.6745,2440.4323,2410.2994,2430.7713,-13.5103,-0.5558,179928317.65,195449477.737
932000.CSI,20230724,2420.2864,2413.7255,2435.1236,2400.9897,2417.261,3.0254,0.1252,169277901.44,178298579.406
932000.CSI,20230725,2455.9053,2436.2974,2455.9053,2431.0946,2420.2864,35.6189,1.4717,196502598.06,208919296.176
932000.CSI,20230726,2433.666,2453.2524,2453.2524,2428.3574,2455.9053,-22.2393,-0.9055,204393839.81,203986627.839
932000.CSI,20230727,2414.1872,2433.0257,2444.4009,2411.5604,2433.666,-19.4788,-0.8004,198777124.54,192347548.012
932000.CSI,20230728,2422.4293,2409.0345,2425.1712,2392.9491,2414.1872,8.2421,0.3414,202054885.85,194872060.051
932000.CSI,20230731,2445.0665,2423.6728,2445.0665,2420.5929,2422.4293,22.6372,0.9345,231028734.14,214502127.33
932000.CSI,20230801,2437.4476,2443.5337,2443.5337,2424.9595,2445.0665,-7.6189,-0.3116,222268609.8,209288592.699
932000.CSI,20230802,2437.0407,2433.2335,2438.9293,2427.3806,2437.4476,-0.4069,-0.0167,210792326.75,193859139.88
932000.CSI,20230803,2431.1331,2427.9616,2434.8314,2421.0224,2437.0407,-5.9076,-0.2424,190109534.89,181628438.798
932000.CSI,20230804,2437.7583,2433.7754,2444.4422,2430.1889,2431.1331,6.6252,0.2725,211314126.98,208876842.829
932000.CSI,20230807,2427.8501,2435.1284,2438.5291,2421.7651,2437.7583,-9.9082,-0.4064,193621063.5,202597137.54
932000.CSI,20230808,2421.3753,2427.0574,2432.0768,2415.748,2427.8501,-6.4748,-0.2667,182197630.28,192797731.469
932000.CSI,20230809,2393.0662,2414.1809,2414.2833,2391.0458,2421.3753,-28.3091,-1.1691,169378504.68,179973227.355
932000.CSI,20230810,2397.5786,2390.7459,2401.3807,2386.5771,2393.0662,4.5124,0.1886,151123614.08,158283034.878
932000.CSI,20230811,2358.8836,2399.8326,2399.8326,2358.8836,2397.5786,-38.695,-1.6139,169680420.61,172123811.714
932000.CSI,20230814,2376.0487,2342.4958,2376.0487,2336.3099,2358.8836,17.1651,0.7277,162699705.24,169579487.415
932000.CSI,20230815,2356.5485,2376.4398,2379.2787,2340.3512,2376.0487,-19.5002,-0.8207,159715859.13,170776514.103
932000.CSI,20230816,2327.8442,2351.3815,2353.0376,2327.8442,2356.5485,-28.7043,-1.2181,157226970.44,169494528.941
932000.CSI,20230817,2363.4885,2321.7779,2363.8723,2307.4594,2327.8442,35.6443,1.5312,171088248.08,180004146.61
932000.CSI,20230818,2322.2472,2361.3564,2371.0776,2322.2472,2363.4885,-41.2413,-1.7449,175148429.43,183693504.37
932000.CSI,20230821,2311.5571,2319.6304,2343.9621,2311.4968,2322.2472,-10.6901,-0.4603,155008493.89,163661348.666
932000.CSI,20230822,2328.5342,2321.3851,2333.7562,2280.1785,2311.5571,16.9771,0.7344,181505605.3,197024766.68
932000.CSI,20230823,2289.6446,2322.9252,2322.9252,2289.6446,2328.5342,-38.8896,-1.6701,168471547.58,187144814.961
932000.CSI,20230824,2290.2478,2294.3701,2310.6815,2268.1917,2289.6446,0.6032,0.0263,181306136.98,199047437.01
932000.CSI,20230825,2237.1907,2278.7467,2287.4805,2228.9837,2290.2478,-53.0571,-2.3167,197357019.97,201688884.14
932000.CSI,20230828,2256.5221,2353.8576,2354.0891,2250.7518,2237.1907,19.3314,0.8641,248015429.0,242094260.821
932000.CSI,20230829,2341.123,2250.5929,2341.1577,2249.6089,2256.5221,84.6009,3.7492,235307019.91,247502627.219
932000.CSI,20230830,2362.7771,2341.8748,2372.5174,2341.7064,2341.123,21.6541,0.9249,226004750.83,251984129.76
932000.CSI,20230831,2349.2547,2357.2893,2357.2893,2343.0519,2362.7771,-13.5224,-0.5723,194039406.97,214326665.928
932000.CSI,20230901,2347.6441,2351.6176,2358.7945,2339.2605,2349.2547,-1.6106,-0.0686,182250019.96,196766468.69
932000.CSI,20230904,2379.497,2353.5513,2379.497,2348.5905,2347.6441,31.8529,1.3568,201538056.87,207578785.521
932000.CSI,20230905,2369.798,2374.3614,2379.3446,2362.4593,2379.497,-9.699,-0.4076,191795845.04,210490297.056
932000.CSI,20230906,2384.7728,2362.2473,2385.6723,2352.9911,2369.798,14.9748,0.6319,189142376.72,208223019.553
932000.CSI,20230907,2343.3125,2380.0943,2380.2392,2343.3125,2384.7728,-41.4603,-1.7385,190422586.99,211474946.195
932000.CSI,20230908,2351.0415,2336.9731,2359.0914,2331.7651,2343.3125,7.729,0.3298,171265055.99,194672064.365
932000.CSI,20230911,2375.7077,2351.9425,2381.8113,2336.8905,2351.0415,24.6662,1.0492,187905722.59,218256153.738
932000.CSI,20230912,2375.7096,2372.8803,2383.7686,2367.2512,2375.7077,0.0019,0.0001,177440556.08,206047465.015
932000.CSI,20230913,2345.2191,2369.9961,2370.8447,2326.1181,2375.7096,-30.4905,-1.2834,189191522.02,206402249.071
932000.CSI,20230914,2323.904,2342.4767,2342.894,2311.3971,2345.2191,-21.3151,-0.9089,175623882.04,183680959.843
932000.CSI,20230915,2327.3627,2328.0578,2342.3807,2317.3382,2323.904,3.4587,0.1488,174048642.33,182436267.229
932000.CSI,20230918,2341.3401,2321.1059,2348.6054,2308.8327,2327.3627,13.9774,0.6006,177391486.24,188541102.414
932000.CSI,20230919,2311.2522,2336.3809,2336.3888,2306.7313,2341.3401,-30.0879,-1.2851,168956356.05,174704301.218
932000.CSI,20230920,2291.2544,2305.1361,2316.4859,2291.1967,2311.2522,-19.9978,-0.8652,151606749.98,155758959.387
932000.CSI,20230921,2276.1291,2286.1964,2300.0699,2271.5294,2291.2544,-15.1253,-0.6601,146950916.62,148256248.059
932000.CSI,20230922,2326.013,2271.766,2326.013,2266.1597,2276.1291,49.8839,2.1916,172557505.94,187601380.496
932000.CSI,20230925,2320.3177,2325.6227,2333.8442,2313.5453,2326.013,-5.6953,-0.2449,167219929.29,187308311.762
932000.CSI,20230926,2313.5247,2315.1235,2327.4991,2307.6976,2320.3177,-6.793,-0.2928,162309085.13,190600429.659
932000.CSI,20230927,2322.8941,2310.6309,2337.5657,2303.8137,2313.5247,9.3694,0.405,170651943.33,193605323.769
932000.CSI,20230928,2354.1718,2328.59,2357.4574,2328.59,2322.8941,31.2777,1.3465,171904828.34,194081891.998
932000.CSI,20231009,2347.0921,2353.2523,2353.8649,2336.756,2354.1718,-7.0797,-0.3007,187699867.81,207503191.543
932000.CSI,20231010,2347.5181,2352.7387,2361.6271,2344.7949,2347.0921,0.426,0.0182,192554285.74,220849593.244
932000.CSI,20231011,2355.6589,2349.6119,2363.4166,2336.638,2347.5181,8.1408,0.3468,200106442.54,233015901.107
932000.CSI,20231012,2366.3147,2361.4441,2366.3147,2350.2628,2355.6589,10.6558,0.4523,188568041.48,217214872.039
932000.CSI,20231013,2354.9898,2357.8046,2362.129,2350.0717,2366.3147,-11.3249,-0.4786,193746650.13,222661973.267
932000.CSI,20231016,2341.6275,2356.8837,2357.7897,2329.2579,2354.9898,-13.3623,-0.5674,201524864.17,225310605.467
932000.CSI,20231017,2334.6514,2339.4466,2340.455,2318.993,2341.6275,-6.9761,-0.2979,182522125.72,204237679.076
932000.CSI,20231018,2289.8274,2324.9959,2324.9959,2289.1085,2334.6514,-44.824,-1.9199,188520410.57,206422406.723
932000.CSI,20231019,2268.0419,2280.152,2307.1569,2267.5888,2289.8274,-21.7855,-0.9514,187750429.19,202774903.206
932000.CSI,20231020,2237.7028,2257.4026,2275.9548,2235.3714,2268.0419,-30.3391,-1.3377,176450568.53,183928328.153
932000.CSI,20231023,2183.4598,2229.5274,2229.6122,2173.9791,2237.7028,-54.243,-2.424,183733146.93,182702160.892
932000.CSI,20231024,2240.336,2191.2734,2241.8017,2185.8371,2183.4598,56.8762,2.6049,195934079.93,203619556.912
932000.CSI,20231025,2280.0128,2251.078,2283.1359,2250.8407,2240.336,39.6768,1.771,214743563.19,221666420.596
932000.CSI,20231026,2291.1288,2267.5321,2292.11,2256.3974,2280.0128,11.116,0.4875,218781069.96,236785827.569
932000.CSI,20231027,2317.3683,2284.2519,2324.1289,2274.928,2291.1288,26.2395,1.1453,241190374.11,260977466.392
932000.CSI,20231030,2350.8481,2309.46,2353.6838,2309.46,2317.3683,33.4798,1.4447,248370700.08,267665756.839
932000.CSI,20231031,2336.7277,2350.0303,2356.0881,2323.8298,2350.8481,-14.1204,-0.6007,236650450.58,253966179.434
932000.CSI,20231101,2343.4479,2335.6043,2350.3223,2329.8048,2336.7277,6.7202,0.2876,208440386.83,217654284.893
932000.CSI,20231102,2317.0916,2342.9711,2353.3268,2316.9892,2343.4479,-26.3563,-1.1247,212539642.34,227065189.018
932000.CSI,20231103,2347.3122,2320.9841,2351.5634,2320.9841,2317.0916,30.2206,1.3042,208551781.71,229350335.877
932000.CSI,20231106,2403.937,2358.6197,2403.937,2358.6197,2347.3122,56.6248,2.4123,250508040.48,281180841.529
932000.CSI,20231107,2427.0914,2402.3149,2431.2091,2393.7044,2403.937,23.1544,0.9632,257815460.04,297255811.218
932000.CSI,20231108,2439.0256,2426.9574,2446.4168,2422.1463,2427.0914,11.9342,0.4917,268756862.41,315891252.082
932000.CSI,20231109,2418.9132,2437.4635,2447.672,2412.2942,2439.0256,-20.1124,-0.8246,249992797.78,297562145.422
932000.CSI,20231110,2412.524,2407.4924,2418.5878,2395.1422,2418.9132,-6.3892,-0.2641,211943256.19,246065734.589
932000.CSI,20231113,2442.6052,2419.9559,2442.6052,2419.6206,2412.524,30.0812,1.2469,225564897.83,261470622.395
932000.CSI,20231114,2462.2259,2440.8154,2462.2259,2434.7292,2442.6052,19.6207,0.8033,232289130.87,272554312.264
932000.CSI,20231115,2478.2475,2476.11,2481.6321,2462.1062,2462.2259,16.0216,0.6507,242696052.35,294059267.288
932000.CSI,20231116,2464.7651,2471.6241,2481.2688,2464.4322,2478.2475,-13.4824,-0.544,233475191.14,277262787.104
932000.CSI,20231117,2489.4081,2459.6284,2489.4081,2458.3908,2464.7651,24.643,0.9998,233043656.01,276408786.591
932000.CSI,20231120,2515.5039,2492.3658,2515.5039,2488.8427,2489.4081,26.0958,1.0483,248207912.7,296998347.357
932000.CSI,20231121,2498.3745,2517.3379,2521.1303,2492.3302,2515.5039,-17.1294,-0.681,280003274.67,322532316.537
932000.CSI,20231122,2472.203,2490.3798,2503.1987,2472.203,2498.3745,-26.1715,-1.0475,255422571.82,294057651.219
932000.CSI,20231123,2493.7617,2468.5739,2495.6148,2462.0335,2472.203,21.5587,0.872,236613059.29,271202507.399
932000.CSI,20231124,2462.2967,2493.5103,2493.7846,2454.9872,2493.7617,-31.465,-1.2617,244051169.74,269370446.704
932000.CSI,20231127,2464.1203,2457.5566,2471.9948,2448.6021,2462.2967,1.8236,0.0741,233574704.71,259030213.521
932000.CSI,20231128,2481.7317,2459.7405,2481.7317,2451.7321,2464.1203,17.6114,0.7147,214485816.8,244895953.612
932000.CSI,20231129,2468.8651,2480.4842,2487.6583,2465.357,2481.7317,-12.8666,-0.5185,212160555.3,241524024.305
932000.CSI,20231130,2453.679,2464.8979,2470.6371,2429.8897,2468.8651,-15.1861,-0.6151,218330138.47,247067781.951
932000.CSI,20231201,2477.4616,2451.9705,2481.9682,2444.5489,2453.679,23.7826,0.9693,223414436.14,257738222.745
932000.CSI,20231204,2481.3509,2478.3926,2491.5607,2475.749,2477.4616,3.8893,0.157,224076434.7,261428693.684
932000.CSI,20231205,2434.551,2477.5149,2477.5149,2434.551,2481.3509,-46.7999,-1.8861,224455736.99,257040734.47
932000.CSI,20231206,2446.7522,2428.9019,2463.5193,2426.6353,2434.551,12.2012,0.5012,222772904.05,252307809.482
932000.CSI,20231207,2439.3611,2444.3991,2449.7796,2432.3666,2446.7522,-7.3911,-0.3021,219294036.72,248465965.257
932000.CSI,20231208,2414.5082,2437.6155,2447.6791,2413.2812,2439.3611,-24.8529,-1.0188,237381409.88,263658790.197
932000.CSI,20231211,2440.345,2404.6301,2440.345,2390.5757,2414.5082,25.8368,1.0701,228490691.73,245912268.608
932000.CSI,20231212,2453.2903,2441.3853,2453.3284,2438.003,2440.345,12.9453,0.5305,220419446.85,239692613.23
932000.CSI,20231213,2443.0153,2450.7975,2466.3169,2443.0153,2453.2903,-10.275,-0.4188,229664796.52,244924761.751
932000.CSI,20231214,2433.7211,2448.4111,2460.0983,2432.231,2443.0153,-9.2942,-0.3804,232437832.68,239534067.439
932000.CSI,20231215,2420.8127,2435.7527,2442.1316,2414.067,2433.7211,-12.9084,-0.5304,221535641.84,221816760.97
932000.CSI,20231218,2386.563,2416.2611,2419.5218,2381.7595,2420.8127,-34.2497,-1.4148,221825980.81,216251512.775
932000.CSI,20231219,2392.431,2384.4906,2396.3735,2373.5187,2386.563,5.868,0.2459,199672305.92,200984260.823
932000.CSI,20231220,2362.9807,2395.1002,2399.841,2362.9807,2392.431,-29.4503,-1.231,189617464.48,198649531.483
932000.CSI,20231221,2380.2369,2353.1485,2384.4154,2321.2204,2362.9807,17.2562,0.7303,204081856.29,209554476.203
932000.CSI,20231222,2337.2158,2380.9211,2380.9211,2328.4777,2380.2369,-43.0211,-1.8074,216496291.07,224946231.087
932000.CSI,20231225,2331.3193,2333.1508,2339.5616,2310.8138,2337.2158,-5.8965,-0.2523,179752184.72,184443124.596
932000.CSI,20231226,2295.9741,2330.4483,2330.4483,2289.982,2331.3193,-35.3452,-1.5161,180428225.17,191167764.907
932000.CSI,20231227,2315.079,2297.1613,2318.5108,2285.81,2295.9741,19.1049,0.8321,179810649.01,190812933.113
932000.CSI,20231228,2353.9252,2311.1992,2361.9152,2294.0147,2315.079,38.8462,1.678,217166136.86,227402345.958
932000.CSI,20231229,2399.4713,2351.6999,2399.4713,2351.5501,2353.9252,45.5461,1.9349,216327768.5,237406524.942
932000.CSI,20240102,2402.0326,2402.2308,2413.3005,2395.2289,2399.4713,2.5613,0.1067,224661805.58,232819369.865
932000.CSI,20240103,2389.2105,2395.5192,2404.1065,2371.2919,2402.0326,-12.8221,-0.5338,219521364.73,227450898.173
932000.CSI,20240104,2382.002,2385.663,2385.9093,2371.611,2389.2105,-7.2085,-0.3017,192773672.02,199449462.874
932000.CSI,20240105,2334.8712,2381.7292,2389.5819,2324.1051,2382.002,-47.1308,-1.9786,207748030.99,213069554.84
932000.CSI,20240108,2290.7877,2330.6756,2331.6019,2290.7551,2334.8712,-44.0835,-1.888,179661544.46,180742823.637
932000.CSI,20240109,2304.9614,2294.1928,2327.1992,2286.3519,2290.7877,14.1737,0.6187,199342741.14,192141160.936
932000.CSI,20240110,2274.5877,2298.9561,2306.2932,2260.0229,2304.9614,-30.3737,-1.3178,199046058.36,188898603.281
932000.CSI,20240111,2319.4355,2271.6325,2323.9619,2271.1522,2274.5877,44.8478,1.9717,198938142.09,189762024.259
932000.CSI,20240112,2296.5117,2317.6361,2330.9809,2295.7372,2319.4355,-22.9238,-0.9883,205190352.22,195422582.887
932000.CSI,20240115,2293.2814,2288.8285,2307.1968,2275.8407,2296.5117,-3.2303,-0.1407,182843493.91,174342747.126
932000.CSI,20240116,2280.908,2293.6622,2293.7623,2247.3847,2293.2814,-12.3734,-0.5396,210761597.95,196191559.685
932000.CSI,20240117,2222.0526,2277.508,2277.508,2222.0526,2280.908,-58.8554,-2.5803,190238815.36,175368071.781
932000.CSI,20240118,2205.2035,2207.9612,2215.0645,2142.8843,2222.0526,-16.8491,-0.7583,246522098.79,220196131.849
932000.CSI,20240119,2172.8171,2204.2061,2212.0995,2172.8171,2205.2035,-32.3864,-1.4686,184135627.81,173931207.132
932000.CSI,20240122,2038.4442,2168.3085,2168.3085,2023.0871,2172.8171,-134.3729,-6.1843,231149629.86,204143872.694
932000.CSI,20240123,2043.5743,2030.4209,2051.7274,1999.0374,2038.4442,5.1301,0.2517,204796892.89,176231889.136
932000.CSI,20240124,2072.8815,2051.2768,2074.7964,1996.7383,2043.5743,29.3072,1.4341,222593386.03,191005201.725
932000.CSI,20240125,2150.062,2074.783,2150.5417,2061.8505,2072.8815,77.1805,3.7233,237766455.3,212456634.663
932000.CSI,20240126,2142.1546,2148.5495,2179.2325,2135.4583,2150.062,-7.9074,-0.3678,226845957.72,199640834.052
932000.CSI,20240129,2067.4438,2144.6946,2150.8288,2066.6446,2142.1546,-74.7108,-3.4876,217356034.54,189729082.408
932000.CSI,20240130,2001.5681,2052.7296,2070.3583,1999.0148,2067.4438,-65.8757,-3.1863,186250141.78,155732609.5
932000.CSI,20240131,1896.3595,1987.379,1996.2374,1891.1581,2001.5681,-105.2086,-5.2563,234939108.93,182779346.138
932000.CSI,20240201,1866.0115,1883.9621,1907.4672,1832.5754,1896.3595,-30.348,-1.6003,217488225.61,167252331.618
932000.CSI,20240202,1782.6035,1867.5597,1897.533,1721.6952,1866.0115,-83.408,-4.4699,253758791.75,188682574.09
932000.CSI,20240205,1613.3985,1762.3382,1762.3382,1590.2869,1782.6035,-169.205,-9.492,277084928.52,183742353.42
932000.CSI,20240206,1645.9643,1566.0967,1691.9785,1503.4383,1613.3985,32.5658,2.0185,315233521.66,199100553.476
932000.CSI,20240207,1599.8187,1649.2575,1668.6147,1578.2659,1645.9643,-46.1456,-2.8036,307995747.16,200298192.07
932000.CSI,20240208,1739.8701,1603.4554,1740.1536,1586.2401,1599.8187,140.0514,8.7542,328150426.16,216364266.101
932000.CSI,20240219,1815.9881,1766.6296,1826.0786,1766.6296,1739.8701,76.118,4.3749,285787364.4,208323469.506
932000.CSI,20240220,1842.3996,1812.5606,1845.2501,1786.8267,1815.9881,26.4115,1.4544,226045791.92,179155251.91
932000.CSI,20240221,1868.2242,1824.8772,1912.7549,1814.9273,1842.3996,25.8246,1.4017,275320474.64,221516904.191
932000.CSI,20240222,1915.9244,1867.2347,1915.9244,1867.2347,1868.2242,47.7002,2.5532,240834965.76,202321765.704
932000.CSI,20240223,1977.894,1924.8604,1978.1194,1915.3832,1915.9244,61.9696,3.2344,272729893.48,236893053.545
932000.CSI,20240226,2012.4184,1988.5682,2043.6886,1976.5043,1977.894,34.5244,1.7455,298036531.52,267549594.825
932000.CSI,20240227,2071.7505,2004.2277,2071.7505,1991.9587,2012.4184,59.3321,2.9483,271010736.67,256054407.875
932000.CSI,20240228,1930.0819,2077.0107,2106.3817,1930.0398,2071.7505,-141.6686,-6.8381,407232603.61,361099900.476
932000.CSI,20240229,2009.6558,1907.2768,2009.6558,1907.2768,1930.0819,79.5739,4.1228,288321799.92,257711443.889
932000.CSI,20240301,2040.4186,2016.5748,2042.8834,2003.8394,2009.6558,30.7628,1.5307,267582993.51,257403396.883
932000.CSI,20240304,2056.2448,2046.2175,2056.3391,2004.9952,2040.4186,15.8262,0.7756,271052240.53,263900991.957
932000.CSI,20240305,2022.0648,2041.1437,2049.7451,2014.9122,2056.2448,-34.18,-1.6623,258614059.88,257856934.221
932000.CSI,20240306,2046.524,2012.7315,2060.1159,2011.7116,2022.0648,24.4592,1.2096,244058624.93,240746835.387
932000.CSI,20240307,2026.8372,2052.7097,2069.6922,2021.9736,2046.524,-19.6868,-0.962,270324820.87,259562959.034
932000.CSI,20240308,2053.0914,2026.437,2055.5794,2017.2004,2026.8372,26.2542,1.2953,228305876.44,222162889.68
932000.CSI,20240311,2094.2451,2048.7728,2094.2451,2048.7728,2053.0914,41.1537,2.0045,246282195.07,237615670.41
932000.CSI,20240312,2121.1556,2098.6043,2121.1556,2085.6064,2094.2451,26.9105,1.285,292335354.26,275037356.864
932000.CSI,20240313,2129.5769,2120.6206,2145.3786,2111.1392,2121.1556,8.4213,0.397,271775227.33,274485873.934
932000.CSI,20240314,2114.5547,2126.4008,2137.1872,2085.2148,2129.5769,-15.0222,-0.7054,266277374.31,260036139.003
932000.CSI,20240315,2144.1939,2107.1035,2144.1939,2101.3883,2114.5547,29.6392,1.4017,242405940.34,237071377.616
932000.CSI,20240318,2190.6543,2150.7431,2190.6543,2150.7431,2144.1939,46.4604,2.1668,282899308.35,286296171.63
932000.CSI,20240319,2185.5509,2185.6742,2203.067,2182.678,2190.6543,-5.1034,-0.233,278268929.79,291808881.59
932000.CSI,20240320,2213.4882,2182.1346,2213.4882,2182.1346,2185.5509,27.9373,1.2783,264261155.28,272666354.966
932000.CSI,20240321,2219.3974,2217.2643,2226.2523,2195.7314,2213.4882,5.9092,0.267,296361687.91,299927942.827
932000.CSI,20240322,2193.6452,2212.5795,2214.8276,2170.3059,2219.3974,-25.7522,-1.1603,299661357.96,297752864.065
932000.CSI,20240325,2132.3695,2185.5484,2194.5351,2132.2654,2193.6452,-61.2757,-2.7933,280706978.85,280080758.905
932000.CSI,20240326,2128.5104,2126.0712,2147.955,2093.8624,2132.3695,-3.8591,-0.181,254606076.78,252724809.093
932000.CSI,20240327,2051.6333,2122.7509,2124.492,2051.6333,2128.5104,-76.8771,-3.6118,245797636.46,230842423.208
932000.CSI,20240328,2106.8782,2046.7642,2126.0067,2046.7642,2051.6333,55.2449,2.6927,250052077.96,238994435.706
932000.CSI,20240329,2134.4243,2107.4144,2134.4243,2097.1952,2106.8782,27.5461,1.3074,237477514.98,226887872.165
932000.CSI,20240401,2178.2487,2139.7229,2178.2487,2139.7229,2134.4243,43.8244,2.0532,251673811.93,243222128.702
932000.CSI,20240402,2168.6505,2177.6937,2178.5446,2153.981,2178.2487,-9.5982,-0.4406,267240333.74,251129015.192
932000.CSI,20240403,2145.2129,2162.4281,2162.6532,2123.8708,2168.6505,-23.4376,-1.0807,249693685.18,230183091.657
932000.CSI,20240408,2096.9979,2137.305,2137.3755,2096.9979,2145.2129,-48.215,-2.2476,245198873.02,216051912.121
932000.CSI,20240409,2125.5686,2093.6178,2125.5686,2090.1844,2096.9979,28.5707,1.3625,221201265.79,201342267.279
932000.CSI,20240410,2075.8778,2120.0576,2120.4298,2055.1546,2125.5686,-49.6908,-2.3378,243219650.04,219505955.279
932000.CSI,20240411,2080.5543,2060.3558,2103.1919,2052.9988,2075.8778,4.6765,0.2253,217809546.45,199881159.58
932000.CSI,20240412,2065.6196,2078.7859,2093.1948,2062.1493,2080.5543,-14.9347,-0.7178,220716878.37,197973357.748
932000.CSI,20240415,1981.5267,2053.2222,2066.0261,1953.5885,2065.6196,-84.0929,-4.0711,288777584.88,236645579.236
932000.CSI,20240416,1839.685,1961.0684,1961.0684,1839.33,1981.5267,-141.8417,-7.1582,279617704.89,219176623.893
932000.CSI,20240417,1962.1269,1859.0047,1962.1269,1859.0047,1839.685,122.4419,6.6556,257779286.12,212748850.432
932000.CSI,20240418,1959.197,1961.1371,1985.3724,1938.5237,1962.1269,-2.9299,-0.1493,237523929.18,209586762.508
932000.CSI,20240419,1951.2554,1949.5797,1973.0786,1934.882,1959.197,-7.9416,-0.4053,218758282.68,193067950.821
932000.CSI,20240422,1935.5598,1938.2751,1954.2163,1902.3114,1951.2554,-15.6956,-0.8044,202095424.84,178169732.621
932000.CSI,20240423,1949.5343,1935.5231,1959.9279,1934.8934,1935.5598,13.9745,0.722,188952388.93,173851509.931
932000.CSI,20240424,1993.6897,1950.1371,1993.6897,1950.1371,1949.5343,44.1554,2.2649,203157572.05,191263798.625
932000.CSI,20240425,1998.7834,1986.4473,2011.95,1982.4644,1993.6897,5.0937,0.2555,208019206.37,196116427.834
932000.CSI,20240426,2029.4152,1994.6527,2036.0355,1989.7998,1998.7834,30.6318,1.5325,248547735.89,235582862.249
932000.CSI,20240429,2084.3347,2032.5597,2084.3347,2032.5597,2029.4152,54.9195,2.7062,272317240.45,252702298.389
932000.CSI,20240430,2071.938,2083.9254,2089.5926,2056.5793,2084.3347,-12.3967,-0.5948,258738487.91,233819018.686
932000.CSI,20240506,2114.3754,2093.1871,2114.3754,2093.1871,2071.938,42.4374,2.0482,254758724.06,234824095.074
932000.CSI,20240507,2128.0291,2114.4203,2128.0291,2107.2272,2114.3754,13.6537,0.6458,243578223.1,230203037.776
932000.CSI,20240508,2099.7467,2120.4727,2120.5798,2096.9395,2128.0291,-28.2824,-1.329,236347703.73,219982932.725
932000.CSI,20240509,2124.2132,2097.9509,2129.174,2097.9509,2099.7467,24.4665,1.1652,234918590.13,214142717.303
932000.CSI,20240510,2100.3242,2125.1068,2128.6547,2096.7644,2124.2132,-23.889,-1.1246,256061676.07,229064331.187
932000.CSI,20240513,2064.3269,2085.3284,2085.3284,2058.1019,2100.3242,-35.9973,-1.7139,242024384.06,216998384.683
932000.CSI,20240514,2081.7678,2064.78,2086.2202,2064.78,2064.3269,17.4409,0.8449,213553563.3,198982784.395
932000.CSI,20240515,2063.9738,2075.9407,2084.3732,2061.4687,2081.7678,-17.794,-0.8548,209029072.85,188487575.499
932000.CSI,20240516,2073.0286,2066.1178,2086.0883,2066.1178,2063.9738,9.0548,0.4387,228931717.15,197038554.387
932000.CSI,20240517,2095.0435,2072.0644,2095.0435,2063.3586,2073.0286,22.0149,1.062,243169216.13,206947062.679
932000.CSI,20240520,2105.1708,2094.6139,2107.0713,2089.3009,2095.0435,10.1273,0.4834,260304467.42,225779703.995
932000.CSI,20240521,2084.2381,2099.1203,2099.6259,2077.1422,2105.1708,-20.9327,-0.9943,222908886.94,198373311.428
932000.CSI,20240522,2092.4375,2082.0101,2098.8297,2080.0722,2084.2381,8.1994,0.3934,222378701.58,200627728.046
932000.CSI,20240523,2046.8046,2084.0376,2084.0376,2042.3607,2092.4375,-45.6329,-2.1808,229863658.09,209494855.93
932000.CSI,20240524,2026.0267,2042.6469,2058.0297,2026.0238,2046.8046,-20.7779,-1.0151,203787572.46,196681318.923
932000.CSI,20240527,2037.4706,2026.6562,2037.6356,1998.2227,2026.0267,11.4439,0.5648,206312042.83,191728820.837
932000.CSI,20240528,2020.4594,2030.674,2040.9327,2017.8424,2037.4706,-17.0112,-0.8349,208363369.04,190216848.867
932000.CSI,20240529,2023.7956,2014.2814,2034.6393,2012.6116,2020.4594,3.3362,0.1651,203346203.69,185683500.59
932000.CSI,20240530,2008.7785,2015.9314,2026.8983,2003.9435,2023.7956,-15.0171,-0.742,204623275.01,183866201.389
932000.CSI,20240531,2026.2937,2008.0543,2032.6737,2008.0543,2008.7785,17.5152,0.8719,195124457.2,185513601.55
932000.CSI,20240603,1987.7733,2024.2833,2024.5047,1971.8789,2026.2937,-38.5204,-1.901,222499479.15,199734653.128
932000.CSI,20240604,1968.0625,1977.3078,1977.3078,1943.3823,1987.7733,-19.7108,-0.9916,209949865.46,185531317.712
932000.CSI,20240605,1924.9629,1959.2352,1960.6671,1924.9595,1968.0625,-43.0996,-2.19,194856162.94,164359936.381
932000.CSI,20240606,1849.4929,1924.0979,1934.6843,1838.5545,1924.9629,-75.47,-3.9206,261553051.4,206096580.644
932000.CSI,20240607,1883.2856,1865.282,1890.2479,1852.9959,1849.4929,33.7927,1.8271,199724618.25,159799015.973
932000.CSI,20240611,1897.947,1874.6622,1898.6442,1847.3862,1883.2856,14.6614,0.7785,167773924.04,143301507.328
932000.CSI,20240612,1927.9266,1895.6107,1929.9192,1894.7031,1897.947,29.9796,1.5796,171246524.31,156668783.846
932000.CSI,20240613,1918.714,1927.4869,1933.834,1914.5764,1927.9266,-9.2126,-0.4779,181353226.58,167455508.756
932000.CSI,20240614,1922.2296,1913.8304,1924.8535,1898.0329,1918.714,3.5156,0.1832,173910320.15,158193432.567
932000.CSI,20240617,1913.9081,1912.7132,1923.6995,1907.2479,1922.2296,-8.3215,-0.4329,157483752.98,150140398.552
932000.CSI,20240618,1943.0244,1913.5052,1943.0244,1909.7798,1913.9081,29.1163,1.5213,175129255.42,166882230.154
932000.CSI,20240619,1932.2596,1944.0933,1950.5647,1927.6726,1943.0244,-10.7648,-0.554,177311575.58,170793950.641
932000.CSI,20240620,1887.0701,1926.5853,1934.4642,1886.3329,1932.2596,-45.1895,-2.3387,189924615.5,174124599.248
932000.CSI,20240621,1884.904,1878.6776,1897.4142,1862.359,1887.0701,-2.1661,-0.1148,153375651.97,139366895.891
932000.CSI,20240624,1809.2038,1870.4201,1870.4201,1807.7731,1884.904,-75.7002,-4.0161,188557849.13,157279946.937
932000.CSI,20240625,1810.9475,1809.6108,1829.1637,1797.0187,1809.2038,1.7437,0.0964,172498878.8,144048439.656
932000.CSI,20240626,1865.1312,1805.4046,1865.1312,1791.586,1810.9475,54.1837,2.992,180912424.75,150312991.382
932000.CSI,20240627,1827.1356,1858.2978,1867.5691,1827.1356,1865.1312,-37.9956,-2.0372,169052725.88,148788713.132
932000.CSI,20240628,1840.8442,1822.048,1864.0043,1819.6264,1827.1356,13.7086,0.7503,177872966.86,157099186.299
932000.CSI,20240701,1855.3525,1839.1177,1856.4168,1821.4236,1840.8442,14.5083,0.7881,171903520.28,147489836.814
932000.CSI,20240702,1857.0284,1854.3872,1868.8878,1850.5262,1855.3525,1.6759,0.0903,179683780.28,146120439.812
932000.CSI,20240703,1834.8683,1854.7679,1856.4913,1833.6456,1857.0284,-22.1601,-1.1933,169324387.59,135529214.345
932000.CSI,20240704,1784.4043,1834.541,1839.2576,1781.3563,1834.8683,-50.464,-2.7503,178149147.35,135296304.437
932000.CSI,20240705,1803.2755,1779.6577,1809.6528,1756.4229,1784.4043,18.8712,1.0576,154015323.06,119362582.604
932000.CSI,20240708,1751.6118,1797.1858,1797.1858,1747.4658,1803.2755,-51.6637,-2.865,157497036.49,118835174.185
932000.CSI,20240709,1787.4421,1749.3857,1787.4421,1721.3646,1751.6118,35.8303,2.0456,188635387.26,149946644.957
932000.CSI,20240710,1773.5562,1778.7402,1793.6731,1770.4213,1787.4421,-13.8859,-0.7769,173075029.84,140702874.598
932000.CSI,20240711,1833.2207,1800.7609,1833.2207,1797.3452,1773.5562,59.6645,3.3641,206226315.68,166637879.043
932000.CSI,20240712,1823.8549,1829.9825,1838.2269,1817.7549,1833.2207,-9.3658,-0.5109,183430200.02,147279610.195
932000.CSI,20240715,1792.4433,1819.1191,1819.1191,1788.3024,1823.8549,-31.4116,-1.7223,160861947.83,130951184.03
932000.CSI,20240716,1794.256,1788.5131,1796.5719,1774.34,1792.4433,1.8127,0.1011,149017510.79,125723208.537
932000.CSI,20240717,1763.2776,1791.6842,1794.3412,1763.2772,1794.256,-30.9784,-1.7265,159555248.76,130358000.705
932000.CSI,20240718,1760.2742,1750.035,1763.527,1721.7265,1763.2776,-3.0034,-0.1703,160076468.72,132122412.405
932000.CSI,20240719,1770.1602,1752.9762,1780.269,1748.6622,1760.2742,9.886,0.5616,148344096.83,127900109.202
932000.CSI,20240722,1780.25,1769.1397,1784.0634,1765.3469,1770.1602,10.0898,0.57,145953752.93,122493504.463
932000.CSI,20240723,1745.6419,1780.6263,1787.6309,1745.4863,1780.25,-34.6081,-1.944,163371423.09,134919442.52
932000.CSI,20240724,1715.8815,1738.5215,1751.2417,1714.3571,1745.6419,-29.7604,-1.7048,165341603.72,135606957.019
932000.CSI,20240725,1722.8758,1705.9519,1740.0725,1697.6169,1715.8815,6.9943,0.4076,145662286.72,120110691.117
932000.CSI,20240726,1755.5554,1725.5529,1755.5554,1725.5529,1722.8758,32.6796,1.8968,161455328.85,132316010.145
932000.CSI,20240729,1763.7276,1759.0,1770.4136,1746.6517,1755.5554,8.1722,0.4655,159183613.68,131718620.772
932000.CSI,20240730,1776.2671,1760.3117,1780.2531,1753.4833,1763.7276,12.5395,0.711,171960405.33,144694433.234
932000.CSI,20240731,1837.7854,1775.9459,1837.7854,1774.5382,1776.2671,61.5183,3.4633,243685818.11,208437625.977
932000.CSI,20240801,1843.561,1838.9877,1850.2014,1833.8482,1837.7854,5.7756,0.3143,223300227.9,195446721.418
932000.CSI,20240802,1818.9,1829.5589,1849.8588,1817.7896,1843.561,-24.661,-1.3377,220231326.55,190727933.202
932000.CSI,20240805,1767.8627,1806.5129,1831.8759,1767.8627,1818.9,-51.0373,-2.8059,233399342.49,191557870.312
932000.CSI,20240806,1803.5415,1784.972,1803.5423,1778.112,1767.8627,35.6788,2.0182,197931009.76,157655561.105
932000.CSI,20240807,1807.216,1801.7932,1816.3757,1796.5096,1803.5415,3.6745,0.2037,190027625.56,159480288.519
932000.CSI,20240808,1795.9625,1798.7077,1809.4972,1776.6012,1807.216,-11.2535,-0.6227,208336820.18,165177549.945
932000.CSI,20240809,1784.0239,1800.329,1809.1259,1784.0239,1795.9625,-11.9386,-0.6647,188663413.92,142996883.481
932000.CSI,20240812,1767.2108,1780.8784,1784.0052,1760.5931,1784.0239,-16.8131,-0.9424,170940583.42,130104945.933
932000.CSI,20240813,1780.2908,1763.9343,1780.2908,1752.8781,1767.2108,13.08,0.7401,152819750.96,119944043.168
932000.CSI,20240814,1775.8069,1780.2576,1787.0661,1773.4849,1780.2908,-4.4839,-0.2519,154236379.62,126065539.614
932000.CSI,20240815,1794.3189,1769.5507,1799.3419,1759.6615,1775.8069,18.512,1.0425,197392470.29,156988650.637
932000.CSI,20240816,1790.6877,1795.2354,1803.1467,1789.6751,1794.3189,-3.6312,-0.2024,205052579.04,169171970.174
932000.CSI,20240819,1780.801,1785.3954,1797.9927,1776.8719,1790.6877,-9.8867,-0.5521,190345820.79,156602857.581
932000.CSI,20240820,1749.9962,1777.1262,1778.661,1745.0503,1780.801,-30.8048,-1.7298,186634154.63,149047101.184
932000.CSI,20240821,1747.1418,1743.4829,1756.1383,1739.3748,1749.9962,-2.8544,-0.1631,170918355.42,139915915.744
932000.CSI,20240822,1716.375,1745.7414,1750.5076,1715.3483,1747.1418,-30.7668,-1.761,184411005.73,147468553.39
932000.CSI,20240823,1707.4426,1710.6,1716.787,1690.3086,1716.375,-8.9324,-0.5204,176751309.93,139149922.847
932000.CSI,20240826,1727.2397,1705.9582,1728.2484,1699.4445,1707.4426,19.7971,1.1595,160883439.59,130682888.389
932000.CSI,20240827,1695.7661,1720.4318,1721.906,1693.0006,1727.2397,-31.4736,-1.8222,161869175.39,129586920.912
932000.CSI,20240828,1704.0253,1689.0456,1716.8393,1684.6249,1695.7661,8.2592,0.487,159605922.19,121252429.326
932000.CSI,20240829,1731.3154,1696.4789,1735.4611,1690.2754,1704.0253,27.2901,1.6015,172053241.73,139044207.472
932000.CSI,20240830,1768.3792,1731.1779,1788.7624,1731.1779,1731.3154,37.0638,2.1408,236307947.64,191092004.32
932000.CSI,20240902,1739.7006,1766.6364,1775.4515,1739.5958,1768.3792,-28.6786,-1.6217,199727185.55,163248201.519
932000.CSI,20240903,1758.2991,1738.3233,1763.5413,1737.4883,1739.7006,18.5985,1.0691,169163177.46,137430960.923
932000.CSI,20240904,1746.2709,1746.4398,1762.1546,1739.3437,1758.2991,-12.0282,-0.6841,170911017.71,140035277.44
932000.CSI,20240905,1764.6179,1747.2046,1769.3757,1747.2046,1746.2709,18.347,1.0506,172223628.6,138948946.626
932000.CSI,20240906,1730.5672,1764.5074,1766.3166,1730.0785,1764.6179,-34.0507,-1.9296,177573223.51,143027556.8
932000.CSI,20240909,1726.6683,1722.9844,1739.9092,1708.7588,1730.5672,-3.8989,-0.2253,156621026.2,120605077.482
932000.CSI,20240910,1737.4309,1727.5582,1742.1536,1704.8106,1726.6683,10.7626,0.6233,161146595.76,121949278.272
932000.CSI,20240911,1724.023,1728.172,1735.4087,1716.8735,1737.4309,-13.4079,-0.7717,147190144.49,110833977.582
932000.CSI,20240912,1721.7225,1724.9404,1743.4343,1721.5661,1724.023,-2.3005,-0.1334,169282774.73,126156143.265
932000.CSI,20240913,1695.7567,1721.3543,1724.709,1695.72,1721.7225,-25.9658,-1.5081,173942455.58,124684371.819
932000.CSI,20240918,1684.9222,1695.3139,1697.7758,1658.5543,1695.7567,-10.8345,-0.6389,165464834.66,113919047.938
932000.CSI,20240919,1725.4217,1691.244,1730.5766,1687.9321,1684.9222,40.4995,2.4036,192102028.2,134007755.618
932000.CSI,20240920,1723.3003,1725.5775,1727.2328,1713.2747,1725.4217,-2.1214,-0.1229,183220324.38,131511379.207
932000.CSI,20240923,1729.4002,1721.7399,1735.0474,1714.2046,1723.3003,6.0999,0.354,183808775.43,135345038.711
932000.CSI,20240924,1784.4117,1733.0061,1784.4117,1727.5617,1729.4002,55.0115,3.181,272611139.72,200287360.455
932000.CSI,20240925,1806.7082,1796.9696,1841.618,1796.9696,1784.4117,22.2965,1.2495,336793736.83,248340778.016
932000.CSI,20240926,1861.5923,1801.1493,1861.5923,1800.6934,1806.7082,54.8841,3.0378,313895626.66,230095793.413
932000.CSI,20240927,1950.0088,1886.5646,1964.1532,1880.7371,1861.5923,88.4165,4.7495,383759144.98,302304016.864
932000.CSI,20240930,2166.1692,2028.3105,2178.6588,1987.9148,1950.0088,216.1604,11.0851,626205128.88,530830400.15
932000.CSI,20241008,2353.9612,2447.3453,2447.3453,2202.906,2166.1692,187.792,8.6693,736848873.15,701998594.499
932000.CSI,20241009,2133.5609,2278.2106,2278.2106,2133.5609,2353.9612,-220.4003,-9.363,524444336.93,519564936.983
932000.CSI,20241010,2131.2704,2152.2267,2194.889,2093.0872,2133.5609,-2.2905,-0.1074,401011533.23,377869299.757
932000.CSI,20241011,2046.3114,2115.7055,2115.7055,2023.5077,2131.2704,-84.959,-3.9863,332121350.89,303824622.002
932000.CSI,20241014,2121.2369,2057.9332,2121.2422,2027.9966,2046.3114,74.9255,3.6615,328022967.52,306725297.285
932000.CSI,20241015,2096.4245,2108.9066,2157.1702,2089.6226,2121.2369,-24.8124,-1.1697,346288381.36,342919258.49
932000.CSI,20241016,2108.0424,2067.7951,2126.5758,2066.3461,2096.4245,11.6179,0.5542,320171650.04,294892625.132
932000.CSI,20241017,2106.2514,2119.7454,2140.9012,2104.123,2108.0424,-1.791,-0.085,355716947.65,341481793.806
932000.CSI,20241018,2170.7608,2097.2324,2205.7964,2094.0066,2106.2514,64.5094,3.0628,413091883.89,415737615.121
932000.CSI,20241021,2225.8743,2182.1192,2245.8471,2182.1192,2170.7608,55.1135,2.5389,442013953.74,472056442.109
932000.CSI,20241022,2245.2956,2227.4524,2265.9948,2214.2404,2225.8743,19.4213,0.8725,429158676.2,457480548.908
932000.CSI,20241023,2246.4357,2239.3314,2276.8111,2230.0888,2245.2956,1.1401,0.0508,413955651.92,426256527.676
932000.CSI,20241024,2244.9642,2235.9423,2251.9828,2223.3768,2246.4357,-1.4715,-0.0655,359677962.47,354535487.913
932000.CSI,20241025,2298.2709,2252.6073,2305.4456,2252.6073,2244.9642,53.3067,2.3745,415252436.95,418311605.777
932000.CSI,20241028,2366.5709,2305.4709,2366.5709,2304.4458,2298.2709,68.3,2.9718,488242200.97,478883893.813
932000.CSI,20241029,2321.3292,2377.3832,2378.7168,2321.3292,2366.5709,-45.2417,-1.9117,528679713.51,518525412.585
932000.CSI,20241030,2334.1643,2304.7673,2342.5002,2304.7673,2321.3292,12.8351,0.5529,455453856.36,453951333.392
932000.CSI,20241031,2377.0018,2336.6602,2391.4798,2332.5632,2334.1643,42.8375,1.8352,517552187.41,518534508.164
932000.CSI,20241101,2274.5729,2370.0342,2378.8019,2273.334,2377.0018,-102.4289,-4.3092,534669203.22,506350926.316
932000.CSI,20241104,2321.0845,2262.8925,2321.0845,2262.8925,2274.5729,46.5116,2.0448,378261034.37,359861648.696
932000.CSI,20241105,2395.0998,2321.8719,2395.0998,2321.8719,2321.0845,74.0153,3.1888,480926246.32,482592133.28
932000.CSI,20241106,2416.5875,2405.2367,2438.0127,2391.3788,2395.0998,21.4877,0.8972,555023358.02,554131011.733
932000.CSI,20241107,2473.049,2401.7923,2473.0504,2396.2256,2416.5875,56.4615,2.3364,562728940.49,539886238.007
932000.CSI,20241108,2482.1227,2494.0049,2514.2516,2472.4889,2473.049,9.0737,0.3669,583072975.92,580694501.114
932000.CSI,20241111,2537.5929,2474.7766,2537.5929,2474.3257,2482.1227,55.4702,2.2348,501406879.6,534956509.662
932000.CSI,20241112,2507.4179,2542.2337,2547.8974,2481.7027,2537.5929,-30.175,-1.1891,519711739.41,554054941.18
932000.CSI,20241113,2508.8272,2492.0117,2517.2303,2445.5121,2507.4179,1.4093,0.0562,420805650.11,447655567.083
932000.CSI,20241114,2430.5804,2500.9723,2506.1806,2427.6472,2508.8272,-78.2468,-3.1189,380493746.32,408186474.937
932000.CSI,20241115,2378.0039,2419.6522,2458.8619,2377.8294,2430.5804,-52.5765,-2.1631,376563290.84,405678413.429
932000.CSI,20241118,2307.7814,2389.0235,2402.0898,2293.1203,2378.0039,-70.2225,-2.953,389358195.79,382073998.666
932000.CSI,20241119,2379.7421,2309.1066,2379.7421,2302.2199,2307.7814,71.9607,3.1182,357021605.54,359253951.443
932000.CSI,20241120,2444.9983,2374.8214,2450.8363,2372.44,2379.7421,65.2562,2.7422,394078803.44,411945644.926
932000.CSI,20241121,2453.8735,2440.3078,2464.0902,2425.41,2444.9983,8.8752,0.363,395774604.39,421962548.2
932000.CSI,20241122,2371.1367,2448.1529,2465.8593,2370.1911,2453.8735,-82.7368,-3.3717,455054734.86,460932826.443
932000.CSI,20241125,2407.8501,2377.7006,2407.8501,2345.8916,2371.1367,36.7134,1.5483,383655682.61,381301954.242
932000.CSI,20241126,2377.6208,2402.6187,2427.4989,2375.9178,2407.8501,-30.2293,-1.2554,390077379.76,379928647.913
932000.CSI,20241127,2418.5787,2359.0763,2418.5787,2312.6563,2377.6208,40.9579,1.7226,396992115.71,384544488.14
932000.CSI,20241128,2427.5938,2421.6358,2458.5137,2421.6358,2418.5787,9.0151,0.3727,436275611.89,423013509.001
932000.CSI,20241129,2471.1295,2419.1457,2481.4821,2404.7607,2427.5938,43.5357,1.7934,461352464.93,467363293.861
932000.CSI,20241202,2531.7734,2474.4844,2534.694,2474.4844,2471.1295,60.6439,2.4541,490267706.89,495665215.582
932000.CSI,20241203,2540.511,2535.0403,2553.6293,2515.9394,2531.7734,8.7376,0.3451,509165427.23,507520606.507
932000.CSI,20241204,2504.7565,2533.9458,2549.1056,2491.8766,2540.511,-35.7545,-1.4074,498781542.01,493020171.369
932000.CSI,20241205,2547.4249,2494.9063,2550.6271,2494.9063,2504.7565,42.6684,1.7035,445668441.95,449179829.61
932000.CSI,20241206,2570.6753,2553.1863,2581.1242,2528.9719,2547.4249,23.2504,0.9127,538490339.12,515437716.677
932000.CSI,20241209,2566.7099,2566.7308,2582.6079,2542.1404,2570.6753,-3.9654,-0.1543,503321787.76,483738065.342
932000.CSI,20241210,2592.3694,2637.9077,2641.5384,2588.2056,2566.7099,25.6595,0.9997,588270147.57,604378677.803
932000.CSI,20241211,2635.5793,2582.0497,2635.5793,2581.8814,2592.3694,43.2099,1.6668,539417330.4,535659303.51
932000.CSI,20241212,2663.7905,2634.5009,2663.7905,2617.1378,2635.5793,28.2112,1.0704,580678635.88,571791470.677
932000.CSI,20241213,2621.8223,2647.3379,2660.7066,2620.3197,2663.7905,-41.9682,-1.5755,576074654.47,582660041.826
932000.CSI,20241216,2602.4299,2623.7849,2636.2004,2588.5981,2621.8223,-19.3924,-0.7397,509144567.52,508740998.514
932000.CSI,20241217,2487.4074,2593.6877,2594.3618,2483.216,2602.4299,-115.0225,-4.4198,480683487.01,453570618.227
932000.CSI,20241218,2508.2061,2484.2442,2529.6785,2453.4492,2487.4074,20.7987,0.8362,400171672.37,399042878.247
932000.CSI,20241219,2512.3021,2477.0073,2521.1055,2471.3288,2508.2061,4.096,0.1633,411629341.7,410962368.85
932000.CSI,20241220,2545.813,2504.888,2564.9046,2504.888,2512.3021,33.5109,1.3339,404730026.43,429819259.573
932000.CSI,20241223,2421.6529,2539.0436,2540.8558,2415.9728,2545.813,-124.1601,-4.877,445608714.19,428567301.819
932000.CSI,20241224,2445.9536,2429.7436,2455.6388,2396.9567,2421.6529,24.3007,1.0035,360189500.15,354794967.164
932000.CSI,20241225,2388.9483,2438.326,2439.4227,2355.815,2445.9536,-57.0053,-2.3306,369946407.58,357831255.305
932000.CSI,20241226,2429.6606,2383.4851,2442.2583,2383.4851,2388.9483,40.7123,1.7042,319291311.77,340605619.933
932000.CSI,20241227,2447.4776,2431.3702,2476.3753,2426.6533,2429.6606,17.817,0.7333,371495629.19,384929930.238
932000.CSI,20241230,2419.2275,2439.3411,2440.8682,2392.5,2447.4776,-28.2501,-1.1543,334979833.22,342579318.115
932000.CSI,20241231,2348.1075,2422.2284,2430.8795,2348.1075,2419.2275,-71.12,-2.9398,339988507.08,341693284.05
932000.CSI,20250102,2313.7993,2341.6988,2383.0601,2291.2907,2348.1075,-34.3082,-1.4611,367465431.4,347028675.523
932000.CSI,20250103,2211.0665,2318.9757,2326.0747,2207.8776,2313.7993,-102.7328,-4.44,382867276.13,353689784.597
932000.CSI,20250106,2192.4701,2199.5782,2228.2003,2147.2016,2211.0665,-18.5964,-0.8411,310131377.97,281238008.717
932000.CSI,20250107,2256.7082,2194.7487,2256.7723,2191.7444,2192.4701,64.2381,2.9299,311957759.73,293027732.479
932000.CSI,20250108,2264.0206,2245.9164,2279.4925,2188.1329,2256.7082,7.3124,0.324,367896735.75,346955057.913
932000.CSI,20250109,2276.2734,2249.6485,2289.8422,2247.9394,2264.0206,12.2528,0.5412,330007693.16,321674460.107
932000.CSI,20250110,2206.9074,2270.7924,2293.087,2206.9074,2276.2734,-69.366,-3.0473,340582225.35,328671684.228
932000.CSI,20250113,2206.3599,2174.2691,2223.0508,2144.8892,2206.9074,-0.5475,-0.0248,274857846.75,265017299.896
932000.CSI,20250114,2324.7826,2219.17,2324.7826,2219.17,2206.3599,118.4227,5.3673,353765736.56,356124075.212
932000.CSI,20250115,2318.0474,2326.7197,2340.0561,2309.5422,2324.7826,-6.7352,-0.2897,339482759.5,337701015.284
932000.CSI,20250116,2335.1331,2329.6077,2367.2933,2307.6718,2318.0474,17.0857,0.7371,362697728.51,362615083.654
932000.CSI,20250117,2332.6573,2324.5171,2349.0309,2309.3827,2335.1331,-2.4758,-0.106,318315133.85,322271758.174
932000.CSI,20250120,2360.7668,2350.0233,2369.9656,2329.8779,2332.6573,28.1095,1.205,327033894.44,335043915.808
932000.CSI,20250121,2365.5769,2370.8168,2374.8359,2331.1978,2360.7668,4.8101,0.2038,321219680.95,344559627.576
932000.CSI,20250122,2334.365,2350.5758,2356.0244,2325.9878,2365.5769,-31.2119,-1.3194,290260822.23,310467114.131
932000.CSI,20250123,2328.3962,2358.9609,2389.5515,2328.3962,2334.365,-5.9688,-0.2557,337398434.05,362613065.937
932000.CSI,20250124,2362.2023,2319.679,2364.5748,2316.0589,2328.3962,33.8061,1.4519,310345491.43,333795227.709
932000.CSI,20250127,2322.824,2369.1023,2377.2659,2322.824,2362.2023,-39.3783,-1.667,276035612.55,293456499.921
932000.CSI,20250205,2355.0711,2343.4121,2361.7179,2331.606,2322.824,32.2471,1.3883,282661323.97,311004452.591
932000.CSI,20250206,2421.6349,2350.2119,2421.6349,2343.6798,2355.0711,66.5638,2.8264,347385644.56,386421465.731
932000.CSI,20250207,2458.5009,2422.7909,2481.1611,2421.6406,2421.6349,36.866,1.5224,433999785.53,495283111.961
932000.CSI,20250210,2512.8083,2464.7941,2512.8083,2458.4725,2458.5009,54.3074,2.209,405307068.91,458304369.73
932000.CSI,20250211,2505.6511,2509.409,2518.6153,2484.497,2512.8083,-7.1572,-0.2848,386204614.22,447231604.172
932000.CSI,20250212,2538.4526,2498.8111,2538.4526,2496.5231,2505.6511,32.8015,1.3091,383591022.99,450952981.999
932000.CSI,20250213,2510.6488,2537.4603,2543.5343,2504.2783,2538.4526,-27.8038,-1.0953,414298359.24,479210180.914
932000.CSI,20250214,2506.6525,2500.7364,2516.9331,2490.0374,2510.6488,-3.9963,-0.1592,377965563.19,438388361.419
932000.CSI,20250217,2551.3773,2514.8614,2552.0871,2513.88,2506.6525,44.7248,1.7842,412162305.34,481941357.863
932000.CSI,20250218,2479.3598,2544.9821,2549.2725,2473.3866,2551.3773,-72.0175,-2.8227,410758940.84,470278694.047
932000.CSI,20250219,2552.7549,2478.3514,2552.7549,2478.3514,2479.3598,73.3951,2.9602,375405144.32,459185567.581
932000.CSI,20250220,2584.4687,2554.7963,2589.8445,2552.1222,2552.7549,31.7138,1.2423,399642977.91,503545390.099
932000.CSI,20250221,2617.6703,2587.1601,2619.3799,2568.5453,2584.4687,33.2016,1.2847,437489847.39,557797894.442
932000.CSI,20250224,2622.3816,2612.7384,2638.4584,2594.0902,2617.6703,4.7113,0.18,424904554.19,528176966.345
932000.CSI,20250225,2619.679,2583.1266,2643.7823,2578.2224,2622.3816,-2.7026,-0.1031,404682587.87,506696935.446
932000.CSI,20250226,2661.1473,2626.8072,2666.0302,2626.8072,2619.679,41.4683,1.583,425507023.05,545942505.182
932000.CSI,20250227,2653.2951,2659.3462,2672.862,2604.3239,2661.1473,-7.8522,-0.2951,451807724.25,552580997.324
932000.CSI,20250228,2542.8524,2638.0716,2638.3091,2537.9734,2653.2951,-110.4427,-4.1625,429542622.07,505635669.183
932000.CSI,20250303,2547.4529,2550.1111,2591.5235,2526.6644,2542.8524,4.6005,0.1809,368199033.47,427098416.973
932000.CSI,20250304,2587.01,2524.4634,2587.01,2523.1746,2547.4529,39.5571,1.5528,330008628.66,395680940.241
932000.CSI,20250305,2605.9622,2584.3033,2606.1013,2561.1456,2587.01,18.9522,0.7326,353764180.17,429483816.446
932000.CSI,20250306,2659.6743,2617.1002,2668.1022,2617.1002,2605.9622,53.7121,2.0611,409000926.17,517706107.743
932000.CSI,20250307,2644.2955,2648.6495,2676.6872,2626.2967,2659.6743,-15.3788,-0.5782,405867741.58,507628698.572
932000.CSI,20250310,2654.6475,2648.9813,2660.5167,2632.462,2644.2955,10.352,0.3915,337702433.41,419054487.862
932000.CSI,20250311,2662.3533,2615.2313,2662.3533,2613.5177,2654.6475,7.7058,0.2903,337595206.56,412239302.17
932000.CSI,20250312,2681.8863,2674.9065,2702.128,2671.4433,2662.3533,19.533,0.7337,395516166.43,490285628.257
932000.CSI,20250313,2632.5662,2675.4565,2680.9126,2601.0292,2681.8863,-49.3201,-1.839,385752120.87,467680754.207
932000.CSI,20250314,2679.8238,2628.9243,2680.758,2608.6737,2632.5662,47.2576,1.7951,391854766.25,463901297.635
932000.CSI,20250317,2700.723,2688.5601,2708.0723,2678.7774,2679.8238,20.8992,0.7799,381746732.76,448865174.115
932000.CSI,20250318,2716.9011,2707.1717,2718.3559,2694.3788,2700.723,16.1781,0.599,366664199.16,447139515.3
932000.CSI,20250319,2702.1068,2708.0625,2717.8662,2689.6344,2716.9011,-14.7943,-0.5445,376119949.98,450926582.749
932000.CSI,20250320,2705.7788,2696.748,2730.4471,2687.9753,2702.1068,3.672,0.1359,382721643.57,463892437.135
932000.CSI,20250321,2648.5611,2691.0187,2694.3814,2641.1789,2705.7788,-57.2177,-2.1146,418335468.46,477579116.99
932000.CSI,20250324,2598.3669,2644.9419,2647.9257,2538.8046,2648.5611,-50.1942,-1.8951,425942259.57,447926011.753
932000.CSI,20250325,2572.8175,2591.963,2602.7397,2561.9026,2598.3669,-25.5494,-0.9833,347872073.64,379272956.564
932000.CSI,20250326,2603.1516,2562.7383,2611.6041,2561.8673,2572.8175,30.3341,1.179,331423566.41,355088042.686
932000.CSI,20250327,2584.219,2594.5934,2612.2322,2560.887,2603.1516,-18.9326,-0.7273,339886176.03,365884109.109
932000.CSI,20250328,2545.2395,2577.5479,2591.3719,2545.2395,2584.219,-38.9795,-1.5084,324594887.72,338107243.418
932000.CSI,20250331,2514.3392,2523.1526,2523.1526,2467.6775,2545.2395,-30.9003,-1.214,318158604.61,342075234.598
932000.CSI,20250401,2536.6711,2520.626,2554.2277,2520.626,2514.3392,22.3319,0.8882,295155568.53,318945678.847
932000.CSI,20250402,2543.5847,2531.5973,2563.2534,2529.2143,2536.6711,6.9136,0.2725,275746317.63,298406241.049
932000.CSI,20250403,2517.5123,2513.4929,2554.5196,2497.6707,2543.5847,-26.0724,-1.025,304502723.1,322165801.658
932000.CSI,20250407,2194.4786,2349.1834,2369.9046,2180.4472,2517.5123,-323.0337,-12.8315,363666430.21,339479379.987
932000.CSI,20250408,2183.1187,2173.4454,2238.6154,2132.6938,2194.4786,-11.3599,-0.5177,429029426.33,384700691.378
932000.CSI,20250409,2248.3397,2140.3659,2263.6644,2027.0211,2183.1187,65.221,2.9875,472712490.1,423012281.768
932000.CSI,20250410,2318.5597,2291.8097,2353.7668,2291.8097,2248.3397,70.22,3.1232,435620599.18,424648983.328
932000.CSI,20250411,2341.0599,2299.5593,2367.2965,2298.9957,2318.5597,22.5002,0.9704,365476386.79,361024849.961
932000.CSI,20250414,2392.1414,2373.7341,2410.0724,2373.7341,2341.0599,51.0815,2.182,356835901.52,351665422.588
932000.CSI,20250415,2390.9521,2395.5794,2403.5579,2368.5974,2392.1414,-1.1893,-0.0497,324664159.66,318341023.352
932000.CSI,20250416,2350.1019,2382.3815,2387.1695,2314.5295,2390.9521,-40.8502,-1.7085,331387428.74,317629274.283
932000.CSI,20250417,2363.2559,2336.2054,2383.9711,2334.3638,2350.1019,13.154,0.5597,306545714.31,297623146.923
932000.CSI,20250418,2358.631,2358.9992,2371.3253,2339.6073,2363.2559,-4.6249,-0.1957,299245702.44,279948863.149
932000.CSI,20250421,2412.6639,2353.3539,2412.6639,2344.8061,2358.631,54.0329,2.2909,307400649.0,306473303.299
932000.CSI,20250422,2412.2985,2410.8223,2421.4355,2402.0343,2412.6639,-0.3654,-0.0151,327884676.88,322149024.653
932000.CSI,20250423,2440.6076,2424.0542,2450.2685,2424.0542,2412.2985,28.3091,1.1735,358770743.79,374093072.411
932000.CSI,20250424,2415.5516,2435.7768,2444.4331,2401.826,2440.6076,-25.056,-1.0266,341530699.79,350837233.908
932000.CSI,20250425,2422.4874,2416.8123,2439.9799,2405.7869,2415.5516,6.9358,0.2871,338437765.57,334060967.294
932000.CSI,20250428,2388.0251,2418.0339,2422.5668,2384.8741,2422.4874,-34.4623,-1.4226,325302336.04,314957369.699
932000.CSI,20250429,2411.6782,2379.3456,2419.1044,2369.4422,2388.0251,23.6531,0.9905,292241878.62,302478593.369
932000.CSI,20250430,2442.8915,2415.4954,2454.1677,2415.4954,2411.6782,31.2133,1.2943,318987277.76,345198754.103
932000.CSI,20250506,2522.3095,2463.1419,2522.3095,2463.1419,2442.8915,79.418,3.251,349210345.83,388413891.884
932000.CSI,20250507,2540.9823,2551.0582,2558.2591,2513.9309,2522.3095,18.6728,0.7403,411857435.05,452203244.393
932000.CSI,20250508,2568.667,2531.174,2570.4981,2528.1293,2540.9823,27.6847,1.0895,380390868.21,413442308.087
932000.CSI,20250509,2530.3446,2565.1076,2565.4159,2518.0447,2568.667,-38.3224,-1.4919,348837467.39,382353189.55
932000.CSI,20250512,2570.7334,2547.9906,2570.7345,2542.8698,2530.3446,40.3888,1.5962,322181809.5,376295706.089
932000.CSI,20250513,2562.9121,2594.0673,2596.1524,2558.8363,2570.7334,-7.8213,-0.3042,334918673.46,387178160.68
932000.CSI,20250514,2565.7075,2559.8469,2578.6284,2547.6354,2562.9121,2.7954,0.1091,336691226.84,383978819.188
932000.CSI,20250515,2531.9618,2560.3793,2560.3793,2530.2234,2565.7075,-33.7457,-1.3153,327755696.26,355125274.226
932000.CSI,20250516,2554.778,2523.275,2567.1574,2522.0572,2531.9618,22.8162,0.9011,329302115.12,371837380.437
932000.CSI,20250519,2576.7256,2559.386,2576.7256,2531.1306,2554.778,21.9476,0.8591,343801520.35,372057426.353
932000.CSI,20250520,2598.3569,2578.2092,2599.7004,2564.8975,2576.7256,21.6313,0.8395,358895293.9,392128700.064
932000.CSI,20250521,2577.5636,2591.1509,2591.4257,2566.1903,2598.3569,-20.7933,-0.8002,351678420.95,381589078.078
932000.CSI,20250522,2545.831,2567.9977,2591.7052,2544.1211,2577.5636,-31.7326,-1.2311,336600793.0,366709014.64
932000.CSI,20250523,2515.8813,2540.527,2569.2286,2515.5765,2545.831,-29.9497,-1.1764,338405159.88,373697788.257
932000.CSI,20250526,2547.4564,2513.9443,2547.4564,2512.4006,2515.8813,31.5751,1.255,292401717.39,328656010.456
932000.CSI,20250527,2552.6575,2544.7108,2557.1493,2525.9436,2547.4564,5.2011,0.2042,317235308.67,346043013.116
932000.CSI,20250528,2543.968,2551.9076,2561.5018,2538.2359,2552.6575,-8.6895,-0.3404,332163600.44,362729249.931
932000.CSI,20250529,2588.547,2538.3322,2588.547,2538.3322,2543.968,44.579,1.7523,366800455.59,401950535.348
932000.CSI,20250530,2543.1976,2580.5569,2580.9872,2538.4907,2588.547,-45.3494,-1.7519,349664318.15,387235896.079
932000.CSI,20250603,2564.1167,2530.1544,2565.8611,2530.1544,2543.1976,20.9191,0.8226,313897805.53,347464926.288
932000.CSI,20250604,2591.1784,2565.3612,2591.1784,2565.3612,2564.1167,27.0617,1.0554,342956226.73,375431199.451
932000.CSI,20250605,2606.5146,2590.2067,2610.1068,2576.5923,2591.1784,15.3362,0.5919,362081970.95,410539959.33
932000.CSI,20250606,2601.4941,2601.5377,2606.2148,2591.559,2606.5146,-5.0205,-0.1926,334327629.31,375403393.444
932000.CSI,20250609,2638.8858,2606.3876,2638.8858,2606.3876,2601.4941,37.3917,1.4373,354163209.34,398116584.844
932000.CSI,20250610,2617.3296,2638.9769,2639.8531,2581.9406,2638.8858,-21.5562,-0.8169,423858541.0,466750548.818
932000.CSI,20250611,2628.8683,2616.8585,2635.122,2612.3632,2617.3296,11.5387,0.4409,362845214.86,398155665.627
932000.CSI,20250612,2635.583,2620.2468,2637.4568,2612.4019,2628.8683,6.7147,0.2554,345832723.28,396764610.267
932000.CSI,20250613,2582.0367,2624.3373,2626.2206,2580.0682,2635.583,-53.5463,-2.0317,390403031.21,425969292.414
932000.CSI,20250616,2609.6711,2571.93,2609.6711,2571.93,2582.0367,27.6344,1.0703,308092421.92,351404975.34
932000.CSI,20250617,2605.9732,2612.4901,2619.8507,2595.3922,2609.6711,-3.6979,-0.1417,322757144.79,372120294.705
932000.CSI,20250618,2598.6865,2595.5394,2600.5489,2575.6143,2605.9732,-7.2867,-0.2796,311184536.91,357873312.79
932000.CSI,20250619,2547.9906,2590.3349,2602.1334,2542.6611,2598.6865,-50.6959,-1.9508,339448647.87,389342346.98
932000.CSI,20250620,2524.8062,2542.2199,2560.6286,2520.7839,2547.9906,-23.1844,-0.9099,287467646.44,331368248.615
932000.CSI,20250623,2573.8394,2507.6384,2573.8411,2506.5869,2524.8062,49.0332,1.9421,294070595.05,340904693.621
932000.CSI,20250624,2631.0436,2574.7233,2631.0436,2574.7233,2573.8394,57.2042,2.2225,357206587.64,426459840.066
932000.CSI,20250625,2657.4055,2634.4342,2657.7672,2626.8881,2631.0436,26.3619,1.002,368730182.31,453010478.422
932000.CSI,20250626,2652.534,2653.0555,2677.9948,2647.2103,2657.4055,-4.8715,-0.1833,372453196.05,456156609.891
932000.CSI,20250627,2664.9703,2657.8247,2673.1379,2651.6202,2652.534,12.4363,0.4688,346756700.38,423801352.274
932000.CSI,20250630,2705.9813,2670.096,2705.9813,2670.096,2664.9703,41.011,1.5389,346752051.01,429183683.584
932000.CSI,20250701,2713.6682,2707.2869,2714.13,2685.0366,2705.9813,7.6869,0.2841,369235048.87,457301334.568
932000.CSI,20250702,2690.6791,2706.0368,2706.0709,2677.8206,2713.6682,-22.9891,-0.8472,370376907.53,416454971.165
932000.CSI,20250703,2709.8858,2687.5574,2710.7597,2685.8972,2690.6791,19.2067,0.7138,340034612.87,383119529.731
932000.CSI,20250704,2680.6835,2708.3826,2709.7361,2678.61,2709.8858,-29.2023,-1.0776,360391633.92,410453445.146
932000.CSI,20250707,2698.6939,2676.139,2698.6939,2674.6534,2680.6835,18.0104,0.6719,318971164.82,359498505.798
932000.CSI,20250708,2733.4372,2700.2559,2733.4372,2696.2571,2698.6939,34.7433,1.2874,362271552.34,420327046.256
932000.CSI,20250709,2731.206,2736.1334,2750.4114,2723.3106,2733.4372,-2.2312,-0.0816,389971007.34,456205950.393
932000.CSI,20250710,2729.9444,2725.2449,2736.4932,2714.2802,2731.206,-1.2616,-0.0462,380854051.7,421295658.027
932000.CSI,20250711,2742.9699,2729.0977,2750.2601,2713.98,2729.9444,13.0255,0.4771,382830596.98,431287867.717
932000.CSI,20250714,2760.4326,2741.4974,2762.0658,2735.9544,2742.9699,17.4627,0.6366,349518269.8,404845743.06
932000.CSI,20250715,2741.4809,2752.9553,2754.7339,2711.5318,2760.4326,-18.9517,-0.6865,389085870.46,447840487.79
932000.CSI,20250716,2759.0598,2740.1706,2763.0444,2736.531,2741.4809,17.5789,0.6412,326462357.73,410010601.735
932000.CSI,20250717,2789.0395,2756.9667,2789.0395,2751.7507,2759.0598,29.9797,1.0866,328346494.61,428966346.588
932000.CSI,20250718,2790.7649,2791.7303,2795.5037,2774.9074,2789.0395,1.7254,0.0619,323766679.46,417792878.529
932000.CSI,20250721,2826.2895,2793.1602,2826.3705,2792.5236,2790.7649,35.5246,1.2729,377239078.41,450071692.132
932000.CSI,20250722,2826.4909,2828.1202,2832.4101,2813.0446,2826.2895,0.2014,0.0071,399685774.64,477585006.195
932000.CSI,20250723,2801.4877,2823.6619,2826.033,2797.6037,2826.4909,-25.0032,-0.8846,390393185.72,457952635.837
932000.CSI,20250724,2832.8678,2799.488,2832.8678,2799.488,2801.4877,31.3801,1.1201,359969466.09,429164932.709
932000.CSI,20250725,2841.2916,2834.224,2842.6668,2824.8245,2832.8678,8.4238,0.2974,357323527.16,439748300.155
932000.CSI,20250728,2861.5064,2844.1019,2861.5064,2839.9474,2841.2916,20.2148,0.7115,341215215.13,436843372.74
932000.CSI,20250729,2872.0657,2857.9469,2872.0657,2842.0069,2861.5064,10.5593,0.369,359005596.52,461195388.598
932000.CSI,20250730,2846.3288,2864.8616,2864.913,2821.3098,2872.0657,-25.7369,-0.8961,364175917.08,453952006.547
932000.CSI,20250731,2827.9729,2838.9942,2863.6951,2819.21,2846.3288,-18.3559,-0.6449,363312277.29,466276495.16
932000.CSI,20250801,2840.9412,2826.9439,2844.3298,2821.7788,2827.9729,12.9683,0.4586,308618875.14,410234449.51
932000.CSI,20250804,2885.3139,2825.1991,2885.3139,2818.4978,2840.9412,44.3727,1.5619,301620156.91,413825771.97
932000.CSI,20250805,2911.2842,2891.0471,2911.2842,2889.0867,2885.3139,25.9703,0.9001,339139164.56,461695575.946
932000.CSI,20250806,2946.0201,2909.1754,2946.0201,2906.4026,2911.2842,34.7359,1.1931,364321016.7,512988967.446
932000.CSI,20250807,2948.1274,2947.0449,2955.501,2930.8198,2946.0201,2.1073,0.0715,364053380.07,523468938.843
932000.CSI,20250808,2941.4675,2940.3877,2949.0813,2925.6974,2948.1274,-6.6599,-0.2259,365244121.16,511590919.67
932000.CSI,20250811,2991.5948,2945.4974,2991.5948,2945.4974,2941.4675,50.1273,1.7042,383722295.83,525615258.614
932000.CSI,20250812,2993.3164,2991.4536,2995.4605,2965.8486,2991.5948,1.7216,0.0575,386060900.02,541108776.345
932000.CSI,20250813,3024.426,2995.8504,3026.0511,2993.2,2993.3164,31.1096,1.0393,410520460.73,588447338.349
932000.CSI,20250814,2967.9281,3026.1941,3027.6139,2966.668,3024.426,-56.4979,-1.8681,450915461.37,612892946.388
932000.CSI,20250815,3028.2287,2964.3028,3028.2287,2964.3028,2967.9281,60.3006,2.0317,396929535.51,569156888.842
932000.CSI,20250818,3093.1144,3045.9644,3097.3109,3045.9644,3028.2287,64.8857,2.1427,474453067.67,688807517.798
932000.CSI,20250819,3114.6111,3094.949,3129.4723,3081.3885,3093.1144,21.4967,0.695,485292736.89,701305251.91
932000.CSI,20250820,3127.8015,3098.51,3127.8015,3080.8108,3114.6111,13.1904,0.4235,453877686.1,624598300.61
932000.CSI,20250821,3104.5337,3130.555,3137.27,3087.2617,3127.8015,-23.2678,-0.7439,460629685.24,627444785.956
932000.CSI,20250822,3126.0277,3102.2366,3126.0277,3096.4005,3104.5337,21.494,0.6923,424465597.28,590130884.631
932000.CSI,20250825,3162.6244,3140.2877,3170.6394,3129.5538,3126.0277,36.5967,1.1707,501206010.77,710109445.984
932000.CSI,20250826,3163.1485,3154.7912,3180.962,3142.2733,3162.6244,0.5241,0.0166,447411058.89,636913119.011
932000.CSI,20250827,3089.8463,3164.426,3181.6931,3089.8463,3163.1485,-73.3022,-2.3174,523999854.86,732425691.47
932000.CSI,20250828,3112.2762,3083.8322,3115.5447,3007.0534,3089.8463,22.4299,0.7259,486599862.46,678881284.34
932000.CSI,20250829,3101.5438,3111.2623,3124.5263,3085.5487,3112.2762,-10.7324,-0.3448,388697763.09,579526334.85
932000.CSI,20250901,3134.7334,3108.8405,3142.3384,3104.4814,3101.5438,33.1896,1.0701,400813380.09,573718074.783
932000.CSI,20250902,3072.4003,3134.4638,3135.0272,3034.3686,3134.7334,-62.3331,-1.9885,466195906.46,641530751.267
932000.CSI,20250903,3010.1112,3078.5648,3086.6903,3000.8825,3072.4003,-62.2891,-2.0274,392105103.31,505621087.145
932000.CSI,20250904,2966.6048,3014.9635,3035.0001,2919.2586,3010.1112,-43.5064,-1.4453,419455905.44,530580244.742
932000.CSI,20250905,3048.0796,2971.6192,3048.0796,2950.3387,2966.6048,81.4748,2.7464,390060395.42,490647537.123
932000.CSI,20250908,3085.2103,3050.9278,3086.5084,3046.8469,3048.0796,37.1307,1.2182,385344004.38,511225459.131
932000.CSI,20250909,3045.3593,3076.6119,3082.5138,3031.3323,3085.2103,-39.851,-1.2917,365165898.55,475044586.987
932000.CSI,20250910,3055.1137,3042.7383,3073.8877,3033.2715,3045.3593,9.7544,0.3203,347054560.01,445042674.349
932000.CSI,20250911,3113.6487,3050.2816,3113.6487,3022.3915,3055.1137,58.535,1.916,382323782.98,518298051.323
932000.CSI,20250912,3113.9337,3114.6987,3132.5776,3097.8876,3113.6487,0.285,0.0092,403664616.72,542646205.244
932000.CSI,20250915,3110.6046,3114.1207,3121.5083,3098.1745,3113.9337,-3.3291,-0.1069,380583670.04,485619035.172
932000.CSI,20250916,3160.7777,3112.7465,3160.7777,3105.887,3110.6046,50.1731,1.613,425889046.61,540369850.765
932000.CSI,20250917,3174.1685,3159.5354,3184.8078,3150.8982,3160.7777,13.3908,0.4237,409816301.2,553690522.445
932000.CSI,20250918,3139.755,3171.7671,3213.825,3106.8664,3174.1685,-34.4135,-1.0842,507203917.1,690096474.023
932000.CSI,20250919,3113.4021,3138.0149,3151.6999,3096.9251,3139.755,-26.3529,-0.8393,395363670.6,517769784.288
932000.CSI,20250922,3126.7278,3114.6593,3126.7278,3095.3246,3113.4021,13.3257,0.428,337552680.97,458479424.619
932000.CSI,20250923,3082.0908,3125.9943,3127.3577,3020.8608,3126.7278,-44.637,-1.4276,405006681.55,530121810.093
932000.CSI,20250924,3124.8833,3063.6971,3124.8833,3045.6667,3082.0908,42.7925,1.3884,341025562.28,479199666.184
932000.CSI,20250925,3105.76,3119.0604,3141.4137,3099.5153,3124.8833,-19.1233,-0.612,342448879.86,481687657.926
932000.CSI,20250926,3057.6976,3092.3093,3104.6577,3057.6976,3105.76,-48.0624,-1.5475,320199225.63,437275156.77
932000.CSI,20250929,3083.337,3057.6181,3085.7916,3031.8768,3057.6976,25.6394,0.8385,293388388.89,391590619.211
932000.CSI,20250930,3093.3127,3092.7389,3108.4439,3088.6367,3083.337,9.9757,0.3235,279647609.6,396335736.648
932000.CSI,20251009,3113.0059,3106.7664,3122.0696,3094.4518,3093.3127,19.6932,0.6366,330974511.87,466079906.83
932000.CSI,20251010,3091.4807,3104.0211,3118.94,3084.2233,3113.0059,-21.5252,-0.6915,344534293.34,469854959.482
932000.CSI,20251013,3085.5392,2967.3863,3089.329,2961.5763,3091.4807,-5.9415,-0.1922,332264370.52,452763881.318
932000.CSI,20251014,3036.9306,3106.296,3122.6154,3026.3946,3085.5392,-48.6086,-1.5754,364245245.16,494388646.903
932000.CSI,20251015,3088.4591,3039.5601,3088.795,3015.587,3036.9306,51.5285,1.6967,313850186.55,422942734.04
932000.CSI,20251016,3050.4203,3083.6088,3085.9688,3040.363,3088.4591,-38.0388,-1.2316,309604381.67,409531405.908
932000.CSI,20251017,2963.3308,3047.068,3053.3591,2961.605,3050.4203,-87.0895,-2.855,314355080.21,403574735.14
932000.CSI,20251020,3005.7514,2996.5865,3019.9261,2983.3759,2963.3308,42.4206,1.4315,278496007.26,360306183.399
932000.CSI,20251021,3063.8456,3011.743,3063.8456,2997.8741,3005.7514,58.0942,1.9328,324740432.86,397469284.469
932000.CSI,20251022,3052.4469,3051.3814,3073.3799,3042.5013,3063.8456,-11.3987,-0.372,309606411.97,376552129.762
932000.CSI,20251023,3045.8366,3044.1549,3049.2378,3002.7467,3052.4469,-6.6103,-0.2166,306952658.78,369551054.131
932000.CSI,20251024,3074.4913,3055.0955,3076.1466,3051.1847,3045.8366,28.6547,0.9408,315110201.07,409816116.835
932000.CSI,20251027,3103.5237,3093.0268,3106.7326,3077.1616,3074.4913,29.0324,0.9443,334608117.42,461327148.698
932000.CSI,20251028,3108.8665,3094.6208,3124.2136,3083.4592,3103.5237,5.3428,0.1722,333451240.47,457797319.701
932000.CSI,20251029,3118.328,3104.0183,3118.3317,3087.0311,3108.8665,9.4615,0.3043,337112460.02,461065767.21
932000.CSI,20251030,3071.3842,3110.0764,3110.0764,3067.9235,3118.328,-46.9438,-1.5054,358415315.16,479778085.898
932000.CSI,20251031,3103.7385,3070.8478,3113.6315,3070.8478,3071.3842,32.3543,1.0534,341529131.37,452896258.187
932000.CSI,20251103,3127.7601,3109.7018,3127.8194,3089.1693,3103.7385,24.0216,0.774,341160970.63,450305292.541
932000.CSI,20251104,3100.9496,3122.7682,3122.7682,3079.2864,3127.7601,-26.8105,-0.8572,353698028.9,440409717.223
932000.CSI,20251105,3124.9333,3065.2032,3132.9338,3063.9439,3100.9496,23.9837,0.7734,387148371.74,459625460.129
932000.CSI,20251106,3143.7167,3128.5835,3145.4888,3112.9067,3124.9333,18.7834,0.6011,377851467.68,480233361.294
932000.CSI,20251107,3131.1258,3132.9786,3148.3012,3125.6041,3143.7167,-12.5909,-0.4005,361743166.25,471432564.223
932000.CSI,20251110,3150.3517,3138.3659,3151.851,3130.8144,3131.1258,19.2259,0.614,391560328.03,493211774.464
932000.CSI,20251111,3162.9626,3157.6631,3171.0026,3154.5203,3150.3517,12.6109,0.4003,389546441.91,493625508.398
932000.CSI,20251112,3141.3218,3155.4608,3155.8793,3115.2401,3162.9626,-21.6408,-0.6842,371194972.54,468383214.584
932000.CSI,20251113,3179.871,3139.0597,3183.6496,3129.0696,3141.3218,38.5492,1.2272,381983709.12,488117568.236
932000.CSI,20251114,3158.8906,3156.5401,3189.7204,3154.8836,3179.871,-20.9804,-0.6598,399039506.75,487014248.561
932000.CSI,20251117,3178.7502,3163.7986,3180.8071,3156.087,3158.8906,19.8596,0.6287,382375622.58,472328334.727
932000.CSI,20251118,3136.8281,3171.7393,3171.7571,3122.3184,3178.7502,-41.9221,-1.3188,389014037.07,470929963.885
932000.CSI,20251119,3092.4723,3132.0937,3140.537,3079.2266,3136.8281,-44.3558,-1.414,359425003.48,441610503.42
932000.CSI,20251120,3066.7756,3105.3309,3111.4343,3061.8474,3092.4723,-25.6967,-0.8309,347798541.76,414465609.617
932000.CSI,20251121,2944.5633,3026.4627,3049.4223,2944.5572,3066.7756,-122.2123,-3.985,417966330.84,480165487.844
932000.CSI,20251124,2999.2626,2963.5558,3012.613,2948.3271,2944.5633,54.6993,1.8576,339752974.89,413123618.321
932000.CSI,20251125,3051.7084,3012.959,3071.9933,3012.1889,2999.2626,52.4458,1.7486,343431032.08,445318379.982
932000.CSI,20251126,3041.4159,3046.9031,3075.6426,3035.4257,3051.7084,-10.2925,-0.3373,349866659.41,447467134.018
932000.CSI,20251127,3050.924,3039.6054,3073.1312,3038.8088,3041.4159,9.5081,0.3126,336909575.74,425123237.636
932000.CSI,20251128,3091.3782,3048.6667,3091.3782,3040.7371,3050.924,40.4542,1.326,339278742.12,422949518.461
932000.CSI,20251201,3112.9618,3095.5327,3116.5192,3094.5625,3091.3782,21.5836,0.6982,346782330.91,446103558.043
932000.CSI,20251202,3098.2434,3107.129,3107.291,3081.1688,3112.9618,-14.7184,-0.4728,338498062.69,409934463.322
932000.CSI,20251203,3066.4164,3099.4969,3104.2671,3056.2174,3098.2434,-31.827,-1.0273,361907691.35,434442848.625
932000.CSI,20251204,3043.529,3064.0451,3069.3366,3026.4525,3066.4164,-22.8874,-0.7464,341757485.31,400651955.767
932000.CSI,20251205,3100.3133,3042.1533,3100.3133,3028.0467,3043.529,56.7843,1.8657,345868610.48,429712966.341
932000.CSI,20251208,3145.7298,3110.8949,3153.714,3110.8949,3100.3133,45.4165,1.4649,377505929.89,492773321.96
932000.CSI,20251209,3128.9699,3136.758,3153.4814,3127.1274,3145.7298,-16.7599,-0.5328,359777735.28,472649468.328
932000.CSI,20251210,3134.4949,3122.0205,3139.1139,3106.0681,3128.9699,5.525,0.1766,366118020.28,458293501.434
932000.CSI,20251211,3081.3346,3139.213,3140.5679,3081.3346,3134.4949,-53.1603,-1.696,371570634.34,460954193.268
932000.CSI,20251212,3101.7655,3077.7387,3116.3684,3070.8408,3081.3346,20.4309,0.6631,357173914.26,478935292.735
932000.CSI,20251215,3094.4264,3090.1194,3120.111,3080.4496,3101.7655,-7.3391,-0.2366,319489984.7,413644785.687
932000.CSI,20251216,3041.0041,3089.0905,3089.6953,3027.1743,3094.4264,-53.4223,-1.7264,343160882.62,423170519.202
932000.CSI,20251217,3063.8605,3035.5666,3067.4483,3006.9562,3041.0041,22.8564,0.7516,338538348.92,427511842.406
932000.CSI,20251218,3066.0946,3045.4057,3098.2345,3043.282,3063.8605,2.2341,0.0729,316566003.98,412873246.239
932000.CSI,20251219,3111.1622,3074.3563,3115.9223,3074.3563,3066.0946,45.0676,1.4699,351228568.27,436498625.448
932000.CSI,20251222,3137.9195,3121.0064,3146.1265,3117.0078,3111.1622,26.7573,0.86,333951501.51,440633326.892
932000.CSI,20251223,3118.2996,3135.1428,3136.0222,3106.0437,3137.9195,-19.6199,-0.6253,348487779.81,466463210.033
932000.CSI,20251224,3166.7413,3113.8314,3167.7297,3112.2724,3118.2996,48.4417,1.5535,323058532.59,458508948.099
932000.CSI,20251225,3208.14,3169.0424,3211.4961,3166.8569,3166.7413,41.3987,1.3073,343642262.5,489735366.504
932000.CSI,20251226,3206.5109,3209.5591,3224.2871,3184.337,3208.14,-1.6291,-0.0508,371777680.92,530001696.206
932000.CSI,20251229,3205.927,3205.0709,3216.4139,3189.2653,3206.5109,-0.5839,-0.0182,352500197.95,502639400.965
932000.CSI,20251230,3200.1755,3190.1136,3219.6321,3183.0277,3205.927,-5.7515,-0.1794,351551113.59,514097430.391
932000.CSI,20251231,3203.2319,3205.8711,3214.6103,3177.5001,3200.1755,3.0564,0.0955,348470583.02,504002445.035
932000.CSI,20260105,3257.0905,3214.4087,3257.0905,3205.953,3203.2319,53.8586,1.6814,377994838.42,558610767.984
932000.CSI,20260106,3296.7971,3259.9684,3296.7971,3259.3061,3257.0905,39.7066,1.2191,398724373.79,594477447.027
932000.CSI,20260107,3313.9154,3295.0004,3323.0713,3287.1784,3296.7971,17.1183,0.5192,411159305.92,620697106.682
932000.CSI,20260108,3356.8917,3306.8,3363.3045,3305.2348,3313.9154,42.9763,1.2968,416257849.17,630215775.645
932000.CSI,20260109,3412.8377,3358.9862,3412.8377,3358.9862,3356.8917,55.946,1.6666,466531986.2,716818953.716
932000.CSI,20260112,3507.1141,3436.1502,3508.0483,3430.9324,3412.8377,94.2764,2.7624,525655947.93,811868566.46
932000.CSI,20260113,3444.3116,3515.2348,3515.3762,3436.1546,3507.1141,-62.8025,-1.7907,555830906.53,829429757.109
932000.CSI,20260114,3477.3626,3440.2968,3530.3962,3428.023,3444.3116,33.051,0.9596,575107469.08,864276361.056
932000.CSI,20260115,3443.4653,3442.8349,3462.7322,3413.4427,3477.3626,-33.8973,-0.9748,418861701.76,631896383.671
932000.CSI,20260116,3445.0691,3451.5186,3463.3123,3422.0883,3443.4653,1.6038,0.0466,416746758.11,635598342.873
932000.CSI,20260119,3484.432,3433.7781,3488.8,3433.7781,3445.0691,39.3629,1.1426,398498054.85,595027446.791
932000.CSI,20260120,3449.8185,3485.4065,3496.3883,3425.6769,3484.432,-34.6135,-0.9934,422342604.47,612019268.413
932000.CSI,20260121,3484.1848,3429.8051,3486.9015,3416.8902,3449.8185,34.3663,0.9962,381190474.22,555749855.857
932000.CSI,20260122,3519.0616,3492.9219,3519.0616,3485.8755,3484.1848,34.8768,1.001,389574324.46,569556862.502
932000.CSI,20260123,3584.3964,3529.6532,3584.3964,3523.1881,3519.0616,65.3348,1.8566,435195077.0,659652007.594
932000.CSI,20260126,3527.6287,3590.8828,3593.1909,3499.9076,3584.3964,-56.7677,-1.5837,467419195.34,684986548.128
932000.CSI,20260127,3537.2076,3509.7107,3538.5678,3439.435,3527.6287,9.5789,0.2715,410927354.94,601690380.302
932000.CSI,20260128,3511.3732,3534.7845,3548.3391,3502.0387,3537.2076,-25.8344,-0.7304,389733829.93,579416754.939
932000.CSI,20260129,3468.8146,3499.4614,3535.6053,3460.6468,3511.3732,-42.5586,-1.212,435605128.75,626785430.94
932000.CSI,20260130,3464.6869,3443.6376,3480.8888,3394.8606,3468.8146,-4.1277,-0.119,408421139.92,566425138.97
932000.CSI,20260202,3381.3605,3435.6974,3469.5937,3381.3605,3464.6869,-83.3264,-2.405,372595149.73,524916226.669
932000.CSI,20260203,3476.9308,3414.7033,3476.9308,3407.5815,3381.3605,95.5703,2.8264,348047082.23,517799725.241
932000.CSI,20260204,3480.8289,3468.6901,3484.4252,3444.3001,3476.9308,3.8981,0.1121,366074864.68,525699792.071
932000.CSI,20260205,3438.212,3451.0574,3468.0537,3425.8412,3480.8289,-42.6169,-1.2243,336477867.39,472917265.228
932000.CSI,20260206,3452.7846,3413.6622,3487.8811,3404.1239,3438.212,14.5726,0.4238,346409479.51,500452388.867
932000.CSI,20260209,3525.8316,3495.4988,3525.8354,3489.4726,3452.7846,73.047,2.1156,351660424.98,524870841.807
932000.CSI,20260210,3522.2271,3526.0486,3533.652,3505.2855,3525.8316,-3.6045,-0.1022,341630218.36,499000916.969
932000.CSI,20260211,3506.9743,3515.9096,3530.5107,3506.7889,3522.2271,-15.2528,-0.433,307547461.97,454606846.677
932000.CSI,20260212,3516.2864,3510.9073,3534.7694,3489.4082,3506.9743,9.3121,0.2655,326414684.69,483465950.479
932000.CSI,20260213,3493.1845,3505.5631,3536.3813,3491.1651,3516.2864,-23.1019,-0.657,286180529.43,434090960.164
932000.CSI,20260224,3536.6924,3530.8216,3547.885,3500.6706,3493.1845,43.5079,1.2455,329427375.93,485267169.713
932000.CSI,20260225,3573.6295,3541.4079,3577.6478,3530.6541,3536.6924,36.9371,1.0444,361067242.17,517633879.307
932000.CSI,20260226,3601.8886,3577.0768,3602.7188,3567.7181,3573.6295,28.2591,0.7908,369250933.49,547112565.871
932000.CSI,20260227,3630.8267,3579.9451,3630.8267,3576.6743,3601.8886,28.9381,0.8034,349199907.2,530339202.892
932000.CSI,20260302,3570.2415,3581.4837,3612.857,3544.67,3630.8267,-60.5852,-1.6686,423441358.03,630107206.217
932000.CSI,20260303,3421.7463,3578.0339,3583.1306,3418.8198,3570.2415,-148.4952,-4.1592,451636614.27,651621469.069
932000.CSI,20260304,3419.5692,3372.5109,3458.6599,3372.5109,3421.7463,-2.1771,-0.0636,361728720.82,499982995.733
932000.CSI,20260305,3475.276,3477.9789,3496.7396,3456.0761,3419.5692,55.7068,1.6291,371297972.68,536998362.193
932000.CSI,20260306,3521.9498,3458.5347,3527.107,3457.2692,3475.276,46.6738,1.343,353038194.25,507347123.311
932000.CSI,20260309,3492.6216,3466.949,3499.3364,3411.2957,3521.9498,-29.3282,-0.8327,386634018.16,553650134.26
932000.CSI,20260310,3568.9584,3517.9777,3569.1454,3517.9777,3492.6216,76.3368,2.1857,352630013.09,537136195.359
932000.CSI,20260311,3559.2449,3575.7573,3590.5432,3545.106,3568.9584,-9.7135,-0.2722,369508922.13,560818172.736
932000.CSI,20260312,3517.9944,3554.8666,3556.2927,3497.5971,3559.2449,-41.2505,-1.159,365377372.4,525605863.312
932000.CSI,20260313,3471.4975,3503.3635,3527.2938,3463.6534,3517.9944,-46.4969,-1.3217,362964882.68,504132007.172
932000.CSI,20260316,3482.1787,3468.6098,3482.1787,3433.3381,3471.4975,10.6812,0.3077,354773528.49,487926051.361
932000.CSI,20260317,3395.1872,3488.4577,3489.5937,3394.7405,3482.1787,-86.9915,-2.4982,351436204.84,476694376.713
932000.CSI,20260318,3448.3654,3405.7738,3448.3654,3387.3933,3395.1872,53.1782,1.5663,319698866.02,443943845.314
932000.CSI,20260319,3360.3286,3406.4458,3412.5922,3346.9789,3448.3654,-88.0368,-2.553,330332044.88,456387851.915
932000.CSI,20260320,3273.5389,3375.3851,3387.085,3273.5389,3360.3286,-86.7897,-2.5828,353549088.3,482742287.418
932000.CSI,20260323,3097.1313,3206.7676,3239.4876,3078.0531,3273.5389,-176.4076,-5.3889,402279162.49,508712678.592
932000.CSI,20260324,3213.0021,3162.1174,3213.0021,3106.1123,3097.1313,115.8708,3.7412,359135030.89,458328223.146
932000.CSI,20260325,3286.4031,3231.7727,3290.7536,3231.7727,3213.0021,73.401,2.2845,347969324.46,468318783.205
932000.CSI,20260326,3234.4746,3284.3085,3301.7759,3223.3057,3286.4031,-51.9285,-1.5801,337644961.9,451486906.912
932000.CSI,20260327,3285.1181,3191.3386,3294.2821,3189.5118,3234.4746,50.6435,1.5657,318143057.19,427279761.772
932000.CSI,20260330,3297.1653,3247.7058,3297.1653,3231.6592,3285.1181,12.0472,0.3667,327486844.6,439689589.257
932000.CSI,20260331,3242.2182,3290.5674,3318.6812,3242.2089,3297.1653,-54.9471,-1.6665,335965369.73,457672683.725
932000.CSI,20260401,3309.0422,3299.768,3309.6848,3273.4846,3242.2182,66.824,2.0611,331789138.06,471255990.676
932000.CSI,20260402,3251.0498,3297.1079,3309.9499,3231.196,3309.0422,-57.9924,-1.7525,336001848.89,454058242.004
932000.CSI,20260403,3183.9575,3258.3118,3261.1275,3179.4942,3251.0498,-67.0923,-2.0637,311692404.71,417573269.903
932000.CSI,20260407,3227.6057,3189.5952,3238.4525,3185.6592,3183.9575,43.6482,1.3709,290719840.49,396252088.029
932000.CSI,20260408,3369.8474,3288.8648,3369.8474,3288.8648,3227.6057,142.2417,4.407,352013186.24,516658432.595
932000.CSI,20260409,3344.6689,3343.5134,3361.9782,3328.8139,3369.8474,-25.1785,-0.7472,323614017.82,497553469.557
932000.CSI,20260410,3368.1968,3365.4623,3398.7999,3363.4161,3344.6689,23.5279,0.7034,322261943.83,500581016.098
932000.CSI,20260413,3378.44,3350.4497,3378.9603,3348.3247,3368.1968,10.2432,0.3041,310481312.02,463620170.711
932000.CSI,20260414,3421.6042,3401.1848,3421.6055,3381.6953,3378.44,43.1642,1.2776,332120175.99,515387635.627
932000.CSI,20260415,3405.5198,3435.7514,3442.8113,3396.8349,3421.6042,-16.0844,-0.4701,351962018.37,539227367.791
932000.CSI,20260416,3469.3604,3409.7888,3471.737,3398.8869,3405.5198,63.8406,1.8746,347644020.5,541035712.98
932000.CSI,20260417,3486.9088,3462.2065,3494.21,3452.4289,3469.3604,17.5484,0.5058,349335417.66,553682039.965
932000.CSI,20260420,3519.78,3489.5477,3520.3246,3483.882,3486.9088,32.8712,0.9427,352663983.48,585222393.423
932000.CSI,20260421,3513.4243,3507.5478,3514.3917,3481.418,3519.78,-6.3557,-0.1806,350901574.76,560038889.897
932000.CSI,20260422,3541.8714,3496.6538,3542.3913,3492.0233,3513.4243,28.4471,0.8097,341437144.28,572491756.061
932000.CSI,20260423,3485.3865,3538.7113,3540.8537,3460.698,3541.8714,-56.4849,-1.5948,372202241.65,599510136.239
932000.CSI,20260424,3458.9175,3466.9065,3481.9159,3431.5592,3485.3865,-26.469,-0.7594,356402605.55,556076997.039
932000.CSI,20260427,3493.789,3450.7593,3495.072,3426.2655,3458.9175,34.8715,1.0082,350287279.87,546420641.687
932000.CSI,20260428,3453.1333,3480.9288,3482.7708,3439.5871,3493.789,-40.6557,-1.1637,347071093.09,547212627.593
932000.CSI,20260429,3494.3908,3430.3893,3505.0898,3430.2924,3453.1333,41.2575,1.1948,344998793.87,543947186.993
932000.CSI,20260430,3512.5554,3495.8377,3518.6716,3493.8491,3494.3908,18.1646,0.5198,335879282.71,540998152.924
932000.CSI,20260506,3583.9252,3540.0901,3589.9724,3540.0901,3512.5554,71.3698,2.0318,371988008.36,632678467.709
932000.CSI,20260507,3653.1161,3593.2716,3653.1161,3587.3988,3583.9252,69.1909,1.9306,386904661.64,660607888.041
932000.CSI,20260508,3689.5483,3636.7594,3693.3422,3630.9799,3653.1161,36.4322,0.9973,382339753.78,663694924.094
932000.CSI,20260511,3731.607,3716.6162,3734.5482,3695.9718,3689.5483,42.0587,1.1399,396754466.24,730256793.85
932000.CSI,20260512,3698.8677,3733.248,3733.248,3671.3897,3731.607,-32.7393,-0.8774,378786573.86,681309982.697
932000.CSI,20260513,3753.2471,3682.3414,3753.8331,3679.5614,3698.8677,54.3794,1.4702,372713601.39,686302966.708
932000.CSI,20260514,3679.3023,3766.3001,3768.0829,3679.3023,3753.2471,-73.9448,-1.9702,391511499.58,705701176.132
932000.CSI,20260515,3663.8329,3680.3399,3720.2242,3634.4992,3679.3023,-15.4694,-0.4204,372713272.88,685234993.381
932000.CSI,20260518,3674.7006,3649.401,3688.4651,3630.3867,3663.8329,10.8677,0.2966,326405831.73,606794558.312
932000.CSI,20260519,3714.6643,3667.9238,3714.6643,3643.5724,3674.7006,39.9637,1.0875,323992455.63,609388379.015
932000.CSI,20260520,3700.6371,3697.3226,3704.1392,3664.631,3714.6643,-14.0272,-0.3776,326954096.64,618030598.904
932000.CSI,20260521,3570.5252,3712.9904,3734.2271,3563.8679,3700.6371,-130.1119,-3.5159,387051828.81,730110146.297
932000.CSI,20260522,3664.5212,3595.0746,3672.4874,3575.1588,3570.5252,93.996,2.6326,313142086.98,607438447.225
932000.CSI,20260525,3674.8203,3683.7782,3694.5521,3634.5465,3664.5212,10.2991,0.281,333421424.88,658476119.699
932000.CSI,20260526,3609.1698,3654.5968,3654.5968,3558.7285,3674.8203,-65.6505,-1.7865,340430469.75,636080531.452
932000.CSI,20260527,3534.2034,3602.5287,3615.0443,3509.6213,3609.1698,-74.9664,-2.0771,333251025.24,612074090.065
932000.CSI,20260528,3589.6986,3523.2241,3600.0374,3515.5846,3534.2034,55.4952,1.5702,316304220.92,585714781.175
932000.CSI,20260529,3470.6919,3598.2801,3603.2863,3452.7536,3589.6986,-119.0067,-3.3152,366437631.14,653421348.002
932000.CSI,20260601,3468.8676,3461.4289,3523.3102,3454.8225,3470.6919,-1.8243,-0.0526,328713093.06,549131891.333
932000.CSI,20260602,3460.3172,3467.3825,3476.2402,3379.3727,3468.8676,-8.5504,-0.2465,323454209.38,547659057.021
932000.CSI,20260603,3467.0201,3457.193,3500.9899,3428.1409,3460.3172,6.7029,0.1937,334630489.9,603635350.404
932000.CSI,20260604,3462.2428,3435.6415,3468.8502,3430.9792,3467.0201,-4.7773,-0.1378,327800703.98,565092734.791
932000.CSI,20260605,3466.5158,3454.0529,3517.6702,3413.8972,3462.2428,4.273,0.1234,366039667.47,637585877.893
932000.CSI,20260608,3354.7062,3350.601,3446.9247,3313.1396,3466.5158,-111.8096,-3.2254,351708683.42,579501062.157
932000.CSI,20260609,3429.466,3397.2962,3429.466,3350.1692,3354.7062,74.7598,2.2285,322068499.82,551805667.472
932000.CSI,20260610,3368.0292,3395.2187,3414.1954,3326.3957,3429.466,-61.4368,-1.7914,322135293.86,550242684.957
932000.CSI,20260611,3346.8774,3343.2002,3369.4725,3313.7852,3368.0292,-21.1518,-0.628,304079433.21,533218678.554
932000.CSI,20260612,3363.5154,3394.0889,3419.9669,3346.7012,3346.8774,16.638,0.4971,337202617.53,610139652.604
932000.CSI,20260615,3480.167,3387.6042,3480.167,3387.6042,3363.5154,116.6516,3.4681,311799564.14,533643565.697
932000.CSI,20260616,3537.9445,3482.2114,3545.5448,3466.8221,3480.167,57.7775,1.6602,315413385.02,562576145.902
932000.CSI,20260617,3547.9501,3516.6065,3556.4609,3514.7629,3537.9445,10.0056,0.2828,322148032.46,579484419.369
932000.CSI,20260618,3561.7105,3534.8231,3577.8072,3519.3568,3547.9501,13.7604,0.3878,311995379.56,577201740.139
932000.CSI,20260622,3589.0089,3575.1163,3589.0089,3482.0589,3561.7105,27.2984,0.7664,355242131.18,648884303.562
932000.CSI,20260623,3571.3476,3582.7163,3626.4841,3548.9289,3589.0089,-17.6613,-0.4921,340911636.43,607729989.09
932000.CSI,20260624,3569.4094,3550.3895,3569.8715,3499.587,3571.3476,-1.9382,-0.0543,332978750.47,590861973.844
932000.CSI,20260625,3538.0935,3571.8424,3582.0854,3516.5601,3569.4094,-31.3159,-0.8773,337252882.61,623408957.621
932000.CSI,20260626,3446.9849,3517.475,3520.4862,3437.5816,3538.0935,-91.1086,-2.5751,324742941.31,592456059.372
932000.CSI,20260629,3415.0058,3446.7638,3458.0482,3350.1368,3446.9849,-31.9791,-0.9277,333579051.16,605868159.751
932000.CSI,20260630,3494.5864,3407.7019,3494.9357,3385.1468,3415.0058,79.5806,2.3303,303217503.97,566307789.541
932000.CSI,20260701,3545.3819,3497.9884,3564.6253,3492.5728,3494.5864,50.7955,1.4535,344852403.14,623370751.907
932000.CSI,20260702,3481.7066,3488.6372,3570.4497,3471.2185,3545.3819,-63.6753,-1.796,332704018.76,592767538.562
932000.CSI,20260703,3487.715,3480.4876,3524.7171,3458.8693,3481.7066,6.0084,0.1726,312081687.18,552698104.488
932000.CSI,20260706,3413.5572,3496.2247,3510.4045,3398.359,3487.715,-74.1578,-2.1263,299160071.63,527991342.043
932000.CSI,20260707,3313.1095,3399.7375,3419.9776,3300.812,3413.5572,-100.4477,-2.9426,263715328.05,438713461.948
932000.CSI,20260708,3233.4737,3316.5086,3320.1366,3223.8081,3313.1095,-79.6358,-2.4037,251846230.7,415602569.169
932000.CSI,20260709,3277.0738,3242.9279,3279.4604,3149.7187,3233.4737,43.6001,1.3484,276782792.75,451375999.851
932000.CSI,20260710,3272.9877,3276.7552,3358.7835,3272.9766,3277.0738,-4.0861,-0.1247,322064315.37,517009486.392
932000.CSI,20260713,3088.0007,3249.745,3257.3876,3078.3061,3272.9877,-184.987,-5.6519,293796380.9,449169554.495
932000.CSI,20260714,3143.758,3087.4574,3145.11,3030.8792,3088.0007,55.7573,1.8056,271192137.56,402361842.197
932000.CSI,20260715,3118.7468,3149.3483,3177.9617,3105.2466,3143.758,-25.0112,-0.7956,282985570.73,395021011.473
932000.CSI,20260716,3060.6182,3084.044,3138.9188,3046.4279,3118.7468,-58.1286,-1.8638,274420410.57,378357770.137
932000.CSI,20260717,2871.411,3048.5357,3052.7267,2850.9091,3060.6182,-189.2072,-6.182,315608743.18,413202081.984
932000.CSI,20260720,2754.7279,2898.6364,2915.0046,2708.9392,2871.411,-116.6831,-4.0636,326553110.52,418636537.218
932000.CSI,20260721,2821.8145,2758.3459,2821.8191,2585.3525,2754.7279,67.0866,2.4353,348444687.08,445886002.092
932000.CSI,20260722,2786.2781,2798.526,2843.7479,2766.9626,2821.8145,-35.5364,-1.2593,269426658.57,366004069.481
932000.CSI,20260723,2832.8432,2785.497,2834.2484,2783.291,2786.2781,46.5651,1.6712,268868896.37,338295177.991
932000.CSI,20260724,2754.6389,2799.5232,2822.3421,2752.7286,2832.8432,-78.2043,-2.7606,244851775.92,303187019.094
932000.CSI,20260727,2851.7202,2748.1107,2851.7202,2746.2948,2754.6389,97.0813,3.5243,251783199.26,315389981.838
932000.CSI,20260728,2803.3707,2822.9398,2868.4266,2791.0662,2851.7202,-48.3495,-1.6955,253159749.28,316429266.703
932000.CSI,20260729,2815.1152,2801.4676,2829.3289,2758.9684,2803.3707,11.7445,0.4189,280192523.06,342474624.192
932000.CSI,20260730,2722.1273,2801.3448,2825.3897,2711.8393,2815.1152,-92.9879,-3.3032,288606243.29,346591122.125
932000.CSI,20260731,2809.2143,2779.5447,2843.5942,2779.5447,2722.1273,87.087,3.1992,291521684.39,373207721.503
