ts_code,trade_date,open,close,high,low,pre_close,change,pct_chg,swing,vol
SPX,20160104,2038.2,2012.66,2038.2,1989.6801,2043.94,-31.28,-1.5304,2.37,430488.0
SPX,20160105,2013.78,2016.71,2021.9399,2004.17,2012.66,4.05,0.2012,0.88,370662.0
SPX,20160106,2011.71,1990.26,2011.71,1979.05,2016.71,-26.45,-1.3115,1.62,433666.0
SPX,20160107,1985.3199,1943.09,1985.3199,1938.83,1990.26,-47.17,-2.37,2.34,507659.0
SPX,20160108,1945.97,1922.03,1960.4,1918.46,1943.09,-21.06,-1.0838,2.16,466494.0
SPX,20160111,1926.12,1923.67,1935.65,1901.1,1922.03,1.64,0.0853,1.8,460729.0
SPX,20160112,1927.83,1938.68,1947.38,1914.35,1923.67,15.01,0.7803,1.72,488726.0
SPX,20160113,1940.34,1890.28,1950.33,1886.41,1938.68,-48.4,-2.4965,3.3,508703.0
SPX,20160114,1891.6801,1921.84,1934.47,1878.9301,1890.28,31.56,1.6696,2.94,524111.0
SPX,20160115,1916.6801,1880.33,1916.6801,1857.83,1921.84,-41.51,-2.1599,3.06,546846.0
SPX,20160119,1888.66,1881.33,1901.4399,1864.6,1880.33,1.0,0.0532,1.96,492835.0
SPX,20160120,1876.1801,1859.33,1876.1801,1812.29,1881.33,-22.0,-1.1694,3.4,641607.0
SPX,20160121,1861.46,1868.99,1889.85,1848.98,1859.33,9.66,0.5195,2.2,507881.0
SPX,20160122,1877.4,1906.9,1908.85,1877.4,1868.99,37.91,2.0284,1.68,490176.0
SPX,20160125,1906.28,1877.08,1906.28,1875.97,1906.9,-29.82,-1.5638,1.59,440138.0
SPX,20160126,1878.79,1903.63,1906.73,1878.79,1877.08,26.55,1.4144,1.49,435794.0
SPX,20160127,1902.52,1882.95,1916.99,1872.7,1903.63,-20.68,-1.0863,2.33,475404.0
SPX,20160128,1885.22,1893.36,1902.96,1873.65,1882.95,10.41,0.5529,1.56,469301.0
SPX,20160129,1894.0,1940.24,1940.24,1894.0,1893.36,46.88,2.476,2.44,549757.0
SPX,20160201,1936.9399,1939.38,1947.2,1920.3,1940.24,-0.86,-0.0443,1.39,432253.0
SPX,20160202,1935.26,1903.03,1935.26,1897.29,1939.38,-36.35,-1.8743,1.96,446319.0
SPX,20160203,1907.0699,1912.53,1918.01,1872.23,1903.03,9.5,0.4992,2.41,517295.0
SPX,20160204,1911.67,1915.45,1927.35,1900.52,1912.53,2.92,0.1527,1.4,519332.0
SPX,20160205,1913.0699,1880.05,1913.0699,1872.65,1915.45,-35.4,-1.8481,2.11,492994.0
SPX,20160208,1873.25,1853.44,1873.25,1828.46,1880.05,-26.61,-1.4154,2.38,563646.0
SPX,20160209,1848.46,1852.21,1868.25,1834.9399,1853.44,-1.23,-0.0664,1.8,518322.0
SPX,20160210,1857.1,1851.86,1881.6,1850.3199,1852.21,-0.35,-0.0189,1.69,447117.0
SPX,20160211,1847.0,1829.08,1847.0,1810.1,1851.86,-22.78,-1.2301,1.99,550080.0
SPX,20160212,1833.4,1864.78,1864.78,1833.4,1829.08,35.7,1.9518,1.72,469692.0
SPX,20160216,1871.4399,1895.58,1895.77,1871.4399,1864.78,30.8,1.6517,1.3,457067.0
SPX,20160217,1898.8,1926.82,1930.6801,1898.8,1895.58,31.24,1.648,1.68,501154.0
SPX,20160218,1927.5699,1917.83,1930.0,1915.09,1926.82,-8.99,-0.4666,0.77,443649.0
SPX,20160219,1916.74,1917.78,1918.78,1902.17,1917.83,-0.05,-0.0026,0.87,414285.0
SPX,20160222,1924.4399,1945.5,1946.7,1924.4399,1917.78,27.72,1.4454,1.16,405471.0
SPX,20160223,1942.38,1921.27,1942.38,1919.4399,1945.5,-24.23,-1.2454,1.18,389065.0
SPX,20160224,1917.5601,1929.8,1932.08,1891.0,1921.27,8.53,0.444,2.14,431725.0
SPX,20160225,1931.87,1951.7,1951.83,1925.41,1929.8,21.9,1.1348,1.37,411821.0
SPX,20160226,1954.95,1948.05,1962.96,1945.78,1951.7,-3.65,-0.187,0.88,434851.0
SPX,20160229,1947.13,1932.23,1958.27,1931.8101,1948.05,-15.82,-0.8121,1.36,458818.0
SPX,20160301,1937.09,1978.35,1978.35,1937.09,1932.23,46.12,2.3869,2.14,481975.0
SPX,20160302,1976.6,1986.45,1986.51,1968.8,1978.35,8.1,0.4094,0.9,466661.0
SPX,20160303,1985.6,1993.4,1993.6899,1977.37,1986.45,6.95,0.3499,0.82,508170.0
SPX,20160304,1994.01,1999.99,2009.13,1986.77,1993.4,6.59,0.3306,1.12,604993.0
SPX,20160307,1996.11,2001.76,2006.12,1989.38,1999.99,1.77,0.0885,0.84,496818.0
SPX,20160308,1996.88,1979.26,1996.88,1977.4301,2001.76,-22.5,-1.124,0.97,464165.0
SPX,20160309,1981.4399,1989.26,1992.6899,1979.84,1979.26,10.0,0.5052,0.65,403812.0
SPX,20160310,1990.97,1989.57,2005.08,1969.25,1989.26,0.31,0.0156,1.8,437679.0
SPX,20160311,1994.71,2022.19,2022.37,1994.71,1989.57,32.62,1.6396,1.39,407862.0
SPX,20160314,2019.27,2019.64,2024.5699,2012.05,2022.19,-2.55,-0.1261,0.62,348785.0
SPX,20160315,2015.27,2015.93,2015.9399,2005.23,2019.64,-3.71,-0.1837,0.53,356028.0
SPX,20160316,2014.24,2027.22,2032.02,2010.04,2015.93,11.29,0.56,1.09,405702.0
SPX,20160317,2026.9,2040.59,2046.24,2022.16,2027.22,13.37,0.6595,1.19,453048.0
SPX,20160318,2041.16,2049.58,2052.3601,2041.16,2040.59,8.99,0.4406,0.55,650314.0
SPX,20160321,2047.88,2051.6,2053.9099,2043.14,2049.58,2.02,0.0986,0.53,337660.0
SPX,20160322,2048.6399,2049.8,2056.6001,2040.5699,2051.6,-1.8,-0.0877,0.78,341846.0
SPX,20160323,2048.55,2036.71,2048.55,2034.86,2049.8,-13.09,-0.6386,0.67,363951.0
SPX,20160324,2032.48,2035.94,2036.04,2022.49,2036.71,-0.77,-0.0378,0.67,340772.0
SPX,20160328,2037.89,2037.05,2042.67,2031.96,2035.94,1.11,0.0545,0.53,280909.0
SPX,20160329,2035.75,2055.01,2055.9099,2028.3101,2037.05,17.96,0.8817,1.35,382233.0
SPX,20160330,2058.27,2063.95,2072.21,2058.27,2055.01,8.94,0.435,0.68,359031.0
SPX,20160331,2063.77,2059.74,2067.9199,2057.46,2063.95,-4.21,-0.204,0.51,371528.0
SPX,20160401,2056.6201,2072.78,2075.0701,2043.98,2059.74,13.04,0.6331,1.51,374999.0
SPX,20160404,2073.1899,2066.13,2074.02,2062.5701,2072.78,-6.65,-0.3208,0.55,348571.0
SPX,20160405,2062.5,2045.17,2062.5,2042.5601,2066.13,-20.96,-1.0145,0.97,415492.0
SPX,20160406,2045.5601,2066.66,2067.3301,2043.09,2045.17,21.49,1.0508,1.19,375080.0
SPX,20160407,2063.01,2041.91,2063.01,2033.8,2066.66,-24.75,-1.1976,1.41,380125.0
SPX,20160408,2045.54,2047.6,2060.6299,2041.6899,2041.91,5.69,0.2787,0.93,335953.0
SPX,20160411,2050.23,2041.99,2062.9299,2041.88,2047.6,-5.61,-0.274,1.03,356784.0
SPX,20160412,2043.72,2061.72,2065.05,2039.74,2041.99,19.73,0.9662,1.24,423974.0
SPX,20160413,2065.9199,2082.42,2083.1799,2065.9199,2061.72,20.7,1.004,0.84,419183.0
SPX,20160414,2082.8899,2082.78,2087.8401,2078.1299,2082.42,0.36,0.0173,0.47,376587.0
SPX,20160415,2083.1001,2080.73,2083.22,2076.3101,2082.78,-2.05,-0.0984,0.33,370145.0
SPX,20160418,2078.8301,2094.34,2094.6599,2073.6499,2080.73,13.61,0.6541,1.01,331688.0
SPX,20160419,2096.05,2100.8,2104.05,2091.6799,2094.34,6.46,0.3085,0.59,389683.0
SPX,20160420,2101.52,2102.4,2111.05,2096.3201,2100.8,1.6,0.0762,0.7,418488.0
SPX,20160421,2102.0901,2091.48,2103.78,2088.52,2102.4,-10.92,-0.5194,0.73,417529.0
SPX,20160422,2091.49,2091.58,2094.3201,2081.2,2091.48,0.1,0.0048,0.63,379058.0
SPX,20160425,2089.3701,2087.79,2089.3701,2077.52,2091.58,-3.79,-0.1812,0.57,331974.0
SPX,20160426,2089.8401,2091.7,2096.8701,2085.8,2087.79,3.91,0.1873,0.53,355719.0
SPX,20160427,2092.3301,2095.15,2099.8899,2082.3101,2091.7,3.45,0.1649,0.84,410011.0
SPX,20160428,2090.9299,2075.81,2099.3,2071.6201,2095.15,-19.34,-0.9231,1.32,430984.0
SPX,20160429,2071.8201,2065.3,2073.8501,2052.28,2075.81,-10.51,-0.5063,1.04,470472.0
SPX,20160502,2067.1699,2081.43,2083.4199,2066.1101,2065.3,16.13,0.781,0.84,384111.0
SPX,20160503,2077.1799,2063.37,2077.1799,2054.8899,2081.43,-18.06,-0.8677,1.07,417339.0
SPX,20160504,2060.3,2051.12,2060.3,2045.55,2063.37,-12.25,-0.5937,0.71,405856.0
SPX,20160505,2052.95,2050.63,2060.23,2045.77,2051.12,-0.49,-0.0239,0.7,400853.0
SPX,20160506,2047.77,2057.14,2057.72,2039.45,2050.63,6.51,0.3175,0.89,379635.0
SPX,20160509,2057.55,2058.69,2064.1499,2054.3101,2057.14,1.55,0.0753,0.48,378862.0
SPX,20160510,2062.6299,2084.39,2084.8701,2062.6299,2058.69,25.7,1.2484,1.08,360020.0
SPX,20160511,2083.29,2064.46,2083.29,2064.46,2084.39,-19.93,-0.9562,0.9,382198.0
SPX,20160512,2067.1699,2064.11,2073.99,2053.1299,2064.46,-0.35,-0.017,1.01,378239.0
SPX,20160513,2062.5,2046.61,2066.79,2043.13,2064.11,-17.5,-0.8478,1.15,357988.0
SPX,20160516,2046.53,2066.66,2071.8799,2046.53,2046.61,20.05,0.9797,1.24,350136.0
SPX,20160517,2065.04,2047.21,2065.6899,2040.8199,2066.66,-19.45,-0.9411,1.2,410896.0
SPX,20160518,2044.38,2047.63,2060.6101,2034.49,2047.21,0.42,0.0205,1.28,410132.0
SPX,20160519,2044.21,2040.04,2044.21,2025.91,2047.63,-7.59,-0.3707,0.89,384677.0
SPX,20160520,2041.88,2052.32,2058.3501,2041.88,2040.04,12.28,0.6019,0.81,350765.0
SPX,20160523,2052.23,2048.04,2055.5801,2047.26,2052.32,-4.28,-0.2085,0.41,305548.0
SPX,20160524,2052.6499,2076.06,2079.6699,2052.6499,2048.04,28.02,1.3681,1.32,362734.0
SPX,20160525,2078.9299,2090.54,2094.73,2078.9299,2076.06,14.48,0.6975,0.76,385916.0
SPX,20160526,2091.4399,2090.1,2094.3,2087.0801,2090.54,-0.44,-0.021,0.35,323099.0
SPX,20160527,2090.0601,2099.06,2099.0601,2090.0601,2090.1,8.96,0.4287,0.43,307915.0
SPX,20160531,2100.1299,2096.96,2103.48,2088.6599,2099.06,-2.1,-0.1,0.71,451441.0
SPX,20160601,2093.9399,2099.33,2100.97,2085.1001,2096.96,2.37,0.113,0.76,352517.0
SPX,20160602,2097.71,2105.26,2105.26,2088.5901,2099.33,5.93,0.2825,0.79,363272.0
SPX,20160603,2104.0701,2099.13,2104.0701,2085.3601,2105.26,-6.13,-0.2912,0.89,362778.0
SPX,20160606,2100.8301,2109.41,2113.3601,2100.8301,2099.13,10.28,0.4897,0.6,344202.0
SPX,20160607,2110.1799,2112.13,2119.22,2110.1799,2109.41,2.72,0.1289,0.43,353473.0
SPX,20160608,2112.71,2119.12,2120.55,2112.71,2112.13,6.99,0.3309,0.37,356206.0
SPX,20160609,2115.6499,2115.48,2117.6399,2107.73,2119.12,-3.64,-0.1718,0.47,329032.0
SPX,20160610,2109.5701,2096.07,2109.5701,2089.96,2115.48,-19.41,-0.9175,0.93,351501.0
SPX,20160613,2091.75,2079.06,2098.1201,2078.46,2096.07,-17.01,-0.8115,0.94,339203.0
SPX,20160614,2076.6499,2075.32,2081.3,2064.1001,2079.06,-3.74,-0.1799,0.83,375977.0
SPX,20160615,2077.6001,2071.5,2085.6499,2069.8,2075.32,-3.82,-0.1841,0.76,354472.0
SPX,20160616,2066.3601,2077.99,2079.6201,2050.3701,2071.5,6.49,0.3133,1.41,362828.0
SPX,20160617,2078.2,2071.22,2078.2,2062.8401,2077.99,-6.77,-0.3258,0.74,495263.0
SPX,20160620,2075.5801,2083.25,2100.6599,2075.5801,2071.22,12.03,0.5808,1.21,346744.0
SPX,20160621,2085.1899,2088.9,2093.6599,2083.02,2083.25,5.65,0.2712,0.51,323288.0
SPX,20160622,2089.75,2085.45,2099.71,2084.3601,2088.9,-3.45,-0.1652,0.73,316816.0
SPX,20160623,2092.8,2113.32,2113.3201,2092.8,2085.45,27.87,1.3364,0.98,329794.0
SPX,20160624,2103.8101,2037.41,2103.8101,2032.5699,2113.32,-75.91,-3.592,3.37,759745.0
SPX,20160627,2031.45,2000.54,2031.45,1991.6801,2037.41,-36.87,-1.8097,1.95,543122.0
SPX,20160628,2006.67,2036.09,2036.09,2006.67,2000.54,35.55,1.777,1.47,438581.0
SPX,20160629,2042.6899,2070.77,2073.1299,2042.6899,2036.09,34.68,1.7033,1.5,424174.0
SPX,20160630,2073.1699,2098.86,2098.9399,2070.0,2070.77,28.09,1.3565,1.4,462282.0
SPX,20160701,2099.3401,2102.95,2108.71,2097.8999,2098.86,4.09,0.1949,0.52,345889.0
SPX,20160705,2095.05,2088.55,2095.05,2080.8601,2102.95,-14.4,-0.6848,0.67,365838.0
SPX,20160706,2084.4299,2099.73,2100.72,2074.02,2088.55,11.18,0.5353,1.28,390938.0
SPX,20160707,2100.4199,2097.9,2109.0801,2089.3899,2099.73,-1.83,-0.0872,0.94,360455.0
SPX,20160708,2106.97,2129.9,2131.71,2106.97,2097.9,32.0,1.5253,1.18,360750.0
SPX,20160711,2131.72,2137.16,2143.1599,2131.72,2129.9,7.26,0.3409,0.54,325334.0
SPX,20160712,2139.5,2152.14,2155.3999,2139.5,2137.16,14.98,0.7009,0.74,409782.0
SPX,20160713,2153.8101,2152.43,2156.45,2146.21,2152.14,0.29,0.0135,0.48,350232.0
SPX,20160714,2157.8799,2163.75,2168.99,2157.8799,2152.43,11.32,0.5259,0.52,346561.0
SPX,20160715,2165.1299,2161.74,2169.05,2155.79,2163.75,-2.01,-0.0929,0.61,312260.0
SPX,20160718,2162.04,2166.89,2168.3501,2159.6299,2161.74,5.15,0.2382,0.4,300931.0
SPX,20160719,2163.79,2163.78,2164.6299,2159.01,2166.89,-3.11,-0.1435,0.26,296834.0
SPX,20160720,2166.1001,2173.02,2175.6299,2164.8899,2163.78,9.24,0.427,0.5,321186.0
SPX,20160721,2172.9099,2165.17,2174.5601,2159.75,2173.02,-7.85,-0.3612,0.68,343890.0
SPX,20160722,2166.47,2175.03,2175.1101,2163.24,2165.17,9.86,0.4554,0.55,302328.0
SPX,20160725,2173.71,2168.48,2173.71,2161.95,2175.03,-6.55,-0.3011,0.54,305724.0
SPX,20160726,2168.97,2169.18,2173.54,2160.1799,2168.48,0.7,0.0323,0.62,344235.0
SPX,20160727,2169.8101,2166.58,2174.98,2159.0701,2169.18,-2.6,-0.1199,0.73,399550.0
SPX,20160728,2166.05,2170.06,2172.8501,2159.74,2166.58,3.48,0.1606,0.61,366424.0
SPX,20160729,2168.8301,2173.6,2177.0901,2163.49,2170.06,3.54,0.1631,0.63,403884.0
SPX,20160801,2173.1499,2170.84,2178.29,2166.21,2173.6,-2.76,-0.127,0.56,350599.0
SPX,20160802,2169.9399,2157.03,2170.2,2147.5801,2170.84,-13.81,-0.6362,1.04,384875.0
SPX,20160803,2156.8101,2163.79,2163.79,2152.5601,2157.03,6.76,0.3134,0.52,378653.0
SPX,20160804,2163.51,2164.25,2168.1899,2159.0701,2163.79,0.46,0.0213,0.42,370920.0
SPX,20160805,2168.79,2182.87,2182.8701,2168.79,2164.25,18.62,0.8603,0.65,366307.0
SPX,20160808,2183.76,2180.89,2185.4399,2177.8501,2182.87,-1.98,-0.0907,0.35,332755.0
SPX,20160809,2182.24,2181.74,2187.6599,2178.6101,2180.89,0.85,0.039,0.41,333430.0
SPX,20160810,2182.8101,2175.49,2183.4099,2172.0,2181.74,-6.25,-0.2865,0.52,325495.0
SPX,20160811,2177.97,2185.79,2188.45,2177.97,2175.49,10.3,0.4735,0.48,342316.0
SPX,20160812,2183.74,2184.05,2186.28,2179.4199,2185.79,-1.74,-0.0796,0.31,300066.0
SPX,20160815,2186.0801,2190.15,2193.8101,2186.0801,2184.05,6.1,0.2793,0.35,307853.0
SPX,20160816,2186.24,2178.15,2186.24,2178.1399,2190.15,-12.0,-0.5479,0.37,319640.0
SPX,20160817,2177.8401,2182.22,2183.0801,2168.5,2178.15,4.07,0.1869,0.67,338891.0
SPX,20160818,2181.8999,2187.02,2187.03,2180.46,2182.22,4.8,0.22,0.3,330057.0
SPX,20160819,2184.24,2183.87,2185.0,2175.1299,2187.02,-3.15,-0.144,0.45,308480.0
SPX,20160822,2181.5801,2182.64,2185.1499,2175.96,2183.87,-1.23,-0.0563,0.42,277755.0
SPX,20160823,2187.8101,2186.9,2193.4199,2186.8,2182.64,4.26,0.1952,0.3,304149.0
SPX,20160824,2185.0901,2175.44,2186.6599,2171.25,2186.9,-11.46,-0.524,0.7,314828.0
SPX,20160825,2173.29,2172.47,2179.0,2169.74,2175.44,-2.97,-0.1365,0.43,296931.0
SPX,20160826,2175.1001,2169.04,2187.9399,2160.3899,2172.47,-3.43,-0.1579,1.27,334234.0
SPX,20160829,2170.1899,2180.38,2183.48,2170.1899,2169.04,11.34,0.5228,0.61,265478.0
SPX,20160830,2179.45,2176.12,2182.27,2170.4099,2180.38,-4.26,-0.1954,0.54,300680.0
SPX,20160831,2173.5601,2170.95,2173.79,2161.3501,2176.12,-5.17,-0.2376,0.57,376639.0
SPX,20160901,2171.3301,2170.86,2173.5601,2157.0901,2170.95,-0.09,-0.0041,0.76,339212.0
SPX,20160902,2177.49,2179.98,2184.8701,2173.5901,2170.86,9.12,0.4201,0.52,309112.0
SPX,20160906,2181.6101,2186.48,2186.5701,2175.1001,2179.98,6.5,0.2982,0.53,344765.0
SPX,20160907,2185.1699,2186.16,2187.8701,2179.0701,2186.48,-0.32,-0.0146,0.4,331942.0
SPX,20160908,2182.76,2181.3,2184.9399,2177.49,2186.16,-4.86,-0.2223,0.34,372784.0
SPX,20160909,2169.0801,2127.81,2169.0801,2127.81,2181.3,-53.49,-2.4522,1.89,423396.0
SPX,20160912,2120.8601,2159.04,2163.3,2119.1201,2127.81,31.23,1.4677,2.08,401048.0
SPX,20160913,2150.47,2127.02,2150.47,2120.27,2159.04,-32.02,-1.4831,1.4,414167.0
SPX,20160914,2127.8601,2125.77,2141.3301,2119.8999,2127.02,-1.25,-0.0588,1.01,366410.0
SPX,20160915,2125.3601,2147.26,2151.3101,2122.3601,2125.77,21.49,1.0109,1.36,337372.0
SPX,20160916,2146.48,2139.16,2146.48,2131.2,2147.26,-8.1,-0.3772,0.71,501436.0
SPX,20160919,2143.99,2139.12,2153.6101,2135.9099,2139.16,-0.04,-0.0019,0.83,314182.0
SPX,20160920,2145.9399,2139.76,2150.8,2139.1699,2139.12,0.64,0.0299,0.54,311738.0
SPX,20160921,2144.5801,2163.12,2165.1101,2139.5701,2139.76,23.36,1.0917,1.19,368545.0
SPX,20160922,2170.9399,2177.18,2179.99,2170.9399,2163.12,14.06,0.65,0.42,352386.0
SPX,20160923,2173.29,2164.69,2173.75,2163.97,2177.18,-12.49,-0.5737,0.45,328986.0
SPX,20160926,2158.54,2146.1,2158.54,2145.04,2164.69,-18.59,-0.8588,0.62,319991.0
SPX,20160927,2146.04,2159.93,2161.1299,2141.55,2146.1,13.83,0.6444,0.91,341409.0
SPX,20160928,2161.8501,2171.37,2172.3999,2151.79,2159.93,11.44,0.5296,0.95,386039.0
SPX,20160929,2168.8999,2151.13,2172.6699,2145.2,2171.37,-20.24,-0.9321,1.27,421562.0
SPX,20160930,2156.51,2168.27,2175.3,2156.51,2151.13,17.14,0.7968,0.87,415880.0
SPX,20161003,2164.3301,2161.2,2164.4099,2154.77,2168.27,-7.07,-0.3261,0.44,311385.0
SPX,20161004,2163.3701,2150.49,2165.46,2144.01,2161.2,-10.71,-0.4956,0.99,371610.0
SPX,20161005,2155.1499,2159.73,2163.95,2155.1499,2150.49,9.24,0.4297,0.41,388371.0
SPX,20161006,2158.22,2160.77,2162.9299,2150.28,2159.73,1.04,0.0482,0.59,343804.0
SPX,20161007,2164.1899,2153.74,2165.8601,2144.8501,2160.77,-7.03,-0.3253,0.97,357877.0
SPX,20161010,2160.3899,2163.66,2169.6001,2160.3899,2153.74,9.92,0.4606,0.43,288197.0
SPX,20161011,2161.3501,2136.73,2161.5601,2128.8401,2163.66,-26.93,-1.2447,1.51,339306.0
SPX,20161012,2137.6699,2139.18,2145.3601,2132.77,2136.73,2.45,0.1147,0.59,295951.0
SPX,20161013,2130.26,2132.55,2138.1899,2114.72,2139.18,-6.63,-0.3099,1.1,353803.0
SPX,20161014,2139.6799,2132.98,2149.1899,2132.98,2132.55,0.43,0.0202,0.76,318791.0
SPX,20161017,2132.95,2126.5,2135.6101,2124.4299,2132.98,-6.48,-0.3038,0.52,283244.0
SPX,20161018,2138.3101,2139.6,2144.3799,2135.49,2126.5,13.1,0.616,0.42,317294.0
SPX,20161019,2140.8101,2144.29,2148.4399,2138.1499,2139.6,4.69,0.2192,0.48,336499.0
SPX,20161020,2142.51,2141.34,2147.1799,2133.4399,2144.29,-2.95,-0.1376,0.64,333932.0
SPX,20161021,2139.4299,2141.16,2142.6299,2130.0901,2141.34,-0.18,-0.0084,0.59,345639.0
SPX,20161024,2148.5,2151.33,2154.79,2146.9099,2141.16,10.17,0.475,0.37,335995.0
SPX,20161025,2149.72,2143.16,2151.4399,2141.9299,2151.33,-8.17,-0.3798,0.44,375620.0
SPX,20161026,2136.97,2139.43,2145.73,2131.5901,2143.16,-3.73,-0.174,0.66,377812.0
SPX,20161027,2144.0601,2133.04,2147.1299,2132.52,2139.43,-6.39,-0.2987,0.68,420940.0
SPX,20161028,2132.23,2126.41,2140.72,2119.3601,2133.04,-6.63,-0.3108,1.0,402827.0
SPX,20161031,2129.78,2126.15,2133.25,2125.53,2126.41,-0.26,-0.0122,0.36,392656.0
SPX,20161101,2128.6799,2111.72,2131.45,2097.8501,2126.15,-14.43,-0.6787,1.58,453919.0
SPX,20161102,2109.4299,2097.94,2111.76,2094.0,2111.72,-13.78,-0.6525,0.84,428912.0
SPX,20161103,2098.8,2088.66,2102.5601,2085.23,2097.94,-9.28,-0.4423,0.83,389210.0
SPX,20161104,2083.79,2085.18,2099.0701,2083.79,2088.66,-3.48,-0.1666,0.73,384191.0
SPX,20161107,2100.5901,2131.52,2132.0,2100.5901,2085.18,46.34,2.2224,1.51,373972.0
SPX,20161108,2129.9199,2139.56,2146.8701,2123.5601,2131.52,8.04,0.3772,1.09,392185.0
SPX,20161109,2131.5601,2163.26,2170.1001,2125.3501,2139.56,23.7,1.1077,2.09,626759.0
SPX,20161110,2167.49,2167.48,2182.3,2151.1699,2163.26,4.22,0.1951,1.44,645845.0
SPX,20161111,2162.71,2164.45,2165.9199,2152.49,2167.48,-3.03,-0.1398,0.62,499399.0
SPX,20161114,2165.6399,2164.2,2171.3601,2156.0801,2164.45,-0.25,-0.0116,0.71,537367.0
SPX,20161115,2168.29,2180.39,2180.8401,2166.3799,2164.2,16.19,0.7481,0.67,454811.0
SPX,20161116,2177.53,2176.94,2179.22,2172.2,2180.39,-3.45,-0.1582,0.32,384790.0
SPX,20161117,2178.6101,2187.12,2188.0601,2176.6499,2176.94,10.18,0.4676,0.52,381173.0
SPX,20161118,2186.8501,2181.9,2189.8899,2180.3799,2187.12,-5.22,-0.2387,0.43,358090.0
SPX,20161121,2186.4299,2198.18,2198.7,2186.4299,2181.9,16.28,0.7461,0.56,361150.0
SPX,20161122,2201.5601,2202.94,2204.8,2194.51,2198.18,4.76,0.2165,0.47,396052.0
SPX,20161123,2198.55,2204.72,2204.72,2194.51,2202.94,1.78,0.0808,0.46,341985.0
SPX,20161125,2206.27,2213.35,2213.3501,2206.27,2204.72,8.63,0.3914,0.32,158459.0
SPX,20161128,2210.21,2201.72,2211.1399,2200.3601,2213.35,-11.63,-0.5254,0.49,351510.0
SPX,20161129,2200.76,2204.66,2210.46,2198.1499,2201.72,2.94,0.1335,0.56,370919.0
SPX,20161130,2204.97,2198.81,2214.1001,2198.81,2204.66,-5.85,-0.2653,0.69,553840.0
SPX,20161201,2200.1699,2191.08,2202.6001,2187.4399,2198.81,-7.73,-0.3516,0.69,506747.0
SPX,20161202,2191.1201,2191.95,2197.95,2188.3701,2191.08,0.87,0.0397,0.44,378237.0
SPX,20161205,2200.6499,2204.71,2209.4199,2199.97,2191.95,12.76,0.5821,0.43,389853.0
SPX,20161206,2207.26,2212.23,2212.78,2202.21,2204.71,7.52,0.3411,0.48,385729.0
SPX,20161207,2210.72,2241.35,2241.6299,2208.9299,2212.23,29.12,1.3163,1.48,450407.0
SPX,20161208,2241.1299,2246.19,2251.6899,2237.5701,2241.35,4.84,0.2159,0.63,420327.0
SPX,20161209,2249.73,2259.53,2259.8,2249.23,2246.19,13.34,0.5939,0.47,388646.0
SPX,20161212,2258.8301,2256.96,2264.03,2252.3701,2259.53,-2.57,-0.1137,0.52,403885.0
SPX,20161213,2263.3201,2271.72,2277.53,2263.3201,2256.96,14.76,0.654,0.63,387563.0
SPX,20161214,2268.3501,2253.28,2276.2,2248.4399,2271.72,-18.44,-0.8117,1.22,440967.0
SPX,20161215,2253.77,2262.03,2272.1201,2253.77,2253.28,8.75,0.3883,0.81,417336.0
SPX,20161216,2266.8101,2258.07,2268.05,2254.24,2262.03,-3.96,-0.1751,0.61,592898.0
SPX,20161219,2259.24,2262.53,2267.47,2258.21,2258.07,4.46,0.1975,0.41,325284.0
SPX,20161220,2266.5,2270.76,2272.5601,2266.1399,2262.53,8.23,0.3638,0.28,330625.0
SPX,20161221,2270.54,2265.18,2271.23,2265.1499,2270.76,-5.58,-0.2457,0.27,285488.0
SPX,20161222,2262.9299,2260.96,2263.1799,2256.0801,2265.18,-4.22,-0.1863,0.31,288067.0
SPX,20161223,2260.25,2263.79,2263.79,2258.8401,2260.96,2.83,0.1252,0.22,202123.0
SPX,20161227,2266.23,2268.88,2273.8201,2266.1499,2263.79,5.09,0.2248,0.34,198973.0
SPX,20161228,2270.23,2249.92,2271.3101,2249.1101,2268.88,-18.96,-0.8357,0.98,240275.0
SPX,20161229,2249.5,2249.26,2254.51,2244.5601,2249.92,-0.66,-0.0293,0.44,233870.0
SPX,20161230,2251.6101,2238.83,2253.5801,2233.6201,2249.26,-10.43,-0.4637,0.89,267155.0
SPX,20170103,2251.5701,2257.83,2263.8799,2245.1299,2238.83,19.0,0.8487,0.84,377301.0
SPX,20170104,2261.6001,2270.75,2272.8201,2261.6001,2257.83,12.92,0.5722,0.5,376889.0
SPX,20170105,2268.1799,2269.0,2271.5,2260.45,2270.75,-1.75,-0.0771,0.49,378508.0
SPX,20170106,2271.1399,2276.98,2282.1001,2264.0601,2269.0,7.98,0.3517,0.8,334208.0
SPX,20170109,2273.5901,2268.9,2275.49,2268.8999,2276.98,-8.08,-0.3549,0.29,321973.0
SPX,20170110,2269.72,2268.9,2279.27,2265.27,2268.9,0.0,0.0,0.62,364056.0
SPX,20170111,2268.6001,2275.32,2275.3201,2260.8301,2268.9,6.42,0.283,0.64,362508.0
SPX,20170112,2271.1399,2270.44,2271.78,2254.25,2275.32,-4.88,-0.2145,0.77,346622.0
SPX,20170113,2272.74,2274.64,2278.6799,2271.51,2270.44,4.2,0.185,0.32,309068.0
SPX,20170117,2269.1399,2267.89,2272.0801,2262.8101,2274.64,-6.75,-0.2968,0.41,358695.0
SPX,20170118,2269.1399,2271.89,2272.01,2263.3501,2267.89,4.0,0.1764,0.38,331767.0
SPX,20170119,2271.8999,2263.69,2274.3301,2258.4099,2271.89,-8.2,-0.3609,0.7,316839.0
SPX,20170120,2269.96,2271.31,2276.96,2265.01,2263.69,7.62,0.3366,0.53,353685.0
SPX,20170123,2267.78,2265.2,2271.78,2257.02,2271.31,-6.11,-0.269,0.65,315524.0
SPX,20170124,2267.8799,2280.07,2284.6299,2266.6799,2265.2,14.87,0.6565,0.79,381695.0
SPX,20170125,2288.8799,2298.37,2299.55,2288.8799,2280.07,18.3,0.8026,0.47,384934.0
SPX,20170126,2298.6299,2296.68,2300.99,2294.0801,2298.37,-1.69,-0.0735,0.3,361151.0
SPX,20170127,2299.02,2294.69,2299.02,2291.6201,2296.68,-1.99,-0.0866,0.32,313742.0
SPX,20170130,2286.01,2280.9,2286.01,2268.04,2294.69,-13.79,-0.601,0.78,359504.0
SPX,20170131,2274.02,2278.87,2279.0901,2267.21,2280.9,-2.03,-0.089,0.52,408973.0
SPX,20170201,2285.5901,2279.55,2289.1399,2272.4399,2278.87,0.68,0.0298,0.73,391919.0
SPX,20170202,2276.6899,2280.85,2283.97,2271.6499,2279.55,1.3,0.057,0.54,380976.0
SPX,20170203,2288.54,2297.42,2298.3101,2287.8799,2280.85,16.57,0.7265,0.46,360597.0
SPX,20170206,2294.28,2292.56,2296.1799,2288.5701,2297.42,-4.86,-0.2115,0.33,311239.0
SPX,20170207,2295.8701,2293.08,2299.3999,2290.1599,2292.56,0.52,0.0227,0.4,345246.0
SPX,20170208,2289.55,2294.67,2295.9099,2285.3799,2293.08,1.59,0.0693,0.46,361195.0
SPX,20170209,2296.7,2307.87,2311.0801,2296.6101,2294.67,13.2,0.5752,0.63,368160.0
SPX,20170210,2312.27,2316.1,2319.23,2311.1001,2307.87,8.23,0.3566,0.35,349660.0
SPX,20170213,2321.72,2328.25,2331.5801,2321.4199,2316.1,12.15,0.5246,0.44,335237.0
SPX,20170214,2326.1201,2337.58,2337.5801,2322.1699,2328.25,9.33,0.4007,0.66,352804.0
SPX,20170215,2335.5801,2349.25,2351.3,2334.8101,2337.58,11.67,0.4992,0.71,378587.0
SPX,20170216,2349.6399,2347.22,2351.3101,2338.8701,2349.25,-2.03,-0.0864,0.53,367590.0
SPX,20170217,2343.01,2351.16,2351.16,2339.5801,2347.22,3.94,0.1679,0.49,351683.0
SPX,20170221,2354.9099,2365.38,2366.71,2354.9099,2351.16,14.22,0.6048,0.5,358752.0
SPX,20170222,2361.11,2362.82,2365.13,2358.34,2365.38,-2.56,-0.1082,0.29,347317.0
SPX,20170223,2367.5,2363.81,2368.26,2355.09,2362.82,0.99,0.0419,0.56,402177.0
SPX,20170224,2355.73,2367.34,2367.34,2352.87,2363.81,3.53,0.1493,0.61,383241.0
SPX,20170227,2365.23,2369.75,2371.54,2361.87,2367.34,2.41,0.1018,0.41,358468.0
SPX,20170228,2366.08,2363.64,2367.79,2358.96,2369.75,-6.11,-0.2578,0.37,421246.0
SPX,20170301,2380.13,2395.96,2400.98,2380.13,2363.64,32.32,1.3674,0.88,434763.0
SPX,20170302,2394.75,2381.92,2394.75,2380.17,2395.96,-14.04,-0.586,0.61,382403.0
SPX,20170303,2380.92,2383.12,2383.89,2375.39,2381.92,1.2,0.0504,0.36,355667.0
SPX,20170306,2375.23,2375.31,2378.8,2367.98,2383.12,-7.81,-0.3277,0.45,325180.0
SPX,20170307,2370.74,2368.39,2375.12,2365.51,2375.31,-6.92,-0.2913,0.4,352630.0
SPX,20170308,2369.81,2362.98,2373.09,2361.01,2368.39,-5.41,-0.2284,0.51,381408.0
SPX,20170309,2363.49,2364.87,2369.08,2354.54,2362.98,1.89,0.08,0.62,371845.0
SPX,20170310,2372.52,2372.6,2376.86,2363.04,2364.87,7.73,0.3269,0.58,343440.0
SPX,20170313,2371.56,2373.47,2374.42,2368.52,2372.6,0.87,0.0367,0.25,316665.0
SPX,20170314,2368.55,2365.45,2368.55,2358.18,2373.47,-8.02,-0.3379,0.44,317376.0
SPX,20170315,2370.34,2385.26,2390.01,2368.94,2365.45,19.81,0.8375,0.89,390949.0
SPX,20170316,2387.71,2381.38,2388.1,2377.18,2385.26,-3.88,-0.1627,0.46,336888.0
SPX,20170317,2383.71,2378.25,2385.71,2377.64,2381.38,-3.13,-0.1314,0.34,517982.0
SPX,20170320,2378.24,2373.47,2379.55,2369.66,2378.25,-4.78,-0.201,0.42,306156.0
SPX,20170321,2379.32,2344.02,2381.93,2341.9,2373.47,-29.45,-1.2408,1.69,427889.0
SPX,20170322,2343.0,2348.45,2351.81,2336.45,2344.02,4.43,0.189,0.66,357516.0
SPX,20170323,2345.97,2345.96,2358.92,2342.13,2348.45,-2.49,-0.106,0.71,326240.0
SPX,20170324,2350.42,2343.98,2356.22,2335.74,2345.96,-1.98,-0.0844,0.87,297853.0
SPX,20170327,2329.11,2341.59,2344.9,2322.25,2343.98,-2.39,-0.102,0.97,324230.0
SPX,20170328,2339.79,2358.57,2363.78,2337.63,2341.59,16.98,0.7251,1.12,336912.0
SPX,20170329,2356.54,2361.13,2363.36,2352.94,2358.57,2.56,0.1085,0.44,310767.0
SPX,20170330,2361.31,2368.06,2370.42,2358.58,2361.13,6.93,0.2935,0.5,315968.0
SPX,20170331,2364.82,2362.72,2370.35,2362.6,2368.06,-5.34,-0.2255,0.33,335674.0
SPX,20170403,2362.34,2358.84,2365.87,2344.73,2362.72,-3.88,-0.1642,0.89,341873.0
SPX,20170404,2354.76,2360.16,2360.53,2350.72,2358.84,1.32,0.056,0.42,320834.0
SPX,20170405,2366.59,2352.95,2378.36,2350.52,2360.16,-7.21,-0.3055,1.18,378065.0
SPX,20170406,2353.79,2357.49,2364.16,2348.9,2352.95,4.54,0.1929,0.65,320325.0
SPX,20170407,2356.59,2355.54,2363.76,2350.74,2357.49,-1.95,-0.0827,0.55,305470.0
SPX,20170410,2357.16,2357.16,2366.37,2351.5,2355.54,1.62,0.0688,0.63,279257.0
SPX,20170411,2353.92,2353.78,2355.22,2337.25,2357.16,-3.38,-0.1434,0.76,312090.0
SPX,20170412,2352.15,2344.93,2352.72,2341.18,2353.78,-8.85,-0.376,0.49,320130.0
SPX,20170413,2341.98,2328.95,2348.26,2328.95,2344.93,-15.98,-0.6815,0.82,314638.0
SPX,20170417,2332.62,2349.01,2349.14,2332.51,2328.95,20.06,0.8613,0.71,282689.0
SPX,20170418,2342.53,2342.19,2348.35,2334.54,2349.01,-6.82,-0.2903,0.59,327221.0
SPX,20170419,2346.79,2338.17,2352.63,2335.05,2342.19,-4.02,-0.1716,0.75,352116.0
SPX,20170420,2342.69,2355.84,2361.37,2340.91,2338.17,17.67,0.7557,0.88,364899.0
SPX,20170421,2354.74,2348.69,2356.18,2344.51,2355.84,-7.15,-0.3035,0.5,352416.0
SPX,20170424,2370.33,2374.15,2376.98,2369.19,2348.69,25.46,1.084,0.33,371117.0
SPX,20170425,2381.51,2388.61,2392.48,2381.15,2374.15,14.46,0.6091,0.48,400582.0
SPX,20170426,2388.98,2387.45,2398.16,2386.76,2388.61,-1.16,-0.0486,0.48,411135.0
SPX,20170427,2389.7,2388.77,2392.1,2382.68,2387.45,1.32,0.0553,0.39,409994.0
SPX,20170428,2393.68,2384.2,2393.68,2382.36,2388.77,-4.57,-0.1913,0.47,372135.0
SPX,20170501,2388.5,2388.33,2394.49,2384.83,2384.2,4.13,0.1732,0.41,320150.0
SPX,20170502,2391.05,2391.17,2392.93,2385.82,2388.33,2.84,0.1189,0.3,386136.0
SPX,20170503,2386.5,2388.13,2389.82,2379.75,2391.17,-3.04,-0.1271,0.42,389676.0
SPX,20170504,2389.79,2389.52,2391.43,2380.35,2388.13,1.39,0.0582,0.46,436786.0
SPX,20170505,2392.37,2399.29,2399.29,2389.38,2389.52,9.77,0.4089,0.41,354324.0
SPX,20170508,2399.94,2399.38,2401.36,2393.92,2399.29,0.09,0.0038,0.31,342999.0
SPX,20170509,2401.58,2396.92,2403.87,2392.44,2399.38,-2.46,-0.1025,0.48,365784.0
SPX,20170510,2396.79,2399.63,2399.74,2392.79,2396.92,2.71,0.1131,0.29,364937.0
SPX,20170511,2394.84,2394.44,2395.72,2381.74,2399.63,-5.19,-0.2163,0.58,372771.0
SPX,20170512,2392.44,2390.9,2392.44,2387.19,2394.44,-3.54,-0.1478,0.22,330462.0
SPX,20170515,2393.98,2402.32,2404.05,2393.94,2390.9,11.42,0.4776,0.42,349008.0
SPX,20170516,2404.55,2400.67,2405.77,2396.05,2402.32,-1.65,-0.0687,0.4,342181.0
SPX,20170517,2382.95,2357.03,2384.87,2356.21,2400.67,-43.64,-1.8178,1.19,416476.0
SPX,20170518,2354.69,2365.72,2375.74,2352.72,2357.03,8.69,0.3687,0.98,431944.0
SPX,20170519,2371.37,2381.73,2389.06,2370.43,2365.72,16.01,0.6768,0.79,383170.0
SPX,20170522,2387.21,2394.02,2395.46,2386.92,2381.73,12.29,0.516,0.36,317658.0
SPX,20170523,2397.04,2398.42,2400.85,2393.88,2394.02,4.4,0.1838,0.29,321656.0
SPX,20170524,2401.41,2404.39,2405.58,2397.99,2398.42,5.97,0.2489,0.32,338924.0
SPX,20170525,2409.54,2415.07,2418.71,2408.01,2404.39,10.68,0.4442,0.45,353821.0
SPX,20170526,2414.5,2415.82,2416.68,2412.2,2415.07,0.75,0.0311,0.19,280693.0
SPX,20170530,2411.67,2412.91,2415.26,2409.43,2415.82,-2.91,-0.1205,0.24,320586.0
SPX,20170531,2415.63,2411.8,2415.99,2403.59,2412.91,-1.11,-0.046,0.51,451804.0
SPX,20170601,2415.65,2430.06,2430.06,2413.54,2411.8,18.26,0.7571,0.68,386062.0
SPX,20170602,2431.28,2439.07,2440.23,2427.71,2430.06,9.01,0.3708,0.52,346550.0
SPX,20170605,2437.83,2436.1,2439.55,2434.32,2439.07,-2.97,-0.1218,0.21,291672.0
SPX,20170606,2431.92,2429.33,2436.21,2428.12,2436.1,-6.77,-0.2779,0.33,337675.0
SPX,20170607,2432.03,2433.14,2435.28,2424.75,2429.33,3.81,0.1568,0.43,357622.0
SPX,20170608,2434.27,2433.79,2439.27,2427.94,2433.14,0.65,0.0267,0.47,373598.0
SPX,20170609,2436.39,2431.77,2446.2,2415.7,2433.79,-2.02,-0.083,1.25,402986.0
SPX,20170612,2425.88,2429.39,2430.38,2419.97,2431.77,-2.38,-0.0979,0.43,403184.0
SPX,20170613,2434.15,2440.35,2441.49,2431.28,2429.39,10.96,0.4511,0.42,327824.0
SPX,20170614,2443.75,2437.92,2443.75,2428.34,2440.35,-2.43,-0.0996,0.63,355864.0
SPX,20170615,2424.14,2432.46,2433.95,2418.53,2437.92,-5.46,-0.224,0.63,337198.0
SPX,20170616,2431.24,2433.15,2433.15,2422.88,2432.46,0.69,0.0284,0.42,529938.0
SPX,20170619,2442.55,2453.46,2453.82,2441.79,2433.15,20.31,0.8347,0.49,327148.0
SPX,20170620,2450.66,2437.03,2450.66,2436.6,2453.46,-16.43,-0.6697,0.57,342270.0
SPX,20170621,2439.31,2435.61,2442.23,2430.74,2437.03,-1.42,-0.0583,0.47,359919.0
SPX,20170622,2437.4,2434.5,2441.62,2433.27,2435.61,-1.11,-0.0456,0.34,347725.0
SPX,20170623,2434.65,2438.3,2441.4,2431.11,2434.5,3.8,0.1561,0.42,528246.0
SPX,20170626,2443.32,2439.07,2450.42,2437.03,2438.3,0.77,0.0316,0.55,324366.0
SPX,20170627,2436.34,2419.38,2440.15,2419.38,2439.07,-19.69,-0.8073,0.85,356477.0
SPX,20170628,2428.7,2440.69,2442.97,2428.02,2419.38,21.31,0.8808,0.62,347998.0
SPX,20170629,2442.38,2419.7,2442.73,2405.7,2440.69,-20.99,-0.86,1.52,386956.0
SPX,20170630,2429.2,2423.41,2432.71,2421.65,2419.7,3.71,0.1533,0.46,336603.0
SPX,20170703,2431.39,2429.01,2439.17,2428.69,2423.41,5.6,0.2311,0.43,190148.0
SPX,20170705,2430.78,2432.54,2434.9,2422.05,2429.01,3.53,0.1453,0.53,336815.0
SPX,20170706,2423.44,2409.75,2424.28,2407.7,2432.54,-22.79,-0.9369,0.68,336871.0
SPX,20170707,2413.52,2425.18,2426.92,2413.52,2409.75,15.43,0.6403,0.56,292939.0
SPX,20170710,2424.51,2427.43,2432.0,2422.27,2425.18,2.25,0.0928,0.4,300988.0
SPX,20170711,2427.35,2425.53,2429.3,2412.79,2427.43,-1.9,-0.0783,0.68,310880.0
SPX,20170712,2435.75,2443.25,2445.76,2435.75,2425.53,17.72,0.7306,0.41,317690.0
SPX,20170713,2444.99,2447.83,2449.32,2441.69,2443.25,4.58,0.1875,0.31,306851.0
SPX,20170714,2449.16,2459.27,2463.54,2446.69,2447.83,11.44,0.4674,0.69,273846.0
SPX,20170717,2459.5,2459.14,2462.82,2457.16,2459.27,-0.13,-0.0053,0.23,280058.0
SPX,20170718,2455.88,2460.61,2460.92,2450.34,2459.14,1.47,0.0598,0.43,297409.0
SPX,20170719,2463.85,2473.83,2473.83,2463.85,2460.61,13.22,0.5373,0.41,306381.0
SPX,20170720,2475.56,2473.45,2477.62,2468.43,2473.83,-0.38,-0.0154,0.37,322382.0
SPX,20170721,2467.4,2472.54,2472.54,2465.06,2473.45,-0.91,-0.0368,0.3,306688.0
SPX,20170724,2472.04,2469.91,2473.1,2466.32,2472.54,-2.63,-0.1064,0.27,301992.0
SPX,20170725,2477.88,2477.13,2481.24,2474.91,2469.91,7.22,0.2923,0.26,411636.0
SPX,20170726,2479.97,2477.83,2481.69,2474.94,2477.13,0.7,0.0283,0.27,359783.0
SPX,20170727,2482.76,2475.42,2484.04,2459.93,2477.83,-2.41,-0.0973,0.97,403574.0
SPX,20170728,2469.12,2472.1,2473.53,2464.66,2475.42,-3.32,-0.1341,0.36,330285.0
SPX,20170731,2475.94,2470.3,2477.96,2468.53,2472.1,-1.8,-0.0728,0.38,347593.0
SPX,20170801,2477.1,2476.35,2478.51,2471.14,2470.3,6.05,0.2449,0.3,347026.0
SPX,20170802,2480.38,2477.57,2480.38,2466.48,2476.35,1.22,0.0493,0.56,348715.0
SPX,20170803,2476.03,2472.16,2476.03,2468.85,2477.57,-5.41,-0.2184,0.29,366241.0
SPX,20170804,2476.88,2476.83,2480.0,2472.08,2472.16,4.67,0.1889,0.32,323998.0
SPX,20170807,2477.14,2480.91,2480.95,2475.88,2476.83,4.08,0.1647,0.2,293513.0
SPX,20170808,2478.35,2474.92,2490.87,2470.32,2480.91,-5.99,-0.2414,0.83,334748.0
SPX,20170809,2465.35,2474.02,2474.41,2462.08,2474.92,-0.9,-0.0364,0.5,331096.0
SPX,20170810,2465.38,2438.21,2465.38,2437.75,2474.02,-35.81,-1.4474,1.12,363582.0
SPX,20170811,2441.04,2441.32,2448.09,2437.85,2438.21,3.11,0.1276,0.42,316183.0
SPX,20170814,2454.96,2465.84,2468.22,2454.96,2441.32,24.52,1.0044,0.54,282432.0
SPX,20170815,2468.66,2464.61,2468.9,2461.61,2465.84,-1.23,-0.0499,0.3,292243.0
SPX,20170816,2468.63,2468.11,2474.93,2463.86,2464.61,3.5,0.142,0.45,295657.0
SPX,20170817,2462.95,2430.01,2465.02,2430.01,2468.11,-38.1,-1.5437,1.42,316495.0
SPX,20170818,2427.64,2425.55,2440.27,2420.69,2430.01,-4.46,-0.1835,0.81,342697.0
SPX,20170821,2425.5,2428.37,2430.58,2417.35,2425.55,2.82,0.1163,0.55,280365.0
SPX,20170822,2433.75,2452.51,2454.77,2433.67,2428.37,24.14,0.9941,0.87,278099.0
SPX,20170823,2444.88,2444.04,2448.91,2441.42,2452.51,-8.47,-0.3454,0.31,279695.0
SPX,20170824,2447.91,2438.97,2450.39,2436.19,2444.04,-5.07,-0.2074,0.58,284968.0
SPX,20170825,2444.72,2443.05,2453.96,2442.22,2438.97,4.08,0.1673,0.48,259335.0
SPX,20170828,2447.35,2444.24,2449.12,2439.03,2443.05,1.19,0.0487,0.41,268292.0
SPX,20170829,2431.94,2446.3,2449.19,2428.2,2444.24,2.06,0.0843,0.86,273946.0
SPX,20170830,2446.06,2457.59,2460.31,2443.77,2446.3,11.29,0.4615,0.68,263778.0
SPX,20170831,2462.65,2471.65,2475.01,2462.65,2457.59,14.06,0.5721,0.5,335386.0
SPX,20170901,2474.42,2476.55,2480.38,2473.85,2471.65,4.9,0.1982,0.26,271278.0
SPX,20170905,2470.35,2457.85,2471.97,2446.55,2476.55,-18.7,-0.7551,1.03,350219.0
SPX,20170906,2463.83,2465.54,2469.64,2459.2,2457.85,7.69,0.3129,0.42,340020.0
SPX,20170907,2468.06,2465.1,2468.62,2460.29,2465.54,-0.44,-0.0178,0.34,336578.0
SPX,20170908,2462.25,2461.43,2467.11,2459.4,2465.1,-3.67,-0.1489,0.31,330836.0
SPX,20170911,2474.52,2488.11,2488.95,2474.52,2461.43,26.68,1.0839,0.59,329346.0
SPX,20170912,2491.94,2496.48,2496.77,2490.37,2488.11,8.37,0.3364,0.26,323428.0
SPX,20170913,2493.89,2498.37,2498.37,2492.14,2496.48,1.89,0.0757,0.25,337137.0
SPX,20170914,2494.56,2495.62,2498.43,2491.35,2498.37,-2.75,-0.1101,0.28,342247.0
SPX,20170915,2495.67,2500.23,2500.23,2493.16,2495.62,4.61,0.1847,0.28,486297.0
SPX,20170918,2502.51,2503.87,2508.32,2499.92,2500.23,3.64,0.1456,0.34,320470.0
SPX,20170919,2506.29,2506.65,2507.84,2503.19,2503.87,2.78,0.111,0.19,325376.0
SPX,20170920,2506.84,2508.24,2508.85,2496.67,2506.65,1.59,0.0634,0.49,358457.0
SPX,20170921,2507.16,2500.6,2507.16,2499.0,2508.24,-7.64,-0.3046,0.33,296559.0
SPX,20170922,2497.26,2502.22,2503.47,2496.54,2500.6,1.62,0.0648,0.28,287798.0
SPX,20170925,2499.39,2496.66,2502.54,2488.03,2502.22,-5.56,-0.2222,0.58,331453.0
SPX,20170926,2501.04,2496.84,2503.51,2495.12,2496.66,0.18,0.0072,0.34,307077.0
SPX,20170927,2503.3,2507.04,2511.75,2495.91,2496.84,10.2,0.4085,0.63,348507.0
SPX,20170928,2503.41,2510.06,2510.81,2502.93,2507.04,3.02,0.1205,0.31,317303.0
SPX,20170929,2509.96,2519.36,2519.44,2507.99,2510.06,9.3,0.3705,0.46,322026.0
SPX,20171002,2521.2,2529.12,2529.23,2520.4,2519.36,9.76,0.3874,0.35,322637.0
SPX,20171003,2530.34,2534.58,2535.13,2528.85,2529.12,5.46,0.2159,0.25,307348.0
SPX,20171004,2533.48,2537.74,2540.53,2531.8,2534.58,3.16,0.1247,0.34,302077.0
SPX,20171005,2540.86,2552.07,2552.51,2540.02,2537.74,14.33,0.5647,0.49,305973.0
SPX,20171006,2547.44,2549.33,2549.41,2543.79,2552.07,-2.74,-0.1074,0.22,289827.0
SPX,20171009,2551.39,2544.73,2551.82,2541.6,2549.33,-4.6,-0.1804,0.4,248694.0
SPX,20171010,2549.99,2550.64,2555.23,2544.86,2544.73,5.91,0.2322,0.41,296261.0
SPX,20171011,2550.62,2555.24,2555.24,2547.95,2550.64,4.6,0.1803,0.29,299132.0
SPX,20171012,2552.88,2550.93,2555.33,2548.31,2555.24,-4.31,-0.1687,0.27,315728.0
SPX,20171013,2555.66,2553.17,2557.65,2552.09,2550.93,2.24,0.0878,0.22,315047.0
SPX,20171016,2555.57,2557.64,2559.47,2552.64,2553.17,4.47,0.1751,0.27,291803.0
SPX,20171017,2557.17,2559.36,2559.71,2554.69,2557.64,1.72,0.0673,0.2,290189.0
SPX,20171018,2562.87,2561.26,2564.11,2559.67,2559.36,1.9,0.0742,0.17,299932.0
SPX,20171019,2553.39,2562.1,2562.36,2547.92,2561.26,0.84,0.0328,0.56,301952.0
SPX,20171020,2567.56,2575.21,2575.44,2567.56,2562.1,13.11,0.5117,0.31,339445.0
SPX,20171023,2578.08,2564.98,2578.29,2564.33,2575.21,-10.23,-0.3972,0.54,321447.0
SPX,20171024,2568.66,2569.13,2572.18,2565.58,2564.98,4.15,0.1618,0.26,343566.0
SPX,20171025,2566.52,2557.15,2567.4,2544.0,2569.13,-11.98,-0.4663,0.91,388547.0
SPX,20171026,2560.08,2560.4,2567.07,2559.8,2557.15,3.25,0.1271,0.28,389175.0
SPX,20171027,2570.26,2581.07,2582.98,2565.94,2560.4,20.67,0.8073,0.67,389610.0
SPX,20171030,2577.75,2572.83,2580.03,2568.25,2581.07,-8.24,-0.3192,0.46,366023.0
SPX,20171031,2575.99,2575.26,2578.29,2572.15,2572.83,2.43,0.0944,0.24,384442.0
SPX,20171101,2583.21,2579.36,2588.4,2574.92,2575.26,4.1,0.1592,0.52,384120.0
SPX,20171102,2579.46,2579.85,2581.11,2566.17,2579.36,0.49,0.019,0.58,405014.0
SPX,20171103,2581.93,2587.84,2588.42,2576.77,2579.85,7.99,0.3097,0.45,356871.0
SPX,20171106,2587.47,2591.13,2593.38,2585.66,2587.84,3.29,0.1271,0.3,354197.0
SPX,20171107,2592.11,2590.64,2597.02,2584.35,2591.13,-0.49,-0.0189,0.49,381519.0
SPX,20171108,2588.71,2594.38,2595.47,2585.02,2590.64,3.74,0.1444,0.4,389845.0
SPX,20171109,2584.0,2584.62,2586.5,2566.33,2594.38,-9.76,-0.3762,0.78,384410.0
SPX,20171110,2580.18,2582.3,2583.81,2575.57,2584.62,-2.32,-0.0898,0.32,348974.0
SPX,20171113,2576.53,2584.84,2587.66,2574.48,2582.3,2.54,0.0984,0.51,340520.0
SPX,20171114,2577.75,2578.87,2579.66,2566.56,2584.84,-5.97,-0.231,0.51,364358.0
SPX,20171115,2569.45,2564.62,2572.84,2557.45,2578.87,-14.25,-0.5526,0.6,358659.0
SPX,20171116,2572.95,2585.64,2590.09,2572.95,2564.62,21.02,0.8196,0.67,332973.0
SPX,20171117,2582.94,2578.85,2583.96,2577.62,2585.64,-6.79,-0.2626,0.25,330980.0
SPX,20171120,2579.49,2582.14,2584.64,2578.24,2578.85,3.29,0.1276,0.25,302394.0
SPX,20171121,2589.17,2599.03,2601.19,2589.17,2582.14,16.89,0.6541,0.47,335123.0
SPX,20171122,2600.31,2597.08,2600.94,2595.23,2599.03,-1.95,-0.075,0.22,276411.0
SPX,20171124,2600.42,2602.42,2604.21,2600.42,2597.08,5.34,0.2056,0.15,138589.0
SPX,20171127,2602.66,2601.42,2606.41,2598.87,2602.42,-1.0,-0.0384,0.29,301772.0
SPX,20171128,2605.94,2627.04,2627.69,2605.44,2601.42,25.62,0.9848,0.86,349334.0
SPX,20171129,2627.82,2626.07,2634.89,2620.32,2627.04,-0.97,-0.0369,0.55,409063.0
SPX,20171130,2633.93,2647.58,2657.74,2633.93,2626.07,21.51,0.8191,0.91,496570.0
SPX,20171201,2645.1,2642.22,2650.62,2605.52,2647.58,-5.36,-0.2024,1.7,395093.0
SPX,20171204,2657.19,2639.44,2665.19,2639.03,2642.22,-2.78,-0.1052,0.99,402584.0
SPX,20171205,2639.78,2629.57,2648.72,2627.73,2639.44,-9.87,-0.3739,0.8,354757.0
SPX,20171206,2626.24,2629.27,2634.41,2624.75,2629.57,-0.3,-0.0114,0.37,325308.0
SPX,20171207,2628.38,2636.98,2640.99,2626.53,2629.27,7.71,0.2932,0.55,329706.0
SPX,20171208,2646.21,2651.5,2651.65,2644.1,2636.98,14.52,0.5506,0.29,312675.0
SPX,20171211,2652.19,2659.99,2660.33,2651.47,2651.5,8.49,0.3202,0.33,314148.0
SPX,20171212,2661.73,2664.11,2669.72,2659.78,2659.99,4.12,0.1549,0.37,356891.0
SPX,20171213,2667.59,2662.85,2671.88,2662.85,2664.11,-1.26,-0.0473,0.34,356836.0
SPX,20171214,2665.87,2652.01,2668.09,2652.01,2662.85,-10.84,-0.4071,0.6,344276.0
SPX,20171215,2660.63,2675.81,2679.63,2659.14,2652.01,23.8,0.8974,0.77,573691.0
SPX,20171218,2685.92,2690.16,2694.97,2685.92,2675.81,14.35,0.5363,0.34,372777.0
SPX,20171219,2692.71,2681.47,2694.44,2680.74,2690.16,-8.69,-0.323,0.51,340768.0
SPX,20171220,2688.18,2679.25,2691.01,2676.11,2681.47,-2.22,-0.0828,0.56,324623.0
SPX,20171221,2683.02,2684.57,2692.64,2682.4,2679.25,5.32,0.1986,0.38,329313.0
SPX,20171222,2684.22,2683.34,2685.35,2678.13,2684.57,-1.23,-0.0458,0.27,240103.0
SPX,20171226,2679.09,2680.5,2682.74,2677.96,2683.34,-2.84,-0.1058,0.18,197066.0
SPX,20171227,2682.1,2682.62,2685.64,2678.91,2680.5,2.12,0.0791,0.25,220290.0
SPX,20171228,2686.1,2687.54,2687.66,2682.69,2682.62,4.92,0.1834,0.19,217489.0
SPX,20171229,2689.15,2673.61,2692.12,2673.61,2687.54,-13.93,-0.5183,0.69,244776.0
SPX,20180102,2683.73,2695.81,2695.89,2682.36,2673.61,22.2,0.8303,0.51,339743.0
SPX,20180103,2697.85,2713.06,2714.37,2697.77,2695.81,17.25,0.6399,0.62,354403.0
SPX,20180104,2719.31,2723.99,2729.29,2719.07,2713.06,10.93,0.4029,0.38,369734.0
SPX,20180105,2731.33,2743.15,2743.45,2727.92,2723.99,19.16,0.7034,0.57,323928.0
SPX,20180108,2742.67,2747.71,2748.51,2737.6,2743.15,4.56,0.1662,0.4,324616.0
SPX,20180109,2751.15,2751.29,2759.14,2747.86,2747.71,3.58,0.1303,0.41,346746.0
SPX,20180110,2745.55,2748.23,2750.8,2736.06,2751.29,-3.06,-0.1112,0.54,357990.0
SPX,20180111,2752.97,2767.56,2767.56,2752.78,2748.23,19.33,0.7034,0.54,364569.0
SPX,20180112,2770.18,2786.24,2787.85,2769.64,2767.56,18.68,0.675,0.66,358722.0
SPX,20180116,2798.96,2776.42,2807.54,2768.64,2786.24,-9.82,-0.3524,1.4,436288.0
SPX,20180117,2784.99,2802.56,2807.04,2778.38,2776.42,26.14,0.9415,1.03,379034.0
SPX,20180118,2802.4,2798.03,2805.83,2792.56,2802.56,-4.53,-0.1616,0.47,370330.0
SPX,20180119,2802.6,2810.3,2810.33,2798.08,2798.03,12.27,0.4385,0.44,372423.0
SPX,20180122,2809.16,2832.97,2833.03,2808.12,2810.3,22.67,0.8067,0.89,348948.0
SPX,20180123,2835.05,2839.13,2842.24,2830.59,2832.97,6.16,0.2174,0.41,354114.0
SPX,20180124,2845.42,2837.54,2852.97,2824.81,2839.13,-1.59,-0.056,0.99,407927.0
SPX,20180125,2846.24,2839.25,2848.56,2830.94,2837.54,1.71,0.0603,0.62,387310.0
SPX,20180126,2847.48,2872.87,2872.87,2846.18,2839.25,33.62,1.1841,0.94,347468.0
SPX,20180129,2867.23,2853.53,2870.62,2851.48,2872.87,-19.34,-0.6732,0.67,358742.0
SPX,20180130,2832.74,2822.43,2837.75,2818.27,2853.53,-31.1,-1.0899,0.68,401207.0
SPX,20180131,2832.41,2823.81,2839.26,2813.04,2822.43,1.38,0.0489,0.93,427627.0
SPX,20180201,2816.45,2821.98,2835.96,2812.7,2823.81,-1.83,-0.0648,0.82,397738.0
SPX,20180202,2808.92,2762.13,2808.92,2759.97,2821.98,-59.85,-2.1209,1.73,434022.0
SPX,20180205,2741.06,2648.94,2763.39,2638.17,2762.13,-113.19,-4.0979,4.53,531084.0
SPX,20180206,2614.78,2695.14,2701.04,2593.07,2648.94,46.2,1.7441,4.08,591735.0
SPX,20180207,2690.95,2681.66,2727.67,2681.33,2695.14,-13.48,-0.5002,1.72,464630.0
SPX,20180208,2685.01,2581.0,2685.27,2580.56,2681.66,-100.66,-3.7536,3.9,533384.0
SPX,20180209,2601.78,2619.55,2638.67,2532.69,2581.0,38.55,1.4936,4.11,569011.0
SPX,20180212,2636.75,2656.0,2672.61,2622.45,2619.55,36.45,1.3915,1.91,406922.0
SPX,20180213,2646.27,2662.94,2668.84,2637.08,2656.0,6.94,0.2613,1.2,350354.0
SPX,20180214,2651.21,2698.63,2702.1,2648.87,2662.94,35.69,1.3402,2.0,401194.0
SPX,20180215,2713.46,2731.2,2731.51,2689.82,2698.63,32.57,1.2069,1.54,369614.0
SPX,20180216,2727.14,2732.22,2754.42,2725.11,2731.2,1.02,0.0373,1.07,364692.0
SPX,20180220,2722.99,2716.26,2737.6,2706.76,2732.22,-15.96,-0.5841,1.13,364692.0
SPX,20180221,2720.53,2701.33,2747.75,2701.29,2716.26,-14.93,-0.5497,1.71,378904.0
SPX,20180222,2710.42,2703.96,2731.26,2697.77,2701.33,2.63,0.0974,1.24,372062.0
SPX,20180223,2715.8,2747.3,2747.76,2713.74,2703.96,43.34,1.6028,1.26,320036.0
SPX,20180226,2757.37,2779.6,2780.64,2753.78,2747.3,32.3,1.1757,0.98,343659.0
SPX,20180227,2780.45,2744.28,2789.15,2744.22,2779.6,-35.32,-1.2707,1.62,375207.0
SPX,20180228,2753.78,2713.83,2761.52,2713.54,2744.28,-30.45,-1.1096,1.75,424457.0
SPX,20180301,2715.22,2677.67,2730.89,2659.65,2713.83,-36.16,-1.3324,2.63,451449.0
SPX,20180302,2658.89,2691.25,2696.25,2647.32,2677.67,13.58,0.5072,1.83,389125.0
SPX,20180305,2681.06,2720.94,2728.09,2675.75,2691.25,29.69,1.1032,1.94,373364.0
SPX,20180306,2730.18,2728.12,2732.08,2711.26,2720.94,7.18,0.2639,0.77,338903.0
SPX,20180307,2710.18,2726.8,2730.6,2701.74,2728.12,-1.32,-0.0484,1.06,340669.0
SPX,20180308,2732.75,2738.97,2740.45,2722.65,2726.8,12.17,0.4463,0.65,320604.0
SPX,20180309,2752.91,2786.57,2786.57,2751.54,2738.97,47.6,1.7379,1.28,337687.0
SPX,20180312,2790.54,2783.02,2796.98,2779.26,2786.57,-3.55,-0.1274,0.64,321696.0
SPX,20180313,2792.31,2765.31,2801.9,2758.68,2783.02,-17.71,-0.6364,1.55,332429.0
SPX,20180314,2774.06,2749.48,2777.11,2744.38,2765.31,-15.83,-0.5724,1.18,339463.0
SPX,20180315,2754.27,2747.33,2763.03,2741.47,2749.48,-2.15,-0.0782,0.78,354371.0
SPX,20180316,2750.57,2752.01,2761.85,2749.97,2747.33,4.68,0.1703,0.43,542914.0
SPX,20180319,2741.38,2712.92,2741.38,2694.59,2752.01,-39.09,-1.4204,1.7,332746.0
SPX,20180320,2715.05,2716.94,2724.22,2710.05,2712.92,4.02,0.1482,0.52,327259.0
SPX,20180321,2714.99,2711.93,2739.14,2709.79,2716.94,-5.01,-0.1844,1.08,343478.0
SPX,20180322,2691.36,2643.69,2695.68,2641.59,2711.93,-68.24,-2.5163,1.99,376546.0
SPX,20180323,2646.71,2588.26,2657.67,2585.89,2643.69,-55.43,-2.0967,2.72,382938.0
SPX,20180326,2619.35,2658.55,2661.36,2601.81,2588.26,70.29,2.7157,2.3,353808.0
SPX,20180327,2667.57,2612.62,2674.78,2596.12,2658.55,-45.93,-1.7276,2.96,376132.0
SPX,20180328,2611.3,2605.0,2632.65,2593.06,2612.62,-7.62,-0.2917,1.52,387572.0
SPX,20180329,2614.41,2640.87,2659.07,2609.72,2605.0,35.87,1.377,1.89,357236.0
SPX,20180402,2633.45,2581.88,2638.3,2553.8,2640.87,-58.99,-2.2337,3.2,363578.0
SPX,20180403,2592.17,2614.45,2619.14,2575.49,2581.88,32.57,1.2615,1.69,339584.0
SPX,20180404,2584.04,2644.69,2649.86,2573.61,2614.45,30.24,1.1566,2.92,336923.0
SPX,20180405,2657.36,2662.84,2672.08,2649.58,2644.69,18.15,0.6863,0.85,323043.0
SPX,20180406,2645.82,2604.47,2656.88,2586.27,2662.84,-58.37,-2.192,2.65,331239.0
SPX,20180409,2617.18,2613.16,2653.55,2610.79,2604.47,8.69,0.3337,1.64,307614.0
SPX,20180410,2638.41,2656.87,2665.45,2635.78,2613.16,43.71,1.6727,1.14,357913.0
SPX,20180411,2643.89,2642.19,2661.43,2639.25,2656.87,-14.68,-0.5525,0.83,305452.0
SPX,20180412,2653.83,2663.99,2674.72,2653.83,2642.19,21.8,0.8251,0.79,304533.0
SPX,20180413,2676.9,2656.3,2680.26,2645.05,2663.99,-7.69,-0.2887,1.32,298854.0
SPX,20180416,2670.1,2677.84,2686.49,2665.16,2656.3,21.54,0.8109,0.8,302074.0
SPX,20180417,2692.74,2706.39,2713.34,2692.05,2677.84,28.55,1.0662,0.8,328619.0
SPX,20180418,2710.11,2708.64,2717.49,2703.63,2706.39,2.25,0.0831,0.51,341203.0
SPX,20180419,2701.16,2693.13,2702.84,2681.9,2708.64,-15.51,-0.5726,0.77,337512.0
SPX,20180420,2692.56,2670.14,2693.94,2660.61,2693.13,-22.99,-0.8537,1.24,342826.0
SPX,20180423,2675.4,2670.29,2682.86,2657.99,2670.14,0.15,0.0056,0.93,303039.0
SPX,20180424,2680.8,2634.56,2683.55,2617.32,2670.29,-35.73,-1.3381,2.48,371602.0
SPX,20180425,2634.92,2639.4,2645.3,2612.67,2634.56,4.84,0.1837,1.24,356368.0
SPX,20180426,2651.65,2666.94,2676.48,2647.16,2639.4,27.54,1.0434,1.11,369092.0
SPX,20180427,2675.47,2669.91,2677.35,2659.01,2666.94,2.97,0.1114,0.69,323451.0
SPX,20180430,2675.05,2648.05,2682.92,2648.04,2669.91,-21.86,-0.8188,1.31,374951.0
SPX,20180501,2643.64,2654.8,2655.27,2625.41,2648.05,6.75,0.2549,1.13,356282.0
SPX,20180502,2654.24,2635.67,2660.87,2631.7,2654.8,-19.13,-0.7206,1.1,404702.0
SPX,20180503,2628.08,2629.73,2637.14,2594.62,2635.67,-5.94,-0.2254,1.61,386753.0
SPX,20180504,2621.45,2663.42,2670.93,2615.32,2629.73,33.69,1.2811,2.11,333526.0
SPX,20180507,2669.36,2672.63,2683.35,2664.7,2663.42,9.21,0.3458,0.7,326681.0
SPX,20180508,2670.26,2671.92,2676.34,2655.2,2672.63,-0.71,-0.0266,0.79,374510.0
SPX,20180509,2678.12,2697.79,2701.27,2674.14,2671.92,25.87,0.9682,1.02,391365.0
SPX,20180510,2705.02,2723.07,2726.11,2704.54,2697.79,25.28,0.9371,0.8,338064.0
SPX,20180511,2722.7,2727.72,2732.86,2717.45,2723.07,4.65,0.1708,0.57,287485.0
SPX,20180514,2733.37,2730.13,2742.1,2725.47,2727.72,2.41,0.0884,0.61,299436.0
SPX,20180515,2718.59,2711.45,2718.59,2701.91,2730.13,-18.68,-0.6842,0.61,329119.0
SPX,20180516,2712.62,2722.46,2727.76,2712.17,2711.45,11.01,0.4061,0.57,324848.0
SPX,20180517,2719.71,2720.13,2731.96,2711.36,2722.46,-2.33,-0.0856,0.76,347815.0
SPX,20180518,2717.35,2712.97,2719.5,2709.18,2720.13,-7.16,-0.2632,0.38,338327.0
SPX,20180521,2725.95,2733.01,2739.19,2725.7,2712.97,20.04,0.7387,0.5,305348.0
SPX,20180522,2738.34,2724.44,2742.24,2721.88,2733.01,-8.57,-0.3136,0.74,338414.0
SPX,20180523,2713.98,2733.29,2733.33,2709.54,2724.44,8.85,0.3248,0.87,333316.0
SPX,20180524,2730.94,2727.76,2731.97,2707.38,2733.29,-5.53,-0.2023,0.9,328575.0
SPX,20180525,2723.6,2721.33,2727.36,2714.99,2727.76,-6.43,-0.2357,0.45,301526.0
SPX,20180529,2705.11,2689.86,2710.67,2676.81,2721.33,-31.47,-1.1564,1.24,374331.0
SPX,20180530,2702.43,2724.01,2729.34,2702.43,2689.86,34.15,1.2696,1.0,356649.0
SPX,20180531,2720.98,2705.27,2722.5,2700.68,2724.01,-18.74,-0.688,0.8,424110.0
SPX,20180601,2718.7,2734.62,2736.93,2718.7,2705.27,29.35,1.0849,0.67,369431.0
SPX,20180604,2741.67,2746.87,2749.16,2740.54,2734.62,12.25,0.448,0.32,341009.0
SPX,20180605,2748.46,2748.8,2752.61,2739.51,2746.87,1.93,0.0703,0.48,352355.0
SPX,20180606,2753.25,2772.35,2772.39,2748.46,2748.8,23.55,0.8567,0.87,366278.0
SPX,20180607,2774.84,2770.37,2779.9,2760.16,2772.35,-1.98,-0.0714,0.71,374208.0
SPX,20180608,2765.84,2779.03,2779.39,2763.59,2770.37,8.66,0.3126,0.57,313885.0
SPX,20180611,2780.18,2782.0,2790.21,2780.17,2779.03,2.97,0.1069,0.36,326213.0
SPX,20180612,2785.6,2786.85,2789.8,2778.78,2782.0,4.85,0.1743,0.4,343570.0
SPX,20180613,2787.94,2775.63,2791.47,2774.65,2786.85,-11.22,-0.4026,0.6,382077.0
SPX,20180614,2783.21,2782.49,2789.06,2776.52,2775.63,6.86,0.2472,0.45,354093.0
SPX,20180615,2777.78,2779.66,2782.81,2761.73,2782.49,-2.83,-0.1017,0.76,545199.0
SPX,20180618,2765.79,2773.75,2774.99,2757.12,2779.66,-5.91,-0.2126,0.64,331612.0
SPX,20180619,2752.01,2762.59,2765.05,2743.19,2773.75,-11.16,-0.4023,0.79,367116.0
SPX,20180620,2769.73,2767.32,2774.86,2763.91,2762.59,4.73,0.1712,0.4,333214.0
SPX,20180621,2769.28,2749.76,2769.28,2744.39,2767.32,-17.56,-0.6345,0.9,333658.0
SPX,20180622,2760.79,2754.88,2764.17,2752.68,2749.76,5.12,0.1862,0.42,546811.0
SPX,20180625,2742.94,2717.07,2742.94,2698.67,2754.88,-37.81,-1.3725,1.61,366328.0
SPX,20180626,2722.12,2723.06,2732.91,2715.6,2717.07,5.99,0.2205,0.64,356890.0
SPX,20180627,2728.45,2699.63,2746.09,2699.38,2723.06,-23.43,-0.8604,1.72,380399.0
SPX,20180628,2698.69,2716.31,2724.34,2691.99,2699.63,16.68,0.6179,1.2,346110.0
SPX,20180629,2727.13,2718.37,2743.26,2718.03,2716.31,2.06,0.0758,0.93,358680.0
SPX,20180702,2704.95,2726.71,2727.26,2698.95,2718.37,8.34,0.3068,1.04,309504.0
SPX,20180703,2733.27,2713.22,2736.58,2711.16,2726.71,-13.49,-0.4947,0.93,191146.0
SPX,20180705,2724.19,2736.61,2737.83,2716.02,2713.22,23.39,0.8621,0.8,298016.0
SPX,20180706,2737.68,2759.82,2764.41,2733.52,2736.61,23.21,0.8481,1.13,259025.0
SPX,20180709,2768.51,2784.17,2784.65,2768.51,2759.82,24.35,0.8823,0.58,307006.0
SPX,20180710,2788.56,2793.84,2795.58,2786.24,2784.17,9.67,0.3473,0.34,308014.0
SPX,20180711,2779.82,2774.02,2785.91,2770.77,2793.84,-19.82,-0.7094,0.54,298618.0
SPX,20180712,2783.14,2798.29,2799.22,2781.53,2774.02,24.27,0.8749,0.64,283423.0
SPX,20180713,2796.93,2801.31,2804.53,2791.69,2798.29,3.02,0.1079,0.46,261979.0
SPX,20180716,2801.43,2798.43,2803.71,2793.39,2801.31,-2.88,-0.1028,0.37,281986.0
SPX,20180717,2789.34,2809.55,2814.19,2789.24,2798.43,11.12,0.3974,0.89,306492.0
SPX,20180718,2811.35,2815.62,2816.76,2805.89,2809.55,6.07,0.216,0.39,311156.0
SPX,20180719,2809.37,2804.49,2812.05,2799.77,2815.62,-11.13,-0.3953,0.44,327836.0
SPX,20180720,2804.55,2801.83,2809.7,2800.01,2804.49,-2.66,-0.0948,0.35,324325.0
SPX,20180723,2799.17,2806.98,2808.61,2795.14,2801.83,5.15,0.1838,0.48,292849.0
SPX,20180724,2820.68,2820.4,2829.99,2811.12,2806.98,13.42,0.4781,0.67,343041.0
SPX,20180725,2817.73,2846.07,2848.03,2817.73,2820.4,25.67,0.9102,1.07,358440.0
SPX,20180726,2835.49,2837.44,2845.57,2835.26,2846.07,-8.63,-0.3032,0.36,366729.0
SPX,20180727,2842.35,2818.82,2843.17,2808.34,2837.44,-18.62,-0.6562,1.23,343437.0
SPX,20180730,2819.0,2802.6,2821.74,2798.11,2818.82,-16.22,-0.5754,0.84,326119.0
SPX,20180731,2809.73,2816.29,2824.46,2808.06,2802.6,13.69,0.4885,0.59,390689.0
SPX,20180801,2821.17,2813.36,2825.83,2805.85,2816.29,-2.93,-0.104,0.71,350135.0
SPX,20180802,2800.48,2827.22,2829.91,2796.34,2813.36,13.86,0.4926,1.19,350138.0
SPX,20180803,2829.62,2840.35,2840.38,2827.37,2827.22,13.13,0.4644,0.46,304369.0
SPX,20180806,2840.29,2850.4,2853.29,2835.98,2840.35,10.05,0.3538,0.61,287902.0
SPX,20180807,2855.92,2858.45,2863.43,2855.92,2850.4,8.05,0.2824,0.26,318544.0
SPX,20180808,2856.79,2857.7,2862.44,2853.09,2858.45,-0.75,-0.0262,0.33,297807.0
SPX,20180809,2857.19,2853.58,2862.48,2851.98,2857.7,-4.12,-0.1442,0.37,306618.0
SPX,20180810,2839.64,2833.28,2842.2,2825.81,2853.58,-20.3,-0.7114,0.57,326559.0
SPX,20180813,2835.46,2821.93,2843.4,2819.88,2833.28,-11.35,-0.4006,0.83,317363.0
SPX,20180814,2827.88,2839.96,2843.11,2826.58,2821.93,18.03,0.6389,0.59,298650.0
SPX,20180815,2827.95,2818.37,2827.95,2802.49,2839.96,-21.59,-0.7602,0.9,365668.0
SPX,20180816,2831.44,2840.69,2850.49,2831.44,2818.37,22.32,0.7919,0.68,323200.0
SPX,20180817,2838.32,2850.13,2855.63,2833.73,2840.69,9.44,0.3323,0.77,303764.0
SPX,20180820,2853.93,2857.05,2859.76,2850.62,2850.13,6.92,0.2428,0.32,275715.0
SPX,20180821,2861.51,2862.96,2873.23,2861.32,2857.05,5.91,0.2069,0.42,317401.0
SPX,20180822,2860.99,2861.82,2867.54,2856.05,2862.96,-1.14,-0.0398,0.4,270125.0
SPX,20180823,2860.29,2856.98,2868.78,2854.03,2861.82,-4.84,-0.1691,0.52,272445.0
SPX,20180824,2862.35,2874.69,2876.16,2862.35,2856.98,17.71,0.6199,0.48,260301.0
SPX,20180827,2884.69,2896.74,2898.25,2884.69,2874.69,22.05,0.767,0.47,286507.0
SPX,20180828,2901.45,2897.52,2903.77,2893.5,2896.74,0.78,0.0269,0.35,268777.0
SPX,20180829,2900.62,2914.04,2916.5,2898.4,2897.52,16.52,0.5701,0.62,280552.0
SPX,20180830,2908.94,2901.13,2912.46,2895.22,2914.04,-12.91,-0.443,0.59,281045.0
SPX,20180831,2898.37,2901.52,2906.32,2891.73,2901.13,0.39,0.0134,0.5,288722.0
SPX,20180904,2896.96,2896.72,2900.18,2885.13,2901.52,-4.8,-0.1654,0.52,308742.0
SPX,20180905,2891.59,2888.6,2894.21,2876.92,2896.72,-8.12,-0.2803,0.6,324878.0
SPX,20180906,2888.64,2878.05,2892.05,2867.29,2888.6,-10.55,-0.3652,0.86,314424.0
SPX,20180907,2868.26,2871.68,2883.81,2864.12,2878.05,-6.37,-0.2213,0.68,297658.0
SPX,20180910,2881.39,2877.13,2886.93,2875.94,2871.68,5.45,0.1898,0.38,275110.0
SPX,20180911,2871.57,2887.89,2892.52,2866.78,2877.13,10.76,0.374,0.89,290450.0
SPX,20180912,2888.29,2888.92,2894.65,2879.2,2887.89,1.03,0.0357,0.53,334128.0
SPX,20180913,2896.85,2904.18,2906.76,2896.39,2888.92,15.26,0.5282,0.36,327409.0
SPX,20180914,2906.38,2904.98,2908.3,2895.77,2904.18,0.8,0.0275,0.43,317941.0
SPX,20180917,2903.83,2888.8,2904.65,2886.16,2904.98,-16.18,-0.557,0.64,296798.0
SPX,20180918,2890.74,2904.31,2911.17,2890.43,2888.8,15.51,0.5369,0.72,309119.0
SPX,20180919,2906.6,2907.95,2912.36,2903.82,2904.31,3.64,0.1253,0.29,330246.0
SPX,20180920,2919.73,2930.75,2934.8,2919.73,2907.95,22.8,0.7841,0.52,340652.0
SPX,20180921,2936.76,2929.67,2940.91,2927.11,2930.75,-1.08,-0.0369,0.47,565247.0
SPX,20180924,2921.83,2919.37,2923.79,2912.63,2929.67,-10.3,-0.3516,0.38,339203.0
SPX,20180925,2921.75,2915.56,2923.95,2913.7,2919.37,-3.81,-0.1305,0.35,333088.0
SPX,20180926,2916.98,2905.97,2931.15,2903.28,2915.56,-9.59,-0.3289,0.96,341754.0
SPX,20180927,2911.65,2914.0,2927.22,2909.27,2905.97,8.03,0.2763,0.62,310136.0
SPX,20180928,2910.03,2913.98,2920.53,2907.5,2914.0,-0.02,-0.0007,0.45,346168.0
SPX,20181001,2926.29,2924.59,2937.06,2917.91,2913.98,10.61,0.3641,0.66,337589.0
SPX,20181002,2923.8,2923.43,2931.42,2919.37,2924.59,-1.16,-0.0397,0.41,343262.0
SPX,20181003,2931.69,2925.51,2939.86,2921.36,2923.43,2.08,0.0711,0.63,362551.0
SPX,20181004,2919.35,2901.61,2919.78,2883.92,2925.51,-23.9,-0.817,1.23,351037.0
SPX,20181005,2902.54,2885.57,2909.64,2869.29,2901.61,-16.04,-0.5528,1.39,334082.0
SPX,20181008,2877.53,2884.43,2889.45,2862.08,2885.57,-1.14,-0.0395,0.95,338182.0
SPX,20181009,2882.51,2880.34,2894.83,2874.27,2884.43,-4.09,-0.1418,0.71,353169.0
SPX,20181010,2873.9,2785.68,2874.02,2784.86,2880.34,-94.66,-3.2864,3.1,455426.0
SPX,20181011,2776.87,2728.37,2795.14,2710.51,2785.68,-57.31,-2.0573,3.04,491409.0
SPX,20181012,2770.54,2767.13,2775.77,2729.44,2728.37,38.76,1.4206,1.7,402401.0
SPX,20181015,2763.83,2750.79,2775.99,2749.03,2767.13,-16.34,-0.5905,0.97,332716.0
SPX,20181016,2767.05,2809.92,2813.46,2766.91,2750.79,59.13,2.1496,1.69,346026.0
SPX,20181017,2811.67,2809.21,2816.94,2781.81,2809.92,-0.71,-0.0253,1.25,334709.0
SPX,20181018,2802.0,2768.78,2806.04,2755.18,2809.21,-40.43,-1.4392,1.81,363930.0
SPX,20181019,2775.66,2767.78,2797.77,2760.27,2768.78,-1.0,-0.0361,1.35,359394.0
SPX,20181022,2773.94,2755.88,2778.94,2749.22,2767.78,-11.9,-0.4299,1.07,333127.0
SPX,20181023,2721.03,2740.69,2753.59,2691.43,2755.88,-15.19,-0.5512,2.26,437371.0
SPX,20181024,2737.87,2656.1,2742.59,2651.89,2740.69,-84.59,-3.0864,3.31,473867.0
SPX,20181025,2674.88,2705.57,2722.7,2667.84,2656.1,49.47,1.8625,2.07,466393.0
SPX,20181026,2667.86,2658.69,2692.38,2628.16,2705.57,-46.88,-1.7327,2.37,480433.0
SPX,20181029,2682.65,2641.25,2706.85,2603.54,2658.69,-17.44,-0.656,3.89,470126.0
SPX,20181030,2640.68,2682.63,2685.43,2635.34,2641.25,41.38,1.5667,1.9,512560.0
SPX,20181031,2705.6,2711.74,2736.69,2705.6,2682.63,29.11,1.0851,1.16,513338.0
SPX,20181101,2717.58,2740.37,2741.67,2708.85,2711.74,28.63,1.0558,1.21,473025.0
SPX,20181102,2745.45,2723.06,2756.55,2700.44,2740.37,-17.31,-0.6317,2.05,426123.0
SPX,20181105,2726.37,2738.31,2744.27,2717.94,2723.06,15.25,0.56,0.97,365091.0
SPX,20181106,2738.4,2755.45,2756.82,2737.08,2738.31,17.14,0.6259,0.72,354380.0
SPX,20181107,2774.13,2813.89,2815.15,2774.13,2755.45,58.44,2.1209,1.49,392908.0
SPX,20181108,2806.38,2806.83,2814.75,2794.99,2813.89,-7.06,-0.2509,0.7,367355.0
SPX,20181109,2794.1,2781.01,2794.1,2764.24,2806.83,-25.82,-0.9199,1.06,402903.0
SPX,20181112,2773.93,2726.22,2775.99,2722.0,2781.01,-54.79,-1.9701,1.94,370157.0
SPX,20181113,2730.05,2722.18,2754.6,2714.98,2726.22,-4.04,-0.1482,1.45,411282.0
SPX,20181114,2737.9,2701.58,2746.8,2685.75,2722.18,-20.6,-0.7567,2.24,444906.0
SPX,20181115,2693.52,2730.2,2735.38,2670.75,2701.58,28.62,1.0594,2.39,420496.0
SPX,20181116,2718.54,2736.27,2746.75,2712.16,2730.2,6.07,0.2223,1.27,399697.0
SPX,20181119,2730.74,2690.73,2733.16,2681.09,2736.27,-45.54,-1.6643,1.9,380694.0
SPX,20181120,2654.6,2641.89,2669.44,2631.52,2690.73,-48.84,-1.8151,1.41,437082.0
SPX,20181121,2657.74,2649.93,2670.73,2649.82,2641.89,8.04,0.3043,0.79,323740.0
SPX,20181123,2633.36,2632.56,2647.55,2631.09,2649.93,-17.37,-0.6555,0.62,165168.0
SPX,20181126,2649.97,2673.45,2674.35,2649.97,2632.56,40.89,1.5532,0.93,352352.0
SPX,20181127,2663.75,2682.17,2682.53,2655.89,2673.45,8.72,0.3262,1.0,349438.0
SPX,20181128,2691.45,2743.79,2744.0,2684.38,2682.17,61.62,2.2974,2.22,398454.0
SPX,20181129,2736.97,2737.76,2753.75,2722.94,2743.79,-6.03,-0.2198,1.12,359920.0
SPX,20181130,2737.76,2760.17,2760.88,2732.76,2737.76,22.41,0.8186,1.03,466831.0
SPX,20181203,2790.5,2790.37,2800.18,2773.38,2760.17,30.2,1.0941,0.97,422158.0
SPX,20181204,2782.43,2700.06,2785.93,2697.18,2790.37,-90.31,-3.2365,3.18,451571.0
SPX,20181206,2663.51,2695.95,2696.15,2621.53,2700.06,-4.11,-0.1522,2.76,518043.0
SPX,20181207,2691.26,2633.08,2708.54,2623.14,2695.95,-62.87,-2.332,3.17,424224.0
SPX,20181210,2630.86,2637.72,2647.51,2583.23,2633.08,4.64,0.1762,2.44,416288.0
SPX,20181211,2664.44,2636.78,2674.35,2621.3,2637.72,-0.94,-0.0356,2.01,396344.0
SPX,20181212,2658.23,2651.07,2685.44,2650.26,2636.78,14.29,0.5419,1.33,402930.0
SPX,20181213,2658.7,2650.54,2670.19,2637.27,2651.07,-0.53,-0.02,1.24,397834.0
SPX,20181214,2629.68,2599.95,2635.07,2593.84,2650.54,-50.59,-1.9087,1.56,406437.0
SPX,20181217,2590.75,2545.94,2601.13,2530.54,2599.95,-54.01,-2.0773,2.72,466142.0
SPX,20181218,2559.9,2546.16,2573.99,2528.71,2545.94,0.22,0.0086,1.78,451919.0
SPX,20181219,2547.05,2506.96,2585.29,2488.96,2546.16,-39.2,-1.5396,3.78,515283.0
SPX,20181220,2496.77,2467.42,2509.63,2441.18,2506.96,-39.54,-1.5772,2.73,561978.0
SPX,20181221,2465.38,2416.62,2504.41,2408.55,2467.42,-50.8,-2.0588,3.89,765789.0
SPX,20181224,2400.56,2351.1,2410.34,2351.1,2416.62,-65.52,-2.7112,2.45,261367.0
SPX,20181226,2363.12,2467.7,2467.76,2346.58,2351.1,116.6,4.9594,5.15,424974.0
SPX,20181227,2442.5,2488.83,2489.1,2397.94,2467.7,21.13,0.8563,3.69,413901.0
SPX,20181228,2498.77,2485.74,2520.27,2472.89,2488.83,-3.09,-0.1242,1.9,372844.0
SPX,20181231,2498.94,2506.85,2509.24,2482.82,2485.74,21.11,0.8492,1.06,346192.0
SPX,20190102,2476.96,2510.03,2519.49,2467.47,2506.85,3.18,0.1269,2.08,373316.0
SPX,20190103,2491.92,2447.89,2493.14,2443.96,2510.03,-62.14,-2.4757,1.96,385883.0
SPX,20190104,2474.33,2531.94,2538.07,2474.33,2447.89,84.05,3.4336,2.6,423414.0
SPX,20190107,2535.61,2549.69,2566.16,2524.56,2531.94,17.75,0.701,1.64,413312.0
SPX,20190108,2568.11,2574.41,2579.82,2547.56,2549.69,24.72,0.9695,1.27,412006.0
SPX,20190109,2580.0,2584.96,2595.32,2568.89,2574.41,10.55,0.4098,1.03,408874.0
SPX,20190110,2573.51,2596.64,2597.82,2562.02,2584.96,11.68,0.4518,1.38,372130.0
SPX,20190111,2588.11,2596.26,2596.27,2577.4,2596.64,-0.38,-0.0146,0.73,344746.0
SPX,20190114,2580.31,2582.61,2589.32,2570.41,2596.26,-13.65,-0.5258,0.73,368937.0
SPX,20190115,2585.1,2610.3,2613.08,2585.1,2582.61,27.69,1.0722,1.08,360118.0
SPX,20190116,2614.75,2616.1,2625.76,2612.68,2610.3,5.8,0.2222,0.5,388218.0
SPX,20190117,2609.28,2635.96,2645.06,2606.36,2616.1,19.86,0.7591,1.48,380241.0
SPX,20190118,2651.27,2670.71,2675.47,2647.58,2635.96,34.75,1.3183,1.06,400901.0
SPX,20190122,2657.88,2632.9,2657.88,2617.27,2670.71,-37.81,-1.4157,1.52,392395.0
SPX,20190123,2643.48,2638.7,2653.19,2612.86,2632.9,5.8,0.2203,1.53,335877.0
SPX,20190124,2638.84,2642.33,2647.2,2627.01,2638.7,3.63,0.1376,0.77,344923.0
SPX,20190125,2657.44,2664.76,2672.38,2657.33,2642.33,22.43,0.8489,0.57,382100.0
SPX,20190128,2644.97,2643.85,2644.97,2624.06,2664.76,-20.91,-0.7847,0.78,363082.0
SPX,20190129,2644.89,2640.0,2650.93,2631.05,2643.85,-3.85,-0.1456,0.75,351807.0
SPX,20190130,2653.62,2681.05,2690.44,2648.34,2640.0,41.05,1.5549,1.59,388327.0
SPX,20190131,2685.49,2704.1,2708.95,2678.65,2681.05,23.05,0.8597,1.13,495380.0
SPX,20190201,2702.32,2706.53,2716.66,2696.88,2704.1,2.43,0.0899,0.73,378249.0
SPX,20190204,2706.49,2724.87,2724.99,2698.75,2706.53,18.34,0.6776,0.97,336945.0
SPX,20190205,2728.34,2737.7,2738.98,2724.03,2724.87,12.83,0.4708,0.55,359762.0
SPX,20190206,2735.05,2731.61,2738.08,2724.15,2737.7,-6.09,-0.2225,0.51,348659.0
SPX,20190207,2717.53,2706.05,2719.32,2687.26,2731.61,-25.56,-0.9357,1.17,411404.0
SPX,20190208,2692.36,2707.88,2708.07,2681.83,2706.05,1.83,0.0676,0.97,364951.0
SPX,20190211,2712.4,2709.8,2718.05,2703.79,2707.88,1.92,0.0709,0.53,339533.0
SPX,20190212,2722.61,2744.73,2748.19,2722.61,2709.8,34.93,1.289,0.94,384302.0
SPX,20190213,2750.3,2753.03,2761.85,2748.63,2744.73,8.3,0.3024,0.48,368491.0
SPX,20190214,2743.5,2745.73,2757.9,2731.23,2753.03,-7.3,-0.2652,0.97,384539.0
SPX,20190215,2760.24,2775.6,2775.66,2760.24,2745.73,29.87,1.0879,0.56,364868.0
SPX,20190219,2769.28,2779.76,2787.33,2767.29,2775.6,4.16,0.1499,0.72,353527.0
SPX,20190220,2779.05,2784.7,2789.88,2774.06,2779.76,4.94,0.1777,0.57,390483.0
SPX,20190221,2780.24,2774.88,2781.58,2764.55,2784.7,-9.82,-0.3526,0.61,359826.0
SPX,20190222,2780.67,2792.67,2794.2,2779.11,2774.88,17.79,0.6411,0.54,342935.0
SPX,20190225,2804.35,2796.11,2813.49,2794.99,2792.67,3.44,0.1232,0.66,386026.0
SPX,20190226,2792.36,2793.9,2803.12,2789.47,2796.11,-2.21,-0.079,0.49,367620.0
SPX,20190227,2787.5,2792.38,2795.76,2775.13,2793.9,-1.52,-0.0544,0.74,377179.0
SPX,20190228,2788.11,2784.49,2793.73,2782.51,2792.38,-7.89,-0.2826,0.4,444578.0
SPX,20190301,2798.22,2803.69,2808.02,2787.38,2784.49,19.2,0.6895,0.74,399495.0
SPX,20190304,2814.37,2792.81,2816.88,2767.66,2803.69,-10.88,-0.3881,1.76,394973.0
SPX,20190305,2794.41,2789.65,2796.44,2782.97,2792.81,-3.16,-0.1131,0.48,363138.0
SPX,20190306,2790.27,2771.45,2790.27,2768.69,2789.65,-18.2,-0.6524,0.77,380018.0
SPX,20190307,2766.53,2748.93,2767.25,2739.09,2771.45,-22.52,-0.8126,1.02,393215.0
SPX,20190308,2730.79,2743.07,2744.13,2722.27,2748.93,-5.86,-0.2132,0.8,342430.0
SPX,20190311,2747.61,2783.3,2784.0,2747.61,2743.07,40.23,1.4666,1.33,376485.0
SPX,20190312,2787.34,2791.52,2798.32,2786.73,2783.3,8.22,0.2953,0.42,343234.0
SPX,20190313,2799.78,2810.92,2821.24,2799.78,2791.52,19.4,0.695,0.77,378225.0
SPX,20190314,2810.38,2808.48,2815.0,2803.46,2810.92,-2.44,-0.0868,0.41,350567.0
SPX,20190315,2810.79,2822.48,2830.73,2810.79,2808.48,14.0,0.4985,0.71,596978.0
SPX,20190318,2822.61,2832.94,2835.41,2821.99,2822.48,10.46,0.3706,0.48,362077.0
SPX,20190319,2840.76,2832.57,2852.42,2823.27,2832.94,-0.37,-0.0131,1.03,365074.0
SPX,20190320,2831.34,2824.23,2843.54,2812.43,2832.57,-8.34,-0.2944,1.1,377916.0
SPX,20190321,2819.72,2854.88,2860.31,2817.38,2824.23,30.65,1.0853,1.52,361262.0
SPX,20190322,2844.52,2800.71,2846.16,2800.47,2854.88,-54.17,-1.8975,1.6,425373.0
SPX,20190325,2796.01,2798.36,2809.79,2785.02,2800.71,-2.35,-0.0839,0.88,340611.0
SPX,20190326,2812.66,2818.46,2829.87,2803.99,2798.36,20.1,0.7183,0.92,328857.0
SPX,20190327,2819.72,2805.37,2825.56,2787.72,2818.46,-13.09,-0.4644,1.34,342240.0
SPX,20190328,2809.4,2815.44,2819.71,2798.77,2805.37,10.07,0.359,0.75,318546.0
SPX,20190329,2828.27,2834.4,2836.03,2819.23,2815.44,18.96,0.6734,0.6,375252.0
SPX,20190401,2848.63,2867.19,2869.4,2848.63,2834.4,32.79,1.1569,0.73,356009.0
SPX,20190402,2868.24,2867.24,2872.9,2858.75,2867.19,0.05,0.0017,0.49,326721.0
SPX,20190403,2876.09,2873.4,2885.25,2865.17,2867.24,6.16,0.2148,0.7,357000.0
SPX,20190404,2873.99,2879.39,2881.28,2867.14,2873.4,5.99,0.2085,0.49,303874.0
SPX,20190405,2884.16,2892.74,2893.24,2882.99,2879.39,13.35,0.4636,0.36,315597.0
SPX,20190408,2888.46,2895.77,2895.95,2880.78,2892.74,3.03,0.1047,0.52,305646.0
SPX,20190409,2886.58,2878.2,2886.88,2873.33,2895.77,-17.57,-0.6067,0.47,303248.0
SPX,20190410,2881.37,2888.21,2889.71,2879.13,2878.2,10.01,0.3478,0.37,309223.0
SPX,20190411,2891.92,2888.32,2893.42,2881.99,2888.21,0.11,0.0038,0.4,297065.0
SPX,20190412,2900.86,2907.41,2910.54,2898.37,2888.32,19.09,0.6609,0.42,372605.0
SPX,20190415,2908.32,2905.58,2909.6,2896.48,2907.41,-1.83,-0.0629,0.45,311453.0
SPX,20190416,2912.26,2907.06,2916.06,2900.71,2905.58,1.48,0.0509,0.53,340312.0
SPX,20190417,2916.04,2900.45,2918.0,2895.45,2907.06,-6.61,-0.2274,0.78,364810.0
SPX,20190418,2904.81,2905.03,2908.4,2891.9,2900.45,4.58,0.1579,0.57,350710.0
SPX,20190422,2898.78,2907.97,2909.51,2896.35,2905.03,2.94,0.1012,0.45,301013.0
SPX,20190423,2909.99,2933.68,2936.31,2908.53,2907.97,25.71,0.8841,0.96,367448.0
SPX,20190424,2934.0,2927.25,2936.83,2926.05,2933.68,-6.43,-0.2192,0.37,346848.0
SPX,20190425,2928.99,2926.17,2933.1,2912.84,2927.25,-1.08,-0.0369,0.69,344001.0
SPX,20190426,2925.81,2939.88,2939.88,2917.56,2926.17,13.71,0.4685,0.76,326439.0
SPX,20190429,2940.58,2943.03,2949.52,2939.35,2939.88,3.15,0.1071,0.35,315039.0
SPX,20190430,2937.14,2945.83,2948.22,2924.11,2943.03,2.8,0.0951,0.82,393976.0
SPX,20190501,2952.33,2923.73,2954.13,2923.36,2945.83,-22.1,-0.7502,1.04,366933.0
SPX,20190502,2922.16,2917.52,2931.68,2900.5,2923.73,-6.21,-0.2124,1.07,380229.0
SPX,20190503,2929.21,2945.64,2947.85,2929.21,2917.52,28.12,0.9638,0.64,335718.0
SPX,20190506,2908.89,2932.47,2937.32,2898.21,2945.64,-13.17,-0.4471,1.33,320326.0
SPX,20190507,2913.03,2884.05,2913.03,2862.6,2932.47,-48.42,-1.6512,1.72,379306.0
SPX,20190508,2879.61,2879.42,2897.96,2873.28,2884.05,-4.63,-0.1605,0.86,354311.0
SPX,20190509,2859.84,2870.72,2875.97,2836.4,2879.42,-8.7,-0.3021,1.37,365905.0
SPX,20190510,2863.1,2881.4,2891.31,2825.39,2870.72,10.68,0.372,2.3,356678.0
SPX,20190513,2840.19,2811.87,2840.19,2801.43,2881.4,-69.53,-2.4131,1.35,390027.0
SPX,20190514,2820.12,2834.41,2852.54,2820.12,2811.87,22.54,0.8016,1.15,335486.0
SPX,20190515,2820.38,2850.96,2858.68,2815.08,2834.41,16.55,0.5839,1.54,314090.0
SPX,20190516,2855.8,2876.32,2892.15,2855.8,2850.96,25.36,0.8895,1.28,333847.0
SPX,20190517,2858.6,2859.53,2885.48,2854.23,2876.32,-16.79,-0.5837,1.09,331604.0
SPX,20190520,2841.94,2840.23,2853.86,2831.29,2859.53,-19.3,-0.6749,0.79,329375.0
SPX,20190521,2854.02,2864.36,2868.88,2854.02,2840.23,24.13,0.8496,0.52,322305.0
SPX,20190522,2856.06,2856.27,2865.47,2851.11,2864.36,-8.09,-0.2824,0.5,319400.0
SPX,20190523,2836.7,2822.24,2836.7,2805.49,2856.27,-34.03,-1.1914,1.09,389932.0
SPX,20190524,2832.41,2826.06,2841.36,2820.19,2822.24,3.82,0.1354,0.75,288923.0
SPX,20190528,2830.03,2802.39,2840.51,2801.58,2826.06,-23.67,-0.8376,1.38,414698.0
SPX,20190529,2790.25,2783.02,2792.03,2766.06,2802.39,-19.37,-0.6912,0.93,370111.0
SPX,20190530,2786.94,2788.86,2799.0,2776.74,2783.02,5.84,0.2098,0.8,327603.0
SPX,20190531,2766.15,2752.06,2768.98,2750.52,2788.86,-36.8,-1.3195,0.66,398267.0
SPX,20190603,2751.53,2744.45,2763.07,2728.81,2752.06,-7.61,-0.2765,1.24,395236.0
SPX,20190604,2762.64,2803.27,2804.49,2762.64,2744.45,58.82,2.1432,1.52,381413.0
SPX,20190605,2818.09,2826.15,2827.28,2800.92,2803.27,22.88,0.8162,0.94,357076.0
SPX,20190606,2828.51,2843.49,2852.1,2822.45,2826.15,17.34,0.6136,1.05,344514.0
SPX,20190607,2852.87,2873.34,2884.97,2852.87,2843.49,29.85,1.0498,1.13,324438.0
SPX,20190610,2885.83,2886.73,2904.77,2885.51,2873.34,13.39,0.466,0.67,320989.0
SPX,20190611,2903.27,2885.72,2910.61,2878.53,2886.73,-1.01,-0.035,1.11,355100.0
SPX,20190612,2882.73,2879.84,2888.57,2874.68,2885.72,-5.88,-0.2038,0.48,303987.0
SPX,20190613,2886.24,2891.64,2895.24,2881.99,2879.84,11.8,0.4097,0.46,310064.0
SPX,20190614,2886.82,2886.98,2894.45,2879.62,2891.64,-4.66,-0.1612,0.51,299281.0
SPX,20190617,2889.75,2889.67,2897.27,2887.3,2886.98,2.69,0.0932,0.35,282840.0
SPX,20190618,2906.71,2917.75,2930.79,2905.44,2889.67,28.08,0.9717,0.88,344154.0
SPX,20190619,2920.55,2926.46,2931.74,2911.43,2917.75,8.71,0.2985,0.7,330022.0
SPX,20190620,2949.6,2954.18,2958.06,2931.5,2926.46,27.72,0.9472,0.91,394306.0
SPX,20190621,2952.71,2950.46,2964.15,2946.87,2954.18,-3.72,-0.1259,0.58,500354.0
SPX,20190624,2951.42,2945.35,2954.92,2944.05,2950.46,-5.11,-0.1732,0.37,313696.0
SPX,20190625,2945.78,2917.38,2946.52,2916.01,2945.35,-27.97,-0.9496,1.04,357943.0
SPX,20190626,2926.07,2913.78,2932.59,2912.99,2917.38,-3.6,-0.1234,0.67,351135.0
SPX,20190627,2919.66,2924.92,2929.3,2918.57,2913.78,11.14,0.3823,0.37,316250.0
SPX,20190628,2932.94,2941.76,2943.98,2929.05,2924.92,16.84,0.5757,0.51,542265.0
SPX,20190701,2971.41,2964.33,2977.93,2952.22,2941.76,22.57,0.7672,0.87,352486.0
SPX,20190702,2964.66,2973.01,2973.21,2955.92,2964.33,8.68,0.2928,0.58,322449.0
SPX,20190703,2978.08,2995.82,2995.84,2977.96,2973.01,22.81,0.7672,0.6,196357.0
SPX,20190705,2984.25,2990.41,2994.03,2967.97,2995.82,-5.41,-0.1806,0.87,243468.0
SPX,20190708,2979.77,2975.95,2980.76,2970.09,2990.41,-14.46,-0.4835,0.36,292236.0
SPX,20190709,2965.52,2979.63,2981.9,2963.44,2975.95,3.68,0.1237,0.62,303333.0
SPX,20190710,2989.3,2993.07,3002.98,2984.62,2979.63,13.44,0.4511,0.62,315780.0
SPX,20190711,2999.62,2999.91,3002.33,2988.8,2993.07,6.84,0.2285,0.45,315571.0
SPX,20190712,3003.36,3013.77,3013.92,3001.87,2999.91,13.86,0.462,0.4,298414.0
SPX,20190715,3017.8,3014.3,3017.8,3008.77,3013.77,0.53,0.0176,0.3,287610.0
SPX,20190716,3012.13,3004.04,3015.02,3001.15,3014.3,-10.26,-0.3404,0.46,329703.0
SPX,20190717,3005.1,2984.42,3005.26,2984.25,3004.04,-19.62,-0.6531,0.7,318565.0
SPX,20190718,2978.87,2995.11,2998.28,2973.09,2984.42,10.69,0.3582,0.84,336982.0
SPX,20190719,3004.26,2976.61,3006.02,2975.86,2995.11,-18.5,-0.6177,1.01,328589.0
SPX,20190722,2981.93,2985.03,2990.71,2976.65,2976.61,8.42,0.2829,0.47,301620.0
SPX,20190723,2994.74,3005.47,3005.9,2988.56,2985.03,20.44,0.6848,0.58,333381.0
SPX,20190724,2998.77,3019.56,3019.59,2996.82,3005.47,14.09,0.4688,0.76,343322.0
SPX,20190725,3016.26,3003.67,3016.31,2997.24,3019.56,-15.89,-0.5262,0.63,365705.0
SPX,20190726,3013.25,3025.86,3027.98,3012.59,3003.67,22.19,0.7388,0.51,326017.0
SPX,20190729,3024.47,3020.97,3025.61,3014.3,3025.86,-4.89,-0.1616,0.37,322449.0
SPX,20190730,3007.66,3013.18,3017.19,3000.94,3020.97,-7.79,-0.2579,0.54,363277.0
SPX,20190731,3016.22,2980.38,3017.4,2958.08,3013.18,-32.8,-1.0886,1.97,462633.0
SPX,20190801,2980.32,2953.56,3013.59,2945.23,2980.38,-26.82,-0.8999,2.29,479381.0
SPX,20190802,2943.9,2932.05,2945.5,2914.11,2953.56,-21.51,-0.7283,1.06,388281.0
SPX,20190805,2898.07,2844.74,2898.07,2822.12,2932.05,-87.31,-2.9778,2.59,454285.0
SPX,20190806,2861.18,2881.77,2884.4,2847.42,2844.74,37.03,1.3017,1.3,415664.0
SPX,20190807,2858.65,2883.98,2892.17,2825.71,2881.77,2.21,0.0767,2.31,451272.0
SPX,20190808,2896.21,2938.09,2938.72,2894.47,2883.98,54.11,1.8762,1.53,411853.0
SPX,20190809,2930.51,2918.65,2935.75,2900.15,2938.09,-19.44,-0.6617,1.21,335685.0
SPX,20190812,2907.07,2883.75,2907.58,2873.14,2918.65,-34.9,-1.1958,1.18,332857.0
SPX,20190813,2880.72,2926.32,2943.31,2877.05,2883.75,42.57,1.4762,2.3,385719.0
SPX,20190814,2894.15,2840.6,2894.15,2839.64,2926.32,-85.72,-2.9293,1.86,432515.0
SPX,20190815,2846.2,2847.6,2856.67,2825.51,2840.6,7.0,0.2464,1.1,404172.0
SPX,20190816,2864.74,2888.68,2893.63,2864.74,2847.6,41.08,1.4426,1.01,352408.0
SPX,20190819,2913.48,2923.65,2931.0,2913.48,2888.68,34.97,1.2106,0.61,322105.0
SPX,20190820,2919.01,2900.51,2923.63,2899.6,2923.65,-23.14,-0.7915,0.82,306771.0
SPX,20190821,2922.04,2924.43,2928.73,2917.91,2900.51,23.92,0.8247,0.37,301654.0
SPX,20190822,2930.94,2922.95,2939.08,2904.51,2924.43,-1.48,-0.0506,1.18,289366.0
SPX,20190823,2911.07,2847.11,2927.01,2834.97,2922.95,-75.84,-2.5946,3.15,394252.0
SPX,20190826,2866.7,2878.38,2879.27,2856.0,2847.11,31.27,1.0983,0.82,285979.0
SPX,20190827,2893.14,2869.16,2898.79,2860.59,2878.38,-9.22,-0.3203,1.33,353749.0
SPX,20190828,2861.28,2887.94,2890.03,2853.05,2869.16,18.78,0.6545,1.29,310248.0
SPX,20190829,2910.37,2924.58,2930.5,2905.67,2887.94,36.64,1.2687,0.86,317715.0
SPX,20190830,2937.09,2926.46,2940.43,2913.32,2924.58,1.88,0.0643,0.93,300991.0
SPX,20190903,2909.01,2906.27,2914.39,2891.85,2926.46,-20.19,-0.6899,0.77,342783.0
SPX,20190904,2924.67,2937.78,2938.84,2921.86,2906.27,31.51,1.0842,0.58,316790.0
SPX,20190905,2960.6,2976.0,2985.86,2960.6,2937.78,38.22,1.301,0.86,390260.0
SPX,20190906,2980.33,2978.71,2985.03,2972.51,2976.0,2.71,0.0911,0.42,320934.0
SPX,20190909,2988.43,2978.43,2989.43,2969.39,2978.71,-0.28,-0.0094,0.67,403112.0
SPX,20190910,2971.01,2979.39,2979.39,2957.01,2978.43,0.96,0.0322,0.75,439304.0
SPX,20190911,2981.41,3000.93,3000.93,2975.31,2979.39,21.54,0.723,0.86,393437.0
SPX,20190912,3009.08,3009.57,3020.74,3000.92,3000.93,8.64,0.2879,0.66,379699.0
SPX,20190913,3012.21,3007.39,3017.33,3002.9,3009.57,-2.18,-0.0724,0.48,355701.0
SPX,20190916,2996.41,2997.96,3002.19,2990.67,3007.39,-9.43,-0.3136,0.38,428586.0
SPX,20190917,2995.67,3005.7,3006.21,2993.73,2997.96,7.74,0.2582,0.42,367325.0
SPX,20190918,3001.5,3006.73,3007.83,2978.57,3005.7,1.03,0.0343,0.97,345880.0
SPX,20190919,3010.36,3006.79,3021.99,3003.16,3006.73,0.06,0.002,0.63,326566.0
SPX,20190920,3008.42,2992.07,3016.37,2984.68,3006.79,-14.72,-0.4896,1.05,610344.0
SPX,20190923,2983.5,2991.78,2999.15,2982.23,2992.07,-0.29,-0.0097,0.57,318725.0
SPX,20190924,3002.43,2966.6,3007.98,2957.73,2991.78,-25.18,-0.8416,1.68,387280.0
SPX,20190925,2968.35,2984.87,2989.82,2952.86,2966.6,18.27,0.6159,1.25,333120.0
SPX,20190926,2985.73,2977.62,2987.28,2963.71,2984.87,-7.25,-0.2429,0.79,308491.0
SPX,20190927,2985.47,2961.79,2987.31,2945.53,2977.62,-15.83,-0.5316,1.4,324648.0
SPX,20190930,2967.07,2976.74,2983.85,2967.07,2961.79,14.95,0.5048,0.57,324913.0
SPX,20191001,2983.69,2940.25,2992.53,2938.7,2976.74,-36.49,-1.2258,1.81,356075.0
SPX,20191002,2924.78,2887.61,2924.78,2874.93,2940.25,-52.64,-1.7903,1.7,391418.0
SPX,20191003,2885.38,2910.63,2911.13,2855.94,2887.61,23.02,0.7972,1.91,351513.0
SPX,20191004,2918.56,2952.01,2953.74,2918.56,2910.63,41.38,1.4217,1.21,300560.0
SPX,20191007,2944.23,2938.79,2959.75,2935.68,2952.01,-13.22,-0.4478,0.82,295905.0
SPX,20191008,2920.4,2893.06,2925.47,2892.66,2938.79,-45.73,-1.5561,1.12,337070.0
SPX,20191009,2911.1,2919.4,2929.32,2907.41,2893.06,26.34,0.9105,0.76,273535.0
SPX,20191010,2918.55,2938.13,2948.46,2917.12,2919.4,18.73,0.6416,1.07,323440.0
SPX,20191011,2963.07,2970.27,2993.28,2963.07,2938.13,32.14,1.0939,1.03,358132.0
SPX,20191014,2965.81,2966.15,2972.84,2962.94,2970.27,-4.12,-0.1387,0.33,255927.0
SPX,20191015,2973.61,2995.68,3003.28,2973.61,2966.15,29.53,0.9956,1.0,334509.0
SPX,20191016,2989.68,2989.69,2997.54,2985.2,2995.68,-5.99,-0.2,0.41,323032.0
SPX,20191017,3000.77,2997.95,3008.29,2991.79,2989.69,8.26,0.2763,0.55,310347.0
SPX,20191018,2996.84,2986.2,3000.0,2976.31,2997.95,-11.75,-0.3919,0.79,326897.0
SPX,20191021,2996.48,3006.72,3007.33,2995.35,2986.2,20.52,0.6872,0.4,327196.0
SPX,20191022,3010.73,2995.99,3014.57,2995.04,3006.72,-10.73,-0.3569,0.65,352754.0
SPX,20191023,2994.01,3004.52,3004.78,2991.21,2995.99,8.53,0.2847,0.45,341360.0
SPX,20191024,3014.78,3010.29,3016.07,3000.42,3004.52,5.77,0.192,0.52,369651.0
SPX,20191025,3003.32,3022.55,3027.39,3001.94,3010.29,12.26,0.4073,0.85,337906.0
SPX,20191028,3032.12,3039.42,3044.08,3032.12,3022.55,16.87,0.5581,0.4,352497.0
SPX,20191029,3035.39,3036.89,3047.87,3034.81,3039.42,-2.53,-0.0832,0.43,359443.0
SPX,20191030,3039.74,3046.77,3050.1,3025.96,3036.89,9.88,0.3253,0.79,377966.0
SPX,20191031,3046.9,3037.56,3046.9,3023.19,3046.77,-9.21,-0.3023,0.78,414931.0
SPX,20191101,3050.72,3066.91,3066.95,3050.72,3037.56,29.35,0.9662,0.53,395629.0
SPX,20191104,3078.96,3078.27,3085.2,3074.87,3066.91,11.36,0.3704,0.34,417804.0
SPX,20191105,3080.8,3074.62,3083.95,3072.15,3078.27,-3.65,-0.1186,0.38,449059.0
SPX,20191106,3075.1,3076.78,3078.34,3065.89,3074.62,2.16,0.0703,0.4,446551.0
SPX,20191107,3087.02,3085.18,3097.77,3080.23,3076.78,8.4,0.273,0.57,415199.0
SPX,20191108,3081.25,3093.08,3093.09,3073.58,3085.18,7.9,0.2561,0.63,350816.0
SPX,20191111,3080.33,3087.01,3088.33,3075.82,3093.08,-6.07,-0.1962,0.4,304112.0
SPX,20191112,3089.28,3091.84,3102.61,3084.73,3087.01,4.83,0.1565,0.58,349556.0
SPX,20191113,3084.18,3094.04,3098.06,3078.8,3091.84,2.2,0.0712,0.62,351372.0
SPX,20191114,3090.75,3096.63,3098.2,3083.26,3094.04,2.59,0.0837,0.48,328209.0
SPX,20191115,3107.92,3120.46,3120.46,3104.6,3096.63,23.83,0.7695,0.51,335980.0
SPX,20191118,3117.91,3122.03,3124.17,3112.06,3120.46,1.57,0.0503,0.39,344014.0
SPX,20191119,3127.45,3120.18,3127.64,3113.47,3122.03,-1.85,-0.0593,0.45,361367.0
SPX,20191120,3114.66,3108.46,3118.97,3091.41,3120.18,-11.72,-0.3756,0.88,404101.0
SPX,20191121,3108.49,3103.54,3110.11,3094.55,3108.46,-4.92,-0.1583,0.5,374401.0
SPX,20191122,3111.41,3110.29,3112.87,3099.26,3103.54,6.75,0.2175,0.44,323527.0
SPX,20191125,3117.44,3133.64,3133.83,3117.44,3110.29,23.35,0.7507,0.53,351431.0
SPX,20191126,3134.85,3140.52,3142.69,3131.0,3133.64,6.88,0.2196,0.37,460045.0
SPX,20191127,3145.49,3153.63,3154.26,3143.41,3140.52,13.11,0.4174,0.35,303547.0
SPX,20191129,3147.18,3140.98,3150.3,3139.34,3153.63,-12.65,-0.4011,0.35,174342.0
SPX,20191202,3143.85,3113.87,3144.31,3110.78,3140.98,-27.11,-0.8631,1.07,328575.0
SPX,20191203,3087.41,3093.2,3094.97,3070.33,3113.87,-20.67,-0.6638,0.79,367158.0
SPX,20191204,3103.5,3112.76,3119.38,3102.53,3093.2,19.56,0.6324,0.54,370298.0
SPX,20191205,3119.21,3117.43,3119.45,3103.76,3112.76,4.67,0.15,0.5,336048.0
SPX,20191206,3134.62,3145.91,3150.6,3134.62,3117.43,28.48,0.9136,0.51,348331.0
SPX,20191209,3141.86,3135.96,3148.87,3135.46,3145.91,-9.95,-0.3163,0.43,340047.0
SPX,20191210,3135.36,3132.52,3142.12,3126.09,3135.96,-3.44,-0.1097,0.51,334631.0
SPX,20191211,3135.75,3141.63,3143.98,3133.21,3132.52,9.11,0.2908,0.34,325765.0
SPX,20191212,3141.23,3168.57,3176.28,3138.47,3141.63,26.94,0.8575,1.2,400320.0
SPX,20191213,3166.65,3168.8,3182.68,3156.51,3168.57,0.23,0.0073,0.83,375765.0
SPX,20191216,3183.63,3191.45,3197.71,3183.63,3168.8,22.65,0.7148,0.44,407020.0
SPX,20191217,3195.4,3192.52,3198.22,3191.03,3191.45,1.07,0.0335,0.23,384294.0
SPX,20191218,3195.21,3191.14,3198.48,3191.14,3192.52,-1.38,-0.0432,0.23,402995.0
SPX,20191219,3192.32,3205.37,3205.48,3192.32,3191.14,14.23,0.4459,0.41,378436.0
SPX,20191220,3223.33,3221.22,3225.65,3216.03,3205.37,15.85,0.4945,0.3,645748.0
SPX,20191223,3226.05,3224.01,3227.78,3222.3,3221.22,2.79,0.0866,0.17,306453.0
SPX,20191224,3225.45,3223.38,3226.43,3220.51,3224.01,-0.63,-0.0195,0.18,129653.0
SPX,20191226,3227.2,3239.91,3240.08,3227.2,3223.38,16.53,0.5128,0.4,216454.0
SPX,20191227,3247.23,3240.02,3247.93,3234.37,3239.91,0.11,0.0034,0.42,242915.0
SPX,20191230,3240.09,3221.29,3240.92,3216.57,3240.02,-18.73,-0.5781,0.75,302172.0
SPX,20191231,3215.18,3230.78,3231.72,3212.03,3221.29,9.49,0.2946,0.61,289476.0
SPX,20200102,3244.67,3257.85,3258.14,3235.53,3230.78,27.07,0.8379,0.7,345993.0
SPX,20200103,3226.36,3234.85,3246.15,3222.34,3257.85,-23.0,-0.706,0.73,348470.0
SPX,20200106,3217.55,3246.28,3246.84,3214.64,3234.85,11.43,0.3533,1.0,370246.0
SPX,20200107,3241.86,3237.18,3244.91,3232.43,3246.28,-9.1,-0.2803,0.38,343591.0
SPX,20200108,3238.59,3253.05,3267.07,3236.67,3237.18,15.87,0.4902,0.94,372684.0
SPX,20200109,3266.03,3274.7,3275.58,3263.67,3253.05,21.65,0.6655,0.37,364123.0
SPX,20200110,3281.81,3265.35,3282.99,3260.86,3274.7,-9.35,-0.2855,0.68,321458.0
SPX,20200113,3271.13,3288.13,3288.13,3268.43,3265.35,22.78,0.6976,0.6,345939.0
SPX,20200114,3285.35,3283.15,3294.25,3277.19,3288.13,-4.98,-0.1515,0.52,368762.0
SPX,20200115,3282.27,3289.29,3298.66,3280.69,3283.15,6.14,0.187,0.55,372149.0
SPX,20200116,3302.97,3316.81,3317.11,3302.82,3289.29,27.52,0.8367,0.43,354058.0
SPX,20200117,3323.66,3329.62,3329.88,3318.86,3316.81,12.81,0.3862,0.33,372622.0
SPX,20200121,3321.03,3320.79,3329.79,3316.61,3329.62,-8.83,-0.2652,0.4,410484.0
SPX,20200122,3330.02,3321.75,3337.77,3320.04,3320.79,0.96,0.0289,0.53,362378.0
SPX,20200123,3315.77,3325.54,3326.88,3301.87,3321.75,3.79,0.1141,0.75,376671.0
SPX,20200124,3333.1,3295.47,3333.18,3281.53,3325.54,-30.07,-0.9042,1.55,370878.0
SPX,20200127,3247.16,3243.63,3258.85,3234.5,3295.47,-51.84,-1.5731,0.74,383105.0
SPX,20200128,3255.35,3276.24,3285.78,3253.22,3243.63,32.61,1.0054,1.0,353157.0
SPX,20200129,3289.46,3273.4,3293.47,3271.89,3276.24,-2.84,-0.0867,0.66,360025.0
SPX,20200130,3256.45,3283.66,3285.91,3242.8,3273.4,10.26,0.3134,1.32,379035.0
SPX,20200131,3282.33,3225.52,3282.33,3214.68,3283.66,-58.14,-1.7706,2.06,452970.0
SPX,20200203,3235.66,3248.92,3268.44,3235.66,3225.52,23.4,0.7255,1.02,376046.0
SPX,20200204,3280.61,3297.59,3306.92,3280.61,3248.92,48.67,1.498,0.81,399690.0
SPX,20200205,3324.91,3334.69,3337.58,3313.75,3297.59,37.1,1.1251,0.72,412148.0
SPX,20200206,3344.92,3345.78,3347.96,3334.39,3334.69,11.09,0.3326,0.41,388725.0
SPX,20200207,3335.54,3327.71,3341.42,3322.12,3345.78,-18.07,-0.5401,0.58,373392.0
SPX,20200210,3318.28,3352.09,3352.26,3317.77,3327.71,24.38,0.7326,1.04,346273.0
SPX,20200211,3365.87,3357.75,3375.63,3352.72,3352.09,5.66,0.1689,0.68,376294.0
SPX,20200212,3370.5,3379.45,3381.47,3369.72,3357.75,21.7,0.6463,0.35,393091.0
SPX,20200213,3365.9,3373.94,3385.09,3360.52,3379.45,-5.51,-0.163,0.73,350089.0
SPX,20200214,3378.08,3380.16,3380.69,3366.15,3373.94,6.22,0.1844,0.43,341970.0
SPX,20200218,3369.04,3370.29,3375.01,3355.61,3380.16,-9.87,-0.292,0.57,375040.0
SPX,20200219,3380.39,3386.15,3393.52,3378.83,3370.29,15.86,0.4706,0.44,361420.0
SPX,20200220,3380.45,3373.23,3389.15,3341.02,3386.15,-12.92,-0.3816,1.42,401918.0
SPX,20200221,3360.5,3337.75,3360.76,3328.45,3373.23,-35.48,-1.0518,0.96,390878.0
SPX,20200224,3257.61,3225.89,3259.81,3214.65,3337.75,-111.86,-3.3514,1.35,485116.0
SPX,20200225,3238.94,3128.21,3246.99,3118.77,3225.89,-97.68,-3.028,3.97,559676.0
SPX,20200226,3139.9,3116.39,3182.51,3108.99,3128.21,-11.82,-0.3779,2.35,548465.0
SPX,20200227,3062.54,2978.76,3097.07,2977.39,3116.39,-137.63,-4.4163,3.84,706471.0
SPX,20200228,2916.9,2954.22,2959.72,2855.84,2978.76,-24.54,-0.8238,3.49,856957.0
SPX,20200302,2974.28,3090.23,3090.96,2945.19,2954.22,136.01,4.6039,4.93,638133.0
SPX,20200303,3096.46,3003.37,3136.72,2976.63,3090.23,-86.86,-2.8108,5.18,637651.0
SPX,20200304,3045.75,3130.12,3130.97,3034.38,3003.37,126.75,4.2203,3.22,507302.0
SPX,20200305,3075.7,3023.94,3083.04,2999.83,3130.12,-106.18,-3.3922,2.66,557929.0
SPX,20200306,2954.2,2972.37,2985.93,2901.54,3023.94,-51.57,-1.7054,2.79,655524.0
SPX,20200309,2863.89,2746.56,2863.89,2734.43,2972.37,-225.81,-7.597,4.36,844129.0
SPX,20200310,2813.48,2882.23,2882.59,2734.0,2746.56,135.67,4.9396,5.41,764204.0
SPX,20200311,2825.6,2741.38,2825.6,2707.22,2882.23,-140.85,-4.8868,4.11,743120.0
SPX,20200312,2630.86,2480.64,2660.95,2478.86,2741.38,-260.74,-9.5113,6.64,885081.0
SPX,20200313,2569.99,2711.02,2711.33,2492.37,2480.64,230.38,9.2871,8.83,829907.0
SPX,20200316,2508.59,2386.13,2562.98,2380.94,2711.02,-324.89,-11.9841,6.71,780545.0
SPX,20200317,2425.66,2529.19,2553.93,2367.04,2386.13,143.06,5.9955,7.83,837025.0
SPX,20200318,2436.5,2398.1,2453.57,2280.52,2529.19,-131.09,-5.1831,6.84,879930.0
SPX,20200319,2393.48,2409.39,2466.97,2319.78,2398.1,11.29,0.4708,6.14,795610.0
SPX,20200320,2431.94,2304.92,2453.01,2295.56,2409.39,-104.47,-4.336,6.53,905395.0
SPX,20200323,2290.71,2237.4,2300.73,2191.86,2304.92,-67.52,-2.9294,4.72,741138.0
SPX,20200324,2344.44,2447.33,2449.71,2344.44,2237.4,209.93,9.3828,4.71,756315.0
SPX,20200325,2457.77,2475.56,2571.42,2407.53,2447.33,28.23,1.1535,6.7,830001.0
SPX,20200326,2501.29,2630.07,2637.01,2500.72,2475.56,154.51,6.2414,5.51,776699.0
SPX,20200327,2555.87,2541.47,2615.91,2520.02,2630.07,-88.6,-3.3687,3.65,620167.0
SPX,20200330,2558.98,2626.65,2631.8,2545.28,2541.47,85.18,3.3516,3.4,575112.0
SPX,20200331,2614.69,2584.59,2641.39,2571.15,2626.65,-42.06,-1.6013,2.67,657621.0
SPX,20200401,2498.08,2470.5,2522.75,2447.49,2584.59,-114.09,-4.4142,2.91,596400.0
SPX,20200402,2458.54,2526.9,2533.22,2455.79,2470.5,56.4,2.2829,3.13,646419.0
SPX,20200403,2514.92,2488.65,2538.18,2459.96,2526.9,-38.25,-1.5137,3.1,609697.0
SPX,20200406,2578.28,2663.68,2676.85,2574.57,2488.65,175.03,7.0331,4.11,640384.0
SPX,20200407,2738.65,2659.41,2756.89,2657.67,2663.68,-4.27,-0.1603,3.72,705041.0
SPX,20200408,2685.0,2749.98,2760.75,2663.3,2659.41,90.57,3.4056,3.66,587571.0
SPX,20200409,2776.99,2789.82,2818.57,2762.36,2749.98,39.84,1.4487,2.04,789955.0
SPX,20200413,2782.46,2761.63,2782.46,2721.17,2789.82,-28.19,-1.0105,2.2,531953.0
SPX,20200414,2805.1,2846.06,2851.85,2805.1,2761.63,84.43,3.0573,1.69,561573.0
SPX,20200415,2795.64,2783.36,2801.88,2761.54,2846.06,-62.7,-2.203,1.42,520800.0
SPX,20200416,2799.34,2799.55,2806.51,2764.32,2783.36,16.19,0.5817,1.52,522881.0
SPX,20200417,2842.43,2874.56,2879.22,2830.88,2799.55,75.01,2.6794,1.73,580481.0
SPX,20200420,2845.62,2823.16,2868.98,2820.43,2874.56,-51.4,-1.7881,1.69,522863.0
SPX,20200421,2784.81,2736.56,2785.54,2727.1,2823.16,-86.6,-3.0675,2.07,512101.0
SPX,20200422,2787.89,2799.31,2815.1,2775.95,2736.56,62.75,2.293,1.43,508492.0
SPX,20200423,2810.42,2797.8,2844.9,2794.26,2799.31,-1.51,-0.0539,1.81,577353.0
SPX,20200424,2812.64,2836.74,2842.71,2791.76,2797.8,38.94,1.3918,1.82,538281.0
SPX,20200427,2854.65,2878.48,2887.72,2852.89,2836.74,41.74,1.4714,1.23,520393.0
SPX,20200428,2909.96,2863.39,2921.15,2860.71,2878.48,-15.09,-0.5242,2.1,569116.0
SPX,20200429,2918.46,2939.51,2954.86,2912.16,2863.39,76.12,2.6584,1.49,664564.0
SPX,20200430,2930.91,2912.43,2930.91,2892.47,2939.51,-27.08,-0.9212,1.31,654498.0
SPX,20200501,2869.09,2830.71,2869.09,2821.61,2912.43,-81.72,-2.8059,1.63,475981.0
SPX,20200504,2815.01,2842.74,2844.24,2797.85,2830.71,12.03,0.425,1.64,473593.0
SPX,20200505,2868.88,2868.44,2898.23,2863.55,2842.74,25.7,0.9041,1.22,514029.0
SPX,20200506,2883.14,2848.42,2891.11,2847.65,2868.44,-20.02,-0.6979,1.52,489257.0
SPX,20200507,2878.26,2881.19,2901.92,2876.48,2848.42,32.77,1.1505,0.89,517879.0
SPX,20200508,2908.83,2929.8,2932.16,2902.88,2881.19,48.61,1.6872,1.02,487603.0
SPX,20200511,2915.46,2930.32,2944.25,2903.44,2929.8,0.52,0.0177,1.39,481973.0
SPX,20200512,2939.5,2870.12,2945.82,2869.59,2930.32,-60.2,-2.0544,2.6,511963.0
SPX,20200513,2865.86,2820.0,2874.14,2793.15,2870.12,-50.12,-1.7463,2.82,615165.0
SPX,20200514,2794.54,2852.5,2852.8,2766.64,2820.0,32.5,1.1525,3.06,565113.0
SPX,20200515,2829.95,2863.7,2865.01,2816.78,2852.5,11.2,0.3926,1.69,550770.0
SPX,20200518,2913.86,2953.91,2968.09,2913.86,2863.7,90.21,3.1501,1.89,637367.0
SPX,20200519,2948.59,2922.94,2964.21,2922.35,2953.91,-30.97,-1.0484,1.42,498433.0
SPX,20200520,2953.63,2971.61,2980.29,2953.63,2922.94,48.67,1.6651,0.91,500538.0
SPX,20200521,2969.95,2948.51,2978.5,2938.57,2971.61,-23.1,-0.7774,1.34,497662.0
SPX,20200522,2948.05,2955.45,2956.76,2933.59,2948.51,6.94,0.2354,0.79,397086.0
SPX,20200526,3004.08,2991.77,3021.72,2988.17,2955.45,36.32,1.2289,1.14,584850.0
SPX,20200527,3015.65,3036.13,3036.25,2969.75,2991.77,44.36,1.4827,2.22,639800.0
SPX,20200528,3046.61,3029.73,3068.67,3023.4,3036.13,-6.4,-0.2108,1.49,544702.0
SPX,20200529,3025.17,3044.31,3049.17,2998.61,3029.73,14.58,0.4812,1.67,729755.0
SPX,20200601,3038.78,3055.73,3062.18,3031.54,3044.31,11.42,0.3751,1.01,468417.0
SPX,20200602,3064.78,3080.82,3081.07,3051.64,3055.73,25.09,0.8211,0.96,519715.0
SPX,20200603,3098.9,3122.87,3130.94,3098.9,3080.82,42.05,1.3649,1.04,600556.0
SPX,20200604,3111.56,3112.35,3128.91,3090.41,3122.87,-10.52,-0.3369,1.23,645129.0
SPX,20200605,3163.84,3193.93,3211.72,3163.84,3112.35,81.58,2.6212,1.54,863930.0
SPX,20200608,3199.92,3232.39,3233.13,3196.0,3193.93,38.46,1.2042,1.16,849830.0
SPX,20200609,3213.32,3207.18,3222.71,3193.11,3232.39,-25.21,-0.7799,0.92,641093.0
SPX,20200610,3213.42,3190.14,3223.27,3181.49,3207.18,-17.04,-0.5313,1.3,659887.0
SPX,20200611,3123.53,3002.1,3123.53,2999.49,3190.14,-188.04,-5.8944,3.89,703732.0
SPX,20200612,3071.04,3041.31,3088.42,2984.47,3002.1,39.21,1.3061,3.46,584533.0
SPX,20200615,2993.76,3066.59,3079.76,2965.66,3041.31,25.28,0.8312,3.75,575748.0
SPX,20200616,3131.0,3124.74,3153.45,3076.06,3066.59,58.15,1.8962,2.52,584581.0
SPX,20200617,3136.13,3113.49,3141.16,3108.03,3124.74,-11.25,-0.36,1.06,456045.0
SPX,20200618,3101.64,3115.34,3120.0,3093.51,3113.49,1.85,0.0594,0.85,444869.0
SPX,20200619,3140.29,3097.74,3155.53,3083.11,3115.34,-17.6,-0.5649,2.32,834665.0
SPX,20200622,3094.42,3117.86,3120.92,3079.39,3097.74,20.12,0.6495,1.34,468669.0
SPX,20200623,3138.7,3131.29,3154.9,3127.12,3117.86,13.43,0.4307,0.89,471185.0
SPX,20200624,3114.4,3050.33,3115.01,3032.13,3131.29,-80.96,-2.5855,2.65,559768.0
SPX,20200625,3046.6,3083.76,3086.25,3024.01,3050.33,33.43,1.0959,2.04,484769.0
SPX,20200626,3073.2,3009.05,3073.73,3004.63,3083.76,-74.71,-2.4227,2.24,810785.0
SPX,20200629,3018.59,3053.24,3053.89,2999.74,3009.05,44.19,1.4686,1.8,447397.0
SPX,20200630,3050.2,3100.29,3111.51,3047.83,3053.24,47.05,1.541,2.09,470585.0
SPX,20200701,3105.92,3115.86,3128.44,3101.17,3100.29,15.57,0.5022,0.88,444923.0
SPX,20200702,3143.64,3130.01,3165.81,3124.52,3115.86,14.15,0.4541,1.33,419772.0
SPX,20200706,3155.29,3179.72,3182.59,3155.29,3130.01,49.71,1.5882,0.87,475916.0
SPX,20200707,3166.44,3145.32,3184.15,3142.93,3179.72,-34.4,-1.0819,1.3,457133.0
SPX,20200708,3153.07,3169.94,3171.8,3136.53,3145.32,24.62,0.7828,1.12,493731.0
SPX,20200709,3176.17,3152.05,3179.78,3115.7,3169.94,-17.89,-0.5644,2.02,484365.0
SPX,20200710,3152.47,3185.04,3186.82,3136.22,3152.05,32.99,1.0466,1.61,452419.0
SPX,20200713,3205.08,3155.22,3235.32,3149.43,3185.04,-29.82,-0.9363,2.7,490244.0
SPX,20200714,3141.11,3197.52,3200.95,3127.66,3155.22,42.3,1.3406,2.32,450714.0
SPX,20200715,3225.98,3226.56,3238.28,3200.76,3197.52,29.04,0.9082,1.17,468683.0
SPX,20200716,3208.36,3215.57,3220.39,3198.59,3226.56,-10.99,-0.3406,0.68,397286.0
SPX,20200717,3224.21,3224.73,3233.52,3205.65,3215.57,9.16,0.2849,0.87,401285.0
SPX,20200720,3224.29,3251.84,3258.61,3215.16,3224.73,27.11,0.8407,1.35,397934.0
SPX,20200721,3268.52,3257.3,3277.29,3247.77,3251.84,5.46,0.1679,0.91,455661.0
SPX,20200722,3254.86,3276.02,3279.32,3253.1,3257.3,18.72,0.5747,0.8,426716.0
SPX,20200723,3271.64,3235.66,3279.99,3222.66,3276.02,-40.36,-1.232,1.75,429676.0
SPX,20200724,3218.58,3215.63,3227.26,3200.05,3235.66,-20.03,-0.619,0.84,368941.0
SPX,20200727,3219.84,3239.41,3241.43,3214.25,3215.63,23.78,0.7395,0.85,397031.0
SPX,20200728,3234.27,3218.44,3243.72,3216.17,3239.41,-20.97,-0.6473,0.85,405318.0
SPX,20200729,3227.22,3258.44,3264.74,3227.22,3218.44,40.0,1.2428,1.17,447820.0
SPX,20200730,3231.76,3246.22,3250.92,3204.13,3258.44,-12.22,-0.375,1.44,426492.0
SPX,20200731,3270.45,3271.12,3272.17,3220.26,3246.22,24.9,0.767,1.6,500753.0
SPX,20200803,3288.26,3294.61,3302.73,3284.53,3271.12,23.49,0.7181,0.56,443894.0
SPX,20200804,3289.92,3306.51,3306.84,3286.37,3294.61,11.9,0.3612,0.62,441438.0
SPX,20200805,3317.37,3327.77,3330.77,3317.37,3306.51,21.26,0.643,0.41,453506.0
SPX,20200806,3323.17,3349.16,3351.03,3318.14,3327.77,21.39,0.6428,0.99,427893.0
SPX,20200807,3340.05,3351.28,3352.54,3328.72,3349.16,2.12,0.0633,0.71,411003.0
SPX,20200810,3356.04,3360.47,3363.29,3335.44,3351.28,9.19,0.2742,0.83,432792.0
SPX,20200811,3370.34,3333.69,3381.01,3326.44,3360.47,-26.78,-0.7969,1.62,488054.0
SPX,20200812,3355.46,3380.35,3387.89,3355.46,3333.69,46.66,1.3997,0.97,377225.0
SPX,20200813,3372.95,3373.43,3387.24,3363.35,3380.35,-6.92,-0.2047,0.71,343873.0
SPX,20200814,3368.66,3372.85,3378.51,3361.64,3373.43,-0.58,-0.0172,0.5,320006.0
SPX,20200817,3380.86,3381.99,3387.59,3379.22,3372.85,9.14,0.271,0.25,346033.0
SPX,20200818,3387.04,3389.78,3395.06,3370.15,3381.99,7.79,0.2303,0.74,366955.0
SPX,20200819,3392.51,3374.85,3399.54,3369.66,3389.78,-14.93,-0.4404,0.88,367948.0
SPX,20200820,3360.48,3385.51,3390.8,3354.69,3374.85,10.66,0.3159,1.07,343104.0
SPX,20200821,3386.01,3397.16,3399.96,3379.31,3385.51,11.65,0.3441,0.61,350501.0
SPX,20200824,3418.09,3431.28,3432.09,3413.13,3397.16,34.12,1.0044,0.56,374341.0
SPX,20200825,3435.95,3443.62,3444.21,3425.84,3431.28,12.34,0.3596,0.54,362765.0
SPX,20200826,3449.97,3478.73,3481.07,3444.15,3443.62,35.11,1.0196,1.07,378053.0
SPX,20200827,3485.14,3484.55,3501.38,3468.35,3478.73,5.82,0.1673,0.95,395589.0
SPX,20200828,3494.69,3508.01,3509.23,3484.32,3484.55,23.46,0.6733,0.71,386851.0
SPX,20200831,3509.73,3500.31,3514.77,3493.25,3508.01,-7.7,-0.2195,0.61,434828.0
SPX,20200901,3507.44,3526.65,3528.03,3494.6,3500.31,26.34,0.7525,0.96,410149.0
SPX,20200902,3543.76,3580.84,3588.11,3535.23,3526.65,54.19,1.5366,1.5,429564.0
SPX,20200903,3564.74,3455.06,3564.85,3427.41,3580.84,-125.78,-3.5126,3.84,491183.0
SPX,20200904,3453.6,3426.96,3479.15,3349.63,3455.06,-28.1,-0.8133,3.75,443872.0
SPX,20200908,3371.88,3331.84,3379.97,3329.27,3426.96,-95.12,-2.7756,1.48,469433.0
SPX,20200909,3369.82,3398.96,3424.77,3366.84,3331.84,67.12,2.0145,1.74,393252.0
SPX,20200910,3412.56,3339.19,3425.55,3329.25,3398.96,-59.77,-1.7585,2.83,420863.0
SPX,20200911,3352.7,3340.97,3368.95,3310.47,3339.19,1.78,0.0533,1.75,371009.0
SPX,20200914,3363.56,3383.54,3402.93,3363.56,3340.97,42.57,1.2742,1.18,383958.0
SPX,20200915,3407.73,3401.2,3419.48,3389.25,3383.54,17.66,0.5219,0.89,405719.0
SPX,20200916,3411.23,3385.49,3428.92,3384.45,3401.2,-15.71,-0.4619,1.31,471890.0
SPX,20200917,3346.86,3357.01,3375.17,3328.82,3385.49,-28.48,-0.8412,1.37,437984.0
SPX,20200918,3357.38,3319.47,3362.27,3292.4,3357.01,-37.54,-1.1183,2.08,707640.0
SPX,20200921,3285.57,3281.06,3285.57,3229.1,3319.47,-38.41,-1.1571,1.7,483607.0
SPX,20200922,3295.75,3315.57,3320.31,3270.95,3281.06,34.51,1.0518,1.5,397451.0
SPX,20200923,3320.11,3236.92,3323.35,3232.57,3315.57,-78.65,-2.3721,2.74,437865.0
SPX,20200924,3226.14,3246.59,3278.7,3209.45,3236.92,9.67,0.2987,2.14,460192.0
SPX,20200925,3236.66,3298.46,3306.88,3228.44,3246.59,51.87,1.5977,2.42,380333.0
SPX,20200928,3333.9,3351.6,3360.74,3332.91,3298.46,53.14,1.6111,0.84,395091.0
SPX,20200929,3350.92,3335.47,3357.92,3327.54,3351.6,-16.13,-0.4813,0.91,366159.0
SPX,20200930,3341.21,3363.0,3393.56,3340.47,3335.47,27.53,0.8254,1.59,473864.0
SPX,20201001,3385.87,3380.8,3397.18,3361.39,3363.0,17.8,0.5293,1.06,407634.0
SPX,20201002,3338.94,3348.44,3369.1,3323.69,3380.8,-32.36,-0.9572,1.34,397518.0
SPX,20201005,3367.27,3408.63,3409.57,3367.27,3348.44,60.19,1.7976,1.26,369272.0
SPX,20201006,3408.74,3360.95,3431.56,3354.54,3408.63,-47.68,-1.3988,2.26,445339.0
SPX,20201007,3384.56,3419.45,3426.26,3384.56,3360.95,58.5,1.7406,1.24,381475.0
SPX,20201008,3434.28,3446.83,3447.28,3428.15,3419.45,27.38,0.8007,0.56,386764.0
SPX,20201009,3459.67,3477.13,3482.34,3458.07,3446.83,30.3,0.8791,0.7,394409.0
SPX,20201012,3500.02,3534.22,3549.85,3499.61,3477.13,57.09,1.6419,1.44,343576.0
SPX,20201013,3534.01,3511.93,3534.01,3500.86,3534.22,-22.29,-0.6307,0.94,361110.0
SPX,20201014,3515.47,3488.67,3527.94,3480.55,3511.93,-23.26,-0.6623,1.35,385851.0
SPX,20201015,3453.72,3483.34,3489.08,3440.89,3488.67,-5.33,-0.1528,1.38,372455.0
SPX,20201016,3493.5,3483.81,3515.76,3480.45,3483.34,0.47,0.0135,1.01,468803.0
SPX,20201019,3493.66,3426.92,3502.42,3419.93,3483.81,-56.89,-1.633,2.37,409108.0
SPX,20201020,3439.38,3443.12,3476.93,3435.65,3426.92,16.2,0.4727,1.2,391785.0
SPX,20201021,3439.91,3435.56,3464.86,3433.06,3443.12,-7.56,-0.2196,0.92,410396.0
SPX,20201022,3438.5,3453.49,3460.53,3415.34,3435.56,17.93,0.5219,1.32,417206.0
SPX,20201023,3464.9,3465.39,3466.46,3440.45,3453.49,11.9,0.3446,0.75,365160.0
SPX,20201026,3441.42,3400.97,3441.42,3364.86,3465.39,-64.42,-1.859,2.21,400221.0
SPX,20201027,3403.15,3390.68,3409.51,3388.71,3400.97,-10.29,-0.3026,0.61,396240.0
SPX,20201028,3342.48,3271.03,3342.48,3268.89,3390.68,-119.65,-3.5288,2.17,513997.0
SPX,20201029,3277.17,3310.11,3341.05,3259.82,3271.03,39.08,1.1947,2.48,491186.0
SPX,20201030,3293.59,3269.96,3304.93,3233.94,3310.11,-40.15,-1.213,2.14,484393.0
SPX,20201102,3296.2,3310.24,3330.14,3279.74,3269.96,40.28,1.2318,1.54,431469.0
SPX,20201103,3336.25,3369.16,3389.49,3336.25,3310.24,58.92,1.7799,1.61,424138.0
SPX,20201104,3406.46,3443.44,3486.25,3405.17,3369.16,74.28,2.2047,2.41,479040.0
SPX,20201105,3485.74,3510.45,3529.05,3485.74,3443.44,67.01,1.946,1.26,485815.0
SPX,20201106,3508.34,3509.44,3521.58,3484.34,3510.45,-1.01,-0.0288,1.06,484246.0
SPX,20201109,3583.04,3550.5,3645.99,3547.48,3509.44,41.06,1.17,2.81,857051.0
SPX,20201110,3543.26,3545.53,3557.22,3511.91,3550.5,-4.97,-0.14,1.28,603747.0
SPX,20201111,3563.22,3572.66,3581.16,3557.0,3545.53,27.13,0.7652,0.68,463556.0
SPX,20201112,3562.67,3537.01,3569.02,3518.58,3572.66,-35.65,-0.9979,1.41,490966.0
SPX,20201113,3552.57,3585.15,3593.66,3552.57,3537.01,48.14,1.361,1.16,471958.0
SPX,20201116,3600.16,3626.91,3628.51,3600.16,3585.15,41.76,1.1648,0.79,529551.0
SPX,20201117,3610.31,3609.53,3623.11,3588.68,3626.91,-17.38,-0.4792,0.95,481218.0
SPX,20201118,3612.09,3567.79,3619.09,3567.33,3609.53,-41.74,-1.1564,1.43,528481.0
SPX,20201119,3559.41,3581.87,3585.22,3543.84,3567.79,14.08,0.3946,1.16,436337.0
SPX,20201120,3579.31,3557.54,3581.23,3556.85,3581.87,-24.33,-0.6793,0.68,423637.0
SPX,20201123,3566.82,3577.59,3589.81,3552.77,3557.54,20.05,0.5636,1.04,505755.0
SPX,20201124,3594.52,3635.41,3642.31,3594.52,3577.59,57.82,1.6162,1.34,628029.0
SPX,20201125,3635.5,3629.65,3635.5,3617.76,3635.41,-5.76,-0.1584,0.49,491044.0
SPX,20201127,3638.55,3638.35,3644.31,3629.33,3629.65,8.7,0.2397,0.41,277839.0
SPX,20201130,3634.18,3621.63,3634.18,3594.39,3638.35,-16.72,-0.4595,1.09,630841.0
SPX,20201201,3645.87,3662.45,3678.45,3645.87,3621.63,40.82,1.1271,0.9,541848.0
SPX,20201202,3653.78,3669.01,3670.96,3644.84,3662.45,6.56,0.1791,0.71,504125.0
SPX,20201203,3668.28,3666.72,3682.73,3657.17,3669.01,-2.29,-0.0624,0.7,506534.0
SPX,20201204,3670.94,3699.12,3699.2,3670.94,3666.72,32.4,0.8836,0.77,509962.0
SPX,20201207,3694.73,3691.96,3697.41,3678.88,3699.12,-7.16,-0.1936,0.5,480450.0
SPX,20201208,3683.05,3702.25,3708.45,3678.83,3691.96,10.29,0.2787,0.8,458439.0
SPX,20201209,3705.98,3672.82,3712.39,3660.54,3702.25,-29.43,-0.7949,1.4,523280.0
SPX,20201210,3659.13,3668.1,3678.49,3645.18,3672.82,-4.72,-0.1285,0.91,465848.0
SPX,20201211,3656.08,3663.46,3665.91,3633.4,3668.1,-4.64,-0.1265,0.89,437547.0
SPX,20201214,3675.27,3647.49,3697.61,3645.84,3663.46,-15.97,-0.4359,1.41,462385.0
SPX,20201215,3666.41,3694.62,3695.29,3659.62,3647.49,47.13,1.2921,0.98,438708.0
SPX,20201216,3696.25,3701.17,3711.27,3688.57,3694.62,6.55,0.1773,0.61,406704.0
SPX,20201217,3713.65,3722.48,3725.12,3710.87,3701.17,21.31,0.5758,0.39,419281.0
SPX,20201218,3722.39,3709.41,3726.7,3685.84,3722.48,-13.07,-0.3511,1.1,709710.0
SPX,20201221,3684.28,3694.92,3702.9,3636.48,3709.41,-14.49,-0.3906,1.79,474858.0
SPX,20201222,3698.08,3687.26,3698.26,3676.16,3694.92,-7.66,-0.2073,0.6,405331.0
SPX,20201223,3693.42,3690.01,3711.24,3689.28,3687.26,2.75,0.0746,0.6,377916.0
SPX,20201224,3694.03,3703.06,3703.82,3689.32,3690.01,13.05,0.3537,0.39,188378.0
SPX,20201228,3723.03,3735.36,3740.51,3723.03,3703.06,32.3,0.8723,0.47,353546.0
SPX,20201229,3750.01,3727.04,3756.12,3723.31,3735.36,-8.32,-0.2227,0.88,339329.0
SPX,20201230,3736.19,3732.04,3744.63,3730.21,3727.04,5.0,0.1342,0.39,315485.0
SPX,20201231,3733.27,3756.07,3760.2,3726.88,3732.04,24.03,0.6439,0.89,317904.0
