ts_code,trade_date,open,close,high,low,pre_close,change,pct_chg,swing,vol
SPX,20210104,3764.61,3700.65,3769.99,3662.71,3756.07,-55.42,-1.4755,2.86,501500.0
SPX,20210105,3698.02,3726.86,3737.83,3695.07,3700.65,26.21,0.7083,1.16,459102.0
SPX,20210106,3712.2,3748.14,3783.04,3705.34,3726.86,21.28,0.571,2.08,606411.0
SPX,20210107,3764.71,3803.79,3811.55,3764.71,3748.14,55.65,1.4847,1.25,509916.0
SPX,20210108,3815.05,3824.68,3826.69,3783.6,3803.79,20.89,0.5492,1.13,477304.0
SPX,20210111,3803.14,3799.61,3817.86,3789.02,3824.68,-25.07,-0.6555,0.75,446543.0
SPX,20210112,3801.62,3801.19,3810.78,3776.51,3799.61,1.58,0.0416,0.9,499495.0
SPX,20210113,3802.23,3809.84,3820.96,3791.5,3801.19,8.65,0.2276,0.78,460251.0
SPX,20210114,3814.98,3795.54,3823.6,3792.86,3809.84,-14.3,-0.3753,0.81,519848.0
SPX,20210115,3788.73,3768.25,3788.73,3749.62,3795.54,-27.29,-0.719,1.03,536982.0
SPX,20210119,3781.88,3798.91,3804.53,3780.37,3768.25,30.66,0.8136,0.64,501444.0
SPX,20210120,3816.22,3851.85,3859.75,3816.22,3798.91,52.94,1.3936,1.15,456619.0
SPX,20210121,3857.46,3853.07,3861.45,3845.05,3851.85,1.22,0.0317,0.43,450176.0
SPX,20210122,3844.24,3841.47,3852.31,3830.41,3853.07,-11.6,-0.3011,0.57,511089.0
SPX,20210125,3851.68,3855.36,3859.23,3797.16,3841.47,13.89,0.3616,1.62,700084.0
SPX,20210126,3862.96,3849.62,3870.9,3847.78,3855.36,-5.74,-0.1489,0.6,613750.0
SPX,20210127,3836.83,3750.77,3836.83,3732.48,3849.62,-98.85,-2.5678,2.71,997652.0
SPX,20210128,3755.75,3787.38,3830.5,3755.75,3750.77,36.61,0.9761,1.99,699277.0
SPX,20210129,3778.05,3714.24,3778.05,3694.12,3787.38,-73.14,-1.9312,2.22,664337.0
SPX,20210201,3731.17,3773.86,3784.32,3725.62,3714.24,59.62,1.6052,1.58,543623.0
SPX,20210202,3791.84,3826.31,3843.09,3791.84,3773.86,52.45,1.3898,1.36,551409.0
SPX,20210203,3840.27,3830.17,3847.51,3816.68,3826.31,3.86,0.1009,0.81,486487.0
SPX,20210204,3836.66,3871.74,3872.42,3836.66,3830.17,41.57,1.0853,0.93,487924.0
SPX,20210205,3878.3,3886.83,3894.56,3874.93,3871.74,15.09,0.3897,0.51,487947.0
SPX,20210208,3892.59,3915.59,3915.77,3892.59,3886.83,28.76,0.7399,0.6,464836.0
SPX,20210209,3910.49,3911.23,3918.35,3902.64,3915.59,-4.36,-0.1114,0.4,456832.0
SPX,20210210,3920.78,3909.88,3931.5,3884.94,3911.23,-1.35,-0.0345,1.19,483707.0
SPX,20210211,3916.4,3916.38,3925.99,3890.39,3909.88,6.5,0.1662,0.91,459096.0
SPX,20210212,3911.65,3934.83,3937.23,3905.78,3916.38,18.45,0.4711,0.8,413506.0
SPX,20210216,3939.61,3932.59,3950.43,3923.85,3934.83,-2.24,-0.0569,0.68,505899.0
SPX,20210217,3918.5,3931.33,3933.61,3900.43,3932.59,-1.26,-0.032,0.84,473065.0
SPX,20210218,3915.86,3913.97,3921.98,3885.03,3931.33,-17.36,-0.4416,0.94,479365.0
SPX,20210219,3921.16,3906.71,3930.41,3903.07,3913.97,-7.26,-0.1855,0.7,484532.0
SPX,20210222,3885.55,3876.5,3902.92,3874.71,3906.71,-30.21,-0.7733,0.72,591710.0
SPX,20210223,3857.07,3881.37,3895.98,3805.59,3876.5,4.87,0.1256,2.33,629661.0
SPX,20210224,3873.71,3925.43,3928.65,3859.6,3881.37,44.06,1.1352,1.78,601279.0
SPX,20210225,3915.8,3829.34,3925.02,3814.04,3925.43,-96.09,-2.4479,2.83,654747.0
SPX,20210226,3839.66,3811.15,3861.08,3789.54,3829.34,-18.19,-0.475,1.87,652607.0
SPX,20210301,3842.51,3901.82,3914.5,3842.51,3811.15,90.67,2.3791,1.89,511482.0
SPX,20210302,3903.64,3870.29,3906.41,3868.57,3901.82,-31.53,-0.8081,0.97,553601.0
SPX,20210303,3863.99,3819.72,3874.47,3818.86,3870.29,-50.57,-1.3066,1.44,617366.0
SPX,20210304,3818.53,3768.47,3843.67,3723.34,3819.72,-51.25,-1.3417,3.15,719540.0
SPX,20210305,3793.58,3841.94,3851.69,3730.19,3768.47,73.47,1.9496,3.22,685107.0
SPX,20210308,3844.39,3821.35,3881.06,3819.25,3841.94,-20.59,-0.5359,1.61,587171.0
SPX,20210309,3851.93,3875.44,3903.76,3851.93,3821.35,54.09,1.4155,1.36,551356.0
SPX,20210310,3891.99,3898.81,3917.35,3885.73,3875.44,23.37,0.603,0.82,584738.0
SPX,20210311,3915.54,3939.34,3960.27,3915.54,3898.81,40.53,1.0395,1.15,531288.0
SPX,20210312,3924.52,3943.34,3944.99,3915.21,3939.34,4.0,0.1015,0.76,447628.0
SPX,20210315,3942.96,3968.94,3970.08,3923.54,3943.34,25.6,0.6492,1.18,490010.0
SPX,20210316,3973.59,3962.71,3981.04,3953.44,3968.94,-6.23,-0.157,0.7,461308.0
SPX,20210317,3949.57,3974.12,3983.87,3935.74,3962.71,11.41,0.2879,1.21,456166.0
SPX,20210318,3953.5,3915.46,3969.62,3910.86,3974.12,-58.66,-1.4761,1.48,511859.0
SPX,20210319,3913.14,3913.1,3930.12,3886.75,3915.46,-2.36,-0.0603,1.11,775742.0
SPX,20210322,3916.48,3940.59,3955.31,3914.16,3913.1,27.49,0.7025,1.05,431626.0
SPX,20210323,3937.6,3910.52,3949.13,3901.57,3940.59,-30.07,-0.7631,1.21,466901.0
SPX,20210324,3919.93,3889.14,3942.08,3889.07,3910.52,-21.38,-0.5467,1.36,478302.0
SPX,20210325,3879.34,3909.52,3919.54,3853.5,3889.14,20.38,0.524,1.7,494834.0
SPX,20210326,3917.12,3974.54,3978.19,3917.12,3909.52,65.02,1.6631,1.56,548316.0
SPX,20210329,3969.31,3971.09,3981.83,3943.25,3974.54,-3.45,-0.0868,0.97,462818.0
SPX,20210330,3963.34,3958.55,3968.01,3944.35,3971.09,-12.54,-0.3158,0.6,412151.0
SPX,20210331,3967.25,3972.89,3994.41,3966.98,3958.55,14.34,0.3623,0.69,457805.0
SPX,20210401,3992.78,4019.87,4020.63,3992.78,3972.89,46.98,1.1825,0.7,416213.0
SPX,20210405,4034.44,4077.91,4083.42,4034.44,4019.87,58.04,1.4438,1.22,400503.0
SPX,20210406,4075.57,4073.94,4086.23,4068.14,4077.91,-3.97,-0.0974,0.44,408127.0
SPX,20210407,4074.29,4079.95,4083.13,4068.31,4073.94,6.01,0.1475,0.36,412081.0
SPX,20210408,4089.95,4097.17,4098.19,4082.54,4079.95,17.22,0.4221,0.38,390710.0
SPX,20210409,4096.11,4128.8,4129.48,4095.51,4097.17,31.63,0.772,0.83,364039.0
SPX,20210412,4124.71,4127.99,4131.76,4114.82,4128.8,-0.81,-0.0196,0.41,358890.0
SPX,20210413,4130.1,4141.59,4148.0,4124.43,4127.99,13.6,0.3295,0.57,373472.0
SPX,20210414,4141.58,4124.66,4151.69,4120.87,4141.59,-16.93,-0.4088,0.74,398535.0
SPX,20210415,4139.76,4170.42,4173.49,4139.76,4124.66,45.76,1.1094,0.82,403342.0
SPX,20210416,4174.14,4185.47,4191.31,4170.75,4170.42,15.05,0.3609,0.49,416382.0
SPX,20210419,4179.8,4163.26,4180.81,4150.47,4185.47,-22.21,-0.5306,0.72,381029.0
SPX,20210420,4159.18,4134.94,4159.18,4118.38,4163.26,-28.32,-0.6802,0.98,434265.0
SPX,20210421,4128.42,4173.42,4175.02,4126.35,4134.94,38.48,0.9306,1.18,388725.0
SPX,20210422,4170.46,4134.98,4179.57,4123.69,4173.42,-38.44,-0.9211,1.34,424514.0
SPX,20210423,4138.78,4180.17,4194.17,4138.78,4134.98,45.19,1.0929,1.34,356988.0
SPX,20210426,4185.03,4187.62,4194.19,4182.36,4180.17,7.45,0.1782,0.28,374832.0
SPX,20210427,4188.25,4186.72,4193.35,4176.22,4187.62,-0.9,-0.0215,0.41,371070.0
SPX,20210428,4185.14,4183.18,4201.53,4181.78,4186.72,-3.54,-0.0846,0.47,378736.0
SPX,20210429,4206.14,4211.47,4218.78,4176.81,4183.18,28.29,0.6763,1.0,429868.0
SPX,20210430,4198.1,4181.17,4198.1,4174.85,4211.47,-30.3,-0.7195,0.55,430088.0
SPX,20210503,4191.98,4192.66,4209.39,4188.03,4181.17,11.49,0.2748,0.51,407022.0
SPX,20210504,4179.04,4164.66,4179.04,4128.59,4192.66,-28.0,-0.6678,1.2,445246.0
SPX,20210505,4177.06,4167.59,4187.72,4160.94,4164.66,2.93,0.0704,0.64,423092.0
SPX,20210506,4169.14,4201.62,4202.7,4147.33,4167.59,34.03,0.8165,1.33,451100.0
SPX,20210507,4210.34,4232.6,4238.04,4201.64,4201.62,30.98,0.7373,0.87,401608.0
SPX,20210510,4228.29,4188.43,4236.39,4188.13,4232.6,-44.17,-1.0436,1.14,456070.0
SPX,20210511,4150.34,4152.1,4162.04,4111.53,4188.43,-36.33,-0.8674,1.21,487071.0
SPX,20210512,4130.55,4063.04,4134.73,4056.88,4152.1,-89.06,-2.1449,1.87,473307.0
SPX,20210513,4074.99,4112.5,4131.58,4074.99,4063.04,49.46,1.2173,1.39,477954.0
SPX,20210514,4129.58,4173.85,4183.13,4129.58,4112.5,61.35,1.4918,1.3,400888.0
SPX,20210517,4169.92,4163.29,4171.92,4142.69,4173.85,-10.56,-0.253,0.7,412505.0
SPX,20210518,4165.94,4127.83,4169.15,4125.99,4163.29,-35.46,-0.8517,1.04,439815.0
SPX,20210519,4098.45,4115.68,4116.93,4061.41,4127.83,-12.15,-0.2943,1.35,424745.0
SPX,20210520,4121.97,4159.12,4172.8,4121.97,4115.68,43.44,1.0555,1.24,397888.0
SPX,20210521,4168.61,4155.86,4188.72,4151.72,4159.12,-3.26,-0.0784,0.89,399525.0
SPX,20210524,4170.16,4197.05,4209.52,4170.16,4155.86,41.19,0.9911,0.95,368480.0
SPX,20210525,4205.94,4188.13,4213.42,4182.52,4197.05,-8.92,-0.2125,0.74,418225.0
SPX,20210526,4191.59,4195.99,4202.61,4184.11,4188.13,7.86,0.1877,0.44,442089.0
SPX,20210527,4201.94,4200.88,4213.38,4197.78,4195.99,4.89,0.1165,0.37,640631.0
SPX,20210528,4210.77,4204.11,4218.36,4203.57,4200.88,3.23,0.0769,0.35,464925.0
SPX,20210601,4216.52,4202.04,4234.12,4197.59,4204.11,-2.07,-0.0492,0.87,507467.0
SPX,20210602,4206.82,4208.12,4217.37,4198.27,4202.04,6.08,0.1447,0.45,583367.0
SPX,20210603,4191.43,4192.85,4204.39,4167.93,4208.12,-15.27,-0.3629,0.87,558797.0
SPX,20210604,4206.05,4229.89,4233.45,4206.05,4192.85,37.04,0.8834,0.65,413979.0
SPX,20210607,4229.34,4226.52,4232.34,4215.66,4229.89,-3.37,-0.0797,0.39,447692.0
SPX,20210608,4233.81,4227.26,4236.74,4208.41,4226.52,0.74,0.0175,0.67,465962.0
SPX,20210609,4232.99,4219.55,4237.09,4218.74,4227.26,-7.71,-0.1824,0.43,471326.0
SPX,20210610,4228.56,4239.18,4249.74,4220.34,4219.55,19.63,0.4652,0.7,440821.0
SPX,20210611,4242.9,4247.44,4248.38,4232.25,4239.18,8.26,0.1948,0.38,381501.0
SPX,20210614,4248.31,4255.15,4255.59,4234.07,4247.44,7.71,0.1815,0.51,415120.0
SPX,20210615,4255.28,4246.59,4257.16,4238.35,4255.15,-8.56,-0.2012,0.44,404894.0
SPX,20210616,4248.87,4223.7,4251.89,4202.45,4246.59,-22.89,-0.539,1.16,453835.0
SPX,20210617,4220.37,4221.86,4232.29,4196.05,4223.7,-1.84,-0.0436,0.86,531268.0
SPX,20210618,4204.78,4166.45,4204.78,4164.4,4221.86,-55.41,-1.3125,0.96,681701.0
SPX,20210621,4173.4,4224.79,4226.24,4173.4,4166.45,58.34,1.4002,1.27,412895.0
SPX,20210622,4224.61,4246.44,4255.84,4217.27,4224.79,21.65,0.5125,0.91,382839.0
SPX,20210623,4249.27,4241.84,4256.6,4241.43,4246.44,-4.6,-0.1083,0.36,373035.0
SPX,20210624,4256.97,4266.49,4271.28,4256.97,4241.84,24.65,0.5811,0.34,381666.0
SPX,20210625,4274.45,4280.7,4286.12,4271.16,4266.49,14.21,0.3331,0.35,734145.0
SPX,20210628,4284.9,4290.61,4292.14,4274.67,4280.7,9.91,0.2315,0.41,414789.0
SPX,20210629,4293.21,4291.8,4300.52,4287.04,4290.61,1.19,0.0277,0.31,370715.0
SPX,20210630,4290.65,4297.5,4302.43,4287.96,4291.8,5.7,0.1328,0.34,426604.0
SPX,20210701,4300.73,4319.94,4320.66,4300.73,4297.5,22.44,0.5222,0.46,378823.0
SPX,20210702,4326.6,4352.34,4355.43,4326.6,4319.94,32.4,0.75,0.67,322584.0
SPX,20210706,4356.46,4343.54,4356.46,4314.37,4352.34,-8.8,-0.2022,0.97,430957.0
SPX,20210707,4351.01,4358.13,4361.88,4329.79,4343.54,14.59,0.3359,0.74,403738.0
SPX,20210708,4321.07,4320.82,4330.88,4289.37,4358.13,-37.31,-0.8561,0.95,434750.0
SPX,20210709,4329.38,4369.55,4371.6,4329.38,4320.82,48.73,1.1278,0.98,353112.0
SPX,20210712,4372.41,4384.63,4386.68,4364.03,4369.55,15.08,0.3451,0.52,338446.0
SPX,20210713,4381.07,4369.21,4392.37,4366.92,4384.63,-15.42,-0.3517,0.58,369543.0
SPX,20210714,4380.11,4374.3,4393.68,4362.36,4369.21,5.09,0.1165,0.72,400637.0
SPX,20210715,4369.02,4360.03,4369.02,4340.7,4374.3,-14.27,-0.3262,0.65,390523.0
SPX,20210716,4367.43,4327.16,4375.09,4322.53,4360.03,-32.87,-0.7539,1.21,398570.0
SPX,20210719,4296.4,4258.49,4296.4,4233.13,4327.16,-68.67,-1.587,1.46,515766.0
SPX,20210720,4265.11,4323.06,4336.84,4262.05,4258.49,64.57,1.5163,1.76,443827.0
SPX,20210721,4331.13,4358.69,4359.7,4331.13,4323.06,35.63,0.8242,0.66,381028.0
SPX,20210722,4361.27,4367.48,4369.87,4350.06,4358.69,8.79,0.2017,0.45,335830.0
SPX,20210723,4381.2,4411.79,4415.18,4381.2,4367.48,44.31,1.0145,0.78,454007.0
SPX,20210726,4409.58,4422.3,4422.73,4405.45,4411.79,10.51,0.2382,0.39,427563.0
SPX,20210727,4416.38,4401.46,4416.38,4372.51,4422.3,-20.84,-0.4712,0.99,424195.0
SPX,20210728,4402.95,4400.64,4415.47,4387.01,4401.46,-0.82,-0.0186,0.65,421529.0
SPX,20210729,4403.59,4419.15,4429.97,4403.59,4400.64,18.51,0.4206,0.6,404460.0
SPX,20210730,4395.12,4395.26,4412.25,4389.65,4419.15,-23.89,-0.5406,0.51,395674.0
SPX,20210802,4406.86,4387.16,4422.18,4384.81,4395.26,-8.1,-0.1843,0.85,372409.0
SPX,20210803,4392.74,4423.15,4423.79,4373.0,4387.16,35.99,0.8203,1.16,396519.0
SPX,20210804,4415.95,4402.66,4416.17,4400.23,4423.15,-20.49,-0.4632,0.36,426076.0
SPX,20210805,4408.86,4429.1,4429.76,4408.86,4402.66,26.44,0.6005,0.47,376941.0
SPX,20210806,4429.07,4436.52,4440.82,4429.07,4429.1,7.42,0.1675,0.27,345187.0
SPX,20210809,4437.77,4432.35,4439.39,4424.74,4436.52,-4.17,-0.094,0.33,344928.0
SPX,20210810,4435.79,4436.75,4445.21,4430.03,4432.35,4.4,0.0993,0.34,388661.0
SPX,20210811,4442.18,4447.7,4449.44,4436.42,4436.75,10.95,0.2468,0.29,353256.0
SPX,20210812,4446.08,4460.83,4461.77,4435.96,4447.7,13.13,0.2952,0.58,337531.0
SPX,20210813,4464.84,4468.0,4468.37,4460.82,4460.83,7.17,0.1607,0.17,301647.0
SPX,20210816,4461.65,4479.71,4480.26,4437.66,4468.0,11.71,0.2621,0.95,337064.0
SPX,20210817,4462.12,4448.08,4462.12,4417.83,4479.71,-31.63,-0.7061,0.99,383696.0
SPX,20210818,4440.94,4400.27,4454.32,4397.59,4448.08,-47.81,-1.0748,1.28,375559.0
SPX,20210819,4382.44,4405.8,4418.61,4367.73,4400.27,5.53,0.1257,1.16,439841.0
SPX,20210820,4410.56,4441.67,4444.35,4406.8,4405.8,35.87,0.8142,0.85,365261.0
SPX,20210823,4450.29,4479.53,4489.88,4450.29,4441.67,37.86,0.8524,0.89,357653.0
SPX,20210824,4484.4,4486.23,4492.81,4482.28,4479.53,6.7,0.1496,0.24,397922.0
SPX,20210825,4490.45,4496.19,4501.71,4485.66,4486.23,9.96,0.222,0.36,344470.0
SPX,20210826,4493.75,4470.0,4495.9,4468.99,4496.19,-26.19,-0.5825,0.6,326398.0
SPX,20210827,4474.1,4509.37,4513.33,4474.1,4470.0,39.37,0.8808,0.88,333120.0
SPX,20210830,4513.76,4528.79,4537.36,4513.76,4509.37,19.42,0.4307,0.52,316866.0
SPX,20210831,4529.75,4522.68,4531.39,4515.8,4528.79,-6.11,-0.1349,0.34,429071.0
SPX,20210901,4528.8,4524.09,4537.11,4522.02,4522.68,1.41,0.0312,0.33,405734.0
SPX,20210902,4534.48,4536.95,4545.85,4524.66,4524.09,12.86,0.2843,0.47,373599.0
SPX,20210903,4532.42,4535.43,4541.45,4521.3,4536.95,-1.52,-0.0335,0.44,321753.0
SPX,20210907,4535.38,4520.03,4535.38,4513.0,4535.43,-15.4,-0.3395,0.49,382296.0
SPX,20210908,4518.09,4514.07,4521.79,4493.95,4520.03,-5.96,-0.1319,0.62,375088.0
SPX,20210909,4513.02,4493.28,4529.9,4492.07,4514.07,-20.79,-0.4606,0.84,373539.0
SPX,20210910,4506.92,4458.58,4520.47,4457.66,4493.28,-34.7,-0.7723,1.4,362318.0
SPX,20210913,4474.81,4468.73,4492.99,4445.7,4458.58,10.15,0.2277,1.06,391422.0
SPX,20210914,4479.33,4443.05,4485.68,4435.46,4468.73,-25.68,-0.5747,1.12,367046.0
SPX,20210915,4447.49,4480.7,4486.87,4438.37,4443.05,37.65,0.8474,1.09,403202.0
SPX,20210916,4477.09,4473.75,4485.87,4443.8,4480.7,-6.95,-0.1551,0.94,398456.0
SPX,20210917,4469.74,4432.99,4471.52,4427.76,4473.75,-40.76,-0.9111,0.98,728953.0
SPX,20210920,4402.95,4357.73,4402.95,4305.91,4432.99,-75.26,-1.6977,2.19,489807.0
SPX,20210921,4374.45,4354.19,4394.87,4347.96,4357.73,-3.54,-0.0812,1.08,392092.0
SPX,20210922,4367.43,4395.64,4416.75,4367.43,4354.19,41.45,0.952,1.13,393917.0
SPX,20210923,4406.75,4448.98,4465.4,4406.75,4395.64,53.34,1.2135,1.33,391635.0
SPX,20210924,4438.04,4455.48,4463.12,4430.27,4448.98,6.5,0.1461,0.74,338429.0
SPX,20210927,4442.12,4443.11,4457.3,4436.19,4455.48,-12.37,-0.2776,0.47,405865.0
SPX,20210928,4419.54,4352.63,4419.54,4346.33,4443.11,-90.48,-2.0364,1.65,441655.0
SPX,20210929,4362.41,4359.46,4385.57,4355.08,4352.63,6.83,0.1569,0.7,371266.0
SPX,20210930,4370.67,4307.54,4382.55,4306.24,4359.46,-51.92,-1.191,1.75,444814.0
SPX,20211001,4317.16,4357.04,4375.19,4288.52,4307.54,49.5,1.1491,2.01,401037.0
SPX,20211004,4348.84,4300.46,4355.51,4278.94,4357.04,-56.58,-1.2986,1.76,430787.0
SPX,20211005,4309.87,4345.72,4369.23,4309.87,4300.46,45.26,1.0524,1.38,390289.0
SPX,20211006,4319.57,4363.55,4365.57,4290.49,4345.72,17.83,0.4103,1.73,400963.0
SPX,20211007,4383.73,4399.76,4429.97,4383.73,4363.55,36.21,0.8298,1.06,384374.0
SPX,20211008,4406.51,4391.34,4412.02,4386.22,4399.76,-8.42,-0.1914,0.59,328016.0
SPX,20211011,4385.44,4361.19,4415.88,4360.59,4391.34,-30.15,-0.6866,1.26,328197.0
SPX,20211012,4368.31,4350.65,4374.89,4342.09,4361.19,-10.54,-0.2417,0.75,355845.0
SPX,20211013,4358.01,4363.8,4372.87,4329.92,4350.65,13.15,0.3023,0.99,362007.0
SPX,20211014,4386.75,4438.26,4439.73,4386.75,4363.8,74.46,1.7063,1.21,359828.0
SPX,20211015,4447.69,4471.37,4475.82,4447.69,4438.26,33.11,0.746,0.63,381938.0
SPX,20211018,4463.72,4486.46,4488.75,4447.47,4471.37,15.09,0.3375,0.92,366201.0
SPX,20211019,4497.34,4519.63,4520.4,4496.41,4486.46,33.17,0.7393,0.53,345913.0
SPX,20211020,4524.42,4536.19,4540.87,4524.4,4519.63,16.56,0.3664,0.36,367076.0
SPX,20211021,4532.24,4549.78,4551.44,4526.89,4536.19,13.59,0.2996,0.54,382233.0
SPX,20211022,4546.12,4544.9,4559.67,4524.0,4549.78,-4.88,-0.1073,0.78,375822.0
SPX,20211025,4553.69,4566.48,4572.62,4537.36,4544.9,21.58,0.4748,0.78,389940.0
SPX,20211026,4578.69,4574.79,4598.53,4569.17,4566.48,8.31,0.182,0.64,387974.0
SPX,20211027,4580.22,4551.68,4584.57,4551.66,4574.79,-23.11,-0.5052,0.72,422605.0
SPX,20211028,4562.84,4596.42,4597.55,4562.84,4551.68,44.74,0.9829,0.76,413295.0
SPX,20211029,4572.87,4605.38,4608.08,4567.59,4596.42,8.96,0.1949,0.88,451020.0
SPX,20211101,4610.62,4613.67,4620.34,4595.06,4605.38,8.29,0.18,0.55,397154.0
SPX,20211102,4613.34,4630.65,4635.15,4613.34,4613.67,16.98,0.368,0.47,397525.0
SPX,20211103,4630.65,4660.57,4663.46,4621.19,4630.65,29.92,0.6461,0.91,431966.0
SPX,20211104,4662.93,4680.06,4683.0,4662.59,4660.57,19.49,0.4182,0.44,446230.0
SPX,20211105,4699.26,4697.53,4718.5,4681.32,4680.06,17.47,0.3733,0.79,446718.0
SPX,20211108,4701.48,4701.7,4714.92,4694.39,4697.53,4.17,0.0888,0.44,426971.0
SPX,20211109,4707.25,4685.25,4708.53,4670.87,4701.7,-16.45,-0.3499,0.8,411708.0
SPX,20211110,4670.26,4646.71,4684.85,4630.86,4685.25,-38.54,-0.8226,1.15,450372.0
SPX,20211111,4659.39,4649.27,4664.55,4648.31,4646.71,2.56,0.0551,0.35,392687.0
SPX,20211112,4655.24,4682.85,4688.47,4650.77,4649.27,33.58,0.7223,0.81,372860.0
SPX,20211115,4689.3,4682.8,4697.42,4672.86,4682.85,-0.05,-0.0011,0.52,348841.0
SPX,20211116,4679.42,4700.9,4714.95,4679.42,4682.8,18.1,0.3865,0.76,397264.0
SPX,20211117,4701.5,4688.67,4701.5,4684.41,4700.9,-12.23,-0.2602,0.36,396907.0
SPX,20211118,4700.72,4704.54,4708.8,4672.78,4688.67,15.87,0.3385,0.77,422641.0
SPX,20211119,4708.44,4697.96,4717.75,4694.22,4704.54,-6.58,-0.1399,0.5,425318.0
SPX,20211122,4712.0,4682.94,4743.83,4682.17,4697.96,-15.02,-0.3197,1.31,444110.0
SPX,20211123,4678.48,4690.7,4699.39,4652.66,4682.94,7.76,0.1657,1.0,427759.0
SPX,20211124,4675.78,4701.46,4702.87,4659.89,4690.7,10.76,0.2294,0.92,341843.0
SPX,20211126,4664.63,4594.62,4664.63,4585.43,4701.46,-106.84,-2.2725,1.68,351770.0
SPX,20211129,4628.75,4655.27,4672.95,4625.26,4594.62,60.65,1.32,1.04,433641.0
SPX,20211130,4640.25,4567.0,4646.02,4560.0,4655.27,-88.27,-1.8961,1.85,662599.0
SPX,20211201,4602.82,4513.04,4652.94,4510.27,4567.0,-53.96,-1.1815,3.12,536673.0
SPX,20211202,4504.73,4577.1,4595.46,4504.73,4513.04,64.06,1.4194,2.01,507718.0
SPX,20211203,4589.49,4538.43,4608.03,4495.12,4577.1,-38.67,-0.8449,2.47,524007.0
SPX,20211206,4548.37,4591.67,4612.6,4540.51,4538.43,53.24,1.1731,1.59,477080.0
SPX,20211207,4631.97,4686.75,4694.04,4631.97,4591.67,95.08,2.0707,1.35,449240.0
SPX,20211208,4690.86,4701.21,4705.06,4674.52,4686.75,14.46,0.3085,0.65,423460.0
SPX,20211209,4691.0,4667.45,4695.26,4665.98,4701.21,-33.76,-0.7181,0.62,390384.0
SPX,20211210,4687.64,4712.02,4713.57,4670.24,4667.45,44.57,0.9549,0.93,387011.0
SPX,20211213,4710.3,4668.97,4710.3,4667.6,4712.02,-43.05,-0.9136,0.91,439723.0
SPX,20211214,4642.99,4634.09,4660.47,4606.52,4668.97,-34.88,-0.7471,1.16,448543.0
SPX,20211215,4636.46,4709.85,4712.6,4611.22,4634.09,75.76,1.6348,2.19,491013.0
SPX,20211216,4719.13,4668.67,4731.99,4651.89,4709.85,-41.18,-0.8743,1.7,482950.0
SPX,20211217,4652.5,4620.64,4666.7,4600.22,4668.67,-48.03,-1.0288,1.42,798709.0
SPX,20211220,4587.9,4568.02,4587.9,4531.1,4620.64,-52.62,-1.1388,1.23,463570.0
SPX,20211221,4594.96,4649.23,4651.14,4583.16,4568.02,81.21,1.7778,1.49,407243.0
SPX,20211222,4650.36,4696.56,4697.67,4645.53,4649.23,47.33,1.018,1.12,331961.0
SPX,20211223,4703.96,4725.79,4740.74,4703.96,4696.56,29.23,0.6224,0.78,291304.0
SPX,20211227,4733.99,4791.19,4791.49,4733.99,4725.79,65.4,1.3839,1.22,277029.0
SPX,20211228,4795.49,4786.35,4807.02,4780.04,4791.19,-4.84,-0.101,0.56,270792.0
SPX,20211229,4788.64,4793.06,4804.06,4778.08,4786.35,6.71,0.1402,0.54,296331.0
SPX,20211230,4794.23,4778.73,4808.93,4775.33,4793.06,-14.33,-0.299,0.7,312495.0
SPX,20211231,4775.21,4766.18,4786.83,4765.75,4778.73,-12.55,-0.2626,0.44,267782.0
SPX,20220103,4778.14,4796.56,4796.64,4758.17,4766.18,30.38,0.6374,0.81,383102.0
SPX,20220104,4804.51,4793.54,4818.62,4774.27,4796.56,-3.02,-0.063,0.92,468317.0
SPX,20220105,4787.99,4700.58,4797.7,4699.44,4793.54,-92.96,-1.9393,2.05,488796.0
SPX,20220106,4693.39,4696.05,4725.01,4671.26,4700.58,-4.53,-0.0964,1.14,429528.0
SPX,20220107,4697.66,4677.03,4707.95,4662.74,4696.05,-19.02,-0.405,0.96,418151.0
SPX,20220110,4655.34,4670.29,4673.02,4582.24,4677.03,-6.74,-0.1441,1.94,451181.0
SPX,20220111,4669.14,4713.07,4714.13,4638.27,4670.29,42.78,0.916,1.62,410159.0
SPX,20220112,4728.59,4726.35,4748.83,4706.71,4713.07,13.28,0.2818,0.89,404822.0
SPX,20220113,4733.56,4659.03,4744.13,4650.29,4726.35,-67.32,-1.4244,1.99,425173.0
SPX,20220114,4637.99,4662.85,4665.13,4614.75,4659.03,3.82,0.082,1.08,433849.0
SPX,20220118,4632.24,4577.11,4632.24,4568.7,4662.85,-85.74,-1.8388,1.36,474870.0
SPX,20220119,4588.03,4532.76,4611.55,4530.2,4577.11,-44.35,-0.969,1.78,446574.0
SPX,20220120,4547.35,4482.73,4602.11,4477.95,4532.76,-50.03,-1.1037,2.74,464087.0
SPX,20220121,4471.38,4397.94,4494.52,4395.34,4482.73,-84.79,-1.8915,2.21,558910.0
SPX,20220124,4356.32,4410.13,4417.35,4222.62,4397.94,12.19,0.2772,4.43,692811.0
SPX,20220125,4366.64,4356.45,4411.01,4287.11,4410.13,-53.68,-1.2172,2.81,514505.0
SPX,20220126,4408.43,4349.93,4453.23,4304.8,4356.45,-6.52,-0.1497,3.41,557064.0
SPX,20220127,4380.58,4326.51,4428.74,4309.5,4349.93,-23.42,-0.5384,2.74,521420.0
SPX,20220128,4336.19,4431.85,4432.72,4292.46,4326.51,105.34,2.4348,3.24,503109.0
SPX,20220131,4431.79,4515.55,4516.89,4414.02,4431.85,83.7,1.8886,2.32,509861.0
SPX,20220201,4519.57,4546.54,4550.49,4483.53,4515.55,30.99,0.6863,1.48,481683.0
SPX,20220202,4566.39,4589.38,4595.31,4544.32,4546.54,42.84,0.9423,1.12,448158.0
SPX,20220203,4535.41,4477.44,4542.88,4470.39,4589.38,-111.94,-2.4391,1.58,440197.0
SPX,20220204,4482.79,4500.53,4539.66,4451.5,4477.44,23.09,0.5157,1.97,470629.0
SPX,20220207,4505.75,4483.87,4521.86,4471.47,4500.53,-16.66,-0.3702,1.12,422848.0
SPX,20220208,4480.02,4521.54,4531.32,4465.4,4483.87,37.67,0.8401,1.47,445962.0
SPX,20220209,4547.0,4587.18,4590.03,4547.0,4521.54,65.64,1.4517,0.95,452435.0
SPX,20220210,4553.24,4504.08,4588.92,4484.31,4587.18,-83.1,-1.8116,2.28,531486.0
SPX,20220211,4506.27,4418.64,4526.33,4401.41,4504.08,-85.44,-1.8969,2.77,525150.0
SPX,20220214,4412.61,4401.67,4426.22,4364.84,4418.64,-16.97,-0.3841,1.39,460039.0
SPX,20220215,4429.28,4471.07,4472.77,4429.28,4401.67,69.4,1.5767,0.99,443083.0
SPX,20220216,4455.75,4475.01,4489.55,4429.68,4471.07,3.94,0.0881,1.34,428364.0
SPX,20220217,4456.06,4380.26,4456.06,4373.81,4475.01,-94.75,-2.1173,1.84,453942.0
SPX,20220218,4384.57,4348.87,4394.6,4327.22,4380.26,-31.39,-0.7166,1.54,470806.0
SPX,20220222,4332.74,4304.76,4362.12,4267.11,4348.87,-44.11,-1.0143,2.18,512190.0
SPX,20220223,4324.93,4225.5,4341.51,4221.51,4304.76,-79.26,-1.8412,2.79,479743.0
SPX,20220224,4155.77,4288.7,4294.73,4114.65,4225.5,63.2,1.4957,4.26,675213.0
SPX,20220225,4298.38,4384.65,4385.34,4286.83,4288.7,95.95,2.2373,2.3,517706.0
SPX,20220228,4354.17,4373.94,4388.84,4315.12,4384.65,-10.71,-0.2443,1.68,607137.0
SPX,20220301,4363.14,4306.26,4378.45,4279.54,4373.94,-67.68,-1.5473,2.26,584623.0
SPX,20220302,4322.56,4386.54,4401.48,4322.56,4306.26,80.28,1.8643,1.83,533787.0
SPX,20220303,4401.31,4363.49,4416.78,4345.56,4386.54,-23.05,-0.5255,1.62,503989.0
SPX,20220304,4342.12,4328.87,4342.12,4284.98,4363.49,-34.62,-0.7934,1.31,579738.0
SPX,20220307,4327.01,4201.09,4327.01,4199.85,4328.87,-127.78,-2.9518,2.94,694047.0
SPX,20220308,4202.66,4170.7,4276.94,4157.87,4201.09,-30.39,-0.7234,2.83,724312.0
SPX,20220309,4223.1,4277.88,4299.4,4223.1,4170.7,107.18,2.5698,1.83,566267.0
SPX,20220310,4252.55,4259.52,4268.28,4209.8,4277.88,-18.36,-0.4292,1.37,498083.0
SPX,20220311,4279.5,4204.31,4291.01,4200.49,4259.52,-55.21,-1.2962,2.13,493864.0
SPX,20220314,4202.75,4173.11,4247.57,4161.72,4204.31,-31.2,-0.7421,2.04,557492.0
SPX,20220315,4188.82,4262.45,4271.05,4187.9,4173.11,89.34,2.1408,1.99,539247.0
SPX,20220316,4288.14,4357.86,4358.9,4251.99,4262.45,95.41,2.2384,2.51,630975.0
SPX,20220317,4345.11,4411.67,4412.67,4335.65,4357.86,53.81,1.2348,1.77,498509.0
SPX,20220318,4407.34,4463.12,4465.4,4390.57,4411.67,51.45,1.1662,1.7,827843.0
SPX,20220321,4462.4,4461.18,4481.75,4424.3,4463.12,-1.94,-0.0435,1.29,486982.0
SPX,20220322,4469.1,4511.61,4522.0,4469.1,4461.18,50.43,1.1304,1.19,475484.0
SPX,20220323,4493.1,4456.24,4501.07,4455.81,4511.61,-55.37,-1.2273,1.0,455067.0
SPX,20220324,4469.98,4520.16,4520.58,4465.17,4456.24,63.92,1.4344,1.24,413139.0
SPX,20220325,4522.91,4543.06,4546.03,4501.07,4520.16,22.9,0.5066,0.99,430502.0
SPX,20220328,4541.09,4575.52,4575.65,4517.69,4543.06,32.46,0.7145,1.28,431226.0
SPX,20220329,4602.86,4631.6,4637.3,4589.66,4575.52,56.08,1.2257,1.04,508591.0
SPX,20220330,4624.2,4602.45,4627.77,4581.32,4631.6,-29.15,-0.6294,1.0,438557.0
SPX,20220331,4599.02,4530.41,4603.07,4530.41,4602.45,-72.04,-1.5653,1.58,482302.0
SPX,20220401,4540.32,4545.86,4548.7,4507.57,4530.41,15.45,0.341,0.91,456294.0
SPX,20220404,4547.97,4582.64,4583.5,4539.21,4545.86,36.78,0.8091,0.97,454735.0
SPX,20220405,4572.45,4525.12,4593.45,4514.17,4582.64,-57.52,-1.2552,1.73,480062.0
SPX,20220406,4494.17,4481.15,4503.94,4450.04,4525.12,-43.97,-0.9717,1.19,498683.0
SPX,20220407,4474.65,4500.21,4521.16,4450.3,4481.15,19.06,0.4253,1.58,482149.0
SPX,20220408,4494.15,4488.28,4520.41,4474.6,4500.21,-11.93,-0.2651,1.02,408320.0
SPX,20220411,4462.64,4412.53,4464.35,4408.38,4488.28,-75.75,-1.6877,1.25,426629.0
SPX,20220412,4437.59,4397.45,4471.0,4381.34,4412.53,-15.08,-0.3418,2.03,415209.0
SPX,20220413,4394.3,4446.59,4453.92,4392.7,4397.45,49.14,1.1175,1.39,382815.0
SPX,20220414,4449.12,4392.59,4460.46,4390.77,4446.59,-54.0,-1.2144,1.57,408309.0
SPX,20220418,4385.63,4391.69,4410.31,4370.3,4392.59,-0.9,-0.0205,0.91,391049.0
SPX,20220419,4390.63,4462.21,4471.03,4390.63,4391.69,70.52,1.6058,1.83,410812.0
SPX,20220420,4472.26,4459.45,4488.29,4448.76,4462.21,-2.76,-0.0619,0.89,429045.0
SPX,20220421,4489.17,4393.66,4512.94,4384.47,4459.45,-65.79,-1.4753,2.88,463689.0
SPX,20220422,4385.83,4271.78,4385.83,4267.62,4393.66,-121.88,-2.774,2.69,465194.0
SPX,20220425,4255.34,4296.12,4299.02,4200.82,4271.78,24.34,0.5698,2.3,524004.0
SPX,20220426,4278.14,4175.2,4278.14,4175.04,4296.12,-120.92,-2.8146,2.4,468997.0
SPX,20220427,4186.52,4183.96,4240.71,4162.9,4175.2,8.76,0.2098,1.86,476968.0
SPX,20220428,4222.58,4287.5,4308.45,4188.63,4183.96,103.54,2.4747,2.86,485418.0
SPX,20220429,4253.75,4131.93,4269.68,4124.28,4287.5,-155.57,-3.6285,3.39,508403.0
SPX,20220502,4130.61,4155.38,4169.81,4062.51,4131.93,23.45,0.5675,2.6,516379.0
SPX,20220503,4159.78,4175.48,4200.1,4147.08,4155.38,20.1,0.4837,1.28,458205.0
SPX,20220504,4181.18,4300.17,4307.66,4148.91,4175.48,124.69,2.9862,3.8,513636.0
SPX,20220505,4270.43,4146.87,4270.43,4106.01,4300.17,-153.3,-3.565,3.82,507703.0
SPX,20220506,4128.17,4123.34,4157.69,4067.91,4146.87,-23.53,-0.5674,2.17,511694.0
SPX,20220509,4081.27,3991.24,4081.27,3975.48,4123.34,-132.1,-3.2037,2.57,595452.0
SPX,20220510,4035.18,4001.05,4068.82,3958.17,3991.24,9.81,0.2458,2.77,588582.0
SPX,20220511,3990.08,3935.18,4049.09,3928.82,4001.05,-65.87,-1.6463,3.01,581614.0
SPX,20220512,3903.95,3930.08,3964.8,3858.87,3935.18,-5.1,-0.1296,2.69,628645.0
SPX,20220513,3963.9,4023.89,4038.88,3963.9,3930.08,93.81,2.387,1.91,518334.0
SPX,20220516,4013.02,4008.01,4046.46,3983.99,4023.89,-15.88,-0.3946,1.55,441503.0
SPX,20220517,4052.0,4088.85,4090.72,4033.93,4008.01,80.84,2.017,1.42,484141.0
SPX,20220518,4051.98,3923.68,4051.98,3911.91,4088.85,-165.17,-4.0395,3.43,510322.0
SPX,20220519,3899.0,3900.79,3945.96,3876.58,3923.68,-22.89,-0.5834,1.77,511355.0
SPX,20220520,3927.76,3901.36,3943.42,3810.32,3900.79,0.57,0.0146,3.41,513073.0
SPX,20220523,3919.42,3973.75,3981.88,3909.04,3901.36,72.39,1.8555,1.87,442003.0
SPX,20220524,3942.94,3941.48,3955.68,3875.13,3973.75,-32.27,-0.8121,2.03,492319.0
SPX,20220525,3929.59,3978.73,3999.33,3925.03,3941.48,37.25,0.9451,1.89,480256.0
SPX,20220526,3984.6,4057.84,4075.14,3984.6,3978.73,79.11,1.9883,2.28,470997.0
SPX,20220527,4077.43,4158.24,4158.49,4077.43,4057.84,100.4,2.4742,2.0,437562.0
SPX,20220531,4151.09,4132.15,4168.34,4104.88,4158.24,-26.09,-0.6274,1.53,682264.0
SPX,20220601,4149.78,4101.23,4166.54,4073.85,4132.15,-30.92,-0.7483,2.24,453180.0
SPX,20220602,4095.41,4176.82,4177.51,4074.37,4101.23,75.59,1.8431,2.51,440579.0
SPX,20220603,4137.57,4108.54,4142.67,4098.67,4176.82,-68.28,-1.6347,1.05,371111.0
SPX,20220606,4134.72,4121.43,4168.78,4109.18,4108.54,12.89,0.3137,1.45,433270.0
SPX,20220607,4096.47,4160.68,4164.86,4080.19,4121.43,39.25,0.9523,2.05,424821.0
SPX,20220608,4147.12,4115.77,4160.14,4107.2,4160.68,-44.91,-1.0794,1.27,415947.0
SPX,20220609,4101.65,4017.82,4119.1,4017.17,4115.77,-97.95,-2.3799,2.48,413417.0
SPX,20220610,3974.39,3900.86,3974.39,3900.16,4017.82,-116.96,-2.911,1.85,488964.0
SPX,20220613,3838.15,3749.63,3838.15,3734.3,3900.86,-151.23,-3.8768,2.66,563689.0
SPX,20220614,3763.52,3735.48,3778.18,3705.68,3749.63,-14.15,-0.3774,1.93,515389.0
SPX,20220615,3764.05,3789.99,3837.56,3722.3,3735.48,54.51,1.4593,3.09,553048.0
SPX,20220616,3728.18,3666.77,3728.18,3639.77,3789.99,-123.22,-3.2512,2.33,564493.0
SPX,20220617,3665.9,3674.84,3707.71,3636.87,3666.77,8.07,0.2201,1.93,852074.0
SPX,20220621,3715.31,3764.79,3779.65,3715.31,3674.84,89.95,2.4477,1.75,529226.0
SPX,20220622,3733.89,3759.89,3801.79,3717.69,3764.79,-4.9,-0.1302,2.23,505899.0
SPX,20220623,3774.71,3795.73,3802.58,3743.52,3759.89,35.84,0.9532,1.57,509864.0
SPX,20220624,3821.75,3911.74,3913.65,3821.75,3795.73,116.01,3.0563,2.42,812026.0
SPX,20220627,3920.76,3900.11,3927.72,3889.66,3911.74,-11.63,-0.2973,0.97,432531.0
SPX,20220628,3913.0,3821.55,3945.86,3820.14,3900.11,-78.56,-2.0143,3.22,427012.0
SPX,20220629,3825.09,3818.83,3836.5,3799.02,3821.55,-2.72,-0.0712,0.98,421124.0
SPX,20220630,3785.99,3785.38,3818.99,3738.67,3818.83,-33.45,-0.8759,2.1,484007.0
SPX,20220701,3781.0,3825.33,3829.82,3752.1,3785.38,39.95,1.0554,2.05,404695.0
SPX,20220705,3792.61,3831.39,3832.19,3742.06,3825.33,6.06,0.1584,2.36,507659.0
SPX,20220706,3831.98,3845.08,3870.91,3809.37,3831.39,13.69,0.3573,1.61,441772.0
SPX,20220707,3858.85,3902.62,3910.63,3858.85,3845.08,57.54,1.4965,1.35,405777.0
SPX,20220708,3888.26,3899.38,3918.5,3869.34,3902.62,-3.24,-0.083,1.26,352162.0
SPX,20220711,3880.94,3854.43,3880.94,3847.22,3899.38,-44.95,-1.1527,0.86,342348.0
SPX,20220712,3851.95,3818.8,3873.41,3802.36,3854.43,-35.63,-0.9244,1.84,381721.0
SPX,20220713,3779.67,3801.78,3829.44,3759.07,3818.8,-17.02,-0.4457,1.84,410939.0
SPX,20220714,3763.99,3790.38,3796.41,3721.56,3801.78,-11.4,-0.2999,1.97,419969.0
SPX,20220715,3818.0,3863.16,3863.62,3817.18,3790.38,72.78,1.9201,1.23,414380.0
SPX,20220718,3883.79,3830.85,3902.44,3818.63,3863.16,-32.31,-0.8364,2.17,404687.0
SPX,20220719,3860.73,3936.69,3939.81,3860.73,3830.85,105.84,2.7628,2.06,404107.0
SPX,20220720,3935.32,3959.9,3974.13,3922.03,3936.69,23.21,0.5896,1.32,418530.0
SPX,20220721,3955.47,3998.95,3999.29,3927.64,3959.9,39.05,0.9861,1.81,413279.0
SPX,20220722,3998.43,3961.63,4012.44,3938.86,3998.95,-37.32,-0.9332,1.84,397924.0
SPX,20220725,3965.72,3966.84,3975.3,3943.46,3961.63,5.21,0.1315,0.8,356834.0
SPX,20220726,3953.22,3921.05,3953.22,3910.74,3966.84,-45.79,-1.1543,1.07,377895.0
SPX,20220727,3951.43,4023.61,4039.56,3951.43,3921.05,102.56,2.6156,2.25,411218.0
SPX,20220728,4026.13,4072.43,4078.95,3992.97,4023.61,48.82,1.2133,2.14,441300.0
SPX,20220729,4087.33,4130.29,4140.15,4079.22,4072.43,57.86,1.4208,1.5,461636.0
SPX,20220801,4112.38,4118.63,4144.95,4096.02,4130.29,-11.66,-0.2823,1.18,420281.0
SPX,20220802,4104.21,4091.19,4140.47,4079.81,4118.63,-27.44,-0.6662,1.47,472771.0
SPX,20220803,4107.96,4155.17,4167.66,4107.96,4091.19,63.98,1.5638,1.46,435176.0
SPX,20220804,4154.85,4151.94,4161.29,4135.42,4155.17,-3.23,-0.0777,0.62,428332.0
SPX,20220805,4115.87,4145.19,4151.58,4107.31,4151.94,-6.75,-0.1626,1.07,408594.0
SPX,20220808,4155.93,4140.06,4186.62,4128.97,4145.19,-5.13,-0.1238,1.39,422109.0
SPX,20220809,4133.11,4122.47,4137.3,4112.09,4140.06,-17.59,-0.4249,0.61,391309.0
SPX,20220810,4181.02,4210.24,4211.03,4177.26,4122.47,87.77,2.1291,0.82,454601.0
SPX,20220811,4227.4,4207.27,4257.91,4201.41,4210.24,-2.97,-0.0705,1.34,463020.0
SPX,20220812,4225.02,4280.15,4280.47,4219.78,4207.27,72.88,1.7322,1.44,378801.0
SPX,20220815,4269.37,4297.14,4301.79,4256.9,4280.15,16.99,0.3969,1.05,369683.0
SPX,20220816,4290.46,4305.2,4325.28,4277.77,4297.14,8.06,0.1876,1.11,432982.0
SPX,20220817,4280.4,4274.04,4302.18,4253.08,4305.2,-31.16,-0.7238,1.14,388503.0
SPX,20220818,4273.13,4283.74,4292.53,4261.98,4274.04,9.7,0.227,0.71,334033.0
SPX,20220819,4266.31,4228.48,4266.31,4218.7,4283.74,-55.26,-1.29,1.11,376134.0
SPX,20220822,4195.08,4137.99,4195.08,4129.86,4228.48,-90.49,-2.14,1.54,390743.0
SPX,20220823,4133.09,4128.73,4159.77,4124.03,4137.99,-9.26,-0.2238,0.86,382352.0
SPX,20220824,4126.55,4140.77,4156.56,4119.97,4128.73,12.04,0.2916,0.89,358363.0
SPX,20220825,4153.26,4199.12,4200.54,4147.59,4140.77,58.35,1.4092,1.28,356687.0
SPX,20220826,4198.74,4057.66,4203.04,4057.66,4199.12,-141.46,-3.3688,3.46,383275.0
SPX,20220829,4034.58,4030.61,4062.99,4017.42,4057.66,-27.05,-0.6666,1.12,339651.0
SPX,20220830,4041.25,3986.16,4044.98,3965.21,4030.61,-44.45,-1.1028,1.98,383586.0
SPX,20220831,4000.67,3955.0,4015.37,3954.53,3986.16,-31.16,-0.7817,1.53,454249.0
SPX,20220901,3936.73,3966.85,3970.23,3903.65,3955.0,11.85,0.2996,1.68,415225.0
SPX,20220902,3994.66,3924.26,4018.43,3906.21,3966.85,-42.59,-1.0736,2.83,366585.0
SPX,20220906,3930.89,3908.19,3942.55,3886.75,3924.26,-16.07,-0.4095,1.42,412734.0
SPX,20220907,3909.43,3979.87,3987.89,3906.03,3908.19,71.68,1.8341,2.09,389032.0
SPX,20220908,3959.94,4006.18,4010.5,3944.81,3979.87,26.31,0.6611,1.65,396685.0
SPX,20220909,4022.94,4067.36,4076.81,4022.94,4006.18,61.18,1.5271,1.34,390194.0
SPX,20220912,4083.67,4110.41,4119.28,4083.67,4067.36,43.05,1.0584,0.88,381420.0
SPX,20220913,4037.12,3932.69,4037.12,3921.28,4110.41,-177.72,-4.3237,2.82,422455.0
SPX,20220914,3940.73,3946.01,3961.94,3912.18,3932.69,13.32,0.3387,1.27,429324.0
SPX,20220915,3932.41,3901.35,3959.14,3888.28,3946.01,-44.66,-1.1318,1.8,444183.0
SPX,20220916,3880.95,3873.33,3880.95,3837.08,3901.35,-28.02,-0.7182,1.12,795465.0
SPX,20220919,3849.91,3899.89,3900.45,3838.5,3873.33,26.56,0.6857,1.6,376685.0
SPX,20220920,3875.23,3855.93,3876.01,3827.54,3899.89,-43.96,-1.1272,1.24,405805.0
SPX,20220921,3871.4,3789.93,3907.07,3789.49,3855.93,-66.0,-1.7116,3.05,407833.0
SPX,20220922,3782.36,3757.99,3790.9,3749.45,3789.93,-31.94,-0.8428,1.09,428460.0
SPX,20220923,3727.14,3693.23,3727.14,3647.47,3757.99,-64.76,-1.7233,2.12,514427.0
SPX,20220926,3682.72,3655.04,3715.67,3644.76,3693.23,-38.19,-1.0341,1.92,488614.0
SPX,20220927,3686.44,3647.29,3717.53,3623.29,3655.04,-7.75,-0.212,2.58,457774.0
SPX,20220928,3651.94,3719.04,3736.74,3640.61,3647.29,71.75,1.9672,2.64,468485.0
SPX,20220929,3687.01,3640.47,3687.01,3610.4,3719.04,-78.57,-2.1126,2.06,468181.0
SPX,20220930,3633.48,3585.62,3671.44,3584.13,3640.47,-54.85,-1.5067,2.4,564536.0
SPX,20221003,3609.78,3678.43,3698.35,3604.93,3585.62,92.81,2.5884,2.61,480668.0
SPX,20221004,3726.46,3790.93,3791.92,3726.46,3678.43,112.5,3.0584,1.78,514658.0
SPX,20221005,3753.25,3783.28,3806.91,3722.66,3790.93,-7.65,-0.2018,2.22,429318.0
SPX,20221006,3771.97,3744.52,3797.93,3739.22,3783.28,-38.76,-1.0245,1.55,425210.0
SPX,20221007,3706.74,3639.66,3706.74,3620.73,3744.52,-104.86,-2.8004,2.3,444966.0
SPX,20221010,3647.51,3612.39,3652.17,3588.1,3639.66,-27.27,-0.7492,1.76,383432.0
SPX,20221011,3595.86,3588.84,3640.66,3568.45,3612.39,-23.55,-0.6519,2.0,475903.0
SPX,20221012,3590.83,3577.03,3608.34,3573.86,3588.84,-11.81,-0.3291,0.96,400683.0
SPX,20221013,3520.37,3669.91,3685.41,3491.58,3577.03,92.88,2.5966,5.42,502168.0
SPX,20221014,3690.41,3583.07,3712.0,3579.68,3669.91,-86.84,-2.3663,3.61,424303.0
SPX,20221017,3638.65,3677.95,3689.73,3638.65,3583.07,94.88,2.648,1.43,435278.0
SPX,20221018,3746.26,3719.98,3762.79,3686.53,3677.95,42.03,1.1428,2.07,448374.0
SPX,20221019,3703.11,3695.16,3728.58,3666.51,3719.98,-24.82,-0.6672,1.67,422380.0
SPX,20221020,3689.05,3665.78,3736.0,3656.44,3695.16,-29.38,-0.7951,2.15,449662.0
SPX,20221021,3657.1,3752.75,3757.89,3647.42,3665.78,86.97,2.3725,3.01,507802.0
SPX,20221024,3762.01,3797.34,3810.74,3741.65,3752.75,44.59,1.1882,1.84,474793.0
SPX,20221025,3799.44,3859.11,3862.85,3799.44,3797.34,61.77,1.6267,1.67,484312.0
SPX,20221026,3825.97,3830.6,3886.15,3824.07,3859.11,-28.51,-0.7388,1.61,481731.0
SPX,20221027,3834.69,3807.3,3859.95,3803.79,3830.6,-23.3,-0.6083,1.47,468732.0
SPX,20221028,3808.26,3901.06,3905.42,3808.26,3807.3,93.76,2.4626,2.55,445941.0
SPX,20221031,3881.85,3871.98,3893.73,3863.18,3901.06,-29.08,-0.7454,0.78,482062.0
SPX,20221101,3901.79,3856.1,3911.79,3843.8,3871.98,-15.88,-0.4101,1.76,448121.0
SPX,20221102,3852.9,3759.69,3894.44,3758.68,3856.1,-96.41,-2.5002,3.52,489900.0
SPX,20221103,3733.25,3719.89,3750.59,3698.15,3759.69,-39.8,-1.0586,1.39,462529.0
SPX,20221104,3766.98,3770.55,3796.34,3708.84,3719.89,50.66,1.3619,2.35,540018.0
SPX,20221107,3780.71,3806.8,3813.95,3764.7,3770.55,36.25,0.9614,1.31,434162.0
SPX,20221108,3817.02,3828.11,3859.4,3786.28,3806.8,21.31,0.5598,1.92,460764.0
SPX,20221109,3810.94,3748.57,3818.2,3744.22,3828.11,-79.54,-2.0778,1.93,464501.0
SPX,20221110,3859.89,3956.37,3958.33,3859.89,3748.57,207.8,5.5434,2.63,578126.0
SPX,20221111,3963.72,3992.93,4001.48,3944.82,3956.37,36.56,0.9241,1.43,559331.0
SPX,20221114,3977.97,3957.25,4008.97,3956.4,3992.93,-35.68,-0.8936,1.32,456193.0
SPX,20221115,4006.41,3991.73,4028.84,3953.17,3957.25,34.48,0.8713,1.91,501531.0
SPX,20221116,3976.82,3958.79,3983.09,3954.34,3991.73,-32.94,-0.8252,0.72,416532.0
SPX,20221117,3919.26,3946.56,3954.33,3906.54,3958.79,-12.23,-0.3089,1.21,405178.0
SPX,20221118,3966.39,3965.34,3979.89,3935.98,3946.56,18.78,0.4759,1.11,403736.0
SPX,20221121,3956.23,3949.94,3962.0,3933.34,3965.34,-15.4,-0.3884,0.72,385069.0
SPX,20221122,3965.51,4003.58,4005.88,3956.88,3949.94,53.64,1.358,1.24,388799.0
SPX,20221123,4000.3,4027.26,4033.78,3998.66,4003.58,23.68,0.5915,0.88,327972.0
SPX,20221125,4023.34,4026.12,4034.02,4020.76,4027.26,-1.14,-0.0283,0.33,170646.0
SPX,20221128,4005.36,3963.94,4012.27,3955.77,4026.12,-62.18,-1.5444,1.4,361543.0
SPX,20221129,3964.19,3957.63,3976.77,3937.65,3963.94,-6.31,-0.1592,0.99,354604.0
SPX,20221130,3957.18,4080.11,4080.11,3938.58,3957.63,122.48,3.0948,3.58,657936.0
SPX,20221201,4087.14,4076.57,4100.51,4050.87,4080.11,-3.54,-0.0868,1.22,452713.0
SPX,20221202,4040.17,4071.7,4080.48,4026.63,4076.57,-4.87,-0.1195,1.32,401262.0
SPX,20221205,4052.02,3998.84,4052.45,3984.49,4071.7,-72.86,-1.7894,1.67,428082.0
SPX,20221206,3996.63,3941.26,4001.51,3918.39,3998.84,-57.58,-1.4399,2.08,436838.0
SPX,20221207,3933.28,3933.92,3957.57,3922.68,3941.26,-7.34,-0.1862,0.89,411805.0
SPX,20221208,3947.79,3963.51,3974.19,3935.83,3933.92,29.59,0.7522,0.98,400690.0
SPX,20221209,3954.17,3934.38,3977.02,3933.04,3963.51,-29.13,-0.735,1.11,388826.0
SPX,20221212,3939.29,3990.56,3990.71,3935.3,3934.38,56.18,1.4279,1.41,390413.0
SPX,20221213,4069.38,4019.65,4100.96,3993.03,3990.56,29.09,0.729,2.7,507936.0
SPX,20221214,4015.54,3995.32,4053.76,3965.65,4019.65,-24.33,-0.6053,2.19,447234.0
SPX,20221215,3958.37,3895.75,3958.37,3879.45,3995.32,-99.57,-2.4922,1.98,449390.0
SPX,20221216,3890.91,3852.36,3890.91,3827.91,3895.75,-43.39,-1.1138,1.62,749366.0
SPX,20221219,3853.79,3817.66,3854.86,3800.04,3852.36,-34.7,-0.9007,1.42,396961.0
SPX,20221220,3810.47,3821.62,3838.24,3795.62,3817.66,3.96,0.1037,1.12,398537.0
SPX,20221221,3839.49,3878.44,3889.82,3839.49,3821.62,56.82,1.4868,1.32,377520.0
SPX,20221222,3853.26,3822.39,3853.26,3764.49,3878.44,-56.05,-1.4452,2.29,395695.0
SPX,20221223,3815.11,3844.82,3845.8,3797.01,3822.39,22.43,0.5868,1.28,281928.0
SPX,20221227,3843.34,3829.25,3846.65,3813.22,3844.82,-15.57,-0.405,0.87,303030.0
SPX,20221228,3829.56,3783.22,3848.32,3780.78,3829.25,-46.03,-1.2021,1.76,308352.0
SPX,20221229,3805.45,3849.28,3858.19,3805.45,3783.22,66.06,1.7461,1.39,300368.0
SPX,20221230,3829.06,3839.5,3839.85,3800.34,3849.28,-9.78,-0.2541,1.03,297987.0
SPX,20230103,3853.29,3824.14,3878.46,3794.33,3839.5,-15.36,-0.4001,2.19,395914.0
SPX,20230104,3840.36,3852.97,3873.16,3815.77,3824.14,28.83,0.7539,1.5,441408.0
SPX,20230105,3839.74,3808.1,3839.74,3802.42,3852.97,-44.87,-1.1646,0.97,389345.0
SPX,20230106,3823.37,3895.08,3906.19,3809.56,3808.1,86.98,2.2841,2.54,392356.0
SPX,20230109,3910.82,3892.09,3950.57,3890.42,3895.08,-2.99,-0.0768,1.54,431177.0
SPX,20230110,3888.57,3919.25,3919.83,3877.29,3892.09,27.16,0.6978,1.09,385103.0
SPX,20230111,3932.35,3969.61,3970.07,3928.54,3919.25,50.36,1.2849,1.06,430336.0
SPX,20230112,3977.57,3983.17,3997.76,3937.56,3969.61,13.56,0.3416,1.52,444026.0
SPX,20230113,3960.6,3999.09,4003.95,3947.67,3983.17,15.92,0.3997,1.41,393970.0
SPX,20230117,3999.28,3990.97,4015.39,3984.57,3999.09,-8.12,-0.203,0.77,423556.0
SPX,20230118,4002.25,3928.86,4014.16,3926.59,3990.97,-62.11,-1.5563,2.19,429871.0
SPX,20230119,3911.84,3898.85,3922.94,3885.54,3928.86,-30.01,-0.7638,0.95,399150.0
SPX,20230120,3909.04,3972.61,3972.96,3897.86,3898.85,73.76,1.8918,1.93,401336.0
SPX,20230123,3978.14,4019.81,4039.31,3971.64,3972.61,47.2,1.1881,1.7,394521.0
SPX,20230124,4001.74,4016.95,4023.92,3989.79,4019.81,-2.86,-0.0711,0.85,332043.0
SPX,20230125,3982.71,4016.22,4019.55,3949.06,4016.95,-0.73,-0.0182,1.75,372402.0
SPX,20230126,4036.08,4060.43,4061.57,4013.29,4016.22,44.21,1.1008,1.2,380959.0
SPX,20230127,4053.72,4070.56,4094.21,4048.7,4060.43,10.13,0.2495,1.12,390776.0
SPX,20230130,4049.27,4017.77,4063.85,4015.55,4070.56,-52.79,-1.2969,1.19,380200.0
SPX,20230131,4020.85,4076.6,4077.16,4020.44,4017.77,58.83,1.4642,1.41,467932.0
SPX,20230201,4070.07,4119.21,4148.95,4037.2,4076.6,42.61,1.0452,2.74,485693.0
SPX,20230202,4158.68,4179.76,4195.44,4141.88,4119.21,60.55,1.4699,1.3,562436.0
SPX,20230203,4136.69,4136.48,4182.36,4123.36,4179.76,-43.28,-1.0355,1.41,469451.0
SPX,20230206,4119.57,4111.08,4124.63,4093.38,4136.48,-25.4,-0.614,0.76,411424.0
SPX,20230207,4105.35,4164.0,4176.54,4088.39,4111.08,52.92,1.2873,2.14,435586.0
SPX,20230208,4153.47,4117.86,4156.85,4111.67,4164.0,-46.14,-1.1081,1.09,402982.0
SPX,20230209,4144.25,4081.5,4156.23,4069.67,4117.86,-36.36,-0.883,2.1,427020.0
SPX,20230210,4068.92,4090.46,4094.36,4060.79,4081.5,8.96,0.2195,0.82,389152.0
SPX,20230213,4096.62,4137.29,4138.9,4092.67,4090.46,46.83,1.1449,1.13,344862.0
SPX,20230214,4126.7,4136.13,4159.77,4095.01,4137.29,-1.16,-0.028,1.57,392920.0
SPX,20230215,4119.5,4147.6,4148.11,4103.98,4136.13,11.47,0.2773,1.07,407598.0
SPX,20230216,4114.75,4090.41,4136.54,4089.49,4147.6,-57.19,-1.3789,1.13,414366.0
SPX,20230217,4077.39,4079.09,4081.51,4047.95,4090.41,-11.32,-0.2767,0.82,404548.0
SPX,20230221,4052.35,3997.34,4052.35,3995.19,4079.09,-81.75,-2.0041,1.4,412159.0
SPX,20230222,4001.83,3991.05,4017.37,3976.9,3997.34,-6.29,-0.1574,1.01,407932.0
SPX,20230223,4018.6,4012.32,4028.3,3969.19,3991.05,21.27,0.5329,1.48,395294.0
SPX,20230224,3973.24,3970.04,3978.25,3943.08,4012.32,-42.28,-1.0538,0.88,387770.0
SPX,20230227,3992.36,3982.24,4018.05,3973.55,3970.04,12.2,0.3073,1.12,383695.0
SPX,20230228,3977.19,3970.15,3997.5,3968.98,3982.24,-12.09,-0.3036,0.72,504340.0
SPX,20230301,3963.34,3951.39,3971.73,3939.05,3970.15,-18.76,-0.4725,0.82,424948.0
SPX,20230302,3938.68,3981.35,3990.84,3928.16,3951.39,29.96,0.7582,1.59,424490.0
SPX,20230303,3998.02,4045.64,4048.29,3995.17,3981.35,64.29,1.6148,1.33,408473.0
SPX,20230306,4055.15,4048.42,4078.49,4044.61,4045.64,2.78,0.0687,0.84,400087.0
SPX,20230307,4048.26,3986.37,4050.0,3980.31,4048.42,-62.05,-1.5327,1.72,392250.0
SPX,20230308,3987.55,3992.01,4000.41,3969.76,3986.37,5.64,0.1415,0.77,353557.0
SPX,20230309,3998.66,3918.32,4017.81,3908.7,3992.01,-73.69,-1.8459,2.73,444526.0
SPX,20230310,3912.77,3861.59,3934.05,3846.32,3918.32,-56.73,-1.4478,2.24,551819.0
SPX,20230313,3835.12,3855.76,3905.05,3808.86,3861.59,-5.83,-0.151,2.49,655802.0
SPX,20230314,3894.01,3919.29,3937.29,3873.63,3855.76,63.53,1.6477,1.65,566587.0
SPX,20230315,3876.74,3891.93,3894.26,3838.24,3919.29,-27.36,-0.6981,1.43,659401.0
SPX,20230316,3878.93,3960.28,3964.46,3864.11,3891.93,68.35,1.7562,2.58,569579.0
SPX,20230317,3958.69,3916.64,3958.91,3901.27,3960.28,-43.64,-1.1019,1.46,935428.0
SPX,20230320,3917.47,3951.57,3956.62,3916.89,3916.64,34.93,0.8918,1.01,534714.0
SPX,20230321,3975.89,4002.87,4009.08,3971.19,3951.57,51.3,1.2982,0.96,492024.0
SPX,20230322,4002.04,3936.97,4039.49,3936.17,4002.87,-65.9,-1.6463,2.58,453301.0
SPX,20230323,3959.21,3948.72,4007.66,3919.05,3936.97,11.75,0.2985,2.25,499160.0
SPX,20230324,3939.21,3970.99,3972.74,3909.16,3948.72,22.27,0.564,1.61,458397.0
SPX,20230327,3982.93,3977.53,4003.83,3970.49,3970.99,6.54,0.1647,0.84,423354.0
SPX,20230328,3974.13,3971.27,3979.2,3951.53,3977.53,-6.26,-0.1574,0.7,401460.0
SPX,20230329,3999.53,4027.81,4030.59,3999.53,3971.27,56.54,1.4237,0.78,414525.0
SPX,20230330,4046.74,4050.83,4057.85,4032.1,4027.81,23.02,0.5715,0.64,393086.0
SPX,20230331,4056.18,4109.31,4110.75,4056.18,4050.83,58.48,1.4437,1.35,452512.0
SPX,20230403,4102.2,4124.51,4127.66,4098.79,4109.31,15.2,0.3699,0.7,423470.0
SPX,20230404,4128.03,4100.6,4133.13,4086.87,4124.51,-23.91,-0.5797,1.12,422780.0
SPX,20230405,4094.5,4090.38,4099.69,4072.56,4100.6,-10.22,-0.2492,0.66,396802.0
SPX,20230406,4081.15,4105.02,4107.32,4069.84,4090.38,14.64,0.3579,0.92,348669.0
SPX,20230410,4085.2,4109.11,4109.5,4072.55,4105.02,4.09,0.0996,0.9,342365.0
SPX,20230411,4110.29,4108.94,4124.26,4102.61,4109.11,-0.17,-0.0041,0.53,366583.0
SPX,20230412,4121.72,4091.95,4134.37,4086.94,4108.94,-16.99,-0.4135,1.15,363312.0
SPX,20230413,4100.04,4146.22,4150.26,4099.4,4091.95,54.27,1.3263,1.24,359659.0
SPX,20230414,4140.11,4137.64,4163.19,4113.2,4146.22,-8.58,-0.2069,1.21,357569.0
SPX,20230417,4137.17,4151.32,4151.72,4123.18,4137.64,13.68,0.3306,0.69,361118.0
SPX,20230418,4164.26,4154.87,4169.48,4140.36,4151.32,3.55,0.0855,0.7,353664.0
SPX,20230419,4139.33,4154.52,4162.57,4134.49,4154.87,-0.35,-0.0084,0.68,357256.0
SPX,20230420,4130.48,4129.79,4148.57,4114.57,4154.52,-24.73,-0.5953,0.82,377208.0
SPX,20230421,4132.14,4133.52,4138.02,4113.86,4129.79,3.73,0.0903,0.59,361175.0
SPX,20230424,4132.07,4137.04,4142.41,4117.77,4133.52,3.52,0.0852,0.6,329094.0
SPX,20230425,4126.43,4071.63,4126.43,4071.38,4137.04,-65.41,-1.5811,1.33,397864.0
SPX,20230426,4087.78,4055.99,4089.67,4049.35,4071.63,-15.64,-0.3841,0.99,383703.0
SPX,20230427,4075.29,4135.35,4138.24,4075.29,4055.99,79.36,1.9566,1.55,375055.0
SPX,20230428,4129.63,4169.48,4170.06,4127.18,4135.35,34.13,0.8253,1.04,408780.0
SPX,20230501,4166.79,4167.87,4186.92,4164.12,4169.48,-1.61,-0.0386,0.55,332137.0
SPX,20230502,4164.1,4119.58,4164.1,4089.72,4167.87,-48.29,-1.1586,1.78,448613.0
SPX,20230503,4122.25,4090.75,4148.3,4088.86,4119.58,-28.83,-0.6998,1.44,424651.0
SPX,20230504,4082.55,4061.22,4082.61,4048.28,4090.75,-29.53,-0.7219,0.84,492009.0
SPX,20230505,4084.73,4136.25,4147.02,4084.73,4061.22,75.03,1.8475,1.53,418627.0
SPX,20230508,4136.98,4138.12,4142.3,4123.81,4136.25,1.87,0.0452,0.45,364164.0
SPX,20230509,4124.25,4119.17,4130.35,4116.65,4138.12,-18.95,-0.4579,0.33,381014.0
SPX,20230510,4143.74,4137.64,4154.28,4098.92,4119.17,18.47,0.4484,1.34,405716.0
SPX,20230511,4132.24,4130.62,4132.8,4109.29,4137.64,-7.02,-0.1697,0.57,375290.0
SPX,20230512,4138.54,4124.08,4143.74,4099.12,4130.62,-6.54,-0.1583,1.08,353374.0
SPX,20230515,4126.65,4136.28,4141.25,4110.27,4124.08,12.2,0.2958,0.75,356217.0
SPX,20230516,4127.95,4109.9,4135.54,4109.86,4136.28,-26.38,-0.6378,0.62,365420.0
SPX,20230517,4122.85,4158.77,4164.67,4113.62,4109.9,48.87,1.1891,1.24,403908.0
SPX,20230518,4157.68,4198.05,4202.2,4153.5,4158.77,39.28,0.9445,1.17,398050.0
SPX,20230519,4204.15,4191.98,4212.91,4180.2,4198.05,-6.07,-0.1446,0.78,404190.0
SPX,20230522,4190.78,4192.63,4209.22,4179.68,4191.98,0.65,0.0155,0.7,372852.0
SPX,20230523,4176.8,4145.58,4185.68,4142.54,4192.63,-47.05,-1.1222,1.03,415532.0
SPX,20230524,4132.96,4115.24,4132.96,4103.98,4145.58,-30.34,-0.7319,0.7,373916.0
SPX,20230525,4155.71,4151.28,4165.74,4129.73,4115.24,36.04,0.8758,0.88,414776.0
SPX,20230526,4156.16,4205.45,4212.87,4156.16,4151.28,54.17,1.3049,1.37,371546.0
SPX,20230530,4226.71,4205.52,4231.1,4192.18,4205.45,0.07,0.0017,0.93,422851.0
SPX,20230531,4190.74,4179.83,4195.44,4166.15,4205.52,-25.69,-0.6109,0.7,598067.0
SPX,20230601,4183.03,4221.02,4232.43,4171.64,4179.83,41.19,0.9854,1.45,439186.0
SPX,20230602,4241.01,4282.37,4290.67,4241.01,4221.02,61.35,1.4534,1.18,445420.0
SPX,20230605,4282.99,4273.79,4299.28,4266.82,4282.37,-8.58,-0.2004,0.76,381329.0
SPX,20230606,4271.34,4283.85,4288.33,4263.09,4273.79,10.06,0.2354,0.59,399656.0
SPX,20230607,4285.47,4267.52,4299.19,4263.96,4283.85,-16.33,-0.3812,0.82,453780.0
SPX,20230608,4268.69,4293.93,4298.01,4261.07,4267.52,26.41,0.6189,0.87,382674.0
SPX,20230609,4304.88,4298.86,4322.62,4291.7,4293.93,4.93,0.1148,0.72,378651.0
SPX,20230612,4308.32,4338.93,4340.13,4304.37,4298.86,40.07,0.9321,0.83,394567.0
SPX,20230613,4352.61,4369.01,4375.37,4349.31,4338.93,30.08,0.6933,0.6,427540.0
SPX,20230614,4366.29,4372.59,4391.82,4337.85,4369.01,3.58,0.0819,1.24,425211.0
SPX,20230615,4365.33,4425.84,4439.2,4362.6,4372.59,53.25,1.2178,1.75,417669.0
SPX,20230616,4440.95,4409.59,4448.47,4407.44,4425.84,-16.25,-0.3672,0.93,684860.0
SPX,20230620,4396.11,4388.71,4400.15,4367.19,4409.59,-20.88,-0.4735,0.75,405579.0
SPX,20230621,4380.01,4365.69,4386.22,4360.14,4388.71,-23.02,-0.5245,0.59,370933.0
SPX,20230622,4355.4,4381.89,4382.25,4351.82,4365.69,16.2,0.3711,0.7,351100.0
SPX,20230623,4354.17,4348.33,4366.55,4341.34,4381.89,-33.56,-0.7659,0.58,605362.0
SPX,20230626,4344.84,4328.82,4362.06,4328.08,4348.33,-19.51,-0.4487,0.78,341503.0
SPX,20230627,4337.36,4378.41,4384.42,4335.0,4328.82,49.59,1.1456,1.14,357350.0
SPX,20230628,4367.48,4376.86,4390.35,4360.22,4378.41,-1.55,-0.0354,0.69,373933.0
SPX,20230629,4374.94,4396.44,4398.39,4371.97,4376.86,19.58,0.4474,0.6,369666.0
SPX,20230630,4422.44,4450.38,4458.48,4422.44,4396.44,53.94,1.2269,0.82,392345.0
SPX,20230703,4450.48,4455.59,4456.46,4442.29,4450.38,5.21,0.1171,0.32,203428.0
SPX,20230705,4442.04,4446.82,4454.06,4436.61,4455.59,-8.77,-0.1968,0.39,348262.0
SPX,20230706,4422.62,4411.59,4422.62,4385.05,4446.82,-35.23,-0.7923,0.84,368202.0
SPX,20230707,4404.54,4398.95,4440.39,4397.4,4411.59,-12.64,-0.2865,0.97,363048.0
SPX,20230710,4394.23,4409.53,4412.6,4389.92,4398.95,10.58,0.2405,0.52,342960.0
SPX,20230711,4415.55,4439.26,4443.64,4408.46,4409.53,29.73,0.6742,0.8,362422.0
SPX,20230712,4467.69,4472.16,4488.34,4463.23,4439.26,32.9,0.7411,0.57,392029.0
SPX,20230713,4491.5,4510.04,4517.38,4489.36,4472.16,37.88,0.847,0.63,383953.0
SPX,20230714,4514.61,4505.42,4527.76,4499.56,4510.04,-4.62,-0.1024,0.63,364745.0
SPX,20230717,4508.86,4522.79,4532.85,4504.9,4505.42,17.37,0.3855,0.62,353824.0
SPX,20230718,4521.78,4554.98,4562.3,4514.59,4522.79,32.19,0.7117,1.05,409001.0
SPX,20230719,4563.87,4565.72,4578.43,4557.48,4554.98,10.74,0.2358,0.46,411567.0
SPX,20230720,4554.38,4534.87,4564.74,4527.56,4565.72,-30.85,-0.6757,0.81,376177.0
SPX,20230721,4550.16,4536.34,4555.0,4535.79,4534.87,1.47,0.0324,0.42,357019.0
SPX,20230724,4543.39,4554.64,4563.41,4541.29,4536.34,18.3,0.4034,0.49,385625.0
SPX,20230725,4555.19,4567.46,4580.62,4552.42,4554.64,12.82,0.2815,0.62,381247.0
SPX,20230726,4558.96,4566.75,4582.47,4547.58,4567.46,-0.71,-0.0155,0.76,399029.0
SPX,20230727,4598.26,4537.41,4607.07,4528.56,4566.75,-29.34,-0.6425,1.72,455321.0
SPX,20230728,4565.75,4582.23,4590.16,4564.01,4537.41,44.82,0.9878,0.58,398101.0
SPX,20230731,4584.82,4588.96,4594.22,4573.14,4582.23,6.73,0.1469,0.46,450360.0
SPX,20230801,4578.83,4576.73,4584.62,4567.53,4588.96,-12.23,-0.2665,0.37,404237.0
SPX,20230802,4550.93,4513.39,4550.93,4505.75,4576.73,-63.34,-1.384,0.99,427071.0
SPX,20230803,4494.27,4501.89,4519.49,4485.54,4513.39,-11.5,-0.2548,0.75,414912.0
SPX,20230804,4513.96,4478.03,4540.34,4474.55,4501.89,-23.86,-0.53,1.46,414331.0
SPX,20230807,4491.58,4518.44,4519.84,4491.15,4478.03,40.41,0.9024,0.64,349392.0
SPX,20230808,4498.03,4499.38,4503.31,4464.39,4518.44,-19.06,-0.4218,0.86,388491.0
SPX,20230809,4501.57,4467.71,4502.44,4461.33,4499.38,-31.67,-0.7039,0.91,380310.0
SPX,20230810,4487.16,4468.83,4527.37,4457.92,4467.71,1.12,0.0251,1.55,450437.0
SPX,20230811,4450.69,4464.05,4476.23,4443.98,4468.83,-4.78,-0.107,0.72,375329.0
SPX,20230814,4458.13,4489.72,4490.33,4453.44,4464.05,25.67,0.575,0.83,389641.0
SPX,20230815,4478.87,4437.86,4478.87,4432.19,4489.72,-51.86,-1.1551,1.04,383225.0
SPX,20230816,4433.79,4404.33,4449.95,4403.55,4437.86,-33.53,-0.7555,1.05,375391.0
SPX,20230817,4416.32,4370.36,4421.17,4364.83,4404.33,-33.97,-0.7713,1.28,394370.0
SPX,20230818,4344.88,4369.71,4381.82,4335.31,4370.36,-0.65,-0.0149,1.06,394040.0
SPX,20230821,4380.28,4399.77,4407.55,4360.3,4369.71,30.06,0.6879,1.08,372685.0
SPX,20230822,4415.33,4387.55,4418.59,4382.77,4399.77,-12.22,-0.2777,0.81,352276.0
SPX,20230823,4396.44,4436.01,4443.18,4396.44,4387.55,48.46,1.1045,1.07,383727.0
SPX,20230824,4455.16,4376.31,4458.3,4375.55,4436.01,-59.7,-1.3458,1.87,372347.0
SPX,20230825,4389.38,4405.71,4418.46,4356.29,4376.31,29.4,0.6718,1.42,329618.0
SPX,20230828,4426.03,4433.31,4439.56,4414.98,4405.71,27.6,0.6265,0.56,295723.0
SPX,20230829,4432.75,4497.63,4500.14,4431.68,4433.31,64.32,1.4508,1.54,335482.0
SPX,20230830,4500.34,4514.87,4521.65,4493.59,4497.63,17.24,0.3833,0.62,306411.0
SPX,20230831,4517.01,4507.66,4532.26,4507.39,4514.87,-7.21,-0.1597,0.55,394636.0
SPX,20230901,4530.6,4515.77,4541.25,4501.35,4507.66,8.11,0.1799,0.89,324626.0
SPX,20230905,4510.06,4496.83,4514.29,4496.01,4515.77,-18.94,-0.4194,0.4,352625.0
SPX,20230906,4490.35,4465.48,4490.35,4442.38,4496.83,-31.35,-0.6972,1.07,341885.0
SPX,20230907,4434.55,4451.14,4457.81,4430.46,4465.48,-14.34,-0.3211,0.61,376376.0
SPX,20230908,4451.3,4457.49,4473.53,4448.38,4451.14,6.35,0.1427,0.57,325929.0
SPX,20230911,4480.98,4487.46,4490.77,4467.89,4457.49,29.97,0.6724,0.51,336992.0
SPX,20230912,4473.27,4461.9,4487.11,4456.83,4487.46,-25.56,-0.5696,0.67,343574.0
SPX,20230913,4462.65,4467.44,4479.39,4453.52,4461.9,5.54,0.1242,0.58,352943.0
SPX,20230914,4487.78,4505.1,4511.99,4478.69,4467.44,37.66,0.843,0.75,364872.0
SPX,20230915,4497.98,4450.32,4497.98,4447.21,4505.1,-54.78,-1.216,1.13,693223.0
SPX,20230918,4445.13,4453.53,4466.36,4442.11,4450.32,3.21,0.0721,0.54,316123.0
SPX,20230919,4445.41,4443.95,4449.85,4416.61,4453.53,-9.58,-0.2151,0.75,361488.0
SPX,20230920,4452.81,4402.2,4461.03,4401.38,4443.95,-41.75,-0.9395,1.34,330845.0
SPX,20230921,4374.36,4330.0,4375.7,4329.17,4402.2,-72.2,-1.6401,1.06,366234.0
SPX,20230922,4341.74,4320.06,4357.4,4316.49,4330.0,-9.94,-0.2296,0.94,334957.0
SPX,20230925,4310.62,4337.44,4338.51,4302.7,4320.06,17.38,0.4023,0.83,319565.0
SPX,20230926,4312.88,4273.53,4313.01,4265.98,4337.44,-63.91,-1.4735,1.08,347234.0
SPX,20230927,4282.63,4274.51,4292.07,4238.63,4273.53,0.98,0.0229,1.25,387588.0
SPX,20230928,4269.65,4299.7,4317.27,4264.38,4274.51,25.19,0.5893,1.24,384623.0
SPX,20230929,4328.18,4288.05,4333.15,4274.86,4299.7,-11.65,-0.2709,1.36,386596.0
SPX,20231002,4284.52,4288.39,4300.58,4260.21,4288.05,0.34,0.0079,0.94,393866.0
SPX,20231003,4269.75,4229.45,4281.15,4216.45,4288.39,-58.94,-1.3744,1.51,395383.0
SPX,20231004,4233.83,4263.75,4268.5,4220.48,4229.45,34.3,0.811,1.14,377760.0
SPX,20231005,4259.31,4258.19,4267.13,4225.91,4263.75,-5.56,-0.1304,0.97,358147.0
SPX,20231006,4234.79,4308.5,4324.1,4219.55,4258.19,50.31,1.1815,2.46,390203.0
SPX,20231009,4289.02,4335.66,4341.73,4283.79,4308.5,27.16,0.6304,1.34,317463.0
SPX,20231010,4339.75,4358.24,4385.46,4339.64,4335.66,22.58,0.5208,1.06,352024.0
SPX,20231011,4366.59,4376.95,4378.64,4345.34,4358.24,18.71,0.4293,0.76,360166.0
SPX,20231012,4380.94,4349.61,4385.85,4325.43,4376.95,-27.34,-0.6246,1.38,371314.0
SPX,20231013,4360.49,4327.78,4377.1,4311.97,4349.61,-21.83,-0.5019,1.5,356656.0
SPX,20231016,4342.37,4373.63,4383.33,4342.37,4327.78,45.85,1.0594,0.95,340996.0
SPX,20231017,4345.23,4373.2,4393.57,4337.54,4373.63,-0.43,-0.0098,1.28,379485.0
SPX,20231018,4357.35,4314.6,4364.2,4303.84,4373.2,-58.6,-1.34,1.38,368603.0
SPX,20231019,4321.36,4278.0,4339.54,4269.69,4314.6,-36.6,-0.8483,1.62,396973.0
SPX,20231020,4273.85,4224.16,4276.56,4223.03,4278.0,-53.84,-1.2585,1.25,400403.0
SPX,20231023,4210.4,4217.04,4255.84,4189.22,4224.16,-7.12,-0.1686,1.58,377610.0
SPX,20231024,4235.79,4247.68,4259.38,4219.43,4217.04,30.64,0.7266,0.95,382182.0
SPX,20231025,4232.42,4186.77,4232.42,4181.42,4247.68,-60.91,-1.434,1.2,386937.0
SPX,20231026,4175.99,4137.23,4183.6,4127.9,4186.77,-49.54,-1.1833,1.33,427764.0
SPX,20231027,4152.93,4117.37,4156.7,4103.78,4137.23,-19.86,-0.48,1.28,401950.0
SPX,20231030,4139.39,4166.82,4177.47,4132.94,4117.37,49.45,1.201,1.08,391114.0
SPX,20231031,4171.33,4193.8,4195.55,4153.12,4166.82,26.98,0.6475,1.02,424947.0
SPX,20231101,4201.27,4237.86,4245.64,4197.74,4193.8,44.06,1.0506,1.14,422490.0
SPX,20231102,4268.26,4317.78,4319.72,4268.26,4237.86,79.92,1.8859,1.21,466978.0
SPX,20231103,4334.23,4358.34,4373.62,4334.23,4317.78,40.56,0.9394,0.91,457096.0
SPX,20231106,4364.27,4365.98,4372.21,4347.53,4358.34,7.64,0.1753,0.57,365634.0
SPX,20231107,4366.21,4378.38,4386.26,4355.41,4365.98,12.4,0.284,0.71,379123.0
SPX,20231108,4384.37,4382.78,4391.2,4359.76,4378.38,4.4,0.1005,0.72,372951.0
SPX,20231109,4391.41,4347.35,4393.4,4343.94,4382.78,-35.43,-0.8084,1.13,390078.0
SPX,20231110,4364.15,4415.24,4418.03,4353.34,4347.35,67.89,1.5616,1.49,366508.0
SPX,20231113,4406.66,4411.55,4421.76,4393.82,4415.24,-3.69,-0.0836,0.63,332624.0
SPX,20231114,4458.97,4495.7,4508.67,4458.97,4411.55,84.15,1.9075,1.13,470035.0
SPX,20231115,4505.3,4502.88,4521.17,4495.31,4495.7,7.18,0.1597,0.58,434717.0
SPX,20231116,4497.08,4508.24,4511.99,4487.83,4502.88,5.36,0.119,0.54,396452.0
SPX,20231117,4509.55,4514.02,4520.12,4499.66,4508.24,5.78,0.1282,0.45,377724.0
SPX,20231120,4511.7,4547.38,4557.11,4510.36,4514.02,33.36,0.739,1.04,364479.0
SPX,20231121,4538.77,4538.19,4542.14,4525.51,4547.38,-9.19,-0.2021,0.37,351108.0
SPX,20231122,4553.04,4556.62,4568.43,4545.05,4538.19,18.43,0.4061,0.52,304281.0
SPX,20231124,4555.84,4559.34,4560.31,4552.8,4556.62,2.72,0.0597,0.16,163950.0
SPX,20231127,4554.86,4550.43,4560.52,4546.32,4559.34,-8.91,-0.1954,0.31,340399.0
SPX,20231128,4545.55,4554.89,4568.14,4540.51,4550.43,4.46,0.098,0.61,358624.0
SPX,20231129,4571.84,4550.58,4587.64,4547.15,4554.89,-4.31,-0.0946,0.89,441876.0
SPX,20231130,4554.87,4567.8,4569.89,4537.24,4550.58,17.22,0.3784,0.72,539930.0
SPX,20231201,4559.43,4594.63,4599.39,4554.71,4567.8,26.83,0.5874,0.98,439712.0
SPX,20231204,4564.37,4569.78,4572.37,4546.72,4594.63,-24.85,-0.5408,0.56,436991.0
SPX,20231205,4557.25,4567.18,4578.56,4551.68,4569.78,-2.6,-0.0569,0.59,390995.0
SPX,20231206,4586.23,4549.34,4590.74,4546.5,4567.18,-17.84,-0.3906,0.97,424568.0
SPX,20231207,4568.84,4585.59,4590.92,4565.22,4549.34,36.25,0.7968,0.56,381888.0
SPX,20231208,4576.2,4604.37,4609.23,4574.06,4585.59,18.78,0.4095,0.77,370701.0
SPX,20231211,4593.39,4622.44,4623.71,4593.39,4604.37,18.07,0.3925,0.66,382321.0
SPX,20231212,4618.3,4643.7,4643.93,4608.09,4622.44,21.26,0.4599,0.78,380838.0
SPX,20231213,4646.2,4707.09,4709.69,4643.23,4643.7,63.39,1.3651,1.43,506365.0
SPX,20231214,4721.04,4719.55,4738.57,4694.34,4707.09,12.46,0.2647,0.94,631404.0
SPX,20231215,4714.23,4719.19,4725.53,4704.69,4719.55,-0.36,-0.0076,0.44,821898.0
SPX,20231218,4725.58,4740.56,4749.52,4725.58,4719.19,21.37,0.4528,0.51,406034.0
SPX,20231219,4743.72,4768.37,4768.69,4743.72,4740.56,27.81,0.5866,0.53,402697.0
SPX,20231220,4764.73,4698.35,4778.01,4697.82,4768.37,-70.02,-1.4684,1.68,420132.0
SPX,20231221,4724.29,4746.75,4748.71,4708.35,4698.35,48.4,1.0301,0.86,343118.0
SPX,20231222,4753.92,4754.63,4772.94,4736.77,4746.75,7.88,0.166,0.76,304677.0
SPX,20231226,4758.86,4774.75,4784.72,4758.45,4754.63,20.12,0.4232,0.55,251391.0
SPX,20231227,4773.45,4781.58,4785.39,4768.9,4774.75,6.83,0.143,0.35,274845.0
SPX,20231228,4786.44,4783.35,4793.3,4780.98,4781.58,1.77,0.037,0.26,269886.0
SPX,20231229,4782.88,4769.83,4788.43,4751.99,4783.35,-13.52,-0.2826,0.76,312606.0
SPX,20240102,4745.2,4742.83,4754.33,4722.67,4769.83,-27.0,-0.5661,0.66,374305.0
SPX,20240103,4725.07,4704.81,4729.29,4699.71,4742.83,-38.02,-0.8016,0.62,395076.0
SPX,20240104,4697.42,4688.68,4726.78,4687.53,4704.81,-16.13,-0.3428,0.83,371548.0
SPX,20240105,4690.57,4697.24,4721.49,4682.11,4688.68,8.56,0.1826,0.84,384437.0
SPX,20240108,4703.7,4763.54,4764.54,4699.82,4697.24,66.3,1.4115,1.38,374232.0
SPX,20240109,4741.93,4756.5,4765.47,4730.35,4763.54,-7.04,-0.1478,0.74,352996.0
SPX,20240110,4759.94,4783.45,4790.8,4756.2,4756.5,26.95,0.5666,0.73,349868.0
SPX,20240111,4792.13,4780.24,4798.5,4739.58,4783.45,-3.21,-0.0671,1.23,375989.0
SPX,20240112,4791.18,4783.83,4802.4,4768.98,4780.24,3.59,0.0751,0.7,348634.0
SPX,20240116,4772.35,4765.98,4782.34,4747.12,4783.83,-17.85,-0.3731,0.74,426055.0
SPX,20240117,4739.13,4739.21,4744.23,4714.82,4765.98,-26.77,-0.5617,0.62,392860.0
SPX,20240118,4760.1,4780.94,4785.79,4740.57,4739.21,41.73,0.8805,0.95,401900.0
SPX,20240119,4796.28,4839.81,4842.07,4785.87,4780.94,58.87,1.2313,1.18,428720.0
SPX,20240122,4853.42,4850.43,4868.41,4844.05,4839.81,10.62,0.2194,0.5,429761.0
SPX,20240123,4856.8,4864.6,4866.48,4844.37,4850.43,14.17,0.2921,0.46,391280.0
SPX,20240124,4888.56,4868.55,4903.68,4865.94,4864.6,3.95,0.0812,0.78,433003.0
SPX,20240125,4886.66,4894.16,4898.15,4869.34,4868.55,25.61,0.526,0.59,402043.0
SPX,20240126,4888.91,4890.97,4906.69,4881.47,4894.16,-3.19,-0.0652,0.52,335340.0
SPX,20240129,4892.95,4927.93,4929.31,4887.4,4890.97,36.96,0.7557,0.86,352516.0
SPX,20240130,4925.89,4924.97,4931.09,4916.27,4927.93,-2.96,-0.0601,0.3,383613.0
SPX,20240131,4899.19,4845.65,4906.75,4845.15,4924.97,-79.32,-1.6106,1.25,469612.0
SPX,20240201,4861.11,4906.19,4906.97,4853.52,4845.65,60.54,1.2494,1.1,438609.0
SPX,20240202,4916.06,4958.61,4975.29,4907.99,4906.19,52.42,1.0684,1.37,397435.0
SPX,20240205,4957.19,4942.81,4957.19,4918.09,4958.61,-15.8,-0.3186,0.79,402364.0
SPX,20240206,4950.16,4954.23,4957.77,4934.88,4942.81,11.42,0.231,0.46,444088.0
SPX,20240207,4973.05,4995.06,4999.89,4969.05,4954.23,40.83,0.8241,0.62,489559.0
SPX,20240208,4995.16,4997.91,5000.4,4987.09,4995.06,2.85,0.0571,0.27,434186.0
SPX,20240209,5004.17,5026.61,5030.06,5000.34,4997.91,28.7,0.5742,0.59,391299.0
SPX,20240212,5026.83,5021.84,5048.39,5016.83,5026.61,-4.77,-0.0949,0.63,380574.0
SPX,20240213,4967.94,4953.17,4971.3,4920.31,5021.84,-68.67,-1.3674,1.02,430219.0
SPX,20240214,4976.44,5000.62,5002.52,4956.45,4953.17,47.45,0.958,0.93,384560.0
SPX,20240215,4976.44,5029.73,5032.72,4999.44,5000.62,29.11,0.5821,0.67,413797.0
SPX,20240216,4976.44,5005.57,5038.7,4999.52,5029.73,-24.16,-0.4803,0.78,383327.0
SPX,20240220,4989.32,4975.51,4993.71,4955.02,5005.57,-30.06,-0.6005,0.77,403488.0
SPX,20240221,4963.03,4981.8,4983.21,4946.0,4975.51,6.29,0.1264,0.75,378839.0
SPX,20240222,5038.83,5087.03,5094.39,5038.83,4981.8,105.23,2.1123,1.12,405171.0
SPX,20240223,5100.92,5088.8,5111.06,5081.46,5087.03,1.77,0.0348,0.58,367279.0
SPX,20240226,5093.0,5069.53,5097.66,5068.91,5088.8,-19.27,-0.3787,0.56,368393.0
SPX,20240227,5074.6,5078.18,5080.69,5057.29,5069.53,8.65,0.1706,0.46,392595.0
SPX,20240228,5067.2,5069.76,5077.37,5058.35,5078.18,-8.42,-0.1658,0.37,378937.0
SPX,20240229,5085.36,5096.27,5104.99,5061.89,5069.76,26.51,0.5229,0.85,521974.0
SPX,20240301,5098.51,5137.08,5140.33,5094.16,5096.27,40.81,0.8008,0.91,474811.0
SPX,20240304,5130.99,5130.95,5149.67,5127.18,5137.08,-6.13,-0.1193,0.44,475844.0
SPX,20240305,5110.52,5078.65,5114.54,5056.82,5130.95,-52.3,-1.0193,1.12,441841.0
SPX,20240306,5108.03,5104.76,5127.97,5092.22,5078.65,26.11,0.5141,0.7,455905.0
SPX,20240307,5132.38,5157.36,5165.62,5128.21,5104.76,52.6,1.0304,0.73,413798.0
SPX,20240308,5164.46,5123.69,5189.26,5117.5,5157.36,-33.67,-0.6529,1.39,420887.0
SPX,20240311,5111.96,5117.94,5124.66,5091.14,5123.69,-5.75,-0.1122,0.65,389643.0
SPX,20240312,5134.3,5175.27,5179.87,5114.48,5117.94,57.33,1.1202,1.28,408051.0
SPX,20240313,5173.49,5165.31,5179.14,5151.88,5175.27,-9.96,-0.1925,0.53,428289.0
SPX,20240314,5175.14,5150.48,5176.85,5123.3,5165.31,-14.83,-0.2871,1.04,468797.0
SPX,20240315,5123.31,5117.09,5136.86,5104.35,5150.48,-33.39,-0.6483,0.63,775367.0
SPX,20240318,5154.77,5149.42,5175.6,5145.47,5117.09,32.33,0.6318,0.59,403622.0
SPX,20240319,5139.09,5178.51,5180.31,5131.59,5149.42,29.09,0.5649,0.95,403176.0
SPX,20240320,5181.69,5224.62,5226.19,5171.55,5178.51,46.11,0.8904,1.06,406485.0
SPX,20240321,5253.43,5241.53,5261.1,5240.66,5224.62,16.91,0.3237,0.39,420773.0
SPX,20240322,5242.48,5234.18,5246.09,5229.87,5241.53,-7.35,-0.1402,0.31,337470.0
SPX,20240325,5219.52,5218.19,5229.09,5216.09,5234.18,-15.99,-0.3055,0.25,333136.0
SPX,20240326,5228.85,5203.58,5235.16,5203.42,5218.19,-14.61,-0.28,0.61,387179.0
SPX,20240327,5226.31,5248.49,5249.26,5213.92,5203.58,44.91,0.8631,0.68,385050.0
SPX,20240328,5248.03,5254.35,5264.85,5245.82,5248.49,5.86,0.1117,0.36,399827.0
SPX,20240401,5257.97,5243.77,5263.95,5229.2,5254.35,-10.58,-0.2014,0.66,332593.0
SPX,20240402,5204.29,5205.81,5208.34,5184.05,5243.77,-37.96,-0.7239,0.46,388659.0
SPX,20240403,5194.37,5211.49,5228.75,5194.37,5205.81,5.68,0.1091,0.66,370325.0
SPX,20240404,5244.05,5147.21,5256.59,5146.06,5211.49,-64.28,-1.2334,2.12,253397.7
SPX,20240405,5158.95,5204.34,5222.18,5157.21,5147.21,57.13,1.1099,1.26,338678.0
SPX,20240408,5211.37,5202.39,5219.57,5197.35,5204.34,-1.95,-0.0375,0.43,327818.0
SPX,20240409,5217.03,5209.91,5224.81,5160.78,5202.39,7.52,0.1445,1.23,340068.0
SPX,20240410,5167.88,5160.64,5178.43,5138.7,5209.91,-49.27,-0.9457,0.76,227085.6
SPX,20240411,5172.95,5199.06,5211.78,5138.77,5160.64,38.42,0.7445,1.41,350938.0
SPX,20240412,5171.51,5123.41,5175.03,5107.94,5199.06,-75.65,-1.4551,1.29,396322.0
SPX,20240415,5149.67,5061.82,5168.43,5052.47,5123.41,-61.59,-1.2021,2.26,395021.0
SPX,20240416,5064.59,5051.41,5079.84,5039.83,5061.82,-10.41,-0.2057,0.79,400620.0
SPX,20240417,5068.97,5022.21,5077.96,5007.25,5051.41,-29.2,-0.5781,1.4,359613.0
SPX,20240418,5031.52,5011.12,5056.66,5001.89,5022.21,-11.09,-0.2208,1.09,361976.0
SPX,20240419,5005.44,4967.23,5019.02,4953.56,5011.12,-43.89,-0.8759,1.31,387875.0
SPX,20240422,4987.33,5010.6,5038.84,4969.4,4967.23,43.37,0.8731,1.4,382025.0
SPX,20240423,5028.85,5070.55,5076.12,5027.96,5010.6,59.95,1.1965,0.96,375140.0
SPX,20240424,5084.86,5071.63,5089.48,5047.02,5070.55,1.08,0.0213,0.84,365674.0
SPX,20240425,5019.88,5048.42,5057.75,4990.58,5071.63,-23.21,-0.4576,1.32,395805.0
SPX,20240426,5084.65,5099.96,5114.62,5073.14,5048.42,51.54,1.0209,0.82,360414.0
SPX,20240429,5114.13,5116.17,5123.49,5088.65,5099.96,16.21,0.3178,0.68,344745.0
SPX,20240430,5103.78,5035.69,5110.83,5035.31,5116.17,-80.48,-1.5731,1.48,408247.0
SPX,20240501,5029.03,5018.39,5096.12,5013.45,5035.69,-17.3,-0.3435,1.64,286348.5
SPX,20240502,5049.32,5064.2,5073.21,5011.05,5018.39,45.81,0.9128,1.24,254152.9
SPX,20240503,5122.78,5127.79,5139.12,5101.22,5064.2,63.59,1.2557,0.75,239604.6
SPX,20240506,5142.42,5180.74,5181.0,5142.42,5127.79,52.95,1.0326,0.75,217433.2
SPX,20240507,5187.2,5187.7,5200.23,5178.96,5180.74,6.96,0.1343,0.41,227579.6
SPX,20240508,5168.98,5187.67,5191.95,5165.86,5187.7,-0.03,-0.0006,0.5,209102.2
SPX,20240509,5189.03,5214.08,5215.3,5180.41,5187.67,26.41,0.5091,0.67,197215.4
SPX,20240510,5225.49,5222.68,5239.66,5209.68,5214.08,8.6,0.1649,0.57,361790.0
SPX,20240513,5233.08,5221.42,5237.26,5211.16,5222.68,-1.26,-0.0241,0.5,425571.0
SPX,20240514,5221.1,5246.68,5250.37,5217.98,5221.42,25.26,0.4838,0.62,476358.0
SPX,20240515,5263.26,5308.15,5311.76,5263.26,5246.68,61.47,1.1716,0.92,436081.0
SPX,20240516,5310.07,5297.1,5325.49,5296.19,5308.15,-11.05,-0.2082,0.55,381747.0
SPX,20240517,5303.1,5303.27,5305.45,5283.59,5297.1,6.17,0.1165,0.41,357812.0
SPX,20240520,5305.35,5308.13,5325.32,5302.4,5303.27,4.86,0.0916,0.43,342010.0
SPX,20240521,5298.69,5321.41,5324.32,5297.87,5308.13,13.28,0.2502,0.5,366224.0
SPX,20240522,5319.28,5307.01,5323.18,5286.01,5321.41,-14.4,-0.2706,0.7,207943.7
SPX,20240523,5340.26,5267.84,5341.88,5256.93,5307.01,-39.17,-0.7381,1.6,386952.0
SPX,20240524,5281.45,5304.72,5311.65,5278.39,5267.84,36.88,0.7001,0.63,300551.0
SPX,20240528,5315.91,5306.04,5315.91,5280.89,5304.72,1.32,0.0249,0.66,375154.0
SPX,20240529,5265.55,5266.95,5282.27,5262.7,5306.04,-39.09,-0.7367,0.37,355275.0
SPX,20240530,5259.77,5235.48,5260.21,5222.1,5266.95,-31.47,-0.5975,0.72,381875.0
SPX,20240531,5243.21,5277.51,5280.33,5191.68,5235.48,42.03,0.8028,1.69,543716.0
SPX,20240603,5297.15,5283.4,5302.11,5234.32,5277.51,5.89,0.1116,1.28,230296.4
SPX,20240604,5278.24,5291.34,5298.8,5257.63,5283.4,7.94,0.1503,0.78,211509.3
SPX,20240605,5314.48,5354.03,5354.16,5297.64,5291.34,62.69,1.1848,1.07,214626.2
SPX,20240606,5357.8,5352.96,5362.35,5335.36,5354.03,-1.07,-0.02,0.5,201087.8
SPX,20240607,5343.81,5346.99,5375.08,5331.33,5352.96,-5.97,-0.1115,0.82,180904.1
SPX,20240610,5341.22,5360.79,5365.79,5331.52,5346.99,13.8,0.2581,0.64,242986.5
SPX,20240611,5353.0,5375.32,5375.95,5327.25,5360.79,14.53,0.271,0.91,234846.5
SPX,20240612,5409.13,5421.03,5447.25,5409.13,5375.32,45.71,0.8504,0.71,396284.0
SPX,20240613,5441.93,5433.74,5441.93,5402.51,5421.03,12.71,0.2345,0.73,353038.0
SPX,20240614,5424.08,5431.6,5432.39,5403.75,5433.74,-2.14,-0.0394,0.53,220940.7
SPX,20240617,5431.11,5473.23,5488.5,5420.4,5431.6,41.63,0.7664,1.25,344784.0
SPX,20240618,5476.15,5487.03,5490.38,5471.32,5473.23,13.8,0.2521,0.35,354433.0
SPX,20240620,5499.99,5473.17,5505.53,5455.56,5487.03,-13.86,-0.2526,0.91,384706.0
SPX,20240621,5466.77,5464.62,5478.31,5452.03,5473.17,-8.55,-0.1562,0.48,677380.0
SPX,20240624,5459.58,5447.87,5490.66,5447.59,5464.62,-16.75,-0.3065,0.79,369675.0
SPX,20240625,5460.73,5469.3,5472.88,5446.56,5447.87,21.43,0.3934,0.48,359196.0
SPX,20240626,5460.71,5477.9,5483.14,5451.87,5469.3,8.6,0.1572,0.57,356392.0
SPX,20240627,5473.59,5482.87,5490.81,5467.54,5477.9,4.97,0.0907,0.42,358953.0
SPX,20240628,5488.48,5460.48,5523.64,5451.12,5482.87,-22.39,-0.4084,1.32,719922.0
SPX,20240701,5471.08,5475.09,5479.55,5446.53,5460.48,14.61,0.2676,0.6,235676.8
SPX,20240702,5461.84,5509.01,5509.69,5458.43,5475.09,33.92,0.6195,0.94,226463.7
SPX,20240703,5507.44,5537.02,5539.27,5507.42,5509.01,28.01,0.5084,0.58,154936.7
SPX,20240705,5537.91,5567.19,5570.33,5531.63,5537.02,30.17,0.5449,0.7,225107.6
SPX,20240708,5572.75,5572.85,5583.11,5562.51,5567.19,5.66,0.1017,0.37,235153.8
SPX,20240709,5584.24,5576.98,5590.75,5574.57,5572.85,4.13,0.0741,0.29,241030.4
SPX,20240710,5591.26,5633.91,5635.39,5586.44,5576.98,56.93,1.0208,0.88,333610.0
SPX,20240711,5635.21,5584.54,5642.45,5576.53,5633.91,-49.37,-0.8763,1.17,402095.0
SPX,20240712,5590.76,5615.35,5655.56,5590.44,5584.54,30.81,0.5517,1.17,370028.0
SPX,20240715,5638.16,5631.22,5666.94,5614.75,5615.35,15.87,0.2826,0.93,241395.2
SPX,20240716,5644.09,5667.2,5669.67,5639.02,5631.22,35.98,0.6389,0.54,404176.0
SPX,20240717,5610.07,5588.27,5622.49,5584.81,5667.2,-78.93,-1.3928,0.66,310179.8
SPX,20240718,5608.56,5544.59,5614.05,5522.81,5588.27,-43.68,-0.7816,1.63,400751.0
SPX,20240719,5543.37,5505.0,5557.5,5497.04,5544.59,-39.59,-0.714,1.09,376057.0
SPX,20240722,5544.54,5564.41,5570.36,5529.04,5505.0,59.41,1.0792,0.75,337518.0
SPX,20240723,5565.3,5555.74,5585.34,5550.9,5564.41,-8.67,-0.1558,0.62,350021.0
SPX,20240724,5505.84,5427.13,5508.04,5419.98,5555.74,-128.61,-2.3149,1.59,394555.0
SPX,20240725,5428.7,5399.22,5491.59,5390.95,5427.13,-27.91,-0.5143,1.85,459212.0
SPX,20240726,5433.67,5459.1,5488.32,5430.7,5399.22,59.88,1.109,1.07,363877.0
SPX,20240729,5476.55,5463.54,5487.74,5444.44,5459.1,4.44,0.0813,0.79,337997.0
SPX,20240730,5478.73,5436.44,5489.46,5401.7,5463.54,-27.1,-0.496,1.61,377774.0
SPX,20240731,5505.59,5522.3,5551.51,5493.75,5436.44,85.86,1.5793,1.06,454691.0
SPX,20240801,5537.84,5446.68,5566.16,5410.42,5522.3,-75.62,-1.3694,2.82,341890.4
SPX,20240802,5376.63,5346.56,5383.89,5302.03,5446.68,-100.12,-1.8382,1.5,397870.3
SPX,20240805,5151.14,5186.33,5250.89,5119.26,5346.56,-160.23,-2.9969,2.46,398039.0
SPX,20240806,5206.42,5240.03,5312.34,5193.56,5186.33,53.7,1.0354,2.29,315138.9
SPX,20240807,5293.13,5199.5,5330.64,5195.54,5240.03,-40.53,-0.7735,2.58,294185.3
SPX,20240808,5252.57,5319.31,5328.03,5233.85,5199.5,119.81,2.3043,1.81,267807.6
SPX,20240809,5314.66,5344.16,5358.67,5300.84,5319.31,24.85,0.4672,1.09,351640.0
SPX,20240812,5351.88,5344.39,5371.2,5324.37,5344.16,0.23,0.0043,0.88,336016.0
SPX,20240813,5376.98,5434.43,5436.5,5376.98,5344.39,90.04,1.6848,1.11,364898.0
SPX,20240814,5442.36,5455.21,5463.22,5415.91,5434.43,20.78,0.3824,0.87,338005.0
SPX,20240815,5501.13,5543.22,5546.23,5501.13,5455.21,88.01,1.6133,0.83,372331.0
SPX,20240816,5530.5,5554.25,5561.98,5525.17,5543.22,11.03,0.199,0.66,335769.0
SPX,20240819,5557.23,5608.25,5608.3,5550.74,5554.25,54.0,0.9722,1.04,322205.0
SPX,20240820,5602.88,5597.12,5620.51,5585.5,5608.25,-11.13,-0.1985,0.62,299442.0
SPX,20240821,5603.09,5620.85,5632.68,5591.57,5597.12,23.73,0.424,0.73,311967.0
SPX,20240822,5637.77,5570.64,5643.22,5560.95,5620.85,-50.21,-0.8933,1.46,298153.0
SPX,20240823,5602.49,5634.61,5641.82,5585.16,5570.64,63.97,1.1483,1.02,329194.0
SPX,20240826,5639.66,5616.84,5651.62,5602.34,5634.61,-17.77,-0.3154,0.87,293857.0
SPX,20240827,5602.89,5625.8,5631.18,5593.48,5616.84,8.96,0.1595,0.67,279899.0
SPX,20240828,5624.51,5592.18,5627.03,5560.95,5625.8,-33.62,-0.5976,1.17,305345.0
SPX,20240829,5607.3,5591.96,5646.95,5583.71,5592.18,-0.22,-0.0039,1.13,306564.0
SPX,20240830,5612.74,5648.4,5651.37,5581.79,5591.96,56.44,1.0093,1.24,418585.0
SPX,20240903,5623.89,5528.93,5623.89,5504.33,5648.4,-119.47,-2.1151,2.12,386635.0
SPX,20240904,5506.68,5520.07,5552.99,5503.66,5528.93,-8.86,-0.1602,0.89,347814.0
SPX,20240905,5520.08,5503.41,5546.3,5480.54,5520.07,-16.66,-0.3018,1.19,352165.0
SPX,20240906,5507.33,5408.42,5522.47,5402.62,5503.41,-94.99,-1.726,2.18,382280.0
SPX,20240909,5442.07,5471.05,5484.2,5434.49,5408.42,62.63,1.158,0.92,382594.0
SPX,20240910,5490.51,5495.52,5497.91,5441.72,5471.05,24.47,0.4473,1.03,384818.0
SPX,20240911,5490.51,5554.13,5560.41,5406.96,5495.52,58.61,1.0665,2.79,383945.0
SPX,20240912,5557.48,5595.76,5600.71,5535.5,5554.13,41.63,0.7495,1.17,365507.0
SPX,20240913,5603.34,5626.02,5636.27,5601.65,5595.76,30.26,0.5408,0.62,350079.0
SPX,20240916,5615.21,5633.09,5636.05,5604.53,5626.02,7.07,0.1257,0.56,343707.0
SPX,20240917,5655.51,5634.58,5670.81,5614.05,5633.09,1.49,0.0265,1.01,344360.0
SPX,20240918,5641.68,5618.26,5689.75,5615.08,5634.58,-16.32,-0.2896,1.33,369139.0
SPX,20240919,5702.63,5713.64,5733.57,5686.42,5618.26,95.38,1.6977,0.84,402453.0
SPX,20240920,5709.64,5702.55,5715.14,5674.49,5713.64,-11.09,-0.1941,0.71,786726.0
SPX,20240923,5711.9,5718.57,5725.36,5704.22,5702.55,16.02,0.2809,0.37,352955.0
SPX,20240924,5727.66,5732.93,5735.32,5698.99,5718.57,14.36,0.2511,0.64,387271.0
SPX,20240925,5733.65,5722.26,5741.03,5712.06,5732.93,-10.67,-0.1861,0.51,362491.0
SPX,20240926,5762.22,5745.37,5767.37,5721.01,5722.26,23.11,0.4039,0.81,439118.0
SPX,20240927,5755.36,5738.17,5763.78,5727.34,5745.37,-7.2,-0.1253,0.63,389853.0
SPX,20240930,5726.52,5762.48,5765.14,5703.53,5738.17,24.31,0.4237,1.07,442573.0
SPX,20241001,5757.73,5708.75,5757.73,5681.28,5762.48,-53.73,-0.9324,1.33,402518.0
SPX,20241002,5698.14,5709.54,5719.63,5674.0,5708.75,0.79,0.0138,0.8,382905.0
SPX,20241003,5698.19,5699.94,5718.78,5677.37,5709.54,-9.6,-0.1681,0.73,359745.0
SPX,20241004,5737.48,5751.07,5753.21,5702.83,5699.94,51.13,0.897,0.88,347940.0
SPX,20241007,5737.8,5695.94,5739.34,5686.85,5751.07,-55.13,-0.9586,0.91,363779.0
SPX,20241008,5719.14,5751.13,5757.6,5714.56,5695.94,55.19,0.9689,0.76,339340.0
SPX,20241009,5751.8,5792.04,5796.8,5745.02,5751.13,40.91,0.7113,0.9,365034.0
SPX,20241010,5778.36,5780.05,5795.03,5764.76,5792.04,-11.99,-0.207,0.52,320879.0
SPX,20241011,5775.09,5815.03,5822.13,5775.09,5780.05,34.98,0.6052,0.81,320872.0
SPX,20241014,5829.81,5859.85,5871.41,5829.57,5815.03,44.82,0.7708,0.72,300525.0
SPX,20241015,5866.74,5815.26,5870.36,5804.48,5859.85,-44.59,-0.7609,1.12,388212.0
SPX,20241016,5816.58,5842.47,5846.52,5808.34,5815.26,27.21,0.4679,0.66,346723.0
SPX,20241017,5875.62,5841.47,5878.46,5840.25,5842.47,-1.0,-0.0171,0.65,348001.0
SPX,20241018,5859.43,5864.67,5872.17,5846.11,5841.47,23.2,0.3972,0.45,337449.0
SPX,20241021,5857.82,5853.98,5866.92,5824.79,5864.67,-10.69,-0.1823,0.72,340701.0
SPX,20241022,5832.7,5851.2,5863.04,5821.17,5853.98,-2.78,-0.0475,0.72,334208.0
SPX,20241023,5834.5,5797.42,5834.85,5762.41,5851.2,-53.78,-0.9191,1.24,353265.0
SPX,20241024,5817.8,5809.86,5817.8,5784.92,5797.42,12.44,0.2146,0.57,354303.0
SPX,20241025,5826.75,5808.12,5862.82,5799.98,5809.86,-1.74,-0.0299,1.08,350128.0
SPX,20241028,5833.93,5823.52,5842.92,5823.08,5808.12,15.4,0.2651,0.34,369128.0
SPX,20241029,5819.68,5832.92,5847.19,5802.17,5823.52,9.4,0.1614,0.77,387910.0
SPX,20241030,5832.65,5813.67,5850.94,5811.28,5832.92,-19.25,-0.33,0.68,385112.0
SPX,20241031,5775.34,5705.45,5775.34,5702.86,5813.67,-108.22,-1.8615,1.25,442566.0
SPX,20241101,5723.22,5728.8,5772.52,5723.22,5705.45,23.35,0.4093,0.86,379645.0
SPX,20241104,5725.15,5712.69,5741.43,5696.51,5728.8,-16.11,-0.2812,0.78,360206.0
SPX,20241105,5722.43,5782.76,5783.44,5722.1,5712.69,70.07,1.2266,1.07,376831.0
SPX,20241106,5864.89,5929.04,5936.14,5864.89,5782.76,146.28,2.5296,1.23,632953.0
SPX,20241107,5947.21,5973.1,5983.84,5947.21,5929.04,44.06,0.7431,0.62,492574.0
SPX,20241108,5976.76,5995.54,6012.45,5976.76,5973.1,22.44,0.3757,0.6,466674.0
SPX,20241111,6008.86,6001.35,6017.31,5986.69,5995.54,5.81,0.0969,0.51,433300.0
SPX,20241112,6003.6,5983.99,6009.92,5960.08,6001.35,-17.36,-0.2893,0.83,424340.0
SPX,20241113,5985.75,5985.38,6008.19,5965.91,5983.99,1.39,0.0232,0.71,422018.0
SPX,20241114,5989.68,5949.17,5993.88,5942.28,5985.38,-36.21,-0.605,0.86,418457.0
SPX,20241115,5912.79,5870.62,5915.32,5853.01,5949.17,-78.55,-1.3204,1.05,459096.0
SPX,20241118,5874.17,5893.62,5908.12,5865.95,5870.62,23.0,0.3918,0.72,398386.0
SPX,20241119,5870.05,5916.98,5923.51,5855.29,5893.62,23.36,0.3964,1.16,403694.0
SPX,20241120,5914.34,5917.11,5920.67,5860.56,5916.98,0.13,0.0022,1.02,377262.0
SPX,20241121,5940.58,5948.71,5963.32,5887.26,5917.11,31.6,0.534,1.29,423012.0
SPX,20241122,5944.36,5969.34,5972.9,5944.36,5948.71,20.63,0.3468,0.48,414142.0
SPX,20241125,5992.28,5987.37,6020.75,5963.91,5969.34,18.03,0.302,0.95,563315.0
SPX,20241126,6000.03,6021.63,6025.42,5992.27,5987.37,34.26,0.5722,0.55,383517.0
SPX,20241127,6014.11,5998.74,6020.16,5984.87,6021.63,-22.89,-0.3801,0.59,336334.0
SPX,20241129,6003.98,6032.38,6044.17,6003.98,5998.74,33.64,0.5608,0.67,244442.0
SPX,20241202,6040.11,6047.15,6053.58,6035.33,6032.38,14.77,0.2448,0.3,441247.0
SPX,20241203,6042.97,6049.88,6052.07,6033.39,6047.15,2.73,0.0451,0.31,409500.0
SPX,20241204,6069.39,6086.49,6089.84,6061.06,6049.88,36.61,0.6051,0.48,400339.0
SPX,20241205,6089.03,6075.11,6094.55,6072.9,6086.49,-11.38,-0.187,0.36,421202.0
SPX,20241206,6081.38,6090.27,6099.97,6079.98,6075.11,15.16,0.2495,0.33,392483.0
SPX,20241209,6083.01,6052.85,6088.51,6048.63,6090.27,-37.42,-0.6144,0.65,455646.0
SPX,20241210,6057.59,6034.91,6065.4,6029.89,6052.85,-17.94,-0.2964,0.59,404841.0
SPX,20241211,6060.15,6084.19,6092.59,6060.15,6034.91,49.28,0.8166,0.54,426995.0
SPX,20241212,6074.29,6051.25,6079.68,6051.25,6084.19,-32.94,-0.5414,0.47,367801.0
SPX,20241213,6068.17,6051.09,6078.58,6035.77,6051.25,-0.16,-0.0026,0.71,358496.0
SPX,20241216,6063.79,6074.08,6085.19,6059.14,6051.09,22.99,0.3799,0.43,439110.0
SPX,20241217,6052.55,6050.61,6057.68,6035.19,6074.08,-23.47,-0.3864,0.37,454450.0
SPX,20241218,6047.65,5872.16,6070.67,5867.79,6050.61,-178.45,-2.9493,3.35,524696.0
SPX,20241219,5912.71,5867.08,5935.52,5866.07,5872.16,-5.08,-0.0865,1.18,489688.0
SPX,20241220,5842.0,5930.85,5982.06,5832.3,5867.08,63.77,1.0869,2.55,822322.0
SPX,20241223,5940.25,5974.07,5978.25,5902.57,5930.85,43.22,0.7287,1.28,359328.0
SPX,20241224,5984.63,6040.04,6040.1,5981.44,5974.07,65.97,1.1043,0.98,175772.0
SPX,20241226,6024.97,6037.59,6049.75,6007.37,6040.04,-2.45,-0.0406,0.7,290453.0
SPX,20241227,6006.17,5970.84,6006.17,5932.95,6037.59,-66.75,-1.1056,1.21,315961.0
SPX,20241230,5920.67,5906.94,5940.79,5869.16,5970.84,-63.9,-1.0702,1.2,343325.0
SPX,20241231,5919.74,5881.63,5929.74,5868.86,5906.94,-25.31,-0.4285,1.03,312835.0
SPX,20250102,5903.26,5868.55,5935.09,5829.53,5881.63,-13.08,-0.2224,1.79,362168.0
SPX,20250103,5891.07,5942.47,5949.34,5888.66,5868.55,73.92,1.2596,1.03,366734.0
SPX,20250106,5982.81,5975.38,6021.04,5960.01,5942.47,32.91,0.5538,1.03,494012.0
SPX,20250107,5993.26,5909.03,6000.68,5890.68,5975.38,-66.35,-1.1104,1.84,451733.0
SPX,20250108,5910.66,5918.25,5927.89,5874.78,5909.03,9.22,0.156,0.9,444174.0
SPX,20250110,5890.35,5827.04,5890.35,5807.78,5918.25,-91.21,-1.5412,1.4,475193.0
SPX,20250113,5782.02,5836.22,5838.61,5773.31,5827.04,9.18,0.1575,1.12,442120.0
SPX,20250114,5859.27,5842.91,5871.92,5805.42,5836.22,6.69,0.1146,1.14,414228.0
SPX,20250115,5905.21,5949.91,5960.61,5905.21,5842.91,107.0,1.8313,0.95,454457.0
SPX,20250116,5963.61,5937.34,5964.69,5930.72,5949.91,-12.57,-0.2113,0.57,428581.0
SPX,20250117,5995.4,5996.66,6014.96,5978.44,5937.34,59.32,0.9991,0.62,436683.0
SPX,20250121,6014.12,6049.24,6051.51,6006.88,5996.66,52.58,0.8768,0.74,470292.0
SPX,20250122,6081.39,6086.37,6100.81,6076.13,6049.24,37.13,0.6138,0.41,432304.0
SPX,20250123,6076.32,6118.71,6118.73,6074.67,6086.37,32.34,0.5314,0.72,443225.0
SPX,20250124,6121.43,6101.24,6128.18,6088.74,6118.71,-17.47,-0.2855,0.64,421425.0
SPX,20250127,5969.04,6012.28,6017.17,5962.92,6101.24,-88.96,-1.4581,0.89,519875.0
SPX,20250128,6026.97,6067.7,6074.54,5994.63,6012.28,55.42,0.9218,1.33,447364.0
SPX,20250129,6057.7,6039.31,6062.83,6012.96,6067.7,-28.39,-0.4679,0.82,411531.0
SPX,20250130,6050.75,6071.17,6086.64,6027.46,6039.31,31.86,0.5275,0.98,463462.0
SPX,20250131,6096.79,6040.53,6120.91,6030.93,6071.17,-30.64,-0.5047,1.48,484377.0
SPX,20250203,5969.65,5994.57,6022.13,5923.93,6040.53,-45.96,-0.7609,1.63,479721.0
SPX,20250204,5998.14,6037.88,6042.48,5990.87,5994.57,43.31,0.7225,0.86,441016.0
SPX,20250205,6020.45,6061.48,6062.86,6007.06,6037.88,23.6,0.3909,0.92,475625.0
SPX,20250206,6072.22,6083.57,6084.03,6046.83,6061.48,22.09,0.3644,0.61,484712.0
SPX,20250207,6083.13,6025.99,6101.28,6019.96,6083.57,-57.58,-0.9465,1.34,476690.0
SPX,20250210,6046.4,6066.44,6073.38,6044.84,6025.99,40.45,0.6713,0.47,445876.0
SPX,20250211,6049.32,6068.5,6076.28,6042.34,6066.44,2.06,0.034,0.56,432488.0
SPX,20250212,6025.08,6051.97,6063.0,6003.0,6068.5,-16.53,-0.2724,0.99,462796.0
SPX,20250213,6060.59,6115.07,6116.91,6050.95,6051.97,63.1,1.0426,1.09,476380.0
SPX,20250214,6115.52,6114.63,6127.47,6107.62,6115.07,-0.44,-0.0072,0.32,433519.0
SPX,20250218,6121.6,6129.58,6129.63,6099.51,6114.63,14.95,0.2445,0.49,468498.0
SPX,20250219,6117.76,6144.15,6147.43,6111.15,6129.58,14.57,0.2377,0.59,456233.0
SPX,20250220,6134.5,6117.52,6134.5,6084.59,6144.15,-26.63,-0.4334,0.81,481369.0
SPX,20250221,6114.1,6013.13,6114.82,6008.56,6117.52,-104.39,-1.7064,1.74,543456.0
SPX,20250224,6026.69,5983.25,6043.65,5977.83,6013.13,-29.88,-0.4969,1.09,499012.0
SPX,20250225,5982.73,5955.25,5992.65,5908.49,5983.25,-28.0,-0.468,1.41,537469.0
SPX,20250226,5970.87,5956.06,6009.82,5932.69,5955.25,0.81,0.0136,1.3,486958.0
SPX,20250227,5981.88,5861.57,5993.69,5858.78,5956.06,-94.49,-1.5865,2.27,505768.0
SPX,20250228,5856.74,5954.5,5959.4,5837.66,5861.57,92.93,1.5854,2.08,644114.0
SPX,20250303,5968.33,5849.72,5986.09,5810.91,5954.5,-104.78,-1.7597,2.94,561385.0
SPX,20250304,5811.98,5778.15,5865.08,5732.59,5849.72,-71.57,-1.2235,2.26,613811.0
SPX,20250305,5781.36,5842.63,5860.59,5742.35,5778.15,64.48,1.1159,2.05,528597.0
SPX,20250306,5785.87,5738.52,5812.08,5711.64,5842.63,-104.11,-1.7819,1.72,516508.0
SPX,20250307,5726.01,5770.2,5783.01,5666.29,5738.52,31.68,0.5521,2.03,570514.0
SPX,20250310,5705.37,5614.56,5705.37,5564.02,5770.2,-155.64,-2.6973,2.45,640937.0
SPX,20250311,5603.65,5572.07,5636.3,5528.41,5614.56,-42.49,-0.7568,1.92,622124.0
SPX,20250312,5624.84,5599.3,5642.19,5546.09,5572.07,27.23,0.4887,1.72,521983.0
SPX,20250313,5594.45,5521.52,5597.78,5504.65,5599.3,-77.78,-1.3891,1.66,501898.0
SPX,20250314,5563.85,5638.94,5645.27,5563.85,5521.52,117.42,2.1266,1.47,486318.0
SPX,20250317,5635.6,5675.12,5703.52,5631.12,5638.94,36.18,0.6416,1.28,503177.0
SPX,20250318,5654.53,5614.66,5654.53,5597.76,5675.12,-60.46,-1.0654,1.0,466627.0
SPX,20250319,5632.37,5675.29,5715.33,5622.2,5614.66,60.63,1.0799,1.66,466009.0
SPX,20250320,5646.92,5662.89,5711.15,5632.33,5675.29,-12.4,-0.2185,1.39,467842.0
SPX,20250321,5630.73,5667.56,5670.84,5603.1,5662.89,4.67,0.0825,1.2,936746.0
SPX,20250324,5718.08,5767.57,5775.14,5718.08,5667.56,100.01,1.7646,1.01,451799.0
SPX,20250325,5775.96,5776.65,5786.95,5760.42,5767.57,9.08,0.1574,0.46,446734.0
SPX,20250326,5771.66,5712.2,5783.62,5694.41,5776.65,-64.45,-1.1157,1.54,418314.0
SPX,20250327,5695.64,5693.31,5732.28,5670.94,5712.2,-18.89,-0.3307,1.07,440346.0
SPX,20250328,5679.2,5580.94,5685.89,5572.42,5693.31,-112.37,-1.9737,1.99,451333.0
SPX,20250331,5527.91,5611.85,5627.56,5488.73,5580.94,30.91,0.5538,2.49,525725.0
SPX,20250401,5597.53,5633.07,5650.57,5558.52,5611.85,21.22,0.3781,1.64,443450.0
SPX,20250402,5580.76,5670.97,5695.31,5571.48,5633.07,37.9,0.6728,2.2,424383.0
SPX,20250403,5492.74,5396.52,5499.53,5390.83,5670.97,-274.45,-4.8396,1.92,721047.0
SPX,20250404,5292.14,5074.08,5292.14,5069.9,5396.52,-322.44,-5.975,4.12,885350.0
SPX,20250407,4953.79,5062.25,5246.57,4835.04,5074.08,-11.83,-0.2331,8.11,869198.0
SPX,20250408,5193.57,4982.77,5267.47,4910.42,5062.25,-79.48,-1.5701,7.05,740814.0
SPX,20250409,4965.28,5456.9,5481.34,4948.43,4982.77,474.13,9.5154,10.7,948960.0
SPX,20250410,5353.15,5268.05,5353.15,5115.27,5456.9,-188.85,-3.4608,4.36,667714.0
SPX,20250411,5255.56,5363.36,5381.46,5220.77,5268.05,95.31,1.8092,3.05,560255.0
SPX,20250414,5441.96,5405.97,5459.46,5358.02,5363.36,42.61,0.7945,1.89,503144.0
SPX,20250415,5411.99,5396.63,5450.41,5386.44,5405.97,-9.34,-0.1728,1.18,431711.0
SPX,20250416,5335.75,5275.7,5367.24,5220.79,5396.63,-120.93,-2.2408,2.71,460775.0
SPX,20250417,5305.45,5282.7,5328.31,5255.58,5275.7,7.0,0.1327,1.38,471488.0
SPX,20250421,5232.94,5158.2,5232.94,5101.63,5282.7,-124.5,-2.3567,2.49,422634.0
SPX,20250422,5207.67,5287.76,5309.61,5207.67,5158.2,129.56,2.5117,1.98,466695.0
SPX,20250423,5395.92,5375.86,5469.69,5356.17,5287.76,88.1,1.6661,2.15,537139.0
SPX,20250424,5381.38,5484.77,5489.4,5371.96,5375.86,108.91,2.0259,2.18,469771.0
SPX,20250425,5489.73,5525.21,5528.11,5455.86,5484.77,40.44,0.7373,1.32,423658.0
SPX,20250428,5529.22,5528.75,5553.66,5468.64,5525.21,3.54,0.0641,1.54,425788.0
SPX,20250429,5508.87,5560.83,5571.95,5505.7,5528.75,32.08,0.5802,1.2,474715.0
SPX,20250430,5499.44,5569.06,5581.84,5433.24,5560.83,8.23,0.148,2.67,544949.0
SPX,20250501,5625.14,5604.14,5658.91,5597.35,5569.06,35.08,0.6299,1.11,493527.0
SPX,20250502,5645.88,5686.67,5700.7,5642.28,5604.14,82.53,1.4727,1.04,485438.0
SPX,20250505,5655.32,5650.38,5683.38,5634.48,5686.67,-36.29,-0.6382,0.86,435826.0
SPX,20250506,5605.87,5606.91,5649.58,5586.04,5650.38,-43.47,-0.7693,1.12,471726.0
SPX,20250507,5614.18,5631.28,5654.73,5578.64,5606.91,24.37,0.4346,1.36,498744.0
SPX,20250508,5663.6,5663.94,5720.1,5635.38,5631.28,32.66,0.58,1.5,562740.0
SPX,20250509,5679.65,5659.91,5691.69,5644.15,5663.94,-4.03,-0.0712,0.84,464509.0
SPX,20250512,5807.2,5844.19,5845.37,5786.08,5659.91,184.28,3.2559,1.05,601458.0
SPX,20250513,5854.15,5886.55,5906.64,5845.02,5844.19,42.36,0.7248,1.05,551629.0
SPX,20250514,5896.74,5892.58,5906.55,5872.11,5886.55,6.03,0.1024,0.59,523345.0
SPX,20250515,5869.82,5916.93,5924.21,5865.16,5892.58,24.35,0.4132,1.0,499129.0
SPX,20250516,5929.09,5958.38,5958.62,5907.36,5916.93,41.45,0.7005,0.87,485085.0
SPX,20250519,5902.88,5963.6,5968.61,5895.69,5958.38,5.22,0.0876,1.22,414401.0
SPX,20250520,5944.66,5940.46,5953.06,5909.26,5963.6,-23.14,-0.388,0.73,441685.0
SPX,20250521,5910.18,5844.61,5938.37,5830.91,5940.46,-95.85,-1.6135,1.81,525425.0
SPX,20250522,5841.26,5842.01,5878.08,5825.82,5844.61,-2.6,-0.0445,0.89,515705.0
SPX,20250523,5781.89,5802.82,5829.51,5767.41,5842.01,-39.19,-0.6708,1.06,466282.0
SPX,20250527,5854.07,5921.54,5924.33,5854.07,5802.82,118.72,2.0459,1.21,536638.0
SPX,20250528,5925.54,5888.55,5939.92,5881.88,5921.54,-32.99,-0.5571,0.98,466505.0
SPX,20250529,5939.96,5912.17,5943.13,5873.8,5888.55,23.62,0.4011,1.18,456975.0
SPX,20250530,5903.67,5911.69,5922.14,5843.66,5912.17,-0.48,-0.0081,1.33,637854.0
SPX,20250602,5896.68,5935.94,5937.4,5861.43,5911.69,24.25,0.4102,1.29,483224.0
SPX,20250603,5938.56,5970.37,5981.35,5929.0,5935.94,34.43,0.58,0.88,502668.0
SPX,20250604,5978.94,5970.81,5990.48,5966.11,5970.37,0.44,0.0074,0.41,476705.0
SPX,20250605,5985.67,5939.3,5999.7,5921.2,5970.81,-31.51,-0.5277,1.31,509185.0
SPX,20250606,5987.06,6000.36,6016.87,5978.63,5939.3,61.06,1.0281,0.64,435571.0
SPX,20250609,6004.63,6005.88,6021.31,5994.18,6000.36,5.52,0.092,0.45,464236.0
SPX,20250610,6009.91,6038.81,6043.01,6000.28,6005.88,32.93,0.5483,0.71,488288.0
SPX,20250611,6049.38,6022.24,6059.4,6002.32,6038.81,-16.57,-0.2744,0.95,511155.0
SPX,20250612,6009.9,6045.26,6045.43,6003.88,6022.24,23.02,0.3823,0.69,466950.0
SPX,20250613,6000.56,5976.97,6026.16,5963.21,6045.26,-68.29,-1.1296,1.04,525891.0
SPX,20250616,6004.0,6033.11,6050.83,6004.0,5976.97,56.14,0.9393,0.78,511171.0
SPX,20250617,6012.15,5982.72,6023.25,5974.8,6033.11,-50.39,-0.8352,0.8,495570.0
SPX,20250618,5987.93,5980.87,6018.25,5971.89,5982.72,-1.85,-0.0309,0.77,510647.0
SPX,20250620,5999.67,5967.84,6018.2,5952.56,5980.87,-13.03,-0.2179,1.1,745150.0
SPX,20250623,5969.67,6025.17,6028.77,5943.23,5967.84,57.33,0.9606,1.43,559700.0
SPX,20250624,6061.21,6092.18,6101.76,6059.25,6025.17,67.01,1.1122,0.71,544369.0
SPX,20250625,6104.23,6092.16,6108.51,6080.09,6092.18,-0.02,-0.0003,0.47,517111.0
SPX,20250626,6112.09,6141.02,6146.52,6107.27,6092.16,48.86,0.802,0.64,530814.0
SPX,20250627,6150.7,6173.07,6187.68,6132.35,6141.02,32.05,0.5219,0.9,788935.0
SPX,20250630,6193.36,6204.95,6215.08,6174.97,6173.07,31.88,0.5164,0.65,578290.0
SPX,20250701,6187.25,6198.01,6210.78,6177.97,6204.95,-6.94,-0.1118,0.53,627531.0
SPX,20250702,6193.88,6227.42,6227.6,6188.29,6198.01,29.41,0.4745,0.63,564571.0
SPX,20250703,6246.46,6279.35,6284.65,6246.46,6227.42,51.93,0.8339,0.61,337811.0
SPX,20250707,6259.04,6229.98,6262.07,6201.0,6279.35,-49.37,-0.7862,0.97,523674.0
SPX,20250708,6234.03,6225.52,6242.7,6217.75,6229.98,-4.46,-0.0716,0.4,573903.0
SPX,20250709,6243.33,6263.26,6269.16,6231.43,6225.52,37.74,0.6062,0.61,481334.0
SPX,20250710,6266.8,6280.46,6290.22,6251.44,6263.26,17.2,0.2746,0.62,536735.0
SPX,20250711,6255.68,6259.75,6269.44,6237.6,6280.46,-20.71,-0.3298,0.51,465621.0
SPX,20250714,6255.15,6268.56,6273.31,6239.22,6259.75,8.81,0.1407,0.54,472225.0
SPX,20250715,6295.29,6243.76,6302.04,6241.68,6268.56,-24.8,-0.3956,0.96,513367.0
SPX,20250716,6254.5,6263.7,6268.12,6201.59,6243.76,19.94,0.3194,1.07,517746.0
SPX,20250717,6263.4,6297.36,6304.69,6262.27,6263.7,33.66,0.5374,0.68,551229.0
SPX,20250718,6312.95,6296.79,6315.61,6285.27,6297.36,-0.57,-0.0091,0.48,518470.0
SPX,20250721,6304.74,6305.6,6336.08,6303.79,6296.79,8.81,0.1399,0.51,501084.0
SPX,20250722,6306.6,6309.62,6316.12,6281.71,6305.6,4.02,0.0638,0.55,566204.0
SPX,20250723,6326.9,6358.91,6360.64,6317.49,6309.62,49.29,0.7812,0.68,564251.0
SPX,20250724,6368.6,6363.35,6381.31,6360.57,6358.91,4.44,0.0698,0.33,528272.0
SPX,20250725,6370.01,6388.64,6395.82,6368.53,6363.35,25.29,0.3974,0.43,447072.0
SPX,20250728,6397.69,6389.77,6401.07,6375.79,6388.64,1.13,0.0177,0.4,456562.0
SPX,20250729,6405.62,6370.86,6409.26,6363.92,6389.77,-18.91,-0.2959,0.71,507612.0
SPX,20250730,6381.23,6362.9,6396.54,6336.38,6370.86,-7.96,-0.1249,0.94,537507.0
SPX,20250731,6427.02,6339.39,6427.02,6327.64,6362.9,-23.51,-0.3695,1.56,607708.0
SPX,20250801,6287.28,6238.01,6287.28,6212.69,6339.39,-101.38,-1.5992,1.18,582715.0
SPX,20250804,6271.71,6329.94,6330.69,6271.71,6238.01,91.93,1.4737,0.95,484258.0
SPX,20250805,6336.63,6299.19,6346.0,6289.37,6329.94,-30.75,-0.4858,0.89,551741.0
SPX,20250806,6309.3,6345.06,6352.83,6301.11,6299.19,45.87,0.7282,0.82,540856.0
SPX,20250807,6374.32,6340.0,6389.71,6310.32,6345.06,-5.06,-0.0797,1.25,530609.0
SPX,20250808,6355.22,6389.45,6395.16,6355.22,6340.0,49.45,0.78,0.63,476991.0
SPX,20250811,6389.67,6373.45,6407.25,6364.06,6389.45,-16.0,-0.2504,0.68,465240.0
SPX,20250812,6395.17,6445.76,6446.55,6385.76,6373.45,72.31,1.1346,0.95,513530.0
SPX,20250813,6462.67,6466.58,6480.28,6445.02,6445.76,20.82,0.323,0.55,519595.0
SPX,20250814,6453.46,6468.54,6473.92,6441.07,6466.58,1.96,0.0303,0.51,446205.0
SPX,20250815,6477.38,6449.8,6481.34,6441.85,6468.54,-18.74,-0.2897,0.61,457506.0
SPX,20250818,6445.02,6449.15,6455.35,6437.7,6449.8,-0.65,-0.0101,0.27,416229.0
SPX,20250819,6446.24,6411.37,6456.48,6400.22,6449.15,-37.78,-0.5858,0.87,437744.0
SPX,20250820,6406.62,6395.78,6408.4,6344.14,6411.37,-15.59,-0.2432,1.0,447039.0
SPX,20250821,6380.83,6370.17,6393.65,6352.71,6395.78,-25.61,-0.4004,0.64,401356.0
SPX,20250822,6384.59,6466.91,6478.89,6384.59,6370.17,96.74,1.5186,1.48,504686.0
SPX,20250825,6457.67,6439.32,6466.89,6438.06,6466.91,-27.59,-0.4266,0.45,405907.0
SPX,20250826,6435.49,6465.94,6468.37,6429.21,6439.32,26.62,0.4134,0.61,486768.0
SPX,20250827,6462.26,6481.4,6487.06,6457.84,6465.94,15.46,0.2391,0.45,414368.0
SPX,20250828,6483.84,6501.86,6508.23,6466.96,6481.4,20.46,0.3157,0.64,428376.0
SPX,20250829,6489.28,6460.26,6491.76,6444.57,6501.86,-41.6,-0.6398,0.73,423484.0
SPX,20250902,6401.51,6415.54,6416.54,6360.58,6460.26,-44.72,-0.6922,0.87,478400.0
SPX,20250903,6445.82,6448.26,6453.67,6416.17,6415.54,32.72,0.51,0.58,446536.0
SPX,20250904,6456.6,6502.08,6502.54,6445.98,6448.26,53.82,0.8346,0.88,467077.0
SPX,20250905,6529.08,6481.5,6532.65,6443.98,6502.08,-20.58,-0.3165,1.36,506612.0
SPX,20250908,6498.09,6495.15,6508.67,6483.29,6481.5,13.65,0.2106,0.39,521150.0
SPX,20250909,6503.33,6512.61,6518.23,6483.08,6495.15,17.46,0.2688,0.54,479835.0
SPX,20250910,6550.29,6532.04,6555.97,6516.34,6512.61,19.43,0.2983,0.61,525301.0
SPX,20250911,6554.41,6587.47,6592.89,6545.8,6532.04,55.43,0.8486,0.72,542646.0
SPX,20250912,6590.66,6584.29,6600.21,6579.49,6587.47,-3.18,-0.0483,0.31,464164.0
SPX,20250915,6603.49,6615.28,6619.62,6602.07,6584.29,30.99,0.4707,0.27,504502.0
SPX,20250916,6624.13,6606.76,6626.99,6600.11,6615.28,-8.52,-0.1288,0.41,535951.0
SPX,20250917,6604.87,6600.35,6624.39,6551.15,6606.76,-6.41,-0.097,1.11,580534.0
SPX,20250918,6626.85,6631.96,6656.8,6611.89,6600.35,31.61,0.4789,0.68,529240.0
SPX,20250919,6647.11,6664.36,6671.82,6630.31,6631.96,32.4,0.4885,0.63,912596.0
SPX,20250922,6654.28,6693.75,6698.88,6648.07,6664.36,29.39,0.441,0.76,564262.0
SPX,20250923,6692.44,6656.92,6699.52,6645.58,6693.75,-36.83,-0.5502,0.81,563362.0
SPX,20250924,6669.79,6637.97,6672.66,6621.76,6656.92,-18.95,-0.2847,0.76,545918.0
SPX,20250925,6608.19,6604.72,6619.0,6569.22,6637.97,-33.25,-0.5009,0.75,587467.0
SPX,20250926,6615.38,6643.7,6648.97,6604.43,6604.72,38.98,0.5902,0.67,510311.0
SPX,20250929,6661.58,6661.21,6677.31,6644.49,6643.7,17.51,0.2636,0.49,535876.0
SPX,20250930,6656.19,6688.46,6691.25,6641.0,6661.21,27.25,0.4091,0.75,605721.0
SPX,20251001,6664.92,6711.2,6718.48,6656.2,6688.46,22.74,0.34,0.93,603795.0
SPX,20251002,6731.31,6715.35,6731.94,6693.23,6711.2,4.15,0.0618,0.58,541613.0
SPX,20251003,6722.14,6715.79,6750.87,6705.67,6715.35,0.44,0.0066,0.67,571311.0
SPX,20251006,6733.86,6740.28,6749.52,6717.78,6715.79,24.49,0.3647,0.47,560446.0
SPX,20251007,6746.14,6714.59,6754.49,6699.96,6740.28,-25.69,-0.3811,0.81,554615.0
SPX,20251008,6723.87,6753.72,6755.64,6718.09,6714.59,39.13,0.5828,0.56,538313.0
SPX,20251009,6760.5,6735.11,6764.58,6716.17,6753.72,-18.61,-0.2756,0.72,538502.0
SPX,20251010,6740.49,6552.51,6762.4,6550.78,6735.11,-182.6,-2.7112,3.14,659661.0
SPX,20251013,6622.53,6654.72,6668.68,6620.71,6552.51,102.21,1.5599,0.73,530396.0
SPX,20251014,6602.49,6644.31,6680.7,6555.07,6654.72,-10.41,-0.1564,1.89,566692.0
SPX,20251015,6688.27,6671.06,6724.12,6612.11,6644.31,26.75,0.4026,1.69,563306.0
SPX,20251016,6689.02,6629.07,6709.34,6593.99,6671.06,-41.99,-0.6294,1.73,604818.0
SPX,20251017,6613.27,6664.01,6678.88,6603.76,6629.07,34.94,0.5271,1.13,535812.0
SPX,20251020,6690.05,6735.13,6744.35,6690.05,6664.01,71.12,1.0672,0.81,467217.0
SPX,20251021,6736.75,6735.35,6752.16,6722.03,6735.13,0.22,0.0033,0.45,524502.0
SPX,20251022,6741.34,6699.4,6741.75,6655.69,6735.35,-35.95,-0.5338,1.28,571001.0
SPX,20251023,6703.65,6738.44,6749.53,6700.14,6699.4,39.04,0.5827,0.74,556575.0
SPX,20251024,6772.07,6791.69,6807.11,6772.07,6738.44,53.25,0.7902,0.52,505822.0
SPX,20251027,6845.46,6875.16,6877.28,6843.94,6791.69,83.47,1.229,0.49,529065.0
SPX,20251028,6897.74,6890.89,6911.3,6870.73,6875.16,15.73,0.2288,0.59,569593.0
SPX,20251029,6910.95,6890.59,6920.34,6851.91,6890.89,-0.3,-0.0044,0.99,628013.0
SPX,20251030,6860.5,6822.34,6880.75,6820.69,6890.59,-68.25,-0.9905,0.87,605270.0
SPX,20251031,6879.17,6840.2,6879.17,6814.26,6822.34,17.86,0.2618,0.95,639828.0
SPX,20251103,6882.32,6851.97,6882.32,6820.62,6840.2,11.77,0.1721,0.9,606572.0
SPX,20251104,6788.52,6771.55,6820.21,6766.71,6851.97,-80.42,-1.1737,0.78,573951.0
SPX,20251105,6769.77,6796.29,6829.78,6763.11,6771.55,24.74,0.3654,0.98,593960.0
SPX,20251106,6787.59,6720.32,6796.68,6707.51,6796.29,-75.97,-1.1178,1.31,605190.0
SPX,20251107,6696.18,6728.8,6730.11,6631.44,6720.32,8.48,0.1262,1.47,592607.0
SPX,20251110,6785.36,6832.43,6840.38,6770.56,6728.8,103.63,1.5401,1.04,536605.0
SPX,20251111,6815.64,6846.61,6855.13,6806.87,6832.43,14.18,0.2075,0.71,498349.0
SPX,20251112,6867.77,6850.92,6869.91,6829.62,6846.61,4.31,0.063,0.59,529361.0
SPX,20251113,6826.47,6737.49,6828.05,6724.81,6850.92,-113.43,-1.6557,1.51,547372.0
SPX,20251114,6672.14,6734.11,6774.31,6646.87,6737.49,-3.38,-0.0502,1.89,504266.0
SPX,20251117,6713.61,6672.41,6754.5,6638.9,6734.11,-61.7,-0.9162,1.72,520422.0
SPX,20251118,6641.19,6617.32,6666.63,6574.32,6672.41,-55.09,-0.8256,1.38,515939.0
SPX,20251119,6625.84,6642.16,6689.75,6603.5,6617.32,24.84,0.3754,1.3,502161.0
SPX,20251120,6737.93,6538.76,6770.35,6534.05,6642.16,-103.4,-1.5567,3.56,559608.0
SPX,20251121,6555.77,6602.99,6660.05,6521.92,6538.76,64.23,0.9823,2.11,592993.0
SPX,20251124,6636.54,6705.12,6712.77,6630.7,6602.99,102.13,1.5467,1.24,603974.0
SPX,20251125,6697.03,6765.88,6776.4,6659.98,6705.12,60.76,0.9062,1.74,500333.0
SPX,20251126,6793.55,6812.61,6831.44,6783.87,6765.88,46.73,0.6907,0.7,448500.0
SPX,20251128,6822.52,6849.09,6850.86,6819.75,6812.61,36.48,0.5355,0.46,255854.0
SPX,20251201,6812.3,6812.63,6843.65,6799.94,6849.09,-36.46,-0.5323,0.64,454937.0
SPX,20251202,6830.96,6829.37,6851.55,6806.71,6812.63,16.74,0.2457,0.66,458229.0
SPX,20251203,6815.29,6849.72,6862.42,6810.43,6829.37,20.35,0.298,0.76,473678.0
SPX,20251204,6866.47,6857.12,6866.47,6827.12,6849.72,7.4,0.108,0.57,487244.0
SPX,20251205,6866.32,6870.4,6895.78,6858.31,6857.12,13.28,0.1937,0.55,494456.0
SPX,20251208,6875.2,6846.51,6878.27,6827.19,6870.4,-23.89,-0.3477,0.74,475713.0
SPX,20251209,6840.61,6840.51,6864.92,6840.17,6846.51,-6.0,-0.0876,0.36,450805.0
SPX,20251210,6833.49,6886.68,6897.52,6824.69,6840.51,46.17,0.675,1.06,552657.0
SPX,20251211,6861.3,6901.0,6903.46,6833.45,6886.68,14.32,0.2079,1.02,502106.0
SPX,20251212,6886.85,6827.41,6899.85,6801.79,6901.0,-73.59,-1.0664,1.42,491016.0
SPX,20251215,6860.19,6816.51,6861.59,6801.49,6827.41,-10.9,-0.1597,0.88,497560.0
SPX,20251216,6800.12,6800.26,6819.27,6759.74,6816.51,-16.25,-0.2384,0.87,498318.0
SPX,20251217,6802.88,6721.43,6812.26,6721.43,6800.26,-78.83,-1.1592,1.34,512212.0
SPX,20251218,6778.06,6774.76,6816.13,6758.5,6721.43,53.33,0.7934,0.86,510119.0
SPX,20251219,6792.62,6834.5,6840.02,6792.62,6774.76,59.74,0.8818,0.7,855447.0
SPX,20251222,6865.21,6878.49,6882.03,6855.74,6834.5,43.99,0.6436,0.38,446503.0
SPX,20251223,6872.41,6909.79,6910.88,6868.81,6878.49,31.3,0.455,0.61,382056.0
SPX,20251224,6904.91,6932.05,6937.32,6904.91,6909.79,22.26,0.3222,0.47,179827.0
SPX,20251226,6936.02,6929.94,6945.77,6921.6,6932.05,-2.11,-0.0304,0.35,258655.0
SPX,20251229,6903.6,6905.74,6920.21,6888.76,6929.94,-24.2,-0.3492,0.45,354175.0
SPX,20251230,6900.44,6896.24,6913.25,6893.47,6905.74,-9.5,-0.1376,0.29,330993.0
SPX,20251231,6898.82,6845.5,6901.42,6845.5,6896.24,-50.74,-0.7358,0.81,326183.0
SPX,20260102,6878.11,6858.47,6894.87,6824.31,6845.5,12.97,0.1895,1.03,418412.0
SPX,20260105,6892.19,6902.05,6920.38,6891.56,6858.47,43.58,0.6354,0.42,577193.0
SPX,20260106,6908.03,6944.82,6947.49,6904.02,6902.05,42.77,0.6197,0.63,550968.0
SPX,20260107,6945.07,6920.93,6965.69,6919.19,6944.82,-23.89,-0.344,0.67,521448.0
SPX,20260108,6914.11,6921.46,6931.28,6899.33,6920.93,0.53,0.0077,0.46,533320.0
SPX,20260109,6927.83,6966.28,6977.6,6917.64,6921.46,44.82,0.6476,0.87,516390.0
SPX,20260112,6944.12,6977.27,6986.33,6934.07,6966.28,10.99,0.1578,0.75,501904.0
SPX,20260113,6977.41,6963.74,6985.83,6945.69,6977.27,-13.53,-0.1939,0.58,509173.0
SPX,20260114,6937.41,6926.6,6941.3,6885.74,6963.74,-37.14,-0.5333,0.8,553083.0
SPX,20260115,6969.46,6944.47,6979.34,6937.93,6926.6,17.87,0.258,0.6,511405.0
SPX,20260116,6960.54,6940.01,6967.3,6925.09,6944.47,-4.46,-0.0642,0.61,535655.0
SPX,20260120,6865.24,6796.86,6871.17,6793.52,6940.01,-143.15,-2.0627,1.12,576950.0
SPX,20260121,6810.71,6875.62,6910.39,6804.96,6796.86,78.76,1.1588,1.55,583552.0
SPX,20260122,6914.44,6913.352,6934.75,6893.62,6875.62,37.732,0.5488,0.6,530758.0
SPX,20260123,6907.85,6915.6106,6932.96,6895.5,6913.352,2.2586,0.0327,0.54,487193.0
SPX,20260126,6923.23,6950.2322,6964.66,6921.6,6915.6106,34.6216,0.5006,0.62,496805.0
SPX,20260127,6965.96,6978.5969,6988.82,6958.83,6950.2322,28.3647,0.4081,0.43,533172.0
SPX,20260128,7002.0,6978.0294,7002.28,6963.46,6978.5969,-0.5675,-0.0081,0.56,550767.0
SPX,20260129,6977.74,6969.0069,6992.84,6870.8,6978.0294,-9.0225,-0.1293,1.75,687778.0
SPX,20260130,6947.27,6939.0295,6964.09,6893.48,6969.0069,-29.9774,-0.4302,1.01,669734.0
SPX,20260202,6947.27,6976.4442,6991.92,6914.34,6939.0295,37.4147,0.5392,1.12,577205.0
SPX,20260203,6985.45,6917.8117,6993.08,6862.05,6976.4442,-58.6325,-0.8404,1.88,701766.0
SPX,20260204,6924.5,6882.7211,6936.09,6838.8,6917.8117,-35.0906,-0.5073,1.41,747575.0
SPX,20260205,6837.39,6798.3995,6857.85,6780.13,6882.7211,-84.3216,-1.2251,1.13,698912.0
SPX,20260206,6816.74,6932.2977,6944.89,6816.74,6798.3995,133.8982,1.9696,1.89,628368.0
SPX,20260209,6917.26,6964.8198,6980.1,6905.87,6932.2977,32.5221,0.4691,1.07,565026.0
SPX,20260210,6974.49,6941.8125,6986.83,6937.53,6964.8198,-23.0073,-0.3303,0.71,559595.0
SPX,20260211,6976.48,6941.471,6993.48,6911.97,6941.8125,-0.3415,-0.0049,1.17,617551.0
SPX,20260212,6957.54,6832.7615,6973.22,6824.04,6941.471,-108.7095,-1.5661,2.15,711870.0
SPX,20260213,6834.27,6836.1721,6881.96,6794.55,6832.7615,3.4106,0.0499,1.28,571836.0
SPX,20260217,6819.86,6843.2233,6866.99,6775.5,6836.1721,7.0512,0.1031,1.34,541848.0
SPX,20260218,6855.48,6881.3146,6909.12,6849.66,6843.2233,38.0913,0.5566,0.87,509816.0
SPX,20260219,6861.34,6861.8928,6879.12,6833.06,6881.3146,-19.4218,-0.2822,0.67,515169.0
SPX,20260220,6843.26,6909.5066,6915.86,6836.33,6861.8928,47.6138,0.6939,1.16,543248.0
SPX,20260223,6901.25,6837.7545,6916.96,6819.82,6909.5066,-71.7521,-1.0385,1.41,563835.0
SPX,20260224,6837.37,6890.0723,6897.22,6815.43,6837.7545,52.3178,0.7651,1.2,526609.0
SPX,20260225,6915.15,6946.1267,6949.84,6915.15,6890.0723,56.0544,0.8136,0.5,532806.0
SPX,20260226,6944.74,6908.8647,6947.25,6859.73,6946.1267,-37.262,-0.5364,1.26,588955.0
SPX,20260227,6856.54,6878.8785,6882.96,6831.74,6908.8647,-29.9862,-0.434,0.74,666566.0
SPX,20260302,6824.36,6881.6201,6901.01,6796.85,6878.8785,2.7416,0.0399,1.51,607908.0
SPX,20260303,6800.26,6816.627,6840.05,6710.42,6881.6201,-64.9931,-0.9444,1.88,644208.0
SPX,20260304,6831.69,6869.5024,6885.94,6811.64,6816.627,52.8754,0.7757,1.09,525217.0
SPX,20260305,6851.08,6830.7081,6870.43,6770.78,6869.5024,-38.7943,-0.5647,1.45,598930.0
SPX,20260306,6769.03,6740.0234,6773.42,6711.56,6830.7081,-90.6847,-1.3276,0.91,579312.0
SPX,20260309,6699.8,6795.9919,6810.44,6636.04,6740.0234,55.9685,0.8304,2.59,670941.0
SPX,20260310,6796.56,6781.4819,6845.08,6759.74,6795.9919,-14.51,-0.2135,1.26,594495.0
SPX,20260311,6790.09,6775.8043,6811.15,6745.59,6781.4819,-5.6776,-0.0837,0.97,551109.0
SPX,20260312,6740.88,6672.618,6740.88,6670.4,6775.8043,-103.1863,-1.5229,1.04,629217.0
SPX,20260313,6673.49,6632.1915,6733.3,6623.92,6672.618,-40.4265,-0.6059,1.64,533712.0
SPX,20260316,6674.37,6699.3833,6729.79,6674.37,6632.1915,67.1918,1.0131,0.84,517629.0
SPX,20260317,6722.35,6716.0925,6754.3,6710.8,6699.3833,16.7092,0.2494,0.65,506339.0
SPX,20260318,6697.16,6624.6952,6705.18,6621.66,6716.0925,-91.3973,-1.3609,1.24,527548.0
SPX,20260319,6583.12,6606.4945,6636.74,6557.82,6624.6952,-18.2007,-0.2747,1.19,597339.0
SPX,20260320,6594.66,6506.4789,6594.66,6473.52,6606.4945,-100.0156,-1.5139,1.83,1002582.0
SPX,20260323,6574.96,6581.0002,6651.62,6565.55,6506.4789,74.5213,1.1453,1.32,602065.0
SPX,20260324,6552.09,6556.3711,6595.75,6525.11,6581.0002,-24.6291,-0.3742,1.07,527858.0
SPX,20260325,6598.35,6591.9006,6633.94,6568.41,6556.3711,35.5295,0.5419,1.0,493672.0
SPX,20260326,6555.86,6477.1646,6573.22,6473.79,6591.9006,-114.736,-1.7406,1.51,484556.0
SPX,20260327,6453.89,6368.8531,6453.89,6356.08,6477.1646,-108.3115,-1.6722,1.51,530349.0
SPX,20260330,6403.37,6343.7248,6427.31,6316.91,6368.8531,-25.1283,-0.3946,1.73,545864.0
SPX,20260331,6395.88,6528.5174,6539.05,6395.88,6343.7248,184.7926,2.913,2.26,639610.0
SPX,20260401,6556.56,6575.3159,6609.67,6554.29,6528.5174,46.7985,0.7168,0.85,563726.0
SPX,20260402,6512.61,6582.6868,6601.91,6474.94,6575.3159,7.3709,0.1121,1.93,474074.0
SPX,20260406,6587.66,6611.8304,6618.13,6579.72,6582.6868,29.1436,0.4427,0.58,390644.0
SPX,20260407,6601.93,6616.8508,6618.26,6534.55,6611.8304,5.0204,0.0759,1.27,455568.0
SPX,20260408,6754.36,6782.8117,6793.5,6740.28,6616.8508,165.9609,2.5082,0.8,590488.0
SPX,20260409,6783.69,6824.6573,6835.31,6761.55,6782.8117,41.8456,0.6169,1.09,491241.0
SPX,20260410,6839.24,6816.8919,6845.77,6808.46,6824.6573,-7.7654,-0.1138,0.55,439322.0
SPX,20260413,6806.47,6886.2352,6887.0,6790.02,6816.8919,69.3433,1.0172,1.42,478584.0
SPX,20260414,6910.2,6967.3787,6969.42,6905.17,6886.2352,81.1435,1.1783,0.93,503238.0
SPX,20260415,6978.17,7022.9523,7026.24,6967.13,6967.3787,55.5736,0.7976,0.85,527861.0
SPX,20260416,7037.78,7041.2767,7051.23,7008.52,7022.9523,18.3244,0.2609,0.61,517365.0
SPX,20260417,7074.55,7126.0561,7147.52,7074.55,7041.2767,84.7794,1.204,1.04,614530.0
SPX,20260420,7117.05,7109.1423,7122.65,7084.41,7126.0561,-16.9138,-0.2374,0.54,466113.0
SPX,20260421,7122.64,7064.0101,7137.27,7050.2,7109.1423,-45.1322,-0.6348,1.22,516027.0
SPX,20260422,7102.91,7137.8979,7138.64,7102.91,7064.0101,73.8878,1.046,0.51,491946.0
SPX,20260423,7118.8,7108.3962,7147.78,7046.55,7137.8979,-29.5017,-0.4133,1.42,530726.0
SPX,20260424,7136.48,7165.0784,7168.59,7112.82,7108.3962,56.6822,0.7974,0.78,460883.0
SPX,20260427,7152.72,7173.9074,7178.74,7146.72,7165.0784,8.829,0.1232,0.45,478375.0
SPX,20260428,7133.74,7138.8032,7152.52,7115.17,7173.9074,-35.1042,-0.4893,0.52,490065.0
SPX,20260429,7131.61,7135.95,7145.63,7107.86,7138.8032,-2.8532,-0.04,0.53,512310.0
SPX,20260430,7161.75,7209.0068,7219.83,7126.15,7135.95,73.0568,1.0238,1.31,572379.0
SPX,20260501,7234.54,7230.1189,7272.52,7229.32,7209.0068,21.1121,0.2929,0.6,484739.0
SPX,20260504,7228.38,7200.7518,7244.54,7174.12,7230.1189,-29.3671,-0.4062,0.97,521548.0
SPX,20260505,7233.62,7259.222,7273.26,7233.62,7200.7518,58.4702,0.812,0.55,527976.0
SPX,20260506,7294.14,7365.1151,7369.22,7294.14,7259.222,105.8931,1.4587,1.03,657964.0
SPX,20260507,7376.78,7337.1087,7385.02,7321.25,7365.1151,-28.0064,-0.3803,0.87,623704.0
SPX,20260508,7362.97,7398.9329,7401.5,7362.97,7337.1087,61.8242,0.8426,0.53,530274.0
SPX,20260511,7385.31,7412.8425,7428.97,7384.2,7398.9329,13.9096,0.188,0.61,582191.0
SPX,20260512,7390.63,7400.9571,7409.57,7338.54,7412.8425,-11.8854,-0.1603,0.96,562479.0
SPX,20260513,7409.12,7444.2519,7460.04,7375.13,7400.9571,43.2948,0.585,1.15,571660.0
SPX,20260514,7454.4,7501.2432,7517.12,7454.4,7444.2519,56.9913,0.7656,0.84,526705.0
SPX,20260515,7445.11,7408.5009,7454.85,7397.5,7501.2432,-92.7423,-1.2364,0.76,558207.0
SPX,20260518,7415.07,7403.0525,7434.06,7353.17,7408.5009,-5.4484,-0.0735,1.09,548950.0
SPX,20260519,7375.75,7353.6111,7395.32,7333.68,7403.0525,-49.4414,-0.6679,0.83,544114.0
SPX,20260520,7369.19,7432.9664,7435.69,7357.46,7353.6111,79.3553,1.0791,1.06,538415.0
SPX,20260521,7410.78,7445.7184,7465.96,7389.48,7432.9664,12.752,0.1716,1.03,544062.0
SPX,20260522,7468.82,7473.4671,7506.32,7463.29,7445.7184,27.7487,0.3727,0.58,495244.0
SPX,20260526,7511.79,7519.1245,7539.09,7501.1,7473.4671,45.6574,0.6109,0.51,549606.0
SPX,20260527,7526.01,7520.3633,7530.72,7499.72,7519.1245,1.2388,0.0165,0.41,552425.0
SPX,20260528,7519.82,7563.6269,7568.72,7508.04,7520.3633,43.2636,0.5753,0.81,549486.0
SPX,20260529,7579.33,7580.0557,7599.38,7563.55,7563.6269,16.4288,0.2172,0.47,785829.0
SPX,20260601,7582.29,7599.9648,7617.66,7562.61,7580.0557,19.9091,0.2627,0.73,658396.0
SPX,20260602,7595.4,7609.7792,7620.9,7582.99,7599.9648,9.8144,0.1291,0.5,590441.0
SPX,20260603,7605.31,7553.6756,7605.35,7551.22,7609.7792,-56.1036,-0.7373,0.71,575386.0
SPX,20260604,7516.54,7584.3149,7598.19,7516.54,7553.6756,30.6393,0.4056,1.08,539891.0
SPX,20260605,7537.36,7383.7381,7541.81,7368.63,7584.3149,-200.5768,-2.6446,2.28,559129.0
SPX,20260608,7440.57,7405.7276,7466.81,7395.13,7383.7381,21.9895,0.2978,0.97,489818.0
SPX,20260609,7438.66,7386.6515,7483.15,7237.85,7405.7276,-19.0761,-0.2576,3.31,600639.0
SPX,20260610,7350.54,7266.9891,7396.56,7265.93,7386.6515,-119.6624,-1.62,1.77,524730.0
SPX,20260611,7287.67,7394.3039,7412.68,7257.33,7266.9891,127.3148,1.752,2.14,565892.0
SPX,20260612,7410.85,7431.4592,7456.4,7363.01,7394.3039,37.1553,0.5025,1.26,495053.0
SPX,20260615,7516.75,7554.2894,7577.92,7516.75,7431.4592,122.8302,1.6528,0.82,567467.0
SPX,20260616,7548.78,7511.3517,7564.96,7508.68,7554.2894,-42.9377,-0.5684,0.75,528621.0
SPX,20260617,7524.5,7420.098,7532.17,7402.61,7511.3517,-91.2537,-1.2149,1.72,588374.0
SPX,20260618,7487.36,7500.5838,7511.07,7468.32,7420.098,80.4858,1.0847,0.58,906111.0
SPX,20260622,7500.44,7472.7889,7530.01,7460.01,7500.5838,-27.7949,-0.3706,0.93,597674.0
SPX,20260623,7366.51,7365.4641,7424.17,7347.6,7472.7889,-107.3248,-1.4362,1.02,564053.0
SPX,20260624,7370.88,7358.2222,7428.06,7336.82,7365.4641,-7.2419,-0.0983,1.24,599486.0
SPX,20260625,7404.91,7357.4863,7419.08,7323.5,7358.2222,-0.7359,-0.01,1.3,556576.0
SPX,20260626,7312.74,7354.0166,7392.95,7294.18,7357.4863,-3.4697,-0.0472,1.34,910560.0
SPX,20260629,7391.88,7440.4255,7444.32,7348.88,7354.0166,86.4089,1.175,1.3,579457.0
SPX,20260630,7441.27,7499.3589,7508.29,7438.04,7440.4255,58.9334,0.7921,0.94,603754.0
SPX,20260701,7478.84,7483.2349,7521.81,7449.63,7499.3589,-16.124,-0.215,0.96,578273.0
SPX,20260702,7495.14,7483.2383,7540.75,7427.55,7483.2349,0.0034,0.0,1.51,546352.0
SPX,20260706,7506.96,7537.4319,7551.31,7500.97,7483.2383,54.1936,0.7242,0.67,497111.0
SPX,20260707,7516.63,7503.845,7536.06,7478.63,7537.4319,-33.5869,-0.4456,0.76,504959.0
SPX,20260708,7476.54,7482.7075,7488.51,7421.82,7503.845,-21.1375,-0.2817,0.89,510202.0
SPX,20260709,7491.6,7543.6435,7546.89,7481.73,7482.7075,60.936,0.8144,0.87,444295.0
SPX,20260710,7547.64,7575.3928,7579.93,7508.16,7543.6435,31.7493,0.4209,0.95,400637.0
SPX,20260713,7547.53,7515.3413,7565.37,7506.41,7575.3928,-60.0515,-0.7927,0.78,472999.0
SPX,20260714,7536.7,7543.5891,7557.44,7513.23,7515.3413,28.2478,0.3759,0.59,483695.0
SPX,20260715,7571.72,7572.4006,7581.5,7526.95,7543.5891,28.8115,0.3819,0.72,523655.0
SPX,20260716,7558.8,7533.7722,7570.74,7504.02,7572.4006,-38.6284,-0.5101,0.88,536530.0
SPX,20260717,7447.52,7457.6858,7498.47,7431.26,7533.7722,-76.0864,-1.0099,0.89,530329.0
SPX,20260720,7489.18,7443.2763,7513.23,7440.53,7457.6858,-14.4095,-0.1932,0.97,515291.0
SPX,20260721,7489.95,7509.1974,7515.31,7467.86,7443.2763,65.9211,0.8856,0.64,514903.0
SPX,20260722,7497.47,7498.9587,7525.94,7485.85,7509.1974,-10.2387,-0.1363,0.53,489039.0
SPX,20260723,7418.29,7408.2979,7450.12,7376.0,7498.9587,-90.6608,-1.209,0.99,551521.0
SPX,20260724,7406.3,7411.9845,7460.98,7396.53,7408.2979,3.6866,0.0498,0.87,486062.0
SPX,20260727,7464.2,7413.1797,7480.57,7382.74,7411.9845,1.1952,0.0161,1.32,503829.0
SPX,20260728,7395.55,7428.7836,7452.09,7382.95,7413.1797,15.6039,0.2105,0.93,559089.0
SPX,20260729,7418.16,7316.1462,7450.84,7313.92,7428.7836,-112.6374,-1.5162,1.84,583635.0
SPX,20260730,7390.45,7437.633,7448.75,7370.98,7316.1462,121.4868,1.6605,1.06,559443.0
SPX,20260731,7462.13,7489.7248,7512.04,7399.83,7437.633,52.0918,0.7004,1.51,539102.0
SPX,20260803,7504.78,7600.5044,7610.04,7504.78,7489.7248,110.7796,1.4791,1.41,318848.6
