n,k,ma_fast,ma_slow,total_return,annual_return,max_dd,max_dd_days,sharpe,calmar,daily_vol,n_trades,win_rate,profit_factor,avg_hold_days
10,1.5,5,30,-0.42193916000000004,-0.052342604092236344,-0.42398470145663725,2536,-0.9409611772669013,-0.12345399235493323,0.08516102601149272,62,0.3548387096774194,0.8171108602636779,13.161290322580646
10,1.5,5,60,-0.24699718000000004,-0.027443920221128293,-0.26754162879288146,2519,-0.9419778986350412,-0.10257813090602856,0.05950486346481019,36,0.3055555555555556,0.6126393585247505,12.277777777777779
10,1.5,5,100,-0.28653888,-0.032576336247141735,-0.312377713031106,2519,-1.1149845875756097,-0.10428508465294335,0.055227789958776724,31,0.3225806451612903,0.6080339396212265,12.548387096774194
10,1.5,10,30,-0.30864513,-0.035558588457178186,-0.34855114191408,2518,-0.8955607622882023,-0.1020182813400267,0.07109146433168925,49,0.30612244897959184,1.0306906836895606,13.326530612244898
10,1.5,10,60,-0.23844578000000002,-0.026366021779092863,-0.31549996365538163,1811,-1.132602951049878,-0.0835690168506399,0.04900783245544693,27,0.2962962962962963,0.5894511535688537,10.592592592592593
10,1.5,10,100,-0.19784285999999998,-0.021392461920804462,-0.2656231876957361,1718,-1.1480694277127523,-0.08053687671766414,0.04411548094900255,26,0.2692307692307692,0.7184701690750777,10.692307692307692
10,1.5,20,30,-0.46717833,-0.05988778862076616,-0.49788801368016183,2518,-1.464793761337731,-0.12028365209699035,0.0613447349109246,50,0.26,0.6669471977808684,9.5
10,1.5,20,60,-0.32401447,-0.037683106206683026,-0.3338245914599523,2440,-1.7751388529821825,-0.11288295461361698,0.038127156126674014,28,0.07142857142857142,0.29111875979923735,6.642857142857143
10,1.5,20,100,-0.19308461999999998,-0.02082456048856518,-0.23463898712474318,2293,-1.5394207688943473,-0.08875149327802902,0.032808716715115295,19,0.10526315789473684,0.3014920075897184,7.578947368421052
10,2.0,5,30,-0.31367293000000007,-0.03624885651370702,-0.4040350054513178,2064,-0.6011126148303509,-0.0897171186274221,0.10258521428447678,60,0.35,1.213854142016017,19.616666666666667
10,2.0,5,60,-0.15853956000000005,-0.016789839743075574,-0.32380404594795004,1468,-0.5835780292880963,-0.0518518528510742,0.07553832933306555,35,0.2857142857142857,1.4701886971305558,17.742857142857144
10,2.0,5,100,-0.15664361,-0.016572752100927124,-0.3228059324524177,1468,-0.612193255545919,-0.05133967636536539,0.07205180559628117,30,0.4,0.9189449440666815,18.6
10,2.0,10,30,-0.19330542000000003,-0.02085084631405454,-0.29415120597019767,2064,-0.5344517573486127,-0.07088478949213307,0.08825979101219679,49,0.3469387755102041,1.2958809525390111,18.918367346938776
10,2.0,10,60,-0.251392,-0.028002186443678467,-0.4205757414290125,1797,-0.9362226940386634,-0.06658060293381153,0.06042120240976976,27,0.2962962962962963,0.8810424390784929,15.666666666666666
10,2.0,10,100,-0.11292390000000002,-0.011685095187724648,-0.28489222663895875,1468,-0.639436743068402,-0.0410158442214468,0.062272603388220146,26,0.3076923076923077,1.2692466694723665,15.115384615384615
10,2.0,20,30,-0.50314193,-0.06631017050287114,-0.5315999554802152,2518,-1.3243049054706932,-0.12473697527489547,0.07246889502029757,50,0.24,0.9209356237188054,13.18
10,2.0,20,60,-0.31220482999999993,-0.03604683050251256,-0.401760837912019,1797,-1.3169862003235169,-0.08972211101970672,0.049718674010446495,28,0.07142857142857142,2.4857453383403767,10.535714285714286
10,2.0,20,100,-0.024138369999999996,-0.002393972117253673,-0.24671115262844664,1468,-0.5877686175740795,-0.00970354234799858,0.05276721703404278,19,0.15789473684210525,3.0302906091900366,11.947368421052632
10,2.5,5,30,-0.365876,-0.04369870590279834,-0.4561207623831983,2064,-0.5959524765917101,-0.0958051233503946,0.1143200477054663,56,0.3392857142857143,1.2041209087032998,27.535714285714285
10,2.5,5,60,-0.22477949,-0.024665849487584768,-0.32020764104722255,1586,-0.5533172844071578,-0.07703079603883399,0.09171079478164998,34,0.29411764705882354,1.363994121961414,28.852941176470587
10,2.5,5,100,-0.29620049,-0.03386933842939632,-0.4008182533621653,1718,-0.729300644713362,-0.08450048905031572,0.08354947906841496,29,0.3448275862068966,0.9412195840093093,26.24137931034483
10,2.5,10,30,-0.24511421999999997,-0.02720562993085829,-0.3836863531435241,2064,-0.5111796155653119,-0.07090590975666414,0.10234836713957145,47,0.3829787234042553,1.0410117335422089,27.659574468085108
10,2.5,10,60,-0.30209883,-0.034666598706689644,-0.46560527041974603,1797,-0.8023485711380579,-0.0744549104339766,0.07756983612374972,26,0.2692307692307692,0.9356887146888097,27.73076923076923
10,2.5,10,100,-0.15296163000000002,-0.016152417211411696,-0.33615706032093307,1468,-0.649555750677355,-0.048050209613300386,0.06773172588938213,25,0.32,1.15484873143997,21.56
10,2.5,20,30,-0.44435427,-0.05601181329025373,-0.5417089740344936,1797,-0.9024889180753665,-0.10339834851376702,0.09234796823280679,43,0.23255813953488372,1.2371418452680163,24.558139534883722
10,2.5,20,60,-0.37544463,-0.04512392083902694,-0.47047785523094815,1797,-1.02931848935673,-0.09591082839993928,0.07149369465701329,26,0.15384615384615385,1.2152864593972577,22.884615384615383
10,2.5,20,100,0.03604372999999998,0.003479436294697935,-0.23513154213910595,1468,-0.40901874881522704,0.014797828751701332,0.060421337785507546,19,0.2631578947368421,2.2224933890156744,22.57894736842105
10,3.0,5,30,-0.39490107999999996,-0.04808367963473548,-0.4902673872872673,2064,-0.5525511670355429,-0.09807643926876441,0.1284943852002647,47,0.3191489361702128,1.308297252250994,40.91489361702128
10,3.0,5,60,-0.30039246,-0.034435331165775684,-0.34843946332072556,1766,-0.5812299108433757,-0.09882729940402658,0.1027688435793653,31,0.2903225806451613,1.3879209908993169,41.0
10,3.0,5,100,-0.34822107999999996,-0.041119232219675284,-0.4616358817222369,1586,-0.7283854776356112,-0.08907286856964129,0.0928649587309948,28,0.2857142857142857,1.237356130510068,35.785714285714285
10,3.0,10,30,-0.35995647,-0.04282669297162478,-0.44251209637068784,2064,-0.578378293502831,-0.09678084129874114,0.1158823787853727,44,0.3181818181818182,1.2378666082366439,38.0
10,3.0,10,60,-0.35904073999999997,-0.042692445873902196,-0.5163285609663737,1766,-0.7988859784202011,-0.08268464908080608,0.08734651191649878,25,0.28,0.978210871936157,39.16
10,3.0,10,100,-0.16857998999999999,-0.017946883403154312,-0.36627844001032545,1468,-0.587657339350381,-0.04899792464620191,0.07685325413783803,24,0.3333333333333333,1.1807189443349004,31.625
10,3.0,20,30,-0.5194174,-0.0693555618408771,-0.5777280595943335,2064,-0.9124626673394536,-0.12004880270066315,0.10551112622293866,39,0.20512820512820512,1.3402463144505383,36.30769230769231
10,3.0,20,60,-0.40212136,-0.04920392011879038,-0.5010195213669587,1766,-0.9350641366725255,-0.09820759076321948,0.0823846685627168,25,0.2,1.2699649233510262,36.28
10,3.0,20,100,0.022427079999999957,0.0021779936639914066,-0.2460959988512574,1468,-0.35503593870373107,0.00885017909335375,0.07125830273428457,18,0.3333333333333333,1.6953487400225666,37.27777777777778
10,3.5,5,30,-0.28356211,-0.03218114040122322,-0.44048550153825494,2064,-0.35957818329472596,-0.07305834196322208,0.14497197245296425,35,0.34285714285714286,1.4795131721340637,67.57142857142857
10,3.5,5,60,-0.22598897999999998,-0.02481522267480829,-0.3745529001555217,1766,-0.3548252521807594,-0.06625291825134587,0.13096188047396023,27,0.3333333333333333,1.5353208888682577,72.62962962962963
10,3.5,5,100,-0.36584949,-0.043694784345816196,-0.5287214871881071,1766,-0.5665383346964807,-0.08264234649928381,0.11912884676791881,24,0.2916666666666667,1.3549056724105881,66.08333333333333
10,3.5,10,30,-0.26627391000000006,-0.029914817709637664,-0.45930578612072553,2064,-0.3760970138987283,-0.06513050480442838,0.135785106662975,33,0.30303030303030304,1.7274942035322016,65.87878787878788
10,3.5,10,60,-0.21795172999999998,-0.023826536172801616,-0.4532794610396892,1766,-0.37653669741262313,-0.052564782260706405,0.12329930382454903,25,0.32,1.6048949981946645,70.16
10,3.5,10,100,-0.16125871999999997,-0.017101956844666644,-0.43716861456105544,1766,-0.3854791268769571,-0.03911981847516221,0.10746637922547483,20,0.35,1.3570406004090634,68.1
10,3.5,20,30,-0.22446921999999997,-0.024627564718936235,-0.38535814495658294,2108,-0.3514104968240441,-0.06390825013368004,0.1315060082291466,32,0.28125,2.0198607071558223,64.65625
10,3.5,20,60,-0.24196596999999997,-0.026808410886487444,-0.39913308480235865,1766,-0.43319949290223897,-0.06716659657457948,0.116221945634452,25,0.24,2.231198259195611,63.8
10,3.5,20,100,-0.04613345999999996,-0.004622347811579219,-0.3447747237383394,1766,-0.3028421861410226,-0.013406863941358031,0.09828273655177226,18,0.3333333333333333,1.6879068089528033,65.38888888888889
10,4.0,5,30,-0.31583493999999995,-0.036547082612809256,-0.5375172318315576,2064,-0.3620179613913382,-0.06799239251972866,0.15313612446959038,26,0.2692307692307692,2.1728139291800597,105.96153846153847
10,4.0,5,60,-0.14428264000000002,-0.015168106950287585,-0.42002199261041684,1323,-0.26629859785842147,-0.036112649378234975,0.1353694883001689,20,0.3,2.0825173976443794,111.9
10,4.0,5,100,-0.21684892000000003,-0.023691591869751116,-0.5226336727138058,1323,-0.3433904099463286,-0.04533116235456308,0.13170350874875328,19,0.2631578947368421,2.293249812287047,111.42105263157895
10,4.0,10,30,-0.26174724,-0.02932937291038884,-0.49874376442351637,2064,-0.34324705917404774,-0.058806495444188304,0.1437869839658912,25,0.24,2.597800977280225,102.92
10,4.0,10,60,-0.20273708999999998,-0.021979772508248452,-0.520922562845638,1766,-0.3314159136972549,-0.042193934522973604,0.1313233821982833,19,0.2631578947368421,2.3386107810785517,112.42105263157895
10,4.0,10,100,-0.11929220999999997,-0.012383335986265953,-0.5109275345315911,1323,-0.27385151052063583,-0.024236971291082925,0.1258714133366453,17,0.29411764705882354,2.1918109370706236,113.23529411764706
10,4.0,20,30,-0.28406877,-0.032248299851315276,-0.5051019361819127,2108,-0.37629973326930527,-0.06384513212339189,0.14043646866398277,25,0.24,2.544535179040987,99.72
10,4.0,20,60,-0.21589117000000005,-0.023574536676704394,-0.4960003406071986,1766,-0.36552466824105967,-0.04752927517719985,0.1255873367754649,19,0.2631578947368421,2.2675285299195687,106.15789473684211
10,4.0,20,100,0.04638494999999995,0.004457555291792481,-0.4295408881810882,1323,-0.157315097407718,0.010377487718732007,0.11789033281843742,15,0.4,1.643704371882137,118.6
10,5.0,5,30,-0.25433776,-0.028378038141509743,-0.5547193405373189,2064,-0.26185149980538525,-0.05115747021551812,0.16944113790871215,14,0.35714285714285715,1.2266494100978174,239.0
10,5.0,5,60,-0.23480182999999996,-0.025910017980138145,-0.5642642991126656,1323,-0.2844715457100542,-0.04591823019971841,0.155150766927889,13,0.3076923076923077,1.412966843866725,227.0
10,5.0,5,100,-0.34267143000000005,-0.040321412917321386,-0.6233544136285121,1323,-0.3842300137594016,-0.06468457114567079,0.15407625489055013,13,0.3076923076923077,1.190033974445799,227.84615384615384
10,5.0,10,30,-0.33534139,-0.03927690430981823,-0.6045159244917023,2064,-0.34356960025126476,-0.06497248909173665,0.1643849111513374,14,0.2857142857142857,1.4617508637340513,234.5
10,5.0,10,60,-0.25559329000000003,-0.028538639306718294,-0.6116240802855591,1323,-0.3149628072778264,-0.0466604246408905,0.150805735257859,12,0.3333333333333333,1.2254148918336905,235.83333333333334
10,5.0,10,100,-0.23814777,-0.02632865501067383,-0.613159222823334,1323,-0.3062660510046322,-0.04293934435078986,0.14871771251250002,12,0.3333333333333333,1.239727785759646,231.75
10,5.0,20,30,-0.34421302000000004,-0.04054242110539552,-0.6097947119553125,2064,-0.35866511267602275,-0.06648536025410234,0.16215564054158424,14,0.2857142857142857,1.4358137889437914,231.21428571428572
10,5.0,20,60,-0.24535766000000003,-0.027236407289547238,-0.5862832712559142,1323,-0.32029237514333697,-0.04645605396722718,0.1462646616814784,12,0.3333333333333333,1.1974268437549835,228.25
10,5.0,20,100,-0.23356889,-0.025756171282289464,-0.5861421599879522,1323,-0.3276674125181028,-0.043941850698504384,0.1407564857589646,12,0.3333333333333333,1.2209393599914644,216.83333333333334
10,6.0,5,30,0.47994473,0.039201657426433334,-0.4560262042137169,1323,0.13817567275014953,0.08596360705636437,0.18382691995266054,1,1.0,10.0,3809.0
10,6.0,5,60,0.40738269999999993,0.03408954138906273,-0.45602620539506394,1323,0.11045647433451851,0.07475347027377588,0.18163915574124123,1,1.0,10.0,3784.0
10,6.0,5,100,0.40738269999999993,0.03408954138906273,-0.45602620539506394,1323,0.11045647433451851,0.07475347027377588,0.18163915574124123,1,1.0,10.0,3784.0
10,6.0,10,30,0.4959203300000001,0.0402967304997206,-0.4560262029169438,1323,0.14349603853485596,0.08836494535174738,0.18205473947617548,1,1.0,10.0,3796.0
10,6.0,10,60,0.41530421999999995,0.034659037930317105,-0.45602620479174544,1323,0.11348486759840978,0.07600229453073849,0.18163061628662883,1,1.0,10.0,3783.0
10,6.0,10,100,0.41530421999999995,0.034659037930317105,-0.45602620479174544,1323,0.11348486759840978,0.07600229453073849,0.18163061628662883,1,1.0,10.0,3783.0
10,6.0,20,30,0.4959203300000001,0.0402967304997206,-0.4560262029169438,1323,0.14349603853485596,0.08836494535174738,0.18205473947617548,1,1.0,10.0,3796.0
10,6.0,20,60,0.44761877,0.03695281674569628,-0.4560262028974577,1323,0.12564644259792895,0.08103222251464684,0.18152524365818673,1,1.0,10.0,3776.0
10,6.0,20,100,0.44761877,0.03695281674569628,-0.4560262028974577,1323,0.12564644259792895,0.08103222251464684,0.18152524365818673,1,1.0,10.0,3776.0
14,1.5,5,30,-0.38926784999999997,-0.047218014441115175,-0.44125713200250727,2064,-0.9078561003094392,-0.10700793486743435,0.0825650103586136,62,0.3387096774193548,0.9387085161306001,13.241935483870968
14,1.5,5,60,-0.20672926,-0.022461248263992206,-0.2283723495387835,2519,-0.8655079893298183,-0.09835362428662893,0.05889895873853977,36,0.3055555555555556,0.666743075274954,12.11111111111111
14,1.5,5,100,-0.26906979000000003,-0.030278044869875398,-0.2975074062389383,2519,-1.0772275277245043,-0.10177240712306192,0.05497176815942578,31,0.3225806451612903,0.624935609074817,12.03225806451613
14,1.5,10,30,-0.20929038,-0.022771284209762488,-0.30068490683549376,2064,-0.7138558833584607,-0.07573138422348806,0.07076888178713352,49,0.32653061224489793,1.183970062414717,14.122448979591837
14,1.5,10,60,-0.22622447999999998,-0.024844331636386108,-0.3129508370553565,1811,-1.0930826099170352,-0.07938733083494359,0.04933486250313854,27,0.2962962962962963,0.5993272971357457,10.666666666666666
14,1.5,10,100,-0.18931201,-0.020376437773148237,-0.2668152333259001,1718,-1.1252086106005679,-0.07636909451965038,0.04409066894306001,26,0.2692307692307692,0.7342096603323034,10.73076923076923
14,1.5,20,30,-0.42708248,-0.053173041128321885,-0.46010312491994015,2518,-1.3815904482118817,-0.1155676591798289,0.059951260853545935,50,0.26,0.7441689708284436,9.42
14,1.5,20,60,-0.34032689,-0.03998618525043296,-0.34990026963742243,2440,-1.815068471377316,-0.1142788066207205,0.038598118776608355,28,0.07142857142857142,0.2785061560090316,6.25
14,1.5,20,100,-0.19192602000000003,-0.020686737570885017,-0.23354005306367503,2293,-1.6043741870967683,-0.0885789709281463,0.03142032249049707,19,0.10526315789473684,0.30242831047977414,7.105263157894737
14,2.0,5,30,-0.30988674,-0.03572862741828553,-0.3599912790173113,2064,-0.6089162974941602,-0.09924859156537347,0.10070185140531743,61,0.32786885245901637,1.3347796305413444,18.557377049180328
14,2.0,5,60,-0.14058318999999994,-0.014751275802343033,-0.3035892525451924,1468,-0.548596958864505,-0.04858958503528432,0.07645424666597313,35,0.2571428571428571,1.7466624799593207,18.114285714285714
14,2.0,5,100,-0.19893118999999995,-0.021522782200587898,-0.312851885739707,1468,-0.6746413438487077,-0.06879543701550474,0.07278243101511357,30,0.3333333333333333,1.0964944250196464,18.1
14,2.0,10,30,-0.13694592000000005,-0.01434302544773347,-0.25125882770771185,2064,-0.4664837302868785,-0.057084662770211764,0.08713710031247829,49,0.3469387755102041,1.4035840347761928,19.081632653061224
14,2.0,10,60,-0.25301881000000004,-0.02820958707275234,-0.4169918454203879,1797,-0.9151222277893828,-0.067650212786087,0.06194620947219734,27,0.25925925925925924,1.0376976454437166,16.59259259259259
14,2.0,10,100,-0.11485162,-0.011895977828940696,-0.28046908751259264,1468,-0.6264763056811194,-0.04241457742970189,0.06375346585939866,26,0.3076923076923077,1.2658592709666274,16.076923076923077
14,2.0,20,30,-0.44601013,-0.056288133708375376,-0.48194853159487616,2501,-1.1996521672436178,-0.11679283163723993,0.07118108482075478,50,0.22,1.1134145888996245,13.06
14,2.0,20,60,-0.31369948999999997,-0.036252515037334176,-0.3980605588253485,1797,-1.2722668291692554,-0.09107286374795094,0.05156112290389406,28,0.07142857142857142,2.4793706010840544,11.428571428571429
14,2.0,20,100,-0.047847300000000044,-0.004797921375361058,-0.2588558839656166,1468,-0.6074337431667884,-0.018535106491913308,0.054846996548695286,19,0.15789473684210525,2.84219847268462,13.210526315789474
14,2.5,5,30,-0.40966044999999995,-0.050386722254192495,-0.45821372273522926,2064,-0.6674758735685037,-0.10996336371904683,0.11283441512156894,58,0.3275862068965517,1.1638540286199073,24.53448275862069
14,2.5,5,60,-0.22609748999999998,-0.024828634053539855,-0.299687091754765,1586,-0.5728462935445792,-0.08284852680227286,0.08926280469086537,34,0.2647058823529412,1.5289649258134654,26.441176470588236
14,2.5,5,100,-0.32816042000000006,-0.038263663911496604,-0.3986664121994888,1718,-0.8119051327433704,-0.09597915134207453,0.08092813496617235,29,0.3103448275862069,0.9638047828956643,23.517241379310345
14,2.5,10,30,-0.31673810999999996,-0.036671916996863674,-0.39570262308742105,2064,-0.6151243387177434,-0.0926754457949648,0.101145418136064,49,0.32653061224489793,1.1642113152833435,25.122448979591837
14,2.5,10,60,-0.34318183999999996,-0.040394535416870214,-0.4760839776114131,1797,-0.9032316726652575,-0.08484750026567969,0.07565506357774252,26,0.2692307692307692,0.8053013653013655,24.846153846153847
14,2.5,10,100,-0.1971105,-0.021304856411923145,-0.34672201676808456,1468,-0.7412158126367193,-0.06144650579306459,0.06654543353850732,25,0.36,0.8201935730581508,20.0
14,2.5,20,30,-0.55409304,-0.07616706377181803,-0.5830198877189399,2501,-1.2268235436495423,-0.13064230805199628,0.08598406904944503,49,0.20408163265306123,1.0694594255406937,18.612244897959183
14,2.5,20,60,-0.38302303000000004,-0.04626674209703696,-0.45377942027782636,1797,-1.1172970216710076,-0.10195866103559778,0.06720408745756987,26,0.11538461538461539,1.5878893930908957,19.73076923076923
14,2.5,20,100,-0.09955356000000005,-0.010233720667950585,-0.2882920880493033,1468,-0.6873074298751841,-0.03549775069165419,0.05632202249397913,19,0.15789473684210525,2.4944884054609036,16.210526315789473
14,3.0,5,30,-0.41172772999999996,-0.05071343602996248,-0.5072639355101726,2064,-0.5806734625442327,-0.0999744560569997,0.1272957250181025,51,0.35294117647058826,1.1004820497958798,35.84313725490196
14,3.0,5,60,-0.32142414,-0.037322009985747306,-0.3759683042382852,1766,-0.6332946979613734,-0.09926903296106834,0.09955758778018062,33,0.24242424242424243,1.6679065992480506,34.45454545454545
14,3.0,5,100,-0.37489556999999996,-0.04504160939930657,-0.4739769954924735,1766,-0.7816462860223968,-0.09502910442416568,0.09189319396627996,29,0.3448275862068966,0.9056191561733966,32.41379310344828
14,3.0,10,30,-0.36789524,-0.043997842381719665,-0.42847486970535886,2064,-0.6013028961092073,-0.10268476751501161,0.11387969781258653,46,0.32608695652173914,1.1454570910125847,34.41304347826087
14,3.0,10,60,-0.31000362,-0.03574464838479097,-0.4795662946482117,1766,-0.7509363526780295,-0.0745353641064613,0.08371036577888483,25,0.24,1.2915022209374376,34.4
14,3.0,10,100,-0.20006105000000005,-0.02165824447258069,-0.38257639405961547,1766,-0.6479342778247061,-0.05661155473488457,0.07568226478394012,25,0.36,0.9698256646096809,27.92
14,3.0,20,30,-0.51423059,-0.06837506081126554,-0.5600767587464026,2064,-0.9575559955482161,-0.12208158925270654,0.1000292664596684,42,0.21428571428571427,1.1953032550833402,29.785714285714285
14,3.0,20,60,-0.38354894999999994,-0.046346519721077506,-0.4857578164921649,1766,-0.9540979544189492,-0.09541075438736674,0.07796688986978496,25,0.16,1.5127801607675704,28.8
14,3.0,20,100,0.020063290000000036,0.0019504781269901184,-0.25537849369105875,1468,-0.37523792795818356,0.007637597429600659,0.06853283584977946,19,0.3157894736842105,1.7560689270932823,30.36842105263158
14,3.5,5,30,-0.3093175,-0.035650635561810695,-0.46799171669869627,2064,-0.3931954897261959,-0.07617792001383518,0.14261560935053538,37,0.2972972972972973,1.7688385797378001,61.054054054054056
14,3.5,5,60,-0.22065793999999994,-0.02415840773484157,-0.3864896170728917,1766,-0.36375999800435826,-0.06250726194873511,0.12725778662193782,27,0.3333333333333333,1.527681925781112,67.29629629629629
14,3.5,5,100,-0.35911230000000005,-0.042702930421471774,-0.5302417934859177,1766,-0.5844053764765533,-0.08053482570797371,0.11464147697466871,24,0.3333333333333333,1.1025587688652,59.625
14,3.5,10,30,-0.26655306000000006,-0.02995102737406785,-0.46261278603942163,2064,-0.38888088800738196,-0.0647431897213398,0.13257164005483135,34,0.29411764705882354,1.7838709878128889,60.44117647058823
14,3.5,10,60,-0.22221825,-0.024350226442609202,-0.4637136769243713,1766,-0.39756790734421243,-0.05251133976490533,0.1193702312304621,25,0.36,1.3173273918135882,64.56
14,3.5,10,100,-0.15234794999999995,-0.016082519767190218,-0.4389842576700075,1766,-0.3994583353954458,-0.03663575512377426,0.1024690524250257,20,0.3,1.6908143895407348,60.35
14,3.5,20,30,-0.2833644,-0.032154944908782346,-0.4323456931138156,1766,-0.42204275630252636,-0.0743732282313207,0.12874474851440892,34,0.29411764705882354,1.758951019154018,57.5
14,3.5,20,60,-0.25879409,-0.028949177731576348,-0.42167579598339205,1766,-0.470172920431626,-0.06865269006978178,0.1126655970195248,25,0.24,2.153580062531263,58.24
14,3.5,20,100,-0.049510020000000016,-0.004968530586429654,-0.35604175262201193,1766,-0.32657377128108644,-0.013954909922332741,0.09362659546764775,18,0.3333333333333333,1.656490244640958,57.77777777777778
14,4.0,5,30,-0.22351582999999997,-0.024510010606571653,-0.4606494320672544,2064,-0.30157903992670876,-0.053207512916228265,0.14621357475199756,31,0.3548387096774194,1.5880193294918497,79.96774193548387
14,4.0,5,60,-0.12176291000000003,-0.012655457622557376,-0.3427708356105979,1766,-0.2599498949694729,-0.036921045514311225,0.13115384980605085,23,0.30434782608695654,2.0850309303655705,89.47826086956522
14,4.0,5,100,-0.25045305000000007,-0.027882665445977173,-0.4871311111534507,1323,-0.4001348492524953,-0.057238523279606095,0.12576530245941983,22,0.22727272727272727,2.6032778437326507,84.72727272727273
14,4.0,10,30,-0.30669722,-0.03529237562966103,-0.48349644578260464,2064,-0.4053312424097163,-0.07299407459456198,0.13878353787911368,30,0.3,1.8037232556795126,78.1
14,4.0,10,60,-0.20001027000000002,-0.021652152605105,-0.4685898116997046,1766,-0.3456128762355395,-0.04620704945881488,0.1267552429023321,22,0.2727272727272727,2.2181972713160674,88.54545454545455
14,4.0,10,100,-0.10807028000000003,-0.011155958967826507,-0.47138300833980723,1323,-0.2926403648542458,-0.023666442723757404,0.11728137818250699,19,0.2631578947368421,2.5253643023386654,87.78947368421052
14,4.0,20,30,-0.28593193999999994,-0.032495638382426084,-0.43907466828154834,2108,-0.4012018660550426,-0.07400936726686512,0.13447761907613023,29,0.27586206896551724,2.0539706893053,76.72413793103448
14,4.0,20,60,-0.25290619999999997,-0.028195217402023687,-0.44441002280027864,1766,-0.4236941412312923,-0.06344415282167216,0.12095818670776805,22,0.22727272727272727,2.553524366111818,82.5909090909091
14,4.0,20,100,0.1069063999999999,0.010012978940909134,-0.34754456440617515,1323,-0.13022681681169362,0.028810633128495633,0.10854989788111676,16,0.375,1.940889839542175,93.1875
14,5.0,5,30,-0.40260272999999996,-0.04927903872748696,-0.6292091422645013,2108,-0.41573902435211313,-0.07831901257844641,0.16197516597814138,21,0.2857142857142857,1.8205181751786779,145.0952380952381
14,5.0,5,60,-0.32581639,-0.03793503353131322,-0.5608768713533897,1323,-0.40399210342728276,-0.06763522524966381,0.144092027832865,17,0.29411764705882354,1.741201014570729,151.05882352941177
14,5.0,5,100,-0.3831955,-0.046292897579002124,-0.6253136412790581,1323,-0.46877026236834624,-0.07403148519887005,0.1430871353855161,16,0.3125,1.5000434934040778,161.5
14,5.0,10,30,-0.47064853,-0.0604901646589141,-0.6726226754302542,2108,-0.5134381083395366,-0.08993179514832825,0.15605799927165623,21,0.23809523809523808,2.0810666324979805,140.71428571428572
14,5.0,10,60,-0.34056128,-0.04001965048038758,-0.6432611792688305,1766,-0.435613292370869,-0.06221368826559117,0.13994940456831068,16,0.3125,1.5746848349014895,154.3125
14,5.0,10,100,-0.28486220999999995,-0.032353559110944397,-0.6139689404108538,1323,-0.38956459564468254,-0.052695758663775634,0.13711048826720737,15,0.3333333333333333,1.5274781004172184,159.13333333333333
14,5.0,20,30,-0.49769287,-0.06531065390752244,-0.6893482462154442,2108,-0.5574935473896343,-0.09474261270131773,0.15362577979079184,21,0.2857142857142857,1.5710247289393575,137.38095238095238
14,5.0,20,60,-0.32919406999999995,-0.03840890914575823,-0.6245604477972378,1766,-0.4445316617585977,-0.061497504815142566,0.13494895056583048,16,0.3125,1.574004519424925,148.125
14,5.0,20,100,-0.11955391000000003,-0.012412126865838036,-0.5516100091217258,1323,-0.26259114396383515,-0.022501634597966492,0.129595402721162,13,0.38461538461538464,1.4677637964568226,172.84615384615384
14,6.0,5,30,-0.12168446999999998,-0.012646807674779104,-0.5299442679824415,2064,-0.16252452946102913,-0.023864410729314892,0.17177932344142718,12,0.3333333333333333,1.927002197654373,280.9166666666667
14,6.0,5,60,-0.06989544999999996,-0.00708242475373122,-0.5120907864870182,1323,-0.15063918316562283,-0.01383040847564783,0.16049324242367768,11,0.5454545454545454,0.8213978632941559,269.54545454545456
14,6.0,5,100,-0.20137245999999998,-0.021815689865589794,-0.5481801850753116,1323,-0.25277782937534893,-0.03979656773364154,0.15698597765269348,12,0.5,0.8413914401014758,245.91666666666666
14,6.0,10,30,-0.14051714,-0.014743848412074767,-0.5372921689162412,2064,-0.18031433043564976,-0.02744102606560267,0.1691414810580955,12,0.5,0.9262165746813825,276.5833333333333
14,6.0,10,60,-0.08084765000000002,-0.008235443964350941,-0.5334560984199197,1323,-0.17222194991090775,-0.015437903866398883,0.15350405245686308,11,0.5454545454545454,0.8260119455500639,255.0909090909091
14,6.0,10,100,-0.09227604000000003,-0.009451882341811157,-0.5557216622324266,1323,-0.1812370813117311,-0.01700830286845643,0.1530374560583473,11,0.5454545454545454,0.8098974224209735,251.72727272727272
14,6.0,20,30,-0.10684235999999998,-0.01102250416612216,-0.5135976853273418,2064,-0.1606718905124247,-0.021461358726912797,0.16778267323910184,12,0.5,0.9840129343648293,272.9166666666667
14,6.0,20,60,-0.09563711999999999,-0.00981226454480666,-0.5462619701066564,1323,-0.18731327862633879,-0.017962562070522384,0.15136931417207755,11,0.5454545454545454,0.8017440501099804,248.1818181818182
14,6.0,20,100,0.005215290000000037,0.0005103823781624772,-0.5512343716747996,1323,-0.1250364259232962,0.000925889974189739,0.14794838984429717,10,0.5,1.1080454563866886,263.6
20,1.5,5,30,-0.39921534,-0.048751586005718495,-0.4431557105840324,2064,-0.9393615215691795,-0.11001005931181403,0.08159491328475449,62,0.2903225806451613,1.1181118749515682,12.596774193548388
20,1.5,5,60,-0.26990802,-0.03038718781157479,-0.2898273772973608,2519,-1.0289484842522783,-0.10484581579192138,0.057530970367930145,37,0.24324324324324326,0.6969369648308629,10.45945945945946
20,1.5,5,100,-0.25459807999999995,-0.02841131693141541,-0.28359873448796674,2519,-1.0750576550125228,-0.1001813953179714,0.05337389889608491,32,0.34375,0.5407697902445313,10.65625
20,1.5,10,30,-0.22556951,-0.02476339389343718,-0.31856052385460665,2064,-0.7358939871366973,-0.07773528745432179,0.07136393621576685,49,0.32653061224489793,1.1442528302779362,14.204081632653061
20,1.5,10,60,-0.23846585999999997,-0.026368540036972865,-0.32725391942507137,1811,-1.1090278536958629,-0.08057516952981904,0.05000544348959661,27,0.2962962962962963,0.5821388255942556,10.851851851851851
20,1.5,10,100,-0.15925575,-0.0168719588263333,-0.23963240876634187,1718,-1.0849617563702583,-0.07040766694785688,0.042498676996701124,26,0.2692307692307692,0.79320522436141,10.0
20,1.5,20,30,-0.43065065,-0.053753115057752265,-0.4634656425543468,2518,-1.366291594671596,-0.11598079797565378,0.061023252494252916,50,0.24,0.7965810339990702,9.58
20,1.5,20,60,-0.33695987,-0.03950663591245229,-0.34658210872261214,2440,-1.8049478904642653,-0.11398925368092652,0.03853915284814215,28,0.07142857142857142,0.2810369009043865,6.285714285714286
20,1.5,20,100,-0.13550843000000004,-0.014182108020486361,-0.18002784413149445,2293,-1.5880827690630408,-0.07877730297168689,0.02764619329165689,19,0.10526315789473684,0.3666547139992298,6.894736842105263
20,2.0,5,30,-0.36293685,-0.043264822827636995,-0.3835017946862634,2064,-0.6973438388246738,-0.11281517694860137,0.09937199462133836,60,0.3,1.3902918592663762,17.466666666666665
20,2.0,5,60,-0.16485514,-0.01751617443165676,-0.269107469440373,1468,-0.6108786011827186,-0.06508988571771278,0.07360898822058881,36,0.19444444444444445,2.2521935524491106,15.166666666666666
20,2.0,5,100,-0.22102215000000003,-0.02420315134830142,-0.3226462604811224,1468,-0.7355496842659103,-0.07501451066629522,0.07069130157570885,32,0.34375,0.9669154385059119,16.4375
20,2.0,10,30,-0.19200104000000004,-0.020695656283958974,-0.27815547330023144,2064,-0.536609706342341,-0.07440319630748662,0.08770370966829816,49,0.32653061224489793,1.4103197577191784,18.918367346938776
20,2.0,10,60,-0.24333715000000003,-0.02698123131304453,-0.40053574515338386,1797,-0.8720227503047181,-0.06736285497493402,0.06344926676072243,26,0.3076923076923077,0.8466594874666055,17.76923076923077
20,2.0,10,100,-0.13696389,-0.01434503859887104,-0.2917719256737985,1468,-0.6752510229567819,-0.049165246333222674,0.0629043238534782,26,0.2692307692307692,1.3872010342598582,16.076923076923077
20,2.0,20,30,-0.49613575,-0.06502682924884129,-0.529312325494516,2501,-1.3086716544657466,-0.12285153040426414,0.07229751797796707,50,0.22,1.0410418854349157,13.4
20,2.0,20,60,-0.33885002000000003,-0.039775570226834756,-0.40877206139317934,1797,-1.3266191062162973,-0.09730501172529116,0.052184206277152305,28,0.07142857142857142,2.3421499098217837,11.178571428571429
20,2.0,20,100,-0.03724168000000005,-0.0037159753933283524,-0.24155522554447312,1468,-0.5891546562652669,-0.015383543804330569,0.05471578226981853,19,0.15789473684210525,2.9181923759764405,13.263157894736842
20,2.5,5,30,-0.36751340000000005,-0.0439412094046332,-0.41792205602413296,2064,-0.6039152215391534,-0.10514211626604318,0.1134040676274055,56,0.3392857142857143,1.1607545999496138,25.5
20,2.5,5,60,-0.25961514,-0.029054744243167785,-0.3398184371496651,1797,-0.6323615427847389,-0.08550078826467941,0.08791779568834764,35,0.22857142857142856,1.6583431286509065,23.914285714285715
20,2.5,5,100,-0.34367617000000006,-0.04046540312813485,-0.4001167669563618,1718,-0.8450925905841488,-0.10113398505128918,0.08050225633330753,30,0.3,0.9434501716278672,22.166666666666668
20,2.5,10,30,-0.32612416000000005,-0.0379781237157667,-0.4023497558982308,2064,-0.6217147816804736,-0.09439082081951797,0.10209843053772115,49,0.32653061224489793,1.1447988781459888,25.285714285714285
20,2.5,10,60,-0.34536454000000005,-0.0407078133155957,-0.4763757545038087,1797,-0.907788987576495,-0.0854531594665157,0.07563646255390044,26,0.2692307692307692,0.7962824385944807,25.076923076923077
20,2.5,10,100,-0.22248845999999997,-0.024383480305550043,-0.35123971165416923,1468,-0.7934344216986081,-0.06942119440514183,0.06616776390182476,26,0.34615384615384615,0.7890512405609492,19.03846153846154
20,2.5,20,30,-0.5410161,-0.07354395757824916,-0.5707912779812503,2501,-1.179077789606312,-0.12884562258616886,0.08698848512190066,48,0.20833333333333334,1.0608575901951212,19.291666666666668
20,2.5,20,60,-0.41291569999999994,-0.050901652095491356,-0.4788013559225815,1797,-1.20264418523176,-0.10631058468372792,0.06652249232153427,27,0.1111111111111111,1.553765343401283,18.444444444444443
20,2.5,20,100,-0.09552052000000003,-0.00979974223188429,-0.2815811432576367,1468,-0.6804448450089566,-0.03480255147241119,0.05625168660922062,19,0.15789473684210525,2.522242308363601,16.57894736842105
20,3.0,5,30,-0.28906255000000003,-0.0329125451061929,-0.4169587875861276,2064,-0.46033073481058445,-0.07893476786214619,0.1217322318214129,47,0.3617021276595745,1.2208711544040414,37.53191489361702
20,3.0,5,60,-0.24692319999999995,-0.027434547847929203,-0.26358210149080324,1797,-0.5354159221592708,-0.10408350071101635,0.09881131972534231,33,0.2727272727272727,1.672226332960963,35.333333333333336
20,3.0,5,100,-0.31702524,-0.03671163472018901,-0.39302171564887656,1718,-0.7358193559418181,-0.09340866740551045,0.08647145782108524,27,0.3333333333333333,0.928911065177866,32.22222222222222
20,3.0,10,30,-0.37329585,-0.044802161180745426,-0.4451945482268843,2064,-0.6380909515214246,-0.1006350175652037,0.10941112240328846,44,0.3409090909090909,1.0773821808661141,35.11363636363637
20,3.0,10,60,-0.28085956000000006,-0.031823630502603506,-0.4232213988426244,1797,-0.694196852754253,-0.07519381248120012,0.08459565036196148,25,0.24,1.4788477021289577,36.48
20,3.0,10,100,-0.17576908999999996,-0.018783111818607923,-0.32131488123513857,1797,-0.6524346458764156,-0.058457024294689984,0.07116725626258057,23,0.34782608695652173,0.9903674212825011,28.434782608695652
20,3.0,20,30,-0.47683956,-0.061573737464091005,-0.5305970044364466,2064,-0.9020476762522582,-0.1160461460378752,0.09830922451276376,41,0.24390243902439024,1.2645633060587689,30.878048780487806
20,3.0,20,60,-0.35751130000000003,-0.04246861341214525,-0.4313598096964772,1797,-0.890190643988379,-0.098452874972353,0.0789190288766089,25,0.2,1.419774391732194,30.88
20,3.0,20,100,-0.08818017000000004,-0.00901433777506655,-0.25537849517337974,1468,-0.5749510322437384,-0.03529795164994844,0.06434349881354663,19,0.3157894736842105,1.278333511570323,28.105263157894736
20,3.5,5,30,-0.32168149,-0.037357829321862046,-0.45796112885214374,2064,-0.41551398671276596,-0.08157423625777485,0.14008235092271396,39,0.3333333333333333,1.484010945032854,55.743589743589745
20,3.5,5,60,-0.21687108999999996,-0.02369430299231945,-0.3943539806213367,1766,-0.3822810484531124,-0.0600838438475685,0.12167210343874309,30,0.3333333333333333,1.5201381436459773,56.06666666666667
20,3.5,5,100,-0.28014906000000006,-0.031729842374003225,-0.5048115299020515,1766,-0.5127028318907499,-0.0628548289698529,0.10956388828544703,24,0.4166666666666667,0.8767930512468444,56.458333333333336
20,3.5,10,30,-0.28836230000000007,-0.0328191485018855,-0.4613665615971628,2064,-0.42380344828353006,-0.07113464917845776,0.1295656856445585,36,0.3055555555555556,1.6538565979521416,54.666666666666664
20,3.5,10,60,-0.09261421999999997,-0.009488088221975555,-0.44487668153206117,1766,-0.29210833415866705,-0.021327456834331227,0.11318942140577737,25,0.44,1.1070977673832043,59.48
20,3.5,10,100,-0.052404099999999974,-0.005266130845284822,-0.41924936781728106,1766,-0.3161072334280364,-0.012560855780657798,0.09672320209230552,20,0.4,1.266388871747248,56.65
20,3.5,20,30,-0.32864480000000007,-0.03833170234729821,-0.4913844385534443,2064,-0.4994609702637616,-0.07800756259221496,0.12304285858672916,37,0.2702702702702703,1.8635334191859827,48.5945945945946
20,3.5,20,60,-0.13528480000000004,-0.014157095827166177,-0.3975930829688477,1766,-0.3636083376051364,-0.03560699728841967,0.10609787447503947,25,0.24,2.513370404982201,53.16
20,3.5,20,100,0.04524947999999998,0.0043505845960383205,-0.34424862201297796,1766,-0.24899351095453942,0.012637914338185226,0.0875739050110368,18,0.3333333333333333,1.9225166698789298,53.611111111111114
20,4.0,5,30,-0.29137397,-0.03322142330096989,-0.4524805387592085,2064,-0.3710113874970487,-0.07342066775306984,0.14389833349414927,35,0.34285714285714286,1.4792698497327177,66.82857142857142
20,4.0,5,60,-0.15587384999999998,-0.0164847396360438,-0.34639407536022476,1766,-0.30560692640055576,-0.04758955423501647,0.12629192546008206,27,0.37037037037037035,1.4072273223002234,70.07407407407408
20,4.0,5,100,-0.30490522999999997,-0.03504806682806516,-0.5021045730729711,1766,-0.5125630545849283,-0.06980232546691346,0.11509947415806443,23,0.34782608695652173,1.1478497028859858,67.08695652173913
20,4.0,10,30,-0.36539265000000004,-0.043627228382391414,-0.4859841764131963,2064,-0.4799107968352965,-0.08977088246860618,0.13605177017709313,34,0.3235294117647059,1.4060663782021134,64.38235294117646
20,4.0,10,60,-0.21510593000000006,-0.023478661637671427,-0.4831239824047141,1766,-0.38334876631946396,-0.048597590872653675,0.12099118360261926,25,0.4,1.1416464184454893,69.36
20,4.0,10,100,-0.16612754000000005,-0.017663108419424534,-0.4728995076920563,1766,-0.40355689378570453,-0.037350659351767464,0.10483301492183536,20,0.35,1.351002770995089,67.2
20,4.0,20,30,-0.37215861,-0.04463227259679481,-0.48662667290277456,2064,-0.5175126446137754,-0.09171768643621411,0.1298113157861878,34,0.29411764705882354,1.5988129307077459,59.55882352941177
20,4.0,20,60,-0.25201623,-0.028081720889724382,-0.43909816633957105,1766,-0.4537112636974922,-0.06395317275820217,0.11438180620839546,25,0.24,2.2033465515565474,63.04
20,4.0,20,100,0.058119639999999896,0.005556970737545797,-0.3153299967544706,1766,-0.21206234883627736,0.01762271523401147,0.0943229218243556,17,0.35294117647058826,1.8290343372541382,68.0
20,5.0,5,30,-0.23740568999999995,-0.026235664609508214,-0.4583475761755768,2064,-0.3011182099177964,-0.05723967131759906,0.15030411206208344,26,0.34615384615384615,1.6160898803093329,103.3076923076923
20,5.0,5,60,-0.04395877000000002,-0.004399971780002843,-0.364446978223172,1323,-0.19075632224988975,-0.012073009361895395,0.13347254806682837,19,0.3157894736842105,2.1619825173902423,116.42105263157895
20,5.0,5,100,-0.20708959999999998,-0.022504814539849538,-0.5255930713477186,1323,-0.3384793131838032,-0.04281794370337303,0.1305602084244892,19,0.2631578947368421,2.2526285381057454,113.89473684210526
20,5.0,10,30,-0.31202961,-0.03602274437182029,-0.5091205210582473,2064,-0.3920610284707525,-0.0707548466067409,0.14365821294825853,26,0.2692307692307692,2.065583400064765,99.0
20,5.0,10,60,-0.09872143999999994,-0.010144036404101442,-0.4673408337442153,1323,-0.24584902387485827,-0.021705863625975104,0.12930269544410114,18,0.2777777777777778,2.4267613309081697,117.11111111111111
20,5.0,10,100,-0.14968388,-0.01577961340593448,-0.5110259753434961,1323,-0.2999544666854504,-0.030878300061612136,0.1263146010614267,18,0.2777777777777778,2.2275157126992924,112.27777777777777
20,5.0,20,30,-0.24610418999999994,-0.02733084461111035,-0.4493012758399901,2108,-0.3445077315736146,-0.06082966170085771,0.1392577402823446,25,0.28,2.0957244037789544,98.48
20,5.0,20,60,-0.08168790000000002,-0.00832441428190589,-0.43437861509847914,1323,-0.2476048583831945,-0.019163959717534988,0.12382569136597207,18,0.2777777777777778,2.428704631562474,111.11111111111111
20,5.0,20,100,0.11850194999999995,0.01104598044028049,-0.379494945450251,1323,-0.10172411124265408,0.029107055502873718,0.11809741175603637,15,0.4,1.797153378782644,122.73333333333333
20,6.0,5,30,-0.22011487,-0.024091725979290435,-0.5342827558585942,2064,-0.253011331336673,-0.04509171541682072,0.1625220778269269,17,0.29411764705882354,1.9243990843412306,182.23529411764707
20,6.0,5,60,-0.22314663,-0.024464522774703235,-0.5601718069021345,1323,-0.297504410195947,-0.043673248944814065,0.14735085561965025,15,0.3333333333333333,1.445207237020904,174.2
20,6.0,5,100,-0.4071216899999999,-0.04998690436902686,-0.6379877087572998,1323,-0.5016513527743754,-0.07835088933984877,0.1418060442437596,16,0.3125,1.3077338681583195,157.0
20,6.0,10,30,-0.29299925,-0.033439156249142066,-0.5793215773942294,2064,-0.3285424428742652,-0.05772123386038953,0.1570627511482128,17,0.29411764705882354,1.7078733222805367,177.47058823529412
20,6.0,10,60,-0.29634113,-0.03388827805277195,-0.6119864158214937,1323,-0.3900446973074281,-0.0553742324611607,0.13997170216994395,15,0.3333333333333333,1.3841168921043048,165.6
20,6.0,10,100,-0.30246876,-0.03471680327407434,-0.6291103190254117,1323,-0.41232514145842153,-0.055183967301404284,0.1358781453049717,15,0.3333333333333333,1.3553685748603839,154.26666666666668
20,6.0,20,30,-0.29875584,-0.03421399445059481,-0.5827468498102016,2064,-0.3435089330553188,-0.05871159056756493,0.15395779595335693,17,0.35294117647058826,1.326133360829173,174.1764705882353
20,6.0,20,60,-0.24775037,-0.027539387601962617,-0.5849610767509742,1323,-0.3602691222990155,-0.04707900866656553,0.1352167806305428,15,0.3333333333333333,1.4557113769578387,159.93333333333334
20,6.0,20,100,-0.10544028000000003,-0.01087032322018755,-0.5540950605864308,1323,-0.2530961006983202,-0.01961815578843612,0.12872862875747432,13,0.38461538461538464,1.3922177919884957,167.23076923076923
22,1.5,5,30,-0.43694287,-0.05478407127856755,-0.44610096934821997,2536,-1.0422236499153865,-0.12280643854822897,0.0797840546198605,62,0.27419354838709675,1.0236640429872412,11.451612903225806
22,1.5,5,60,-0.26655254000000006,-0.029950959911230868,-0.28656344351489893,2519,-1.0268484151974557,-0.10451772753656789,0.05722774937945062,37,0.24324324324324326,0.7023164562946154,10.324324324324325
22,1.5,5,100,-0.24859481999999994,-0.027646524820117646,-0.2906946126643049,1718,-1.1282374796587318,-0.09510504706891126,0.050304842597657065,32,0.28125,0.6535281339779977,9.8125
22,1.5,10,30,-0.2992912,-0.034286345289462505,-0.3435677611167158,2064,-0.8891335060183119,-0.0997950016556264,0.07019281838982593,49,0.2857142857142857,1.1216513656226585,12.816326530612244
22,1.5,10,60,-0.25202272,-0.02808254810854771,-0.3390576825105869,1811,-1.1414600913537993,-0.0828252818240473,0.05012299110772064,27,0.2962962962962963,0.5634750636146381,11.148148148148149
22,1.5,10,100,-0.17413120999999995,-0.018592018382338704,-0.2530857505121027,1718,-1.121034873069414,-0.07346134005853334,0.04268600736026933,26,0.2692307692307692,0.7625765846121789,10.192307692307692
22,1.5,20,30,-0.43336363,-0.054196359913469716,-0.4660222652710151,2518,-1.3747855032362493,-0.11629564497728846,0.06098858862903255,50,0.24,0.7925011314465863,9.64
22,1.5,20,60,-0.34011930000000007,-0.039956555366907565,-0.3496956930025538,2440,-1.8197205714891118,-0.11426093076478286,0.038484913787437194,28,0.07142857142857142,0.2787644581845317,6.392857142857143
22,1.5,20,100,-0.13550843000000004,-0.014182108020486361,-0.18002784413149445,2293,-1.5880827690630408,-0.07877730297168689,0.02764619329165689,19,0.10526315789473684,0.3666547139992298,6.894736842105263
22,2.0,5,30,-0.32886035999999996,-0.0383619952189469,-0.3495562873931393,2064,-0.6491521974045382,-0.10974482966687964,0.0989425065590478,60,0.3,1.4468512599640473,17.2
22,2.0,5,60,-0.16609934999999998,-0.01765985090974309,-0.26910746965324134,1468,-0.6126355697399938,-0.06562378566636856,0.07363360506909503,36,0.19444444444444445,2.241800109455644,15.13888888888889
22,2.0,5,100,-0.19438295999999997,-0.020979218606176797,-0.3099314027228544,1468,-0.702161586535552,-0.06768987724982728,0.06947712038625085,32,0.3125,1.143211440077628,15.71875
22,2.0,10,30,-0.19320481000000006,-0.020838868077796224,-0.2781554734906505,2064,-0.5381294944682843,-0.07491805865361363,0.08772435830446286,49,0.32653061224489793,1.4079313059956386,18.897959183673468
22,2.0,10,60,-0.24446443999999995,-0.02712352408844354,-0.4005357430380492,1797,-0.8739069403679179,-0.06771811145420528,0.06347772882237622,26,0.3076923076923077,0.8409761338794057,17.73076923076923
22,2.0,10,100,-0.10756795999999996,-0.011101344991244488,-0.28905194825272995,1468,-0.627788022519457,-0.03840605489203667,0.06247066649714794,26,0.2692307692307692,1.4759478243421038,15.73076923076923
22,2.0,20,30,-0.49707014,-0.06519705046328883,-0.5301851851990521,2501,-1.310850435928969,-0.12297033618321743,0.07231523992599062,50,0.22,1.0393169047207087,13.4
22,2.0,20,60,-0.33983501,-0.03991599152137826,-0.4087720539648935,1797,-1.3285093615148804,-0.09764853329431947,0.05221865864487446,28,0.07142857142857142,2.3367567897281063,11.142857142857142
22,2.0,20,100,-0.03902705000000005,-0.00389735732192531,-0.2415552242899255,1468,-0.592195146477479,-0.016134436062734563,0.05474001454359071,19,0.15789473684210525,2.903626605715616,13.263157894736842
22,2.5,5,30,-0.41699177000000004,-0.051550066177782905,-0.42830118903823783,2064,-0.6719143707056467,-0.1203593814286157,0.11375683307913763,56,0.30357142857142855,1.2428065186258137,25.571428571428573
22,2.5,5,60,-0.31405543,-0.03630155653938272,-0.3304949169197277,2501,-0.7202010688697807,-0.1098399844624534,0.08763094098235684,35,0.2,1.660795314442306,23.8
22,2.5,5,100,-0.31487218000000006,-0.03641417537210101,-0.3854080340001671,1468,-0.8784082047359806,-0.09448213882351301,0.07331391906737862,31,0.2903225806451613,1.0391072373802992,20.387096774193548
22,2.5,10,30,-0.35426209999999997,-0.04199468580489529,-0.41300657025499476,2064,-0.6515551381396278,-0.10168043035966066,0.10360386539394481,49,0.30612244897959184,1.1936959378176062,26.448979591836736
22,2.5,10,60,-0.36091949,-0.04296805984917906,-0.4760551785356534,1797,-0.9193913176921767,-0.09025857040637368,0.07712296375964503,26,0.2692307692307692,0.7743187316464558,26.96153846153846
22,2.5,10,100,-0.22102967000000004,-0.02420407538766034,-0.348329691664529,1468,-0.7884202449918523,-0.06948611033414549,0.06634128529419833,26,0.34615384615384615,0.8091012966562156,20.346153846153847
22,2.5,20,30,-0.54979455,-0.07529726057195552,-0.5790002477063388,2501,-1.1764451690634294,-0.13004702652587685,0.08866679253185333,47,0.19148936170212766,1.1190839097979444,20.617021276595743
22,2.5,20,60,-0.42669903000000003,-0.053110898066518475,-0.47833074895210054,1797,-1.2052420900101595,-0.11103383627933344,0.068216941705152,27,0.1111111111111111,1.513183633872845,20.22222222222222
22,2.5,20,100,-0.11675553000000002,-0.012104662748759876,-0.2809106883931282,1468,-0.6951048639369188,-0.0430907873886937,0.05825199098676717,19,0.15789473684210525,2.4015911868102946,19.105263157894736
22,3.0,5,30,-0.28953643000000007,-0.03297579644934523,-0.4118920207254539,2064,-0.46712926899059126,-0.08005932329367751,0.12043275758603889,46,0.34782608695652173,1.3349651449421522,38.54347826086956
22,3.0,5,60,-0.14032312,-0.014722033640733545,-0.24686583514642296,1335,-0.39551821595297804,-0.05963576787367721,0.10050784142641214,31,0.3225806451612903,1.5681891409902884,39.54838709677419
22,3.0,5,100,-0.19767659999999998,-0.021372567434625345,-0.37674540804031154,1468,-0.5939373821266379,-0.056729470296127654,0.0813097894540735,26,0.34615384615384615,1.0967221159518326,32.76923076923077
22,3.0,10,30,-0.27111617000000005,-0.030544695720991832,-0.4219050131768594,2064,-0.4948037237409986,-0.07239709121016707,0.11084177847333952,41,0.36585365853658536,1.1691322603107523,38.8780487804878
22,3.0,10,60,-0.12056098999999999,-0.012522992643328457,-0.3216014924040945,1797,-0.42121588771343815,-0.03893947304073213,0.09119668151331325,25,0.32,1.5439076234732192,39.92
22,3.0,10,100,-0.05700493000000005,-0.005740929122392213,-0.3196478807406948,1468,-0.4505782821849274,-0.01796016638398857,0.07339314723676532,21,0.38095238095238093,1.1650317051440242,34.142857142857146
22,3.0,20,30,-0.33783261,-0.039630725059080274,-0.44596671076469224,2064,-0.6255006972215534,-0.08886476076011611,0.10392849633929156,40,0.275,1.5975603686470152,33.4
22,3.0,20,60,-0.21429863000000002,-0.023380183296174417,-0.3311737679596548,1797,-0.5809190965780131,-0.07059793243957264,0.08596790961940906,25,0.28,1.488896474228808,34.32
22,3.0,20,100,-0.05329956999999995,-0.0053583787168415276,-0.2564283124841223,1468,-0.5074422890423861,-0.020896205512303995,0.06550125027365523,19,0.3157894736842105,1.4604663708772554,29.842105263157894
22,3.5,5,30,-0.27829662,-0.03148570678062623,-0.4467288027538035,2064,-0.3764313039746528,-0.07048058371552618,0.13891277544560843,39,0.3333333333333333,1.5505166604821439,55.17948717948718
22,3.5,5,60,-0.16678259999999998,-0.017738832191620757,-0.35561719873569075,1766,-0.33741192052179914,-0.04988181745620516,0.12032142905758543,30,0.3333333333333333,1.6093127402599816,55.333333333333336
22,3.5,5,100,-0.24796039,-0.027566023160763176,-0.47313954479453096,1766,-0.4819897784546783,-0.058261930257244084,0.1080015958598483,25,0.36,1.1559478936112093,52.72
22,3.5,10,30,-0.28836230000000007,-0.0328191485018855,-0.4613665615971628,2064,-0.42380344828353006,-0.07113464917845776,0.1295656856445585,36,0.3055555555555556,1.6538565979521416,54.666666666666664
22,3.5,10,60,-0.09261421999999997,-0.009488088221975555,-0.44487668153206117,1766,-0.29210833415866705,-0.021327456834331227,0.11318942140577737,25,0.44,1.1070977673832043,59.48
22,3.5,10,100,-0.052404099999999974,-0.005266130845284822,-0.41924936781728106,1766,-0.3161072334280364,-0.012560855780657798,0.09672320209230552,20,0.4,1.266388871747248,56.65
22,3.5,20,30,-0.32864480000000007,-0.03833170234729821,-0.4913844385534443,2064,-0.4994609702637616,-0.07800756259221496,0.12304285858672916,37,0.2702702702702703,1.8635334191859827,48.5945945945946
22,3.5,20,60,-0.13528480000000004,-0.014157095827166177,-0.3975930829688477,1766,-0.3636083376051364,-0.03560699728841967,0.10609787447503947,25,0.24,2.513370404982201,53.16
22,3.5,20,100,0.04524947999999998,0.0043505845960383205,-0.34424862201297796,1766,-0.24899351095453942,0.012637914338185226,0.0875739050110368,18,0.3333333333333333,1.9225166698789298,53.611111111111114
22,4.0,5,30,-0.35111993999999996,-0.04153841227716959,-0.47327090863588,2064,-0.4374413907686096,-0.08776878426121044,0.1423145542687128,36,0.3333333333333333,1.4354797632133187,64.08333333333333
22,4.0,5,60,-0.17838859999999998,-0.01908944627549869,-0.3818246680031937,1766,-0.337962685181321,-0.04999531951492201,0.12319394182454575,27,0.37037037037037035,1.3617413118973183,68.22222222222223
22,4.0,5,100,-0.32581305000000005,-0.037934566002756354,-0.5081854369335096,1766,-0.5613678060029252,-0.0746470938475942,0.11121426725656752,24,0.3333333333333333,1.1662481043617587,60.75
22,4.0,10,30,-0.38510149,-0.046582385528172066,-0.5019478336858814,2064,-0.5174438433275458,-0.09280324050033313,0.1329670283491168,34,0.3235294117647059,1.3572059546771338,62.35294117647059
22,4.0,10,60,-0.22469193999999995,-0.024655045137533027,-0.4894366544923541,1766,-0.4091781921164784,-0.05037433324871295,0.1173601367888951,25,0.4,1.1150078484255532,66.56
22,4.0,10,100,-0.17631174,-0.018846498984669946,-0.4793370503934694,1766,-0.4367429684265501,-0.03931784319446948,0.10062082244866913,20,0.35,1.3096132495633166,63.7
22,4.0,20,30,-0.42021943000000006,-0.052066423870532175,-0.5259250418770507,2064,-0.5884806326587864,-0.09899970475774401,0.12785814638083234,35,0.2857142857142857,1.5547766038044928,56.8
22,4.0,20,60,-0.26115145999999995,-0.029252560540185657,-0.4459485352761115,1766,-0.4843388660647978,-0.0655962700316389,0.110533529389566,25,0.24,2.1466142934787817,60.24
22,4.0,20,100,0.04519668000000005,0.004345607848287747,-0.3236919611613238,1766,-0.2414836439922646,0.013425133675537753,0.0896197111335579,17,0.35294117647058826,1.7728398446589333,63.88235294117647
22,5.0,5,30,-0.22035395999999996,-0.024121077881866237,-0.4583475761755768,2064,-0.2874491031917385,-0.05262617091407134,0.1500437661476483,26,0.34615384615384615,1.6515996392778056,102.76923076923077
22,5.0,5,60,-0.023942819999999948,-0.00237436445410788,-0.3511408575531911,1323,-0.17620647369708795,-0.006761857536752782,0.13318213555558894,19,0.3157894736842105,2.2183228447803347,115.94736842105263
22,5.0,5,100,-0.20278805000000005,-0.021985904826011926,-0.5115186086340657,1323,-0.33564042868151206,-0.04298163244680777,0.13021802192729098,20,0.25,2.419814073523309,106.85
22,5.0,10,30,-0.29664648,-0.03392941049986398,-0.49814437382464266,2064,-0.3779535634400457,-0.06811160033658806,0.14338645232562422,26,0.2692307692307692,2.1026345153019936,98.46153846153847
22,5.0,10,60,-0.07843508999999997,-0.00798039583683241,-0.45535152122436484,1323,-0.22984460278373545,-0.01752579153655718,0.12898685948570168,18,0.2777777777777778,2.4874690087706406,116.66666666666667
22,5.0,10,100,-0.12445714000000001,-0.012952986844597558,-0.4965193516044176,1323,-0.27825605416013244,-0.026087577055641818,0.1260022184075444,18,0.2777777777777778,2.299674608578893,111.55555555555556
22,5.0,20,30,-0.22913518999999993,-0.02520477097903484,-0.4369059161085436,2108,-0.32981820670295653,-0.05768924166449841,0.13896552217876879,25,0.28,2.1360292372804692,98.16
22,5.0,20,60,-0.07168494999999996,-0.007269978899943519,-0.4282174341669499,1323,-0.23908569471607535,-0.016977307133901418,0.12380417730553475,18,0.2777777777777778,2.461041390908452,110.88888888888889
22,5.0,20,100,0.12894707000000005,0.011968258882937288,-0.37370036727845035,1323,-0.0940120693901443,0.03202635033542672,0.11809222485351327,15,0.4,1.8241434524664877,122.4
22,6.0,5,30,-0.20387838,-0.02211719545145807,-0.5245869542131919,2064,-0.24146442541737,-0.04216116179372172,0.16214707188180386,18,0.3333333333333333,1.6339406591486108,167.0
22,6.0,5,60,-0.15444518000000004,-0.016321580697299054,-0.5006463525674362,1323,-0.2431587491035167,-0.03260101789136787,0.14655306726922984,15,0.3333333333333333,1.579692527093956,166.8
22,6.0,5,100,-0.43360441000000005,-0.05423579080680796,-0.644207797117282,2064,-0.5322089119348411,-0.08418990122364818,0.14201446411389534,17,0.29411764705882354,1.3450069712532142,144.41176470588235
22,6.0,10,30,-0.2585095600000001,-0.02891261889063268,-0.5587995813816796,2064,-0.30028782573025403,-0.05174058795667628,0.15653619888747117,18,0.3333333333333333,1.47733992639002,162.22222222222223
22,6.0,10,60,-0.23411268000000005,-0.025823998060342745,-0.563319312576019,1766,-0.33344380678921925,-0.04584255764683701,0.1391341271591299,15,0.3333333333333333,1.4850168697927424,158.2
22,6.0,10,100,-0.32960419999999996,-0.03846659525959795,-0.628178222881529,1323,-0.4401946266812253,-0.06123516202638648,0.13604638754712464,16,0.3125,1.4060228790663574,140.75
22,6.0,20,30,-0.22913733999999997,-0.025205037671420905,-0.5413225660219092,2064,-0.2856551929554542,-0.04656195631497241,0.15308354257950893,17,0.35294117647058826,1.4400971295119813,167.1764705882353
22,6.0,20,60,-0.18122476,-0.019422111284641663,-0.5287905436238121,1323,-0.301549293721409,-0.036729309021945725,0.13434814071712553,15,0.3333333333333333,1.572967367550684,152.53333333333333
22,6.0,20,100,-0.0025995699999999487,-0.0002552981169905433,-0.49374719582612525,1323,-0.17334841757290603,-0.00051706241402219,0.1273546386804513,13,0.38461538461538464,1.5900312442565705,158.76923076923077
30,1.5,5,30,-0.42429544999999996,-0.052722218446206615,-0.43696898133602463,2536,-1.1598047412131998,-0.12065437296031722,0.07042654066447838,64,0.203125,1.2904956223448054,8.59375
30,1.5,5,60,-0.29712227,-0.03399353433088814,-0.3162991316709169,2519,-1.1530989817865407,-0.10747273997026209,0.0547055486498741,37,0.1891891891891892,0.4392001909358509,9.297297297297296
30,1.5,5,100,-0.27101548999999997,-0.030531560963211746,-0.29937741389608497,2519,-1.2629886695178487,-0.10198351494147573,0.047401464196134696,32,0.25,0.6583427441374666,9.3125
30,1.5,10,30,-0.29244818000000006,-0.033365280835644606,-0.3429377544107867,2115,-1.0881522538519754,-0.09729252730709297,0.05724185702761559,49,0.1836734693877551,1.5430122624730882,9.877551020408163
30,1.5,10,60,-0.24840431999999996,-0.02762234618642745,-0.3296076754274934,1811,-1.1665383563460634,-0.08380371042816863,0.048700126692530085,27,0.2222222222222222,0.6781559972326043,10.222222222222221
30,1.5,10,100,-0.20148711,-0.021829465608301235,-0.2732161178972722,1718,-1.2237938362624607,-0.07989816185188972,0.04183104227313373,26,0.23076923076923078,0.7361474487865697,9.923076923076923
30,1.5,20,30,-0.42499626,-0.05283539408133775,-0.45813714896260554,2518,-1.4179980026429175,-0.1153265876844454,0.05823251917561835,50,0.24,0.8008266392833558,8.82
30,1.5,20,60,-0.34712566000000006,-0.04096127027419272,-0.3566003785056144,2440,-1.829984988953754,-0.11486603139863974,0.03883375898645234,28,0.07142857142857142,0.27384877463857027,6.785714285714286
30,1.5,20,100,-0.13550843000000004,-0.014182108020486361,-0.18002784413149445,2293,-1.5880827690630408,-0.07877730297168689,0.02764619329165689,19,0.10526315789473684,0.3666547139992298,6.894736842105263
30,2.0,5,30,-0.41311837,-0.0509337964177653,-0.4352379767519089,2064,-0.9059633610869645,-0.11702516585954585,0.08667155205802508,64,0.25,1.3931648970747563,12.890625
30,2.0,5,60,-0.20593228000000002,-0.0223649541536578,-0.30894138865965853,1468,-0.682446704322188,-0.07239222381529423,0.07318391850925787,37,0.16216216216216217,2.5403322104100936,14.567567567567568
30,2.0,5,100,-0.17341240000000002,-0.01850826185161336,-0.3002520853327403,1468,-0.6976795029682956,-0.061642409014753215,0.06659117408316448,32,0.28125,1.349686355482806,14.65625
30,2.0,10,30,-0.11876787,-0.012325674022841238,-0.2750892874067075,1468,-0.4790032890353105,-0.04480608510435474,0.08157732208218427,49,0.30612244897959184,1.6505207586098527,16.918367346938776
30,2.0,10,60,-0.25461543999999997,-0.028413536572010623,-0.4127717889341132,1797,-0.9197180394917329,-0.06883594599665338,0.06186935450516203,27,0.25925925925925924,1.0052519314669015,16.666666666666668
30,2.0,10,100,-0.11373767000000004,-0.011774066973632924,-0.28544549016946363,1468,-0.6348839941026411,-0.04124803992048668,0.06281022034821282,26,0.2692307692307692,1.4670791882835,16.115384615384617
30,2.0,20,30,-0.48563961,-0.06313402278486835,-0.5195072860333536,2501,-1.2849484431838023,-0.1215267321213566,0.0720699039861688,50,0.22,1.0768665836799818,12.72
30,2.0,20,60,-0.33571176,-0.03932943111558096,-0.40928614387422285,1797,-1.3154107018671637,-0.09609275003374468,0.052272288532575865,28,0.07142857142857142,2.360248782043087,11.535714285714286
30,2.0,20,100,0.012138599999999977,0.001184239209466087,-0.20711116768827834,1468,-0.51821527677563,0.005717891616778858,0.052929516202226294,19,0.15789473684210525,3.365033405929724,13.578947368421053
30,2.5,5,30,-0.42561740000000003,-0.05293580764483252,-0.4656564348571468,2064,-0.7682392746067284,-0.11367996591966364,0.10294667801811862,61,0.29508196721311475,1.1500357117579152,21.557377049180328
30,2.5,5,60,-0.23882167000000004,-0.026413172548861108,-0.3657871582661085,1468,-0.6388032756537668,-0.07220913023317686,0.08342127357500728,36,0.25,1.5594179401025403,24.166666666666668
30,2.5,5,100,-0.27395981999999997,-0.030916357024710295,-0.37177798598226663,1468,-0.8366038563602423,-0.08315811637697389,0.07042373844759128,31,0.25806451612903225,1.270828541452293,19.225806451612904
30,2.5,10,30,-0.13600020999999995,-0.01423713233856383,-0.31122766884899367,1335,-0.41432065181661115,-0.04574507270261895,0.09591365400609726,48,0.3125,1.5790769279187604,25.270833333333332
30,2.5,10,60,-0.31417613,-0.03631819182667684,-0.4377330248298128,1797,-0.9080232585554042,-0.0829688183586264,0.07099167481520234,27,0.25925925925925924,0.8907736402072831,25.14814814814815
30,2.5,10,100,-0.20813042000000004,-0.022630753410895155,-0.3475297568723669,1468,-0.7627136389046368,-0.0651188940324511,0.06645516084834077,26,0.34615384615384615,0.83072912941463,20.615384615384617
30,2.5,20,30,-0.4990105,-0.06555144595985574,-0.5315106630914486,2501,-1.1173217456091562,-0.12333044379314238,0.08433547919613119,47,0.2127659574468085,1.079773197503961,20.425531914893618
30,2.5,20,60,-0.35710736,-0.04240957730355499,-0.41500653284170747,1797,-1.1642073197300025,-0.10219014388318298,0.06137442458520663,27,0.1111111111111111,1.7465752939860788,19.962962962962962
30,2.5,20,100,-0.09329613,-0.009561131197328598,-0.26412486741158453,1468,-0.6519403173107028,-0.036199284418114,0.058171164773023545,19,0.15789473684210525,2.5431444028775143,19.42105263157895
30,3.0,5,30,-0.48605521999999995,-0.06320830599693683,-0.5567222719023015,2064,-0.7595450469923116,-0.11353651396226012,0.116458649833773,53,0.2641509433962264,1.3426946985926598,30.67924528301887
30,3.0,5,60,-0.25727431000000006,-0.028754049990369013,-0.3221997236860806,1335,-0.5242705878927182,-0.08924293808018316,0.10271053671503322,31,0.25806451612903225,1.727963836244427,38.38709677419355
30,3.0,5,100,-0.25301681000000004,-0.028209331844437968,-0.4109277158983732,1468,-0.6755297874991137,-0.06864791726877444,0.08177467933590331,28,0.32142857142857145,1.0956248001571385,29.071428571428573
30,3.0,10,30,-0.28271767000000003,-0.032069302233898256,-0.4028793481012342,2064,-0.518516348847894,-0.07960026341643103,0.1091286482486717,44,0.29545454545454547,1.5102662606035808,33.72727272727273
30,3.0,10,60,-0.20389518999999995,-0.022119220874174728,-0.3762883239123651,1797,-0.4990743402340735,-0.05878263945103473,0.09565092678914758,25,0.32,1.3275429502642384,41.76
30,3.0,10,100,-0.17428642000000005,-0.01861011225277942,-0.3769782808115132,1468,-0.5868855899994022,-0.04936653701300198,0.07791812366121172,22,0.3181818181818182,1.2119139920331223,33.5
30,3.0,20,30,-0.39014581000000004,-0.04735245664603893,-0.4817628386878663,2064,-0.6808622028700871,-0.0982899734961055,0.10684584719656127,41,0.2682926829268293,1.5142920846994106,33.36585365853659
30,3.0,20,60,-0.25242753,-0.02813415820371845,-0.36615555082802564,1335,-0.613172016089527,-0.07683662896846914,0.08894334850625844,25,0.24,1.689126105833578,35.8
30,3.0,20,100,-0.13388215000000003,-0.014000347504317112,-0.32540983053987504,1468,-0.5820974090355449,-0.043023738653161364,0.07135954397352252,19,0.3157894736842105,1.220675415560447,32.10526315789474
30,3.5,5,30,-0.27705289,-0.03132211082182257,-0.39022882203991593,2064,-0.40808127483815254,-0.08026601074232972,0.13052948522862706,48,0.2916666666666667,1.79550513128468,41.333333333333336
30,3.5,5,60,-0.17046572999999998,-0.018165597797625832,-0.3068497036481936,1766,-0.3613506518899555,-0.05920031071124279,0.11525085942004307,30,0.3333333333333333,1.5105503009654122,51.3
30,3.5,5,100,-0.16178087,-0.01716199593792289,-0.3937288388871779,1766,-0.45757098810650626,-0.0435883639776781,0.09374803536238704,26,0.38461538461538464,1.079919311479963,41.53846153846154
30,3.5,10,30,-0.22919795999999995,-0.02521255743241102,-0.3949291950532007,2064,-0.3911264928371705,-0.06384070296199462,0.12263651625646647,40,0.3,1.70963180919251,45.8
30,3.5,10,60,-0.10756347999999998,-0.011100858034820305,-0.4028644197939495,1766,-0.32717903433226,-0.027554823631478775,0.10788012259670947,25,0.44,1.02471824648586,54.68
30,3.5,10,100,-0.044893619999999995,-0.0044955102384208745,-0.359798967246358,1766,-0.33826066642530306,-0.012494505675839677,0.0900045880570043,20,0.4,1.1979480664137279,50.1
30,3.5,20,30,-0.38020954,-0.04584099826901544,-0.495850603506612,2064,-0.5805571703111077,-0.09244921342201043,0.12000773469304585,38,0.2631578947368421,1.6989996204588143,44.026315789473685
30,3.5,20,60,-0.19360914,-0.02088701421370598,-0.385586768505883,1766,-0.4420724897437196,-0.0541694267535202,0.1034231058424834,25,0.24,2.15937367124711,48.8
30,3.5,20,100,-0.025385550000000045,-0.0025191094302355888,-0.3312709293830882,1766,-0.3454222499881862,-0.007604378189558677,0.08393957556919435,18,0.3333333333333333,1.6166484478079883,47.77777777777778
30,4.0,5,30,-0.3218983,-0.037388015599840285,-0.4143901167879627,2064,-0.42073738246444053,-0.09022419716387971,0.1388530447847575,39,0.3076923076923077,1.6509795535107885,58.56410256410256
30,4.0,5,60,-0.13369388000000001,-0.013979325468873371,-0.3258876478515765,1766,-0.30554417495866504,-0.042896150133435465,0.12038921430711928,28,0.35714285714285715,1.5075019180757467,65.25
30,4.0,5,100,-0.16844001,-0.017930665901146448,-0.42998750448700424,1766,-0.396854926717489,-0.041700434812724604,0.10671418125485711,24,0.3333333333333333,1.4486811718905894,58.958333333333336
30,4.0,10,30,-0.33719979000000005,-0.039540733866467725,-0.4657898056508081,2064,-0.47129733632546794,-0.0848896506251803,0.13094448335882605,34,0.3235294117647059,1.4285878072608615,62.61764705882353
30,4.0,10,60,-0.158716,-0.016810064681570758,-0.4432371585138771,1766,-0.3522882917894277,-0.0379256665617408,0.11451857756533637,25,0.4,1.2027037893255599,66.6
30,4.0,10,100,-0.07141363,-0.007241521397911677,-0.41011360014724074,1766,-0.3371570520626565,-0.017657354926322352,0.09664259120447365,20,0.35,1.5259092494841078,62.5
30,4.0,20,30,-0.41450244999999997,-0.051153585413863056,-0.5201643763462879,2064,-0.5792440497057515,-0.09834119316892377,0.1281648788249961,35,0.2571428571428571,1.8023719113927434,57.457142857142856
30,4.0,20,60,-0.24888578000000003,-0.02768346470677785,-0.43395240518780565,1766,-0.4708170311297388,-0.06379378101337407,0.11032732542797737,25,0.24,2.1772416323685424,60.84
30,4.0,20,100,0.033297900000000026,0.0032182441638055614,-0.32806950077679575,1766,-0.25354546828519997,0.009809641421057043,0.08974255683469437,17,0.35294117647058826,1.7398747028219304,64.82352941176471
30,5.0,5,30,-0.30993382999999997,-0.03573508184081409,-0.49469483297806865,2064,-0.3708743045349421,-0.07223661833233325,0.14899306552735167,30,0.3333333333333333,1.5724111291303784,86.66666666666667
30,5.0,5,60,-0.14445254000000005,-0.015187289240847668,-0.38774493061149673,1323,-0.27570688455761144,-0.03916824706617418,0.13238443911640257,22,0.2727272727272727,2.329749200370669,97.72727272727273
30,5.0,5,100,-0.17427638,-0.01860894172986627,-0.5053897384295949,1323,-0.32188526521611166,-0.03682097263725637,0.12654373896888627,21,0.19047619047619047,3.5020509735906065,92.47619047619048
30,5.0,10,30,-0.37236658999999994,-0.044663321303827,-0.5368332513745484,2064,-0.4616897890414418,-0.08319775496295667,0.14200357828301757,29,0.27586206896551724,1.8315573152010138,85.44827586206897
30,5.0,10,60,-0.20352427,-0.022074537998197474,-0.488735892854863,1766,-0.34361476102368066,-0.04516659881322205,0.12821024297481387,21,0.19047619047619047,3.434611574178742,97.14285714285714
30,5.0,10,100,-0.18710455000000004,-0.020115100067134795,-0.4902022833020967,1323,-0.3463090970932386,-0.04103428472759372,0.12325774914876798,19,0.21052631578947367,3.0102738804363427,97.0
30,5.0,20,30,-0.34870468999999993,-0.041189046033928034,-0.5040367086096377,2108,-0.45540433295124744,-0.08171834576800198,0.13741329062299945,28,0.25,2.1384503485888597,83.96428571428571
30,5.0,20,60,-0.23408339,-0.02582034362008967,-0.4637304914079872,1766,-0.3959725444124421,-0.05567963310260979,0.12272003874543377,21,0.23809523809523808,2.4060663547562777,90.66666666666667
30,5.0,20,100,0.030391180000000052,0.0029410646867849,-0.3573199750032989,1323,-0.17783010914048705,0.00823089917309478,0.11490799796714105,16,0.375,1.7440469104373284,103.9375
30,6.0,5,30,-0.26159379000000005,-0.02930958365590164,-0.5165186792177628,2108,-0.3000044512400697,-0.05674447960002004,0.15755584509351894,22,0.36363636363636365,1.4213544942453276,130.22727272727272
30,6.0,5,60,-0.10488025,-0.01080959800738901,-0.4391373115335161,1323,-0.22515232354244566,-0.024615530777015275,0.13855905940069005,17,0.29411764705882354,2.177375849371169,136.2941176470588
30,6.0,5,100,-0.29786279000000004,-0.03409341464578686,-0.5811302687601603,1323,-0.4122962791655079,-0.05866742188205935,0.134701370353938,19,0.2631578947368421,1.9424572986938426,116.89473684210526
30,6.0,10,30,-0.31569935,-0.036528354462261325,-0.5514397230499022,2108,-0.3672471807265584,-0.06624179023634777,0.1515295023099115,22,0.2727272727272727,1.962488216905694,125.5909090909091
30,6.0,10,60,-0.13685119999999995,-0.014332414738294386,-0.5095301579784922,1766,-0.2632321813503526,-0.028128687799671655,0.13426989030884062,16,0.3125,1.9275594158678981,139.5625
30,6.0,10,100,-0.22595895999999996,-0.024811512628777788,-0.5682684994057383,1323,-0.3557148058128645,-0.043661601258426615,0.13074250930644027,17,0.29411764705882354,1.8184743547321471,123.47058823529412
30,6.0,20,30,-0.28920632999999996,-0.03293173218611656,-0.5279856321124029,2108,-0.3517092718734384,-0.06237240217003807,0.14879672256386894,21,0.2857142857142857,1.8933211470437743,127.9047619047619
30,6.0,20,60,-0.11773673999999999,-0.012212370281780793,-0.47676051466278985,1323,-0.261255557333811,-0.025615313991383153,0.12951511666104565,16,0.3125,1.9376066796736116,134.0625
30,6.0,20,100,0.06908287000000012,0.006574217288583872,-0.44716785919049157,1323,-0.1292472607189106,0.01470190031207785,0.12271224507122099,14,0.35714285714285715,2.006356566187848,137.64285714285714
40,1.5,5,30,-0.4088375,-0.05025694997742347,-0.4191140324218726,2115,-1.218046861682216,-0.11991235341611214,0.06521877686562212,64,0.140625,1.65608004598822,6.59375
40,1.5,5,60,-0.25654858999999997,-0.028661000281819615,-0.2768324422927745,2519,-1.1294326126395435,-0.10353194172057371,0.05114595216076281,37,0.16216216216216217,0.5677207694743943,8.0
40,1.5,5,100,-0.21164724,-0.023057394771559547,-0.2905982791753514,1804,-1.0240280569512072,-0.07934456747985891,0.05080890247474028,32,0.1875,1.5618950243447498,8.21875
40,1.5,10,30,-0.30965137,-0.03569637222422517,-0.31233806981877393,2527,-1.2436429400121252,-0.11428761228158023,0.05224526228192193,49,0.14285714285714285,1.7649876608684865,7.612244897959184
40,1.5,10,60,-0.30183738,-0.03463113083471492,-0.32977489171377744,2518,-1.3740663485889162,-0.10501445593611906,0.04667832257591137,27,0.14814814814814814,0.448739878580771,8.444444444444445
40,1.5,10,100,-0.14129776000000002,-0.014831662862542228,-0.2684852404295774,1804,-0.9954107966397209,-0.055242004509490024,0.04417459497582237,26,0.19230769230769232,1.6049058358521275,8.5
40,1.5,20,30,-0.48269809999999996,-0.06260982000312088,-0.486150811940708,2346,-1.8986922857129989,-0.12878682595053836,0.04920652117467649,50,0.16,0.5710087073647422,6.28
40,1.5,20,60,-0.26148817,-0.029295964819928577,-0.34591408071037183,1804,-1.265578814187957,-0.08469144927482038,0.0463536632477443,28,0.10714285714285714,1.8939869295106693,8.321428571428571
40,1.5,20,100,-0.05836828000000003,-0.005882025951671643,-0.1851290436280614,1804,-0.9885154564567237,-0.03177257245215985,0.03568373729245959,19,0.15789473684210525,1.6971480922440478,7.473684210526316
40,2.0,5,30,-0.34173564,-0.040187482419868026,-0.3820753236402197,2108,-0.8699331659307551,-0.1051820935123004,0.07813566053434756,64,0.171875,2.1045912455445603,8.921875
40,2.0,5,60,-0.29568902,-0.033800488860960876,-0.3125686733506265,2501,-0.9542917652039072,-0.10813780056277392,0.06523413440468655,37,0.13513513513513514,1.6850968242650632,12.35135135135135
40,2.0,5,100,-0.1833499,-0.019672059614580406,-0.30883207638141125,1468,-0.7130778702407079,-0.06369823965527849,0.06679752564459089,32,0.25,1.4877757520062511,13.53125
40,2.0,10,30,-0.24609,-0.027329048765654118,-0.2490240747059117,2527,-0.8409637620333382,-0.1097446052070617,0.06602365325750631,49,0.1836734693877551,1.8846599637668833,10.285714285714286
40,2.0,10,60,-0.27924615,-0.03161077594040518,-0.39027598516502965,1797,-0.984516848134334,-0.08099595450905965,0.061186807557547226,27,0.2222222222222222,1.0262608282708527,14.62962962962963
40,2.0,10,100,-0.13856414,-0.014524463879290406,-0.28610654681237835,1468,-0.6869275825750549,-0.05076592633448263,0.06216598168769119,26,0.23076923076923078,1.6001785671037243,14.692307692307692
40,2.0,20,30,-0.49762882,-0.0652989635296608,-0.5000309730468456,2527,-1.559641892299361,-0.1305898375290109,0.06131925331404685,50,0.14,1.3738460861236128,8.62
40,2.0,20,60,-0.35058121,-0.041460383404027135,-0.40448998084982446,1797,-1.3224970656470003,-0.10250039646697748,0.053616645341587575,28,0.07142857142857142,2.2829051947219994,11.714285714285714
40,2.0,20,100,-0.018486310000000054,-0.0018286676999217377,-0.20711116099923663,1468,-0.5584226203421732,-0.008829402003731116,0.05437523063533489,19,0.15789473684210525,3.0763872031687685,14.105263157894736
40,2.5,5,30,-0.51144114,-0.06785164845263059,-0.5250423737775434,2108,-1.0377156401525334,-0.12923080467668852,0.09246858752714357,62,0.1774193548387097,1.5773955652475846,13.080645161290322
40,2.5,5,60,-0.45381459999999996,-0.057600613105577736,-0.4669045948308502,2501,-1.0844200189045754,-0.1233669870532014,0.07942805602007601,35,0.11428571428571428,1.4357446389128834,20.17142857142857
40,2.5,5,100,-0.28756956999999994,-0.0327135172545453,-0.3648499894430267,1468,-0.8822087613374456,-0.08966292504074114,0.06899969711278967,32,0.25,1.237091260753645,15.9375
40,2.5,10,30,-0.34889523,-0.04121656517892136,-0.37645533512905827,2108,-0.8612670010132469,-0.10948593719568696,0.0799475787385248,48,0.20833333333333334,1.4770030825650307,15.3125
40,2.5,10,60,-0.43735989000000003,-0.05485276499053304,-0.5195189041464104,1797,-1.1292683662697587,-0.10558377097106456,0.0740560741622697,27,0.18518518518518517,0.8937791010322261,22.333333333333332
40,2.5,10,100,-0.24237204000000004,-0.026859561626598527,-0.34752976057446844,1468,-0.858518579263946,-0.0772870835067464,0.0642560854937667,26,0.3076923076923077,0.8791154669274485,17.115384615384617
40,2.5,20,30,-0.5706407299999999,-0.07958767384602561,-0.5721095224492843,2527,-1.4612187564891088,-0.13911265364942568,0.07531618647547439,49,0.12244897959183673,1.4415340953435076,13.0
40,2.5,20,60,-0.46291033,-0.05915175949132434,-0.5112803441578571,1797,-1.3354492120150867,-0.11569339632790836,0.06644606525423867,28,0.07142857142857142,1.8120162142858833,18.714285714285715
40,2.5,20,100,-0.0021016600000000325,-0.000206353030854034,-0.1901111889789831,1468,-0.495540167989415,-0.001085433382234259,0.057631029890729074,19,0.21052631578947367,2.5123570687820713,21.36842105263158
40,3.0,5,30,-0.35299641000000004,-0.04181065443423604,-0.4319591579175019,2064,-0.6235721390160366,-0.0967930732984281,0.1073281308513598,58,0.2413793103448276,1.8793161737159982,20.24137931034483
40,3.0,5,60,-0.25477331000000003,-0.028433723888494855,-0.287378391947367,1335,-0.5202090333954074,-0.09894176001131796,0.10284859921381623,33,0.2727272727272727,1.6062304739188262,35.27272727272727
40,3.0,5,100,-0.22510219999999995,-0.024705683914887144,-0.39094013047745513,1468,-0.6252841661296666,-0.06319556880669706,0.0824943207964304,29,0.3103448275862069,1.2250080151987506,26.724137931034484
40,3.0,10,30,-0.23368193000000004,-0.025770267156353555,-0.36907530616778345,1335,-0.5197326640954775,-0.06982387259644585,0.09850891659611948,45,0.26666666666666666,1.7505173026315057,23.68888888888889
40,3.0,10,60,-0.17089469999999995,-0.018215413764970267,-0.37322790866093897,1797,-0.44648269642674154,-0.048805068812574154,0.09757506237072625,26,0.38461538461538464,1.0895725226932642,43.26923076923077
40,3.0,10,100,-0.16975589000000002,-0.01808321561603421,-0.3626398527947456,1468,-0.583053819836397,-0.049865494585531175,0.07755788764853566,22,0.2727272727272727,1.517561644668115,31.545454545454547
40,3.0,20,30,-0.43526474,-0.05450810398331862,-0.4930275043181493,2064,-0.8702776318254434,-0.11055793744956001,0.09375786776041437,44,0.22727272727272727,1.506766531927822,23.113636363636363
40,3.0,20,60,-0.21741930000000004,-0.023761364466107215,-0.33932546051615814,1335,-0.5487128937527351,-0.07002529203073384,0.09089234778972471,26,0.2692307692307692,1.613096237148229,38.03846153846154
40,3.0,20,100,-0.030659439999999944,-0.0030498733210954088,-0.26070778676394796,1468,-0.42376761773703664,-0.011698435857832081,0.07187861325731047,18,0.3333333333333333,1.4462800796322313,37.166666666666664
40,3.5,5,30,-0.37115614,-0.04448274686323006,-0.447931893857106,2064,-0.6106773756918146,-0.09930694258047279,0.11311922855632038,56,0.25,1.8741118981536051,24.428571428571427
40,3.5,5,60,-0.23323011,-0.02571393728518301,-0.27506164353653423,2501,-0.4689322534973886,-0.0934842712148909,0.10718981627249886,31,0.3225806451612903,1.4343290555893369,44.935483870967744
40,3.5,5,100,-0.26100155,-0.029233241829370482,-0.4036698585883034,1797,-0.6066532067926513,-0.07241868870666662,0.09139847003135211,27,0.3333333333333333,1.1404381017784657,35.666666666666664
40,3.5,10,30,-0.17422701000000002,-0.01860318606838307,-0.3308201508751679,989,-0.4111666068572692,-0.056233533595729544,0.10509440266408673,42,0.30952380952380953,1.6909624568324964,31.547619047619047
40,3.5,10,60,-0.09944593999999994,-0.010222117387579055,-0.3506016761146868,1323,-0.3492875852682888,-0.029155928462347838,0.10067586732908522,25,0.44,1.0369192202882251,51.88
40,3.5,10,100,-0.09872047999999999,-0.010143932980317127,-0.3561469096865211,1468,-0.45889598547490507,-0.028482439983111948,0.08051484998331508,21,0.38095238095238093,1.1453597824288417,39.61904761904762
40,3.5,20,30,-0.46494872,-0.059502625209048476,-0.5416830113363599,2346,-0.8419111992897668,-0.10984768575675363,0.1022285090863828,40,0.225,1.6206708063708797,32.2
40,3.5,20,60,-0.18627426,-0.020016968968217363,-0.32754034331943316,1797,-0.4754594065803809,-0.06111298768682015,0.09588461526209316,25,0.24,2.184060852381206,46.0
40,3.5,20,100,-0.02293257999999996,-0.00227312478504782,-0.28561937492451084,1468,-0.3924441548035515,-0.007958580490726886,0.07506164285072948,18,0.3333333333333333,1.5783856493625035,43.888888888888886
40,4.0,5,30,-0.33509380000000005,-0.039241805192939405,-0.4549561634343037,2064,-0.47016336226744887,-0.0862540357662524,0.13069706480450366,46,0.2391304347826087,2.181762282746107,40.869565217391305
40,4.0,5,60,-0.09417232999999996,-0.009655058364459124,-0.3263208508061747,1766,-0.26752448972207404,-0.029587623164766614,0.12091098774001406,27,0.2962962962962963,2.081590656681987,68.85185185185185
40,4.0,5,100,-0.16779870999999996,-0.017856399008798318,-0.46314022763273194,1766,-0.4045154320975001,-0.03855505944726175,0.10496398639111645,24,0.2916666666666667,1.7362840333834995,54.541666666666664
40,4.0,10,30,-0.13682798999999998,-0.014329814871398394,-0.3124738075441951,1323,-0.30528056276692767,-0.04585925132099797,0.12129214215001737,37,0.2972972972972973,1.9692591341633923,47.432432432432435
40,4.0,10,60,-0.11280278000000003,-0.01167185908813606,-0.44359495317220404,1766,-0.3016444173040017,-0.026311974481831025,0.1159289473499679,24,0.375,1.4173533669365348,71.91666666666667
40,4.0,10,100,-0.020600140000000013,-0.0020397429829793756,-0.40885670216900777,1766,-0.2838421251761144,-0.004988894573963016,0.09645221630353197,19,0.2631578947368421,2.468367177373791,62.68421052631579
40,4.0,20,30,-0.49867812,-0.06549065091351391,-0.5676036730795138,2064,-0.7706904973193949,-0.11538094980639695,0.11773653628572106,38,0.21052631578947367,1.8611975167527572,45.026315789473685
40,4.0,20,60,-0.19430795999999997,-0.02097027849880173,-0.4343161659170548,1766,-0.4005996883346193,-0.048283439909548774,0.11202271848798638,24,0.2916666666666667,1.8184605519242745,66.16666666666667
40,4.0,20,100,0.05456540999999992,0.005225143046655667,-0.33003634065960696,1766,-0.2262140893129307,0.015832023334802325,0.09117786814763551,16,0.375,1.6399923396804552,71.625
40,5.0,5,30,-0.25774621999999997,-0.028814600926300282,-0.44490798775743984,2064,-0.3394654777178234,-0.06476530365647147,0.1439066870686934,35,0.2857142857142857,2.024634547234916,66.48571428571428
40,5.0,5,60,-0.16802218999999993,-0.017882273648112457,-0.37603622069686543,1323,-0.29847648235805646,-0.04755465740766477,0.13174790719141166,23,0.2608695652173913,2.439855680852222,92.04347826086956
40,5.0,5,100,-0.17264956999999995,-0.018419447880120288,-0.4572154811350782,1323,-0.3375447519632864,-0.040286142180471156,0.12183243890518838,23,0.17391304347826086,3.948175609188918,72.34782608695652
40,5.0,10,30,-0.27882090000000004,-0.03155474496113064,-0.45816385064850895,2064,-0.3819271677576092,-0.06887218386275219,0.13759650240718402,32,0.25,2.2859987153073003,70.0
40,5.0,10,60,-0.20867137,-0.022696267151632754,-0.4698301837678572,1766,-0.35134946650159027,-0.04830738410550261,0.12746806388660417,22,0.18181818181818182,3.6737646285606567,90.5
40,5.0,10,100,-0.10491951000000001,-0.010813853933467232,-0.45034721781566966,1323,-0.2798899623635581,-0.024012258776501247,0.120123519838487,19,0.21052631578947367,3.390623697653096,89.05263157894737
40,5.0,20,30,-0.5174767,-0.06898758455258325,-0.6008124080053272,2108,-0.7268635429395811,-0.11482383458360859,0.12823142353192452,32,0.1875,2.0607367056384107,65.0
40,5.0,20,60,-0.25858584999999995,-0.028922420038854146,-0.44390012166235226,1766,-0.42663502860305064,-0.06515524242377584,0.12167416012880501,22,0.22727272727272727,2.5320065232727407,84.04545454545455
40,5.0,20,100,0.07242264999999991,0.00688223641724206,-0.34502942242574675,1323,-0.1500061971798824,0.019946810242605254,0.11216245569917911,16,0.375,1.8551149409487504,96.3125
40,6.0,5,30,-0.27362902,-0.030873054488916196,-0.5284683346771611,2064,-0.33037361627391404,-0.05841987582430346,0.15101403865190552,28,0.32142857142857145,1.6857077388285069,90.89285714285714
40,6.0,5,60,-0.09469018999999994,-0.009710610620361826,-0.4540527772663596,1323,-0.21931943307194648,-0.02138652400459896,0.1377194052889855,18,0.3333333333333333,1.8573552655263308,127.05555555555556
40,6.0,5,100,-0.18658782999999995,-0.020054018858469802,-0.5307102284203395,1323,-0.3199839073282915,-0.037787134644381444,0.1302909920177703,20,0.25,2.4177367919219184,97.75
40,6.0,10,30,-0.27715415000000004,-0.03133542071755513,-0.5344873535442719,2064,-0.35040454582145225,-0.058627057328419274,0.14588162160356533,25,0.28,1.991032754299542,99.92
40,6.0,10,60,-0.16185001000000002,-0.017169948486666087,-0.5375822315355437,1323,-0.28956504036685204,-0.03193920386397825,0.13272986040387627,18,0.2777777777777778,2.2168554200795665,119.61111111111111
40,6.0,10,100,-0.09895170999999996,-0.010168846977648971,-0.5163002615035192,1323,-0.24861116691676324,-0.019695606870382458,0.12836995419159636,17,0.29411764705882354,2.1738659871046044,117.17647058823529
40,6.0,20,30,-0.22866034999999998,-0.025145886844103016,-0.4809080249795357,1323,-0.32104452350753615,-0.05228834940979215,0.14140923573319755,24,0.25,2.4614363149936023,101.66666666666667
40,6.0,20,60,-0.14228331000000005,-0.014942633436183628,-0.5104193910272252,1323,-0.28832392014890357,-0.029275207209724922,0.12774590037033512,18,0.2777777777777778,2.2255259094140842,113.5
40,6.0,20,100,0.15068993999999994,0.013863672786812886,-0.40842240387690093,1323,-0.07305346274288227,0.03394444735453694,0.12107479341726737,14,0.42857142857142855,1.675736908473886,132.14285714285714
60,1.5,5,30,-0.38640462,-0.04678077531922642,-0.45196061266707543,2115,-1.1750120394831256,-0.103506310081242,0.06453740472173695,63,0.1111111111111111,2.272962829337319,5.888888888888889
60,1.5,5,60,-0.29862842000000006,-0.034196781706815726,-0.3177641873622562,2519,-1.510844121686871,-0.10761685258078141,0.042289433150697844,37,0.05405405405405406,0.6504961785428235,3.675675675675676
60,1.5,5,100,-0.15924702000000002,-0.016870957455761393,-0.23793034595392284,1804,-0.9425186232224748,-0.0709071278323976,0.048622557488088684,32,0.15625,2.1017794585253693,6.75
60,1.5,10,30,-0.26916515,-0.030290455663319005,-0.3113499926468753,2518,-1.1222846689475434,-0.09728747833205706,0.05288415151063461,49,0.14285714285714285,2.0844604181864916,6.979591836734694
60,1.5,10,60,-0.23851276000000002,-0.026374422057849456,-0.2600316273574907,2518,-1.3836696241354582,-0.10142774679323904,0.04039841966828579,27,0.07407407407407407,0.6796893971807532,4.185185185185185
60,1.5,10,100,-0.10946530000000004,-0.01130777601678179,-0.24197363924826545,1804,-0.9234631670068614,-0.046731437572751416,0.04376967023772628,26,0.15384615384615385,2.201333663772891,8.0
60,1.5,20,30,-0.48153903000000003,-0.062404001690434585,-0.5112343808614749,2518,-2.0102599638702285,-0.12206534620241767,0.04643220931899729,50,0.08,1.1101106541944146,4.72
60,1.5,20,60,-0.21392668999999995,-0.02333484296875088,-0.2869242209773975,1804,-1.1954987818317442,-0.08132754665765594,0.044039105877700456,28,0.10714285714285714,1.9053949377835853,5.964285714285714
60,1.5,20,100,-0.029862050000000046,-0.002969457182100288,-0.17340008095587708,1804,-0.8903858494450153,-0.017124889248788112,0.036306419137424654,19,0.21052631578947367,1.4733810208637417,7.526315789473684
60,2.0,5,30,-0.38650606000000004,-0.04679623458161397,-0.45039226740423616,2108,-1.0764123065727929,-0.10390106129334012,0.0701147041839395,63,0.14285714285714285,1.9241048216381331,7.126984126984127
60,2.0,5,60,-0.34220293999999996,-0.040254341031893515,-0.35657793843226565,2519,-1.5350540759199394,-0.11289072231691108,0.04562456833505697,37,0.08108108108108109,0.30838934928332196,5.1891891891891895
60,2.0,5,100,-0.15497932999999997,-0.01638255330852756,-0.2841904169231413,1468,-0.7196129428497364,-0.05764639598300807,0.06196775496427424,32,0.1875,2.176331129644458,9.71875
60,2.0,10,30,-0.23431256999999994,-0.025848941203064135,-0.27913882126267336,2108,-0.8403716206018659,-0.09260245882725117,0.06438784452256735,49,0.14285714285714285,2.7383867044993915,8.673469387755102
60,2.0,10,60,-0.24302826,-0.026942274882739037,-0.26705102349376836,2440,-1.3379131847551664,-0.10088811692334793,0.04216214677955541,27,0.1111111111111111,0.44800644271225376,5.888888888888889
60,2.0,10,100,-0.11181519999999995,-0.011563996259584597,-0.2925949715838691,1468,-0.6903774794133115,-0.03952219751756706,0.0578832143207249,26,0.19230769230769232,2.112709344868207,11.423076923076923
60,2.0,20,30,-0.52286429,-0.07001244542902807,-0.5501927028222742,2518,-2.081636711001602,-0.12725077062980208,0.048701236504626995,50,0.1,0.8356832402469239,5.6
60,2.0,20,60,-0.28393746,-0.03223089016462266,-0.360487957463487,1797,-1.2851339418980492,-0.08940906207078292,0.0479454510924892,28,0.07142857142857142,2.346909873374644,8.142857142857142
60,2.0,20,100,0.0516785,0.004954874043599844,-0.20706347813430825,1468,-0.47896923016918697,0.023929251494490728,0.049758252121172714,19,0.21052631578947367,2.691895958355672,10.368421052631579
60,2.5,5,30,-0.46791458999999996,-0.06001529626849633,-0.5146115602812215,2108,-1.0850098289645396,-0.11662251861520478,0.08159883045485457,62,0.14516129032258066,1.735432283377489,10.483870967741936
60,2.5,5,60,-0.39444531000000005,-0.04801337125375038,-0.40767863905350576,2519,-1.2430227088457066,-0.11777259501557762,0.062135270274291186,37,0.13513513513513514,0.40961175937194255,9.864864864864865
60,2.5,5,100,-0.17062105000000005,-0.018183632309983433,-0.3059781196689916,1468,-0.7257554453478838,-0.05942788435217055,0.06380917709522195,32,0.21875,1.8140712266419434,11.875
60,2.5,10,30,-0.18353025,-0.01969329847443302,-0.3078762962428844,2108,-0.604492663418085,-0.06396497136920513,0.0775110924649418,47,0.2127659574468085,2.10294023253127,14.212765957446809
60,2.5,10,60,-0.24771706999999996,-0.027535164981597693,-0.4004796744049809,1797,-0.8429558400379339,-0.06875546186584502,0.0660820486273951,27,0.18518518518518517,1.3436525757829658,14.592592592592593
60,2.5,10,100,-0.14452099,-0.015195018450680275,-0.33389559599524804,1468,-0.6871766588780839,-0.045508292510981575,0.06305427203504732,26,0.3076923076923077,1.1365484491331166,16.73076923076923
60,2.5,20,30,-0.47807981,-0.06179219934613822,-0.5255542349589956,2346,-1.2602676632643823,-0.11757530476556684,0.07231215065565955,49,0.14285714285714285,1.5639007774898186,11.775510204081632
60,2.5,20,60,-0.37255125,-0.04469089641641577,-0.4725344216653221,1797,-1.1780461590059041,-0.09457701781579123,0.06259180170517804,28,0.10714285714285714,1.485150735592715,14.285714285714286
60,2.5,20,100,0.08191105000000004,0.007752629785143794,-0.18500245247337518,1468,-0.4018741057192923,0.04190555142105223,0.052090845942460655,19,0.2631578947368421,2.3521624001283077,14.0
60,3.0,5,30,-0.45215269999999996,-0.05731972001199648,-0.5111233838447172,2108,-0.9492180571928109,-0.11214458548312202,0.08953764469006534,60,0.15,1.9278107307409769,14.616666666666667
60,3.0,5,60,-0.22086675,-0.024184057973989148,-0.3189138996983086,1586,-0.6569793813046014,-0.07583256169413494,0.0782274695604552,36,0.16666666666666666,2.356011735563111,17.97222222222222
60,3.0,5,100,-0.23753620999999997,-0.026252014216866182,-0.3994572274413927,1468,-0.7069968930670011,-0.06571921200428851,0.07593894257124871,30,0.3,1.1636738565328724,20.866666666666667
60,3.0,10,30,-0.03734371999999997,-0.0037263338136713786,-0.27535016158045633,1335,-0.32079480632901647,-0.013533072914440827,0.09190811664227502,45,0.26666666666666666,2.308222057808732,22.0
60,3.0,10,60,-0.14565834999999996,-0.015323528113876161,-0.3619454267030523,1797,-0.5213238708998039,-0.04233657060805442,0.0808353891460498,27,0.2962962962962963,1.4053760466695167,29.333333333333332
60,3.0,10,100,-0.18010881000000006,-0.019291093036774454,-0.37613510649827264,1468,-0.6400400918530535,-0.051287669519524216,0.0731019515466059,25,0.24,1.6511208182053947,24.2
60,3.0,20,30,-0.47946915999999995,-0.06203748093746797,-0.5338699301020478,2064,-1.035900380769313,-0.1162033623538409,0.08706662886294106,48,0.1875,1.5102519363742948,17.104166666666668
60,3.0,20,60,-0.24743889000000002,-0.02749989683572962,-0.38599710965841655,1797,-0.7412077965609767,-0.07124378951973324,0.07433904135291854,27,0.2222222222222222,1.4937666876079787,26.0
60,3.0,20,100,-0.05006738,-0.005025780703332594,-0.30045195201012964,1468,-0.5014976797431061,-0.016727402400644586,0.0655543067569458,19,0.3157894736842105,1.3700789265982638,22.789473684210527
60,3.5,5,30,-0.26566227000000003,-0.029835522852466823,-0.3767036125792206,2064,-0.5158596263589845,-0.07920158409999964,0.1059566746079323,58,0.20689655172413793,2.5653839910122493,20.586206896551722
60,3.5,5,60,-0.18530618999999995,-0.01990266776053662,-0.30998233771269595,1586,-0.5359504261284502,-0.0642058122001235,0.08646174269641604,34,0.2647058823529412,1.5232482001065795,27.91176470588235
60,3.5,5,100,-0.25786406999999995,-0.0288297277187175,-0.40683444657148415,1797,-0.6453099644734936,-0.07086353665888978,0.08602004939353343,29,0.27586206896551724,1.4092089838298507,28.0
60,3.5,10,30,-0.0019484399999999441,-0.0001912957726376563,-0.24596965091935483,1335,-0.26828796498265167,-0.0007777210396593836,0.09545659526912399,44,0.29545454545454547,2.1648148056869316,25.477272727272727
60,3.5,10,60,-0.13470384999999999,-0.014092145959157865,-0.33989370935266233,1797,-0.4815294502051557,-0.041460449462265056,0.08432437640480055,25,0.36,1.066638767672913,37.4
60,3.5,10,100,-0.15481268999999995,-0.016363527813474388,-0.3750117156997287,1797,-0.564468197157899,-0.043634710939475393,0.07709759211678698,25,0.32,1.2866582722420066,29.56
60,3.5,20,30,-0.46661964,-0.05979113906061451,-0.5300395856871846,2346,-0.9641496456036008,-0.11280504451964021,0.09073925344297955,45,0.17777777777777778,1.8046728922552573,22.177777777777777
60,3.5,20,60,-0.22012540000000003,-0.024093018524708132,-0.3458894598442784,1797,-0.6587454116683286,-0.06965525499260648,0.07792163819808604,25,0.2,1.745708418345307,32.96
60,3.5,20,100,0.020654560000000054,0.0020074326114811747,-0.2985029863252034,1468,-0.3765371126265313,0.006725000095289438,0.0681730084722435,19,0.3157894736842105,1.7443758809661982,29.157894736842106
60,4.0,5,30,-0.20664496999999998,-0.022451059905248316,-0.42548025454752797,2064,-0.375559208770176,-0.052766396713576365,0.12083906283659038,51,0.19607843137254902,3.166533430198843,32.0
60,4.0,5,60,0.12286170999999996,0.011431877092329623,-0.32144230049127587,1323,-0.10667647201609545,0.03556432079678913,0.11369045631766991,29,0.3103448275862069,2.5358181748311215,55.55172413793103
60,4.0,5,100,-0.15007506000000007,-0.01582403714785241,-0.47502729107521524,1766,-0.39904895674202606,-0.03331184848776794,0.10199310675262026,26,0.3076923076923077,1.6533257379109454,47.65384615384615
60,4.0,10,30,0.01710133999999997,0.001664717327565901,-0.32429288913809384,1323,-0.19424489995350236,0.005133375979937117,0.11286899513051947,39,0.28205128205128205,2.510894263624073,39.794871794871796
60,4.0,10,60,-0.11660930000000004,-0.012088620305831799,-0.4816823578259025,1766,-0.3418456161462617,-0.025096664034768457,0.10657154333777866,25,0.32,1.6939963366358,58.8
60,4.0,10,100,-0.06785714000000001,-0.006869189361455974,-0.4432640470020714,1766,-0.3506063231238345,-0.015496834015558843,0.0928812976623483,22,0.2727272727272727,2.152390468358094,49.63636363636363
60,4.0,20,30,-0.37714967000000005,-0.04537994581577942,-0.5234898156712238,2064,-0.6525555924745015,-0.08668735180185466,0.108104321846216,41,0.1951219512195122,2.2967346722453676,35.51219512195122
60,4.0,20,60,-0.19848185,-0.021468957380987086,-0.4676433935120358,1766,-0.45408483700862773,-0.04590882214705025,0.10225149350683597,25,0.24,2.152567558357188,53.6
60,4.0,20,100,0.18313169999999995,0.016632546015352245,-0.2950817201445225,1468,-0.11284109969946185,0.05636589757985044,0.08648539159978978,17,0.4117647058823529,1.7391582186182297,57.294117647058826
60,5.0,5,30,-0.16981019999999997,-0.018089516448486664,-0.41386419001872365,1766,-0.29385336535427475,-0.04370882256729744,0.1337016909958696,42,0.19047619047619047,3.6935007832574955,46.19047619047619
60,5.0,5,60,-0.07448468999999995,-0.007564069601364576,-0.38495063601609575,1323,-0.23188971696443142,-0.019649453445891446,0.1271090069859086,25,0.24,3.0317264974437967,78.36
60,5.0,5,100,-0.18780341000000003,-0.020197767685294132,-0.4662702442014769,1766,-0.35595329386131863,-0.04331772815544843,0.12092954070044601,25,0.2,3.2742235772900394,67.08
60,5.0,10,30,-0.058036130000000005,-0.005847633869734081,-0.37127826468186526,1323,-0.2226735697366134,-0.015750003234756293,0.12551868359233934,35,0.17142857142857143,4.663346554074748,52.34285714285714
60,5.0,10,60,-0.31694246,-0.036700182497539924,-0.5566874800360899,1766,-0.5228676396947616,-0.0659260066261247,0.11593374055506549,23,0.21739130434782608,2.1571115243702774,74.65217391304348
60,5.0,10,100,-0.13387986,-0.014000091780502766,-0.47005616153646257,1766,-0.313536893364774,-0.029783870367193918,0.11823493572665644,22,0.22727272727272727,2.9212336213308925,72.22727272727273
60,5.0,20,30,-0.39295444999999996,-0.04778371985742802,-0.5278672468165474,2064,-0.6246576312523399,-0.09052222911271962,0.11563457187529778,36,0.19444444444444445,2.3235611478033316,46.916666666666664
60,5.0,20,60,-0.34455661,-0.040591743320482654,-0.5244208159975062,1766,-0.5999201358597516,-0.07740299790211928,0.10909332227706824,23,0.2608695652173913,1.5513444147235838,68.17391304347827
60,5.0,20,100,0.18439774,0.01673920692981401,-0.34556055107536165,1323,-0.06595085608726793,0.048440734562214066,0.11038890386289879,17,0.4117647058823529,1.8247779080490665,89.17647058823529
60,6.0,5,30,-0.26594916,-0.029872708718333918,-0.48466251352353507,2064,-0.36414126807990504,-0.0616361032363674,0.13903693018707985,37,0.1891891891891892,3.3460540918371717,58.67567567567568
60,6.0,5,60,-0.09083425,-0.009297659269495329,-0.4088517355916454,1323,-0.22715609843124157,-0.022740906935470814,0.13367392793851432,19,0.2631578947368421,2.646704255541119,118.10526315789474
60,6.0,5,100,-0.23811915000000003,-0.026325067110471,-0.5315534272667034,1323,-0.38197101072824097,-0.04952478106638671,0.12710824472225382,22,0.22727272727272727,2.581010388109307,89.68181818181819
60,6.0,10,30,-0.17376043000000005,-0.018548806482836078,-0.4186533680090485,2064,-0.3032943330687047,-0.044305881428941894,0.13184886923617029,30,0.16666666666666666,4.2330956755843765,70.3
60,6.0,10,60,-0.30828156000000007,-0.03550884953953437,-0.5911567363776571,1766,-0.48009849789296916,-0.060066725716629146,0.12214636065687624,18,0.2777777777777778,1.5680071275790797,111.94444444444444
60,6.0,10,100,-0.20423034999999998,-0.02215961207323014,-0.5171693478696496,1323,-0.3557358114932028,-0.04284788370484667,0.12518652749224896,19,0.2631578947368421,2.1803000006599222,100.57894736842105
60,6.0,20,30,-0.33639536999999997,-0.039426451813241115,-0.5267886466278695,2108,-0.49443060320994775,-0.07484301733839849,0.12590973506416597,29,0.20689655172413793,2.3131195639557287,72.93103448275862
60,6.0,20,60,-0.26258331000000007,-0.029437259579307318,-0.5457601427055515,1766,-0.45410403188900034,-0.05393808978679725,0.11676474352081416,18,0.2777777777777778,1.668370095917449,106.0
60,6.0,20,100,0.13993016999999994,0.012929775721664427,-0.40948532144205035,1323,-0.0842530325808188,0.031575675719292484,0.11909143709912304,14,0.35714285714285715,2.2383085739645874,135.42857142857142
80,1.5,5,30,-0.42694417000000007,-0.05315062186932318,-0.4793243100735022,2115,-1.2761566444694892,-0.11088655582933563,0.06466858864671446,63,0.07936507936507936,2.3621431759704796,5.412698412698413
80,1.5,5,60,-0.31762355000000003,-0.03679444533115128,-0.3239479410075342,2501,-1.5561779128358098,-0.11358135266028913,0.04277467477276291,37,0.02702702702702703,0.003849605682751246,3.864864864864865
80,1.5,5,100,-0.22281339000000003,-0.024423482186145873,-0.2795431677734085,1804,-1.1781344247946426,-0.08736926887064186,0.045565779310075716,32,0.0625,3.8540456757563986,4.28125
80,1.5,10,30,-0.33996799,-0.03993496377691952,-0.383077197890183,2501,-1.33552773644052,-0.10424782262390804,0.051959647225027564,49,0.08163265306122448,2.6698266210204094,6.020408163265306
80,1.5,10,60,-0.26174243999999997,-0.02932875383547029,-0.2881191286228671,2501,-1.4832828941170586,-0.10179384470463292,0.03975131934666077,27,0.037037037037037035,0.6394875014141183,4.296296296296297
80,1.5,10,100,-0.07720262,-0.007850335359912308,-0.18942155742984249,1804,-0.925394124305015,-0.04144372724218518,0.04007450181679504,26,0.11538461538461539,2.766038084673692,4.6923076923076925
80,1.5,20,30,-0.50914511,-0.06742283984110964,-0.540987817385915,2501,-2.0607803729615024,-0.12462912781825805,0.04786492376334313,50,0.06,0.9932364819882027,4.78
80,1.5,20,60,-0.22859274,-0.025137505297221252,-0.28965176446892615,1804,-1.2689484355415062,-0.0867852655526219,0.042981956445193883,28,0.14285714285714285,1.30942147442287,5.357142857142857
80,1.5,20,100,-0.024885310000000056,-0.0024688999079481855,-0.14262108924935776,1804,-0.8885520954510392,-0.01731090346415443,0.03583609618956324,19,0.15789473684210525,1.857491680543286,6.2631578947368425
80,2.0,5,30,-0.41412456999999997,-0.05109353239892944,-0.4716041091698337,2108,-1.1464394474702566,-0.1083398795843182,0.06979247510508366,63,0.1111111111111111,2.2104861637814417,6.650793650793651
80,2.0,5,60,-0.3554497,-0.042167658967594,-0.37089712530733965,2501,-1.4941667665590503,-0.11369098353796152,0.04812965331144472,37,0.08108108108108109,0.29878976205950325,6.0
80,2.0,5,100,-0.26707677,-0.03001899344200154,-0.3261863061548452,1797,-1.1839093297364351,-0.09203020750892929,0.05001941588344831,32,0.09375,2.198475682224216,5.4375
80,2.0,10,30,-0.32749674,-0.038170511904629945,-0.3714205011290932,2501,-1.1689513681393229,-0.10276899575708441,0.05753219559244043,49,0.12244897959183673,1.8703943791164885,7.6938775510204085
80,2.0,10,60,-0.28831231000000007,-0.032812484201588,-0.3099087014502381,2501,-1.4792162675414775,-0.10587790548648628,0.04222272369082899,27,0.07407407407407407,0.3103277827551052,6.0
80,2.0,10,100,-0.14132068000000006,-0.014834242294800792,-0.2526353768740159,1797,-0.9216352777466648,-0.05871799301567463,0.0475438744323109,26,0.15384615384615385,1.6277205452002341,8.076923076923077
80,2.0,20,30,-0.51067682,-0.06770870192560807,-0.5424201598215076,2501,-1.9002291569056085,-0.12482703804351362,0.05196251458133375,50,0.1,1.0173384286909788,6.9
80,2.0,20,60,-0.24815819999999994,-0.027591116335335064,-0.34917113085101653,1797,-1.1707433593656646,-0.07901889330910228,0.04852153412591426,28,0.14285714285714285,1.3908802903314568,8.75
80,2.0,20,100,-0.08242278000000003,-0.008402287649675433,-0.2136671132921571,1797,-0.9360831381109357,-0.03932419697263654,0.04020967645814627,19,0.10526315789473684,2.234155752085178,7.842105263157895
80,2.5,5,30,-0.44808152,-0.05663484605203806,-0.48354480186968596,2108,-1.0407567058078422,-0.11712429920258144,0.08161818946582923,62,0.14516129032258066,1.78573116308008,10.67741935483871
80,2.5,5,60,-0.39363160999999997,-0.04788796615086299,-0.4081639572667691,2501,-1.272827189246873,-0.11732531816758192,0.0606489712817876,37,0.10810810810810811,0.3678536740572041,9.54054054054054
80,2.5,5,100,-0.20885573,-0.022718603976889296,-0.3046300915159366,1797,-0.9683163897978974,-0.07457767505447103,0.053241758095134206,32,0.1875,1.4743169500162137,8.6875
80,2.5,10,30,-0.26660825,-0.029958187761589317,-0.37622100997636604,2108,-0.8131596420944555,-0.07962922581987453,0.07114251347943773,47,0.2127659574468085,1.4762014281207883,13.02127659574468
80,2.5,10,60,-0.32402135,-0.03768406695045634,-0.3819549917163299,1586,-1.1586748427853668,-0.09866101443293486,0.05757693963759631,27,0.14814814814814814,0.6057751291080837,12.37037037037037
80,2.5,10,100,-0.09398153000000002,-0.009634597948297685,-0.2559438467708354,1797,-0.7169189135797168,-0.037643405261952714,0.05336963906102167,26,0.3076923076923077,0.9708539791752205,14.461538461538462
80,2.5,20,30,-0.5460242,-0.07454047138208353,-0.5859371521540945,2346,-1.601891754245403,-0.1272158133479822,0.06570894850954186,49,0.12244897959183673,0.8516071664780493,10.755102040816327
80,2.5,20,60,-0.31774930000000007,-0.03681185840622214,-0.42454555753162815,1797,-1.0758499885986799,-0.0867088531564241,0.06099637672554703,28,0.14285714285714285,1.1971158231281414,13.0
80,2.5,20,100,-0.08706331999999994,-0.008895336981163848,-0.24116096754276667,1797,-0.8864641610208245,-0.036885475588359376,0.042895297871299594,19,0.15789473684210525,1.6141130285232574,11.578947368421053
80,3.0,5,30,-0.36783002000000004,-0.04398816702833497,-0.4520349923317976,2108,-0.7754077265618152,-0.09731142007707065,0.09129713548662532,60,0.15,2.5008435965779365,15.4
80,3.0,5,60,-0.30180617000000004,-0.03462689773842553,-0.31384313572822353,2501,-0.8973038346907324,-0.11033186262965183,0.06994295376787635,37,0.13513513513513514,1.570881455672193,15.243243243243244
80,3.0,5,100,-0.17531381999999995,-0.01872996057453613,-0.3521503273815204,1586,-0.6940482034329013,-0.053187400715501966,0.06716789512374055,31,0.1935483870967742,2.07649583262022,15.612903225806452
80,3.0,10,30,-0.23456692000000004,-0.025880688593573176,-0.37175935155240925,2108,-0.6422950584950646,-0.06961677893373615,0.08221226721696907,46,0.21739130434782608,1.8285467448318424,19.608695652173914
80,3.0,10,60,-0.25499093000000006,-0.0284615579428652,-0.3248902247894403,1669,-0.8237388017923379,-0.08760361430175682,0.06856771595218426,27,0.18518518518518517,1.244049559772235,20.0
80,3.0,10,100,-0.06373363,-0.006439096075010031,-0.3046121620792193,1797,-0.5636429834760031,-0.021138670337579758,0.06135582696289477,26,0.19230769230769232,2.5540909969409995,21.692307692307693
80,3.0,20,30,-0.50411344,-0.06648941145345566,-0.557523320015416,2346,-1.232668313226508,-0.11925852976269614,0.07766983618614783,49,0.14285714285714285,1.6482812807637033,15.959183673469388
80,3.0,20,60,-0.20684480000000005,-0.022475215480774025,-0.3360759086709885,1797,-0.7031422182244191,-0.06687541386007767,0.07134556157764237,27,0.18518518518518517,1.8138562504941882,21.814814814814813
80,3.0,20,100,-0.07310258999999997,-0.007418790719106116,-0.29555088872114477,1797,-0.6755489559070222,-0.025101567960791417,0.05333684697067099,19,0.21052631578947367,1.8953777254953108,20.789473684210527
80,3.5,5,30,-0.24803957999999995,-0.027576068088394967,-0.41930166725202384,2064,-0.5591995254039399,-0.06576665499357578,0.09546552991606659,56,0.19642857142857142,2.32413615917475,20.285714285714285
80,3.5,5,60,-0.26197268999999995,-0.02935845417583327,-0.3247485255287836,2184,-0.7430338871022703,-0.09040365657712934,0.07649255086160162,35,0.17142857142857143,1.5476321891056757,21.457142857142856
80,3.5,5,100,-0.14864965000000002,-0.01566225142695865,-0.37687149285638516,1586,-0.5843466405085194,-0.04155859947976241,0.07365468093312959,30,0.23333333333333334,1.7799673387916461,22.366666666666667
80,3.5,10,30,-0.19081925,-0.020555246507037106,-0.3698766988352409,2064,-0.5606439765121563,-0.05557323987092602,0.08417112654360251,44,0.2727272727272727,1.4954249903803973,22.772727272727273
80,3.5,10,60,-0.08946621999999997,-0.009151529846683215,-0.30305861477510415,1797,-0.47422477788411643,-0.03019722720462656,0.07641987215940406,26,0.2692307692307692,1.695586000871908,25.307692307692307
80,3.5,10,100,-0.06942938,-0.007033630250909084,-0.33192883741099943,1797,-0.5308497031149335,-0.021190175297122298,0.06574591727553565,25,0.24,1.8706853935851584,27.12
80,3.5,20,30,-0.37366756000000007,-0.04485775002318537,-0.4815358447094848,2346,-0.8477124524438071,-0.0931555781693645,0.08520755359699836,46,0.1956521739130435,1.9279838002801342,19.67391304347826
80,3.5,20,60,-0.20989352000000003,-0.022844428966675268,-0.3350896641973255,1797,-0.6936520144198344,-0.06817407818709319,0.07272328074554547,27,0.14814814814814814,2.4325533046463277,24.74074074074074
80,3.5,20,100,-0.01919503000000003,-0.001899390803835721,-0.29464872806991727,1797,-0.5164141400207689,-0.00644628882764094,0.05848053696428082,19,0.2631578947368421,1.7974940712938583,28.31578947368421
80,4.0,5,30,-0.27543106000000006,-0.031109161787742146,-0.4814874731419088,2064,-0.5267073592129298,-0.06461053199316225,0.10620229167584151,51,0.13725490196078433,3.677420166110329,28.11764705882353
80,4.0,5,60,-0.09793875,-0.010059747740469582,-0.3270535999890721,2108,-0.37916798839110954,-0.03075871276391916,0.09402977982092037,32,0.25,2.150986408430801,40.28125
80,4.0,5,100,-0.07975812,-0.008120187664346745,-0.42969229342250853,1766,-0.36435262392327333,-0.01889768047657842,0.09279418647988158,27,0.18518518518518517,3.255950498721477,41.96296296296296
80,4.0,10,30,-0.08839993999999994,-0.009037769830775089,-0.35776390594294,2064,-0.35721114849039287,-0.025261826809931266,0.09631380186558393,39,0.20512820512820512,2.907487323421973,34.43589743589744
80,4.0,10,60,0.14789655000000004,0.013621979180401533,-0.33483336845718464,1766,-0.11818559519402293,0.040682860382666386,0.09822011293522231,25,0.24,3.722831012979479,49.56
80,4.0,10,100,-0.12987055000000006,-0.013553305388558923,-0.47856310479363284,1766,-0.418597229983071,-0.02832083220122749,0.09366020145536037,23,0.17391304347826086,3.1434547179148784,47.17391304347826
80,4.0,20,30,-0.36138823,-0.04303693824123844,-0.5295522807838264,1766,-0.6242006355727086,-0.08127042372008395,0.1089236191932779,43,0.18604651162790697,2.4481556260388877,32.58139534883721
80,4.0,20,60,-0.047585160000000036,-0.004771048106962383,-0.3695885764252237,1766,-0.3225284996834462,-0.012909078936122574,0.0940422371332466,26,0.19230769230769232,3.4706176341471653,43.65384615384615
80,4.0,20,100,-0.0027200899999999676,-0.00026714867459820546,-0.40071076863373356,1766,-0.3207959009846156,-0.0006666870359114071,0.08342967541014816,18,0.2777777777777778,2.1544142607572505,51.333333333333336
80,5.0,5,30,-0.25755599,-0.028790188273010275,-0.47226294519737533,2064,-0.4354639485994756,-0.060962200328839776,0.11953318113758242,45,0.17777777777777778,3.123464577887501,38.55555555555556
80,5.0,5,60,-0.15424227000000001,-0.016298427857423192,-0.32556768740769115,1323,-0.36846884025877413,-0.05006156473081905,0.10962705049174207,26,0.23076923076923078,2.486635554211348,62.80769230769231
80,5.0,5,100,-0.32219121999999994,-0.037428812438225156,-0.5535147149092661,1766,-0.5568454640462923,-0.06762026632726577,0.11119179138129381,27,0.18518518518518517,2.516775548272893,53.074074074074076
80,5.0,10,30,-0.11874713,-0.01232339386967718,-0.3634094492216415,2064,-0.33388006724073443,-0.03391049378620094,0.1090869408310278,36,0.16666666666666666,3.9254852346874882,44.05555555555556
80,5.0,10,60,-0.15585240000000003,-0.01648228813261543,-0.45217750685900715,1766,-0.3769063314892729,-0.03645092443254757,0.10809548916328157,23,0.21739130434782608,2.681228511964308,66.04347826086956
80,5.0,10,100,-0.20928644999999996,-0.02277080777086482,-0.515034777415479,1766,-0.44519787237071573,-0.04421217511782819,0.10634453170408364,23,0.21739130434782608,2.357306790788611,57.30434782608695
80,5.0,20,30,-0.35808216000000004,-0.04255210210278981,-0.5091518309835428,1766,-0.5896228975325181,-0.08357448508157328,0.11360833720422511,38,0.18421052631578946,2.5849810404776465,42.76315789473684
80,5.0,20,60,-0.18165873999999999,-0.01947310625870169,-0.40626745945290976,1766,-0.44212246424234686,-0.04793174005352207,0.10079227735814729,23,0.2608695652173913,1.9467976226505226,59.78260869565217
80,5.0,20,100,-0.04291866000000003,-0.004293775082091056,-0.3948417648959901,1766,-0.29340231990269783,-0.010874673005329438,0.0998428370235224,18,0.3888888888888889,1.3428664196120363,71.88888888888889
80,6.0,5,30,-0.22574190000000002,-0.02478469095357816,-0.46940354019389297,2064,-0.33873583512276917,-0.052800392053584715,0.13548025329037866,41,0.17073170731707318,3.980426568443311,52.80487804878049
80,6.0,5,60,-0.05052881999999995,-0.005073201173471542,-0.3894439157529334,1323,-0.20773782226351803,-0.013026782466644118,0.12878466384003878,22,0.2727272727272727,2.622426798409447,95.0909090909091
80,6.0,5,100,-0.20666925,-0.022453994593965132,-0.5096472211631383,1766,-0.35626447483154094,-0.04405791626356695,0.12565731908730873,24,0.20833333333333334,3.0485307612706722,83.125
80,6.0,10,30,-0.023380660000000032,-0.0023180167862921763,-0.3757908662511872,1323,-0.18799978272059412,-0.006168369150150555,0.1280830984107369,32,0.1875,4.379426225651642,64.90625
80,6.0,10,60,-0.20285977000000002,-0.021994535916126545,-0.5209480346203117,1766,-0.3944315218766871,-0.04222021095090044,0.11543247871366205,20,0.25,2.0845567604458934,90.25
80,6.0,10,100,-0.06479013,-0.006549128860323217,-0.4349245745854807,1766,-0.2389159559801091,-0.015058079591306334,0.12184733099102303,20,0.25,2.836047710826029,95.15
80,6.0,20,30,-0.32440373,-0.03773747750809986,-0.5455159796394774,2108,-0.5175050453328708,-0.06917758400595331,0.11862318314275982,32,0.21875,2.2316852945482943,60.375
80,6.0,20,60,-0.21213683999999997,-0.02311692642748764,-0.4980863384241012,1766,-0.42609400055308777,-0.04641148460451142,0.1108066841320326,20,0.3,1.5531954312168803,86.6
80,6.0,20,100,0.07345739999999991,0.006977493149751268,-0.41133983647056216,1323,-0.14150524985082139,0.016962843204345508,0.11552227375740398,17,0.4117647058823529,1.6026017306004106,104.82352941176471
