er_period,fast,slow,multiplier,total_return,annual_return,max_dd,max_dd_days,sharpe,calmar,daily_vol,n_trades,win_rate,profit_factor,avg_hold_days
5,2,6,2.0,-0.67411757,-0.1041509010876136,-0.6770023188278597,2563,-0.9803344049043903,-0.15384127674471954,0.13363415188773214,72,0.2777777777777778,1.1244583091383777,25.958333333333332
5,2,6,2.5,-0.33978062,-0.039908232693683376,-0.42674629710036316,2563,-0.49476296842525613,-0.0935174668529055,0.1266973726962029,47,0.3829787234042553,1.1114749301305007,37.170212765957444
5,2,6,3.0,-0.24288788,-0.02692457524831915,-0.288862423827632,1323,-0.35167448426078035,-0.09320899164228227,0.13633784243446354,36,0.3333333333333333,1.5006797478753338,51.916666666666664
5,2,6,3.5,-0.31423081999999997,-0.036325730259029965,-0.41385069824542514,1766,-0.3979692360213541,-0.08777496428793695,0.1426454302406589,29,0.3793103448275862,1.0938157818284013,69.03448275862068
5,2,6,4.0,-0.277048,-0.03132146810919645,-0.42623967060451856,1766,-0.3679447959074256,-0.07348323084234387,0.1409168102424822,25,0.32,1.5836918412189287,80.6
5,2,6,4.5,-0.20969324,-0.022820134774142353,-0.3947594090030245,1323,-0.3020497292050304,-0.057807703258486526,0.14217547550756618,21,0.2857142857142857,1.8955405011988604,97.71428571428571
5,2,6,5.0,-0.20059106999999995,-0.021721849616346156,-0.4229931601519173,1323,-0.29798796632735697,-0.051352720711949074,0.1409362404899313,19,0.3157894736842105,1.625704729886792,108.15789473684211
5,2,7,2.0,-0.65741348,-0.09974739609847261,-0.678635859655959,2563,-0.9402613967379116,-0.14698220655336502,0.13405756042036843,71,0.28169014084507044,1.163598020383651,26.577464788732396
5,2,7,2.5,-0.30133777,-0.03456338787804536,-0.39336723164801923,2563,-0.4490573551764171,-0.08786544759521887,0.1271152034669818,46,0.391304347826087,1.1204143834554967,38.17391304347826
5,2,7,3.0,-0.24288788,-0.02692457524831915,-0.288862423827632,1323,-0.35167448426078035,-0.09320899164228227,0.13633784243446354,36,0.3333333333333333,1.5006797478753338,51.916666666666664
5,2,7,3.5,-0.30444014,-0.03498475219531294,-0.4054822804987675,1766,-0.38986924508093546,-0.08627936133800865,0.14220327842622904,29,0.3793103448275862,1.1146457480744243,68.44827586206897
5,2,7,4.0,-0.29678161999999997,-0.03394761979684546,-0.43743250004378,1766,-0.387495773680006,-0.0776065331072745,0.1408398073585775,25,0.32,1.5461212316812643,80.32
5,2,7,4.5,-0.23256934999999998,-0.025631612063264475,-0.39748733256554386,1323,-0.32292453769573826,-0.06448409789018356,0.14198809285776817,21,0.2857142857142857,1.8366677980690027,97.33333333333333
5,2,7,5.0,-0.21921027,-0.02398074608101486,-0.42802926990943546,1323,-0.31487796633807147,-0.05602594908074586,0.14078494290679733,19,0.3157894736842105,1.5728960876758689,107.6842105263158
5,2,8,2.0,-0.6447229,-0.09652955479204905,-0.6667314303713618,2563,-0.9147802626123006,-0.14478026742834546,0.13391427488162871,71,0.28169014084507044,1.1928082810336347,26.676056338028168
5,2,8,2.5,-0.31907576,-0.0369957148297867,-0.3548479486598027,2563,-0.46432085374824184,-0.10425793630627682,0.12809935752805018,47,0.3829787234042553,1.1300416105190725,37.8936170212766
5,2,8,3.0,-0.31102911,-0.035885319315555164,-0.37657947374758277,2563,-0.4119139996230603,-0.09529281816249155,0.1382195998892057,35,0.34285714285714286,1.3509825868591918,53.6
5,2,8,3.5,-0.27380231999999993,-0.030895737667576584,-0.39621170918451026,1766,-0.36435050399529584,-0.07797785111188844,0.1410464883202515,29,0.3793103448275862,1.1695233353651178,68.34482758620689
5,2,8,4.0,-0.18399599,-0.019748165774678195,-0.3659403111923004,1323,-0.28964298460626464,-0.05396553801447854,0.13896831763943515,24,0.3333333333333333,1.6484130125698773,82.95833333333333
5,2,8,4.5,-0.24307269999999995,-0.02694787866075743,-0.4029236739894488,1323,-0.33278218520236447,-0.06688085213246393,0.14188692179900195,21,0.3333333333333333,1.4520114578421615,97.04761904761905
5,2,8,5.0,-0.23411821999999996,-0.025824689286501723,-0.4280292722151801,1323,-0.329104528113545,-0.060333932660379036,0.1405463581098839,19,0.3157894736842105,1.5141520685416636,107.05263157894737
5,2,10,2.0,-0.64015238,-0.09539600024340744,-0.6572493422457069,2563,-0.9071707199426353,-0.1451443069040676,0.1336894342119726,71,0.28169014084507044,1.2182154745746094,26.408450704225352
5,2,10,2.5,-0.3098916,-0.03572929353907239,-0.34303092838434135,2563,-0.4539223686086815,-0.10415764463967023,0.12813063990199958,47,0.3829787234042553,1.1491081857844987,38.08510638297872
5,2,10,3.0,-0.34105862,-0.04009069416481226,-0.3999918728814699,2563,-0.4448544121777596,-0.1002287718398028,0.137906996378704,35,0.3142857142857143,1.4706675658935182,52.885714285714286
5,2,10,3.5,-0.24953280000000005,-0.02776565576907819,-0.3781132490692075,1766,-0.34525262087953534,-0.07343211547711764,0.13995705185935897,29,0.3793103448275862,1.1988297763248277,67.44827586206897
5,2,10,4.0,-0.18847192000000004,-0.02027690528266668,-0.36594031397548016,1323,-0.2936770607349762,-0.05541041669441573,0.13891960888084257,24,0.3333333333333333,1.6388111673831558,82.875
5,2,10,4.5,-0.24191970999999995,-0.026802585298612236,-0.40292367022381514,1323,-0.33173221487513016,-0.0665202550242928,0.14188627755532163,21,0.3333333333333333,1.4557005672836643,97.0
5,2,10,5.0,-0.23631318000000004,-0.026098910070233572,-0.4296684988202997,1323,-0.3310912002816198,-0.0607419676841353,0.14055118575770342,19,0.3157894736842105,1.5095864240305765,106.94736842105263
5,2,15,2.0,-0.63984811,-0.09532099875215061,-0.655454410376651,2064,-0.9163121455545332,-0.14542735122855494,0.13245231207117114,71,0.29577464788732394,1.1081633136619882,26.295774647887324
5,2,15,2.5,-0.23131868999999994,-0.025475965051163008,-0.30753900204682433,2563,-0.3629611906675803,-0.08283815997843476,0.1303134453401248,45,0.4,1.1629934434572078,39.91111111111111
5,2,15,3.0,-0.37504978000000005,-0.04506472095421854,-0.4039149819431521,2563,-0.4824320793984699,-0.11156981783003297,0.13792652323709603,36,0.3055555555555556,1.4670570770145768,51.333333333333336
5,2,15,3.5,-0.25402204000000006,-0.028337691183778713,-0.3781923927578584,1766,-0.3506602662004842,-0.07492929981254862,0.1396135348277984,29,0.3448275862068966,1.3739142009256162,67.10344827586206
5,2,15,4.0,-0.20421061999999998,-0.022157233923111308,-0.36902225965461394,1323,-0.30683516494964663,-0.06004308234373003,0.13912787164977072,24,0.2916666666666667,1.9492404714680018,83.08333333333333
5,2,15,4.5,-0.25864872,-0.028930497773114183,-0.4160997121654404,1323,-0.3476604062972479,-0.0695278004941553,0.14174050813646696,21,0.3333333333333333,1.41889357280628,96.47619047619048
5,2,15,5.0,-0.24315795999999995,-0.026958630574227094,-0.4351860120537942,1323,-0.33817842372056106,-0.0619473738298709,0.1403147408844073,19,0.3157894736842105,1.4950046145056621,106.63157894736842
5,3,6,2.0,-0.6879049399999999,-0.10794164564289388,-0.6883287530406095,2563,-1.0111301582342016,-0.156816993574763,0.133739260915427,72,0.2916666666666667,1.0493479925521938,26.541666666666668
5,3,6,2.5,-0.36128428,-0.04302165950937109,-0.44365768116914156,2563,-0.5111955544191585,-0.09697039256933178,0.12852375252825818,48,0.375,1.125688539850819,37.8125
5,3,6,3.0,-0.18094418000000004,-0.01938915460589985,-0.29710198854895997,1323,-0.29089201988121505,-0.06526093851002507,0.1376799739403118,34,0.38235294117647056,1.3353940162890108,56.35294117647059
5,3,6,3.5,-0.33277278000000005,-0.03891334226831322,-0.457915861971028,1766,-0.41985371967549423,-0.08497924072954528,0.1418949468986949,29,0.3103448275862069,1.5078517530335172,68.86206896551724
5,3,6,4.0,-0.17333193000000005,-0.018498889487881365,-0.3529822322934148,1323,-0.28059756914443346,-0.052407423930914035,0.13892914893937158,24,0.2916666666666667,2.0232789631892767,83.16666666666667
5,3,6,4.5,-0.16007375,-0.016965828766734914,-0.37244508740422266,1323,-0.263903209502192,-0.045552564231627346,0.1408281119171734,20,0.35,1.5380156095325102,102.3
5,3,6,5.0,-0.08366956999999994,-0.00853453558522177,-0.41316244394348856,1323,-0.2032667075947019,-0.020656610276003462,0.1408319789144352,17,0.4117647058823529,1.2635809386615628,123.23529411764706
5,3,7,2.0,-0.68299003,-0.10657330629002537,-0.6844336778633097,2064,-0.9998844172958528,-0.1557102020793744,0.13371456417920805,72,0.2916666666666667,1.0772896218864922,26.430555555555557
5,3,7,2.5,-0.37603760999999997,-0.04521288980986149,-0.45650831497692496,2563,-0.512902547408339,-0.09904067095064163,0.13173749984561184,48,0.375,1.107850438974977,38.479166666666664
5,3,7,3.0,-0.19927926,-0.021564494971215153,-0.310001293136816,1766,-0.30753956037991104,-0.06956259682987154,0.13751936769072454,34,0.38235294117647056,1.3041928647224996,56.088235294117645
5,3,7,3.5,-0.30736595999999994,-0.03538369343999903,-0.4321184859943566,1766,-0.39016604338645916,-0.08188423913079511,0.14292281855301273,29,0.3103448275862069,1.5591325770596998,69.41379310344827
5,3,7,4.0,-0.17438556000000005,-0.018621671272860074,-0.3581957146621545,1323,-0.2816860515552306,-0.05198742059330272,0.13886711380093764,24,0.2916666666666667,2.021854083850116,83.04166666666667
5,3,7,4.5,-0.17242356000000006,-0.01839314840712314,-0.37426029118916865,1323,-0.27384306146083565,-0.04914533772386337,0.14095710614991053,20,0.35,1.4842362965664457,102.8
5,3,7,5.0,-0.09335665000000003,-0.009567616207096008,-0.4188396404082973,1323,-0.21139022501169072,-0.022843148747260913,0.14054318572391733,17,0.4117647058823529,1.2461892846365463,122.6470588235294
5,3,8,2.0,-0.6549392900000001,-0.09911169445752055,-0.6805750873829941,2064,-0.9498722827644294,-0.1456293306865424,0.13221993507443763,71,0.29577464788732394,1.1104286083988117,26.704225352112676
5,3,8,2.5,-0.36837360999999996,-0.04406883585835841,-0.4498327218084829,2563,-0.5019222462002275,-0.09796716361848128,0.13213098695777434,48,0.375,1.1185003522777766,39.395833333333336
5,3,8,3.0,-0.0666915,-0.006747436247748206,-0.29183752092559506,1323,-0.19460054120742865,-0.02312052345547606,0.13903593329417055,33,0.3939393939393939,1.4312326013259185,58.333333333333336
5,3,8,3.5,-0.26630421,-0.029918747442798987,-0.39845250024490736,1766,-0.3492689174325257,-0.07508736279584026,0.14332363795885897,28,0.2857142857142857,1.9431615113785985,72.5
5,3,8,4.0,-0.30388131000000007,-0.034908726829816494,-0.43678805453439273,1766,-0.39522753240243974,-0.07992143207082092,0.140665103246832,25,0.28,1.8274085568926752,79.84
5,3,8,4.5,-0.17182906000000006,-0.01832400080721197,-0.37426029540308553,1323,-0.27337179345437,-0.048960579127093,0.14094737893472947,20,0.35,1.485274277506032,102.65
5,3,8,5.0,-0.10524340000000003,-0.010848971206893987,-0.4179072885903248,1323,-0.22084450854982413,-0.025960234490021664,0.14044825365450989,17,0.4117647058823529,1.225584555258507,121.94117647058823
5,3,10,2.0,-0.6782723,-0.1052777433909583,-0.7003278406303086,2064,-0.9970561186553079,-0.1503263718549391,0.13277394000263004,72,0.2916666666666667,1.0922057206713867,26.444444444444443
5,3,10,2.5,-0.37662130000000005,-0.04530053944246226,-0.4572800413613354,2563,-0.5086687273469277,-0.0990652015067207,0.13274932121604127,47,0.3617021276595745,1.1666547473485454,40.93617021276596
5,3,10,3.0,-0.07326018000000005,-0.0074353458558596985,-0.29183751383427786,1323,-0.19950043015721458,-0.025477690507197493,0.1390699699369804,33,0.3939393939393939,1.418947128353354,58.333333333333336
5,3,10,3.5,-0.26992888,-0.03038990535882591,-0.39845249891260154,1766,-0.35509160491599556,-0.07626983251896174,0.14262495519019452,28,0.25,2.316886791239599,71.46428571428571
5,3,10,4.0,-0.30806743000000003,-0.03547956609041891,-0.44049734544119884,1766,-0.39939488682491703,-0.08054433575503808,0.14067510617397808,25,0.28,1.812478013118021,79.84
5,3,10,4.5,-0.1711935,-0.018250126924094,-0.3726412823137523,1323,-0.2725994025139389,-0.04897505400039914,0.14102850505393075,20,0.35,1.4863154351836474,103.0
5,3,10,5.0,0.008485910000000032,0.0008292369635958252,-0.3521367463511835,1323,-0.1417502493180502,0.0023548719984163,0.13822678189317397,16,0.4375,1.291170421227591,126.25
5,3,15,2.0,-0.6987911,-0.1110429774066568,-0.7194897290227722,2064,-1.0427979189132086,-0.15433573674147924,0.1331036067169076,72,0.2777777777777778,1.1027936222224926,26.625
5,3,15,2.5,-0.45521029,-0.057837107738747284,-0.5158393891445788,2563,-0.615380273419617,-0.11212231744198342,0.13147684170499813,48,0.3541666666666667,1.0870370347339764,38.416666666666664
5,3,15,3.0,-0.055463020000000016,-0.005581574163715852,-0.29183751984363343,1323,-0.18650589594971978,-0.019125622252774283,0.13888917672604967,33,0.42424242424242425,1.2817341117236736,59.09090909090909
5,3,15,3.5,-0.25471068999999996,-0.02842571601737698,-0.38591335877159977,1766,-0.3413202554571819,-0.0736582846156423,0.1425023492983691,28,0.25,2.357541977420697,71.25
5,3,15,4.0,-0.29528367000000005,-0.03374595625150456,-0.4439516161803896,1766,-0.386263266325831,-0.07601268926970786,0.140771790933478,24,0.3333333333333333,1.4422178860559867,83.79166666666667
5,3,15,4.5,-0.14453614,-0.015196729227733075,-0.3744392445369151,1323,-0.2486148154064038,-0.04058530041776875,0.14173929671997473,19,0.3684210526315789,1.4167802600122226,110.15789473684211
5,3,15,5.0,0.0020641500000000233,0.00020228970167179838,-0.35626216193731486,1323,-0.1461213761739383,0.0005678113571527467,0.13830547451856443,16,0.4375,1.2772144023039442,126.6875
5,4,6,2.0,-0.65995425,-0.10040452838976877,-0.664071803342125,2563,-0.9523039309843302,-0.15119528925103462,0.13324120981650936,72,0.2916666666666667,1.1716230446582299,26.73611111111111
5,4,6,2.5,-0.43445702,-0.054375538569829684,-0.4521016173715609,2563,-0.5764271251394948,-0.12027282469361529,0.1335245988259886,50,0.34,1.2294773945740964,38.2
5,4,6,3.0,-0.06384667000000004,-0.0064508636588677115,-0.2959233737567694,1323,-0.18744073394017927,-0.021799101493651933,0.14116380099329545,33,0.3939393939393939,1.441293258207865,61.93939393939394
5,4,6,3.5,-0.21000443000000005,-0.02285788486583551,-0.3522930543146121,1766,-0.29778993968928635,-0.06488315504915541,0.14361176573582854,27,0.3333333333333333,1.6460690855523743,76.0
5,4,6,4.0,-0.19108045999999995,-0.020586265226612332,-0.3830875714352154,1766,-0.2888657824036863,-0.05373775283151861,0.14120602901805587,24,0.3333333333333333,1.681581830378904,84.91666666666667
5,4,6,4.5,-0.18347547999999997,-0.01968684805562948,-0.3979133327892168,1766,-0.2744491418968801,-0.0494752159160699,0.14390715338912657,20,0.35,1.5286189900829352,106.85
5,4,6,5.0,0.0683523600000001,0.006506728614859458,-0.3305558149311249,1323,-0.10020689932660683,0.019684205574224158,0.13858596345389868,16,0.4375,1.406799400923544,127.75
5,4,7,2.0,-0.62094362,-0.09076960959880198,-0.6514298969069671,2064,-0.8836375118689719,-0.13933902946392573,0.13177419178745997,71,0.30985915492957744,1.1473413014260945,27.35211267605634
5,4,7,2.5,-0.35541269999999997,-0.04216226560522862,-0.4326592906485006,2563,-0.4817870164160989,-0.09744911646767786,0.13321299366614314,48,0.3541666666666667,1.263316591488682,40.8125
5,4,7,3.0,-0.018100900000000024,-0.0017902270027119194,-0.29592338016831576,1323,-0.15352960480449854,-0.006049630149850516,0.1415274980052833,32,0.40625,1.4418508893302378,64.53125
5,4,7,3.5,-0.17370359999999999,-0.01854218487677728,-0.32207550736955703,1766,-0.26823786842010816,-0.05757092499275811,0.14322044483935062,27,0.2962962962962963,2.062087618840223,75.37037037037037
5,4,7,4.0,-0.19979597999999998,-0.0216264489569028,-0.3845333956559532,1766,-0.29641276597298943,-0.0562407562027519,0.14119863317522918,24,0.3333333333333333,1.6655344135786243,84.79166666666667
5,4,7,4.5,-0.21005359999999998,-0.02286385084745146,-0.4068620022571488,1766,-0.2976610465769375,-0.05619559143053333,0.14369273290255996,20,0.35,1.4668753011579319,106.15
5,4,7,5.0,0.061759810000000054,0.005895781499134278,-0.3198549800775993,1323,-0.10517569517527324,0.0184326706362487,0.13825149195513514,16,0.4375,1.3877658001820632,125.3125
5,4,8,2.0,-0.6239293,-0.09147462308237153,-0.6504739232636859,2064,-0.8838220409968769,-0.14062765594569424,0.13251305134478236,71,0.323943661971831,1.0699453863406656,27.91549295774648
5,4,8,2.5,-0.37307855000000006,-0.044769677964280996,-0.4339096173451703,2563,-0.5011295719059405,-0.1031774272213635,0.13344676965597216,48,0.3541666666666667,1.2397807914151102,41.020833333333336
5,4,8,3.0,-0.05268766000000003,-0.0052953335951870795,-0.30121667686961073,1323,-0.17931322309633424,-0.01757981546778467,0.14111451521377177,32,0.375,1.5814840218406883,64.21875
5,4,8,3.5,-0.16810391000000002,-0.017891736800606295,-0.33551822635300865,1766,-0.2643903991932013,-0.05332567769889755,0.1429468244966491,27,0.25925925925925924,2.492771179046484,74.81481481481481
5,4,8,4.0,-0.19857706999999994,-0.021480361168794926,-0.3835958928137559,1766,-0.29535757154276154,-0.055997370074095415,0.1411979647004477,24,0.3333333333333333,1.6692246727285072,84.75
5,4,8,4.5,-0.22735708999999996,-0.024984439539448067,-0.41985447324259545,1766,-0.3135067958471254,-0.05950737965583577,0.14346380830508262,20,0.35,1.414714457247021,105.45
5,4,8,5.0,-0.09183773999999999,-0.009404975613985567,-0.3750234653529095,1766,-0.21208007978082372,-0.025078365710090096,0.1397996849600631,17,0.4117647058823529,1.2359474577919465,118.0
5,4,10,2.0,-0.61245601,-0.0887924292427491,-0.6395881938699689,2064,-0.8688708272373291,-0.1388274988402944,0.13154953045604495,70,0.3142857142857143,1.1222072794365883,27.614285714285714
5,4,10,2.5,-0.27517083,-0.031075033177320632,-0.3729947038546218,2064,-0.3891821349722687,-0.08331226383694826,0.13480236401224216,46,0.3695652173913043,1.296826182223641,43.41304347826087
5,4,10,3.0,-0.024684910000000032,-0.0024487921034854754,-0.30143933885716667,1323,-0.15948989239352226,-0.008123664657603981,0.14091572093284588,32,0.40625,1.4318921769451565,64.5625
5,4,10,3.5,-0.15953354000000003,-0.016903827496419388,-0.33551822413436627,1766,-0.2574336302653988,-0.050381249900899115,0.14291955982255786,27,0.25925925925925924,2.5164686115312658,74.74074074074075
5,4,10,4.0,-0.29306914,-0.03344852928246511,-0.4194160031583937,1766,-0.37584532248236213,-0.0797502456524845,0.1430095136832988,25,0.32,1.5793210566454532,82.0
5,4,10,4.5,-0.15427491000000004,-0.016302151873392234,-0.41237860653340047,1766,-0.2524361773789945,-0.03953200193975593,0.14321372200899193,19,0.3684210526315789,1.439419640338221,111.15789473684211
5,4,10,5.0,-0.18310668999999993,-0.01964342476497305,-0.39183464512218674,1766,-0.2876101776369534,-0.05013192429385001,0.1394012569816782,18,0.3888888888888889,1.1882844893566031,109.38888888888889
5,4,15,2.0,-0.5324706,-0.07186599458290432,-0.5642637579891624,2064,-0.7254119131223916,-0.12736241441238305,0.13210532978810313,67,0.3582089552238806,1.0218726453815867,28.970149253731343
5,4,15,2.5,-0.26029934,-0.02914279594901026,-0.3959404657608139,2064,-0.36697364306941643,-0.073603984611705,0.1367855082022732,46,0.3695652173913043,1.345690553753462,43.82608695652174
5,4,15,3.0,-0.18025751,-0.019308541887503083,-0.32330180413827014,1766,-0.27245667302354043,-0.05972296362208106,0.14362305414151783,34,0.38235294117647056,1.3290143580495248,61.3235294117647
5,4,15,3.5,-0.14448808999999996,-0.015191303391971167,-0.31977283146170443,1766,-0.24540709158891952,-0.04750654807830495,0.14286422574713023,27,0.25925925925925924,2.564425684138361,74.81481481481481
5,4,15,4.0,-0.18646353000000002,-0.02003933064047858,-0.3928078877504078,1766,-0.2749369666536844,-0.0510156014311293,0.1445749689639377,23,0.34782608695652173,1.5922838258322796,91.73913043478261
5,4,15,4.5,-0.05192673999999999,-0.005216987178866428,-0.3490949779653326,1766,-0.18020771855676537,-0.014944320337328107,0.14054843571805617,18,0.3888888888888889,1.486073584363323,110.72222222222223
5,4,15,5.0,-0.02404927000000002,-0.002385037682491764,-0.344641375022889,1766,-0.16882661064060547,-0.006920346352301329,0.13653405287869189,16,0.4375,1.2130406514537775,118.3125
5,5,6,2.0,-0.51503203,-0.06852594430333536,-0.5586159819813532,2064,-0.7199855758029774,-0.12267093408298294,0.12875206520419585,69,0.36231884057971014,1.0582553177337832,28.391304347826086
5,5,6,2.5,-0.40335136,-0.049395972254785536,-0.4200724633081341,2563,-0.5300059252675176,-0.11758916989174867,0.13495135626691113,50,0.34,1.2952051896212846,40.7
5,5,6,3.0,-0.10157707999999996,-0.01045212398256612,-0.2818754205743812,1323,-0.22905683113856803,-0.03708065059829513,0.13616149627208493,33,0.36363636363636365,1.5689784938601703,58.84848484848485
5,5,6,3.5,-0.18870540000000002,-0.0203045582835637,-0.33906824278702064,1323,-0.2785251063623761,-0.05988339726736847,0.14398875376727657,28,0.2857142857142857,2.187128588130503,74.28571428571429
5,5,6,4.0,-0.15419079000000005,-0.01629255458096479,-0.3593405874763285,1766,-0.25836365677569484,-0.045340145669011185,0.14103804201205764,24,0.3333333333333333,1.7635310697571063,84.75
5,5,6,4.5,-0.09778367000000004,-0.01004305485098278,-0.3987187234683585,1766,-0.206270991064924,-0.025188320136111633,0.14398188363153183,19,0.3684210526315789,1.5737068216311902,113.0
5,5,6,5.0,-0.13628206999999995,-0.014268681847290576,-0.3504447405456127,1766,-0.2491418623957296,-0.04071592521284654,0.1391350509397311,18,0.3888888888888889,1.2890954817156632,109.33333333333333
5,5,7,2.0,-0.53029538,-0.0714432949052175,-0.5782582906680594,2064,-0.7480416263394157,-0.12354910609699923,0.12820903369190423,70,0.37142857142857144,0.9959570746020711,27.814285714285713
5,5,7,2.5,-0.35942606000000005,-0.042748913146591794,-0.43567744056344826,2563,-0.48290613338240673,-0.09812055701416611,0.13396546269446402,49,0.3469387755102041,1.3161852155672817,41.142857142857146
5,5,7,3.0,-0.24007822999999998,-0.026570945105950483,-0.3751487686484437,2108,-0.3427170380570415,-0.07082775508414484,0.1381302868884474,35,0.34285714285714286,1.4782545724251415,56.714285714285715
5,5,7,3.5,-0.11375896999999997,-0.011776396752508078,-0.3418048058649529,1766,-0.21943622764117704,-0.034453572771475115,0.14355244621369478,27,0.3333333333333333,1.881434434444996,75.85185185185185
5,5,7,4.0,-0.09118457999999996,-0.009335112507100174,-0.3588803683441774,1766,-0.20684850082221073,-0.02601176695780559,0.14167164199656712,23,0.34782608695652173,1.7732447278098158,89.8695652173913
5,5,7,4.5,-0.14097929000000003,-0.014795828458133875,-0.4009003238512271,1766,-0.24180543838432922,-0.03690650163611382,0.143193876321202,19,0.3684210526315789,1.4508470424909021,109.84210526315789
5,5,7,5.0,-0.13743743999999994,-0.014398103298244203,-0.35131362873420535,1766,-0.2468602361683715,-0.04098361725994248,0.14029545912091246,18,0.3888888888888889,1.2880523661298646,110.11111111111111
5,5,8,2.0,-0.5486073100000001,-0.07505834170874137,-0.586668923857542,2064,-0.7676197152243911,-0.12793986293872187,0.12976042628752604,71,0.36619718309859156,0.9892373528887218,27.619718309859156
5,5,8,2.5,-0.28407303,-0.032248864710033964,-0.39333791042380484,2064,-0.3959793932058026,-0.08198768502961534,0.13535998062601665,47,0.3617021276595745,1.359680881221752,43.59574468085106
5,5,8,3.0,-0.24146425,-0.02674524568230663,-0.3852925068335945,2108,-0.34313249342712326,-0.06941543167320857,0.13838328848196707,35,0.34285714285714286,1.4631636820609493,57.4
5,5,8,3.5,-0.09182080000000005,-0.009403163110370483,-0.3418048058649529,1766,-0.20439959302342384,-0.02751033030847926,0.14286586498171402,27,0.3333333333333333,1.9205311682950326,75.66666666666667
5,5,8,4.0,-0.20306729000000004,-0.022019513702052573,-0.4038820034198298,1766,-0.2890134760481944,-0.05451967038789691,0.1445466744919064,24,0.3333333333333333,1.666358732958813,87.91666666666667
5,5,8,4.5,-0.14484115000000003,-0.015231177557357256,-0.40090032468343134,1766,-0.24492707301074712,-0.03799243008691616,0.14318091865623173,19,0.3684210526315789,1.4438267229331319,109.63157894736842
5,5,8,5.0,-0.13547710999999998,-0.014178604642247739,-0.34983937051149827,1766,-0.24527654188479014,-0.04052889936749336,0.14029416742540407,18,0.3888888888888889,1.296181441108581,109.94444444444444
5,5,10,2.0,-0.45624237,-0.05801234167167346,-0.5064474877366466,1335,-0.6341153849682031,-0.11454759491637553,0.12854222240423305,67,0.3880597014925373,1.0007148170135083,28.925373134328357
5,5,10,2.5,-0.34975698,-0.04134111603610868,-0.46188334816276394,2064,-0.4602566042874528,-0.08950553467786071,0.13658728128441755,48,0.375,1.206234969057892,42.708333333333336
5,5,10,3.0,-0.23301007999999995,-0.025686516266678505,-0.38425247212136343,2108,-0.33629294693993206,-0.06684801824401952,0.13808721816450253,35,0.37142857142857144,1.308594994812754,57.371428571428574
5,5,10,3.5,-0.08696808999999997,-0.008885196264336037,-0.331241891660258,1323,-0.20030399867627263,-0.026823890600918433,0.1430484511864152,27,0.2962962962962963,2.2900664563341566,75.88888888888889
5,5,10,4.0,-0.18192504000000004,-0.019504410011420448,-0.38806727409488245,1766,-0.2716840923525074,-0.050260383478385295,0.14439194774623562,23,0.34782608695652173,1.6010673320922157,91.8695652173913
5,5,10,4.5,0.0008548199999999488,8.381924718880995e-05,-0.33196032295790157,1766,-0.14166172794277793,0.00025249778781375544,0.14091493871264996,18,0.3888888888888889,1.5894380239687844,111.44444444444444
5,5,10,5.0,-0.008043079999999958,-0.0007918432805885667,-0.3455180199548792,1766,-0.146903926349102,-0.002291756825568671,0.14139030087061966,16,0.4375,1.2636941620722708,126.5625
5,5,15,2.0,-0.45792638,-0.05829891004251486,-0.4853647651911829,2064,-0.6312445014476774,-0.1201136016116687,0.12942716041992336,66,0.3787878787878788,1.0360958920476167,29.924242424242426
5,5,15,2.5,-0.35267565,-0.04176406749109518,-0.4582562108661103,2064,-0.4651361032484314,-0.09113693715609558,0.13621220983437005,47,0.3829787234042553,1.164324414260341,42.787234042553195
5,5,15,3.0,-0.26032939,-0.029146664855388082,-0.4015993271496879,2108,-0.3624146945557247,-0.0725764783080034,0.13798772349286115,35,0.37142857142857144,1.267521087435051,56.542857142857144
5,5,15,3.5,-0.03948376000000001,-0.003943804890265912,-0.3312418959125981,1323,-0.16342564524289008,-0.01190611736900132,0.1440341923976387,26,0.3076923076923077,2.2866225671566807,80.61538461538461
5,5,15,4.0,-0.13697183999999996,-0.014345929237062793,-0.4029539242163266,1766,-0.2382269285254463,-0.03560190973437736,0.14331341539301998,22,0.3181818181818182,1.9153474811837503,95.95454545454545
5,5,15,4.5,0.02798291000000003,0.0027108817793797257,-0.3319603301090986,1766,-0.12474462872029,0.008166282334063217,0.1400152010601491,18,0.3888888888888889,1.6674478269978867,111.22222222222223
5,5,15,5.0,0.017510969999999973,0.0017042819913164475,-0.3424625589737303,1766,-0.13006017053518806,0.004976549834889192,0.14097593879641476,16,0.4375,1.31694434241226,125.875
10,2,6,2.0,-0.60925992,-0.0880580134460427,-0.6145257306772294,2558,-0.8909580735340882,-0.1432942658869623,0.1279344403005346,71,0.30985915492957744,1.1090755392547764,26.788732394366196
10,2,6,2.5,-0.33317768999999997,-0.038970569483413486,-0.47094620316386115,2558,-0.46356787973067337,-0.08274951410926665,0.13171513197605975,47,0.3617021276595745,1.2496883315402927,40.53191489361702
10,2,6,3.0,-0.32504740000000004,-0.037827446467499026,-0.37788136554544527,2558,-0.42799520432210614,-0.10010402712739687,0.13785595782458343,36,0.3333333333333333,1.3908020736244022,53.97222222222222
10,2,6,3.5,-0.23866638,-0.026393690786207014,-0.3655507367832349,1323,-0.33372558187691687,-0.07220253751494421,0.14039010188694537,28,0.32142857142857145,1.696315338929861,71.85714285714286
10,2,6,4.0,-0.17925752000000003,-0.0191912553275706,-0.35312274244236375,1323,-0.28825540509144904,-0.05434726518840109,0.13808983628264843,24,0.2916666666666667,2.006592058331215,82.875
10,2,6,4.5,-0.08111110999999999,-0.008263332669336099,-0.37400999230337223,1323,-0.19728705500443203,-0.022093882087068487,0.14249596711437967,19,0.3157894736842105,1.9496926000741908,111.94736842105263
10,2,6,5.0,-0.11843652000000002,-0.01228925123163016,-0.40733786203024885,1323,-0.22896192732109352,-0.03016967578309124,0.14129829929497714,18,0.3888888888888889,1.3249516915553872,117.66666666666667
10,2,7,2.0,-0.56648835,-0.07871829614870396,-0.5741886941880214,2558,-0.8094503217054534,-0.13709482082370503,0.12819256410174892,69,0.34782608695652173,0.9987197913773659,27.81159420289855
10,2,7,2.5,-0.35373282999999994,-0.04191769038593174,-0.47681413836051045,2558,-0.48573888541936067,-0.0879120122781228,0.13195836575498585,47,0.3617021276595745,1.21152816717758,40.702127659574465
10,2,7,3.0,-0.30018756999999996,-0.03440759625749945,-0.36427937833335167,2558,-0.39977720969450053,-0.09445386783880227,0.13849381902517185,36,0.3333333333333333,1.432415996408163,54.833333333333336
10,2,7,3.5,-0.24623467000000004,-0.027347359212567257,-0.368026300198665,1323,-0.34032338629285097,-0.0743081654702526,0.1405015976611248,28,0.32142857142857145,1.673403195011617,71.75
10,2,7,4.0,-0.18466291000000004,-0.019826782629924655,-0.3573830563094151,1323,-0.2929281368158157,-0.05547767942517964,0.1380965480260643,24,0.2916666666666667,1.9889822710263172,83.0
10,2,7,4.5,-0.11479841000000003,-0.011890151372407676,-0.3887214126043474,1323,-0.22328989968084365,-0.030587847715273245,0.14238196504653328,19,0.3157894736842105,1.8631278709979282,111.94736842105263
10,2,7,5.0,-0.11566255000000004,-0.011984813192589483,-0.40547296833632035,1323,-0.22683353442501114,-0.02955761327756048,0.14127813232421477,18,0.3888888888888889,1.330583374442731,117.44444444444444
10,2,8,2.0,-0.53671115,-0.07269516415139088,-0.5456488682142852,2558,-0.7586809731367489,-0.13322700437242052,0.1281866586704608,68,0.3382352941176471,1.096488786213428,27.88235294117647
10,2,8,2.5,-0.35056685,-0.04145830432133624,-0.4704900197332712,2558,-0.48144729293053395,-0.08811728747155924,0.13210059855024597,47,0.3617021276595745,1.2039517068329513,40.87234042553192
10,2,8,3.0,-0.30171928000000003,-0.034615113512790785,-0.3756322177389258,2558,-0.3999189996903838,-0.09215160968127924,0.138856817094432,35,0.34285714285714286,1.3528174292985289,56.82857142857143
10,2,8,3.5,-0.22197474,-0.02432026738636206,-0.35247942283599926,1323,-0.3182808479010373,-0.06899769408008176,0.1404798778166705,28,0.32142857142857145,1.730937694583778,71.75
10,2,8,4.0,-0.19465272999999997,-0.021011381783554328,-0.36256108872118886,1323,-0.3014502402276316,-0.057952666287672636,0.13817020282534687,24,0.2916666666666667,1.9617626343178458,83.375
10,2,8,4.5,-0.12957225,-0.013520137921025688,-0.39562039474304583,1323,-0.2348688211378415,-0.03417452209410734,0.14238783416669865,19,0.3157894736842105,1.8169485837781527,111.94736842105263
10,2,8,5.0,-0.02307842000000004,-0.002287734086994342,-0.34263435447182966,1323,-0.16231247422779177,-0.006676896397388056,0.13913563662901665,17,0.4117647058823529,1.366519258510063,120.88235294117646
10,2,10,2.0,-0.5330555900000001,-0.0719799754124335,-0.5419239298339756,2558,-0.7485720020224911,-0.13282302450546032,0.12878534560741645,68,0.35294117647058826,1.0352286478888624,28.029411764705884
10,2,10,2.5,-0.31581886,-0.03654486141373958,-0.4315368935501341,2558,-0.43543604653880713,-0.08468536980255655,0.13379891390867024,46,0.34782608695652173,1.3485495267527041,43.56521739130435
10,2,10,3.0,-0.28438162,-0.032289790557660236,-0.3593449962245045,2558,-0.38006211627371284,-0.08985735406619341,0.13953928380105085,35,0.34285714285714286,1.3764586024724037,57.94285714285714
10,2,10,3.5,-0.16816306999999994,-0.017898588034779617,-0.3464547330289573,1323,-0.27062096656360696,-0.05166212589534351,0.14080958054168047,27,0.3333333333333333,1.7498054489266022,75.11111111111111
10,2,10,4.0,-0.14020817000000005,-0.014709111253528029,-0.3625610821403523,1323,-0.2528912404200887,-0.0405700224819881,0.13891748424877123,23,0.30434782608695654,1.9887410373867465,88.69565217391305
10,2,10,4.5,-0.08284420999999996,-0.008446970898697725,-0.3964244976045802,1323,-0.2004342854946391,-0.02130789330563342,0.14173559321819457,18,0.3888888888888889,1.4034187205338609,119.22222222222223
10,2,10,5.0,0.041306670000000045,0.0039783235775743275,-0.35597512722113495,1323,-0.11929486619381426,0.011175847056030285,0.13808240291031904,16,0.4375,1.3530734406111171,128.1875
10,2,15,2.0,-0.40188254,-0.04916667209314096,-0.5218445961709272,2064,-0.5739222129961137,-0.09421707622135979,0.12625217304322642,65,0.35384615384615387,1.1960653022775185,28.923076923076923
10,2,15,2.5,-0.28391778,-0.032228281147380855,-0.4048723484375572,2558,-0.3949066913836575,-0.0796010922251248,0.13558656936401312,45,0.35555555555555557,1.3489167462333924,43.68888888888889
10,2,15,3.0,-0.17006366000000003,-0.01811892679699878,-0.3497244244554381,2108,-0.26205616225127504,-0.05180915466574024,0.14431777117733965,32,0.375,1.461083858322049,66.3125
10,2,15,3.5,-0.24952960999999999,-0.027765250386080353,-0.39609347215397844,1766,-0.3351849461764391,-0.07009772272966623,0.1429085980423243,28,0.32142857142857145,1.6940336954749031,73.53571428571429
10,2,15,4.0,-0.08544079000000003,-0.008722689512176474,-0.362561091140705,1323,-0.20767659683335604,-0.024058537237773583,0.1395640307034408,22,0.3181818181818182,1.982921494209471,94.54545454545455
10,2,15,4.5,-0.09171566000000003,-0.009391914286342118,-0.4022627508306505,1323,-0.20749618272256043,-0.023347710587043744,0.14159893663380266,18,0.3888888888888889,1.385040170978887,119.27777777777777
10,2,15,5.0,0.21330904000000003,0.019147350674156627,-0.30190887487437607,1323,-0.01239707585000395,0.0634209599904071,0.1365117345496142,14,0.5,1.373428792683982,141.14285714285714
10,3,6,2.0,-0.68700493,-0.10768963085266692,-0.6908862579348539,2558,-1.025106431514798,-0.15587172217691056,0.13188167654541938,72,0.3055555555555556,1.0228205667832806,26.51388888888889
10,3,6,2.5,-0.3010685,-0.03452689522512242,-0.4330193897645202,2558,-0.4366922073708817,-0.07973521750122657,0.1298276338226414,46,0.34782608695652173,1.3870757467102548,41.23913043478261
10,3,6,3.0,-0.16296087,-0.017297801850466477,-0.28276089533419985,1323,-0.2765197007198478,-0.0611746607677908,0.13731540069446183,34,0.4117647058823529,1.1974931738865746,57.205882352941174
10,3,6,3.5,-0.19397521999999998,-0.020930624463965875,-0.3482406599731149,1766,-0.2852303290191385,-0.06010390764128972,0.14322107380172394,27,0.3333333333333333,1.713497072764746,75.96296296296296
10,3,6,4.0,-0.24611751,-0.027332530379616804,-0.3884164928028661,1766,-0.3449468237786676,-0.07036912923645841,0.13912893264717963,25,0.28,1.9995587703097106,79.88
10,3,6,4.5,0.026525050000000047,0.00257130280716078,-0.36527420634814384,1323,-0.1242214017777756,0.007039376891315629,0.1408095287485889,18,0.3888888888888889,1.679703545596517,119.05555555555556
10,3,6,5.0,0.06434675,0.006135926083922438,-0.3362127245809223,1323,-0.10339216097766124,0.01825013045407684,0.13828572437628403,16,0.4375,1.3996381445565123,128.5625
10,3,7,2.0,-0.6735086899999999,-0.10398685101806349,-0.6775573831696275,2558,-0.9895927922609268,-0.15347312803472207,0.1323674637881534,71,0.30985915492957744,1.022907924859409,27.014084507042252
10,3,7,2.5,-0.33391414,-0.03907473468607048,-0.45011008893008564,2558,-0.46893228096911105,-0.08681150600056833,0.13072032179164314,47,0.3404255319148936,1.3740079535876668,40.87234042553192
10,3,7,3.0,-0.19589899,-0.021160092684718856,-0.3274282849682776,1766,-0.2834784328300808,-0.06462512145757024,0.14434024958980401,34,0.38235294117647056,1.3109288694166332,63.11764705882353
10,3,7,3.5,-0.19716367000000004,-0.021311214224509212,-0.34487097838820857,1766,-0.2875009564715744,-0.061794745165596285,0.14336830057802044,27,0.3333333333333333,1.7114611639618977,76.25925925925925
10,3,7,4.0,-0.24347039,-0.02699803963488112,-0.38453512120318023,1766,-0.34239188585585106,-0.07020955472261252,0.13915314094556352,25,0.28,2.0147077577725443,80.16
10,3,7,4.5,-0.06489283999999997,-0.006559831921036707,-0.36709328199132657,1323,-0.19166913918607287,-0.01786965941041574,0.139763514282027,19,0.3684210526315789,1.6017336015669925,109.94736842105263
10,3,7,5.0,0.053195280000000025,0.005096956449468504,-0.3431674185751104,1323,-0.11128832078829964,0.014852681733691198,0.13804992012451514,16,0.4375,1.376622666989314,128.5625
10,3,8,2.0,-0.64841006,-0.09745364926868993,-0.6527699976967973,2558,-0.929664903788969,-0.1492924760827562,0.13300043539610604,70,0.3142857142857143,1.0381705015630907,27.757142857142856
10,3,8,2.5,-0.33281212,-0.03891890094138872,-0.4472181989766632,2558,-0.45427848507984997,-0.08702441231247746,0.13370032758919395,47,0.3404255319148936,1.3739763344736744,41.59574468085106
10,3,8,3.0,-0.22210406999999996,-0.024336177814190396,-0.3293956670109131,2108,-0.3038603518919302,-0.07388129308144215,0.1450261731584136,34,0.38235294117647056,1.2588319019194087,63.76470588235294
10,3,8,3.5,-0.21560409999999997,-0.023539476402607118,-0.35868696275080447,1766,-0.30392301786303366,-0.06562679675358321,0.14320232713842365,27,0.2962962962962963,1.9773975140032582,75.96296296296296
10,3,8,4.0,-0.21354599,-0.02328845481093078,-0.39722465549036595,1766,-0.30905601571369334,-0.05862791870807124,0.1410086665337995,24,0.2916666666666667,1.9743132016046696,85.375
10,3,8,4.5,-0.21784349,-0.0238132838943248,-0.41878384310373207,1766,-0.30870811695300093,-0.056862948001616884,0.14233228517709748,20,0.35,1.4279652710780608,105.7
10,3,8,5.0,0.06217079000000004,0.00593396783900535,-0.3375697803823598,1323,-0.10645806953108325,0.017578492459496938,0.13737106593789258,16,0.4375,1.3932279104507985,127.3125
10,3,10,2.0,-0.43497928,-0.054461233910410134,-0.5289063649572648,2064,-0.6186046434804973,-0.10296951883876564,0.1261695111842971,64,0.34375,1.1985691060655432,30.078125
10,3,10,2.5,-0.3040775600000001,-0.034935419155533665,-0.41482304938736275,2558,-0.4119006472945017,-0.08421764221426106,0.1364839339147094,45,0.35555555555555557,1.2764721640924948,45.44444444444444
10,3,10,3.0,-0.23597268999999996,-0.02605632542319314,-0.34180259300319604,2108,-0.3168857455187566,-0.07623208821867977,0.14475637087800397,34,0.38235294117647056,1.237860053139874,63.205882352941174
10,3,10,3.5,-0.21228581999999996,-0.023135047889532023,-0.35992381768510645,1766,-0.2998347471053195,-0.0642776241881626,0.14358892007973983,27,0.2962962962962963,1.9891833641029115,76.07407407407408
10,3,10,4.0,-0.28682296999999995,-0.03261412971765898,-0.44593318037168067,1766,-0.36780136729414875,-0.07313680872653486,0.14356856740761978,24,0.3333333333333333,1.5196128564469562,87.54166666666667
10,3,10,4.5,-0.03750092000000004,-0.003742293647472361,-0.3482231189542133,1766,-0.17216050701452384,-0.010746827088078614,0.13942854743467997,18,0.3888888888888889,1.519398258566287,113.83333333333333
10,3,10,5.0,0.20264520999999996,0.018265200114353952,-0.2706128970302809,1323,-0.017577005405273363,0.06749567487284289,0.1375388659211814,14,0.5,1.3701774879500992,143.92857142857142
10,3,15,2.0,-0.48076116999999996,-0.06226610815738398,-0.5346197405771843,2064,-0.6821272529903669,-0.11646803032405886,0.1265047108978711,64,0.328125,1.2126243058845565,29.765625
10,3,15,2.5,-0.28409692000000003,-0.03225203248328945,-0.40359967292182597,2064,-0.3914915546893796,-0.07991094801887119,0.13650545722221993,44,0.38636363636363635,1.1420234326840553,45.77272727272727
10,3,15,3.0,-0.14486633999999995,-0.015234023052633217,-0.3597160051126636,2108,-0.23623262288268015,-0.042350139654925546,0.14639586247225703,31,0.3548387096774194,1.6448793734120228,71.35483870967742
10,3,15,3.5,-0.15785411,-0.01671130435588941,-0.3578383556509272,1766,-0.25419799364752416,-0.04670070743392125,0.14358980790697642,26,0.3076923076923077,1.9920080447803055,81.03846153846153
10,3,15,4.0,-0.17336841000000003,-0.018503138221868554,-0.3761407356798502,1766,-0.26564502194105855,-0.0491920615522414,0.1440307767743655,22,0.36363636363636365,1.5056211368680883,97.54545454545455
10,3,15,4.5,0.04564764000000002,0.004388106498467437,-0.3482231189542133,1766,-0.11290602314240689,0.012601422075725,0.13996105239665357,17,0.4117647058823529,1.5419850282394152,122.6470588235294
10,3,15,5.0,0.12290162999999989,0.01143540429464629,-0.2850262944805284,1323,-0.06424002492215192,0.04012052402213544,0.1390654782864287,14,0.5,1.1994343117123647,142.35714285714286
10,4,6,2.0,-0.60692838,-0.08752566893340974,-0.611802710939591,2558,-0.885381816072933,-0.14306191745863636,0.12805882861416948,71,0.352112676056338,0.9768792165977283,27.253521126760564
10,4,6,2.5,-0.4084094300000001,-0.05018951135309757,-0.46346094940218413,2558,-0.5487024061752527,-0.10829285923190889,0.13247915171603114,50,0.34,1.2632797350042666,38.68
10,4,6,3.0,-0.20348971999999999,-0.022070376888164378,-0.32742829276594193,1766,-0.29185074202090105,-0.06740522238235874,0.14370159376686115,34,0.38235294117647056,1.3021392426320435,61.85294117647059
10,4,6,3.5,-0.23754093999999995,-0.026252606768419673,-0.38178364792390934,1323,-0.32197330279857284,-0.06876304658719144,0.14362675132838768,28,0.2857142857142857,2.05311005764835,74.17857142857143
10,4,6,4.0,-0.20581031000000005,-0.02235022497263317,-0.3941841348480764,1766,-0.3031927248212731,-0.05669996074613006,0.14070921463256475,24,0.3333333333333333,1.6541168629066945,85.16666666666667
10,4,6,4.5,-0.16812483999999997,-0.017894160623450395,-0.40146152547570657,1766,-0.26669204227338683,-0.0445725417952491,0.14217631109426498,20,0.35,1.5473160143898474,105.85
10,4,6,5.0,-0.07778293999999994,-0.007911556019692734,-0.36891823800748313,1766,-0.2029646601354209,-0.02144528300477315,0.13912276617974043,17,0.4117647058823529,1.2625950453377157,118.17647058823529
10,4,7,2.0,-0.5595249199999999,-0.07727709062903954,-0.5667816595752935,2558,-0.7946103818817908,-0.1363436683659552,0.12855842979163143,69,0.36231884057971014,0.9911221409595063,28.144927536231883
10,4,7,2.5,-0.34517862,-0.04068109197066749,-0.4362843971505685,2558,-0.4677611801367997,-0.09324443467692432,0.13375083109852143,48,0.3541666666666667,1.2597474673012865,42.125
10,4,7,3.0,-0.21181642000000003,-0.02307796200829315,-0.32917416729146726,2108,-0.29694779275550387,-0.07010866678325572,0.14437819257801054,34,0.38235294117647056,1.2764986067431079,62.5
10,4,7,3.5,-0.21476578000000002,-0.02343715737123364,-0.35605333631778613,1766,-0.3032337211685986,-0.06582484976440557,0.1431928570653617,28,0.2857142857142857,2.0845191979162507,74.25
10,4,7,4.0,-0.17376813,-0.01854970368787512,-0.39170359147818473,1766,-0.27238239482080223,-0.047356481001038286,0.14181161932616088,23,0.34782608695652173,1.61192508317714,90.65217391304348
10,4,7,4.5,-0.13376733999999996,-0.013987527447004044,-0.4108042391454401,1766,-0.23757650174451608,-0.03404913122635021,0.1426308352052877,19,0.3684210526315789,1.4696649106830577,112.0
10,4,7,5.0,-0.0715355,-0.0072543028516526276,-0.36464305638251143,1766,-0.1982394007033011,-0.01989425747913556,0.13910832608898585,17,0.4117647058823529,1.2734615611587556,118.11764705882354
10,4,8,2.0,-0.46660805000000005,-0.05978913503653016,-0.5350742881974067,2064,-0.6578798662119687,-0.11173987678972899,0.12705356526720568,67,0.373134328358209,1.0500114496186492,29.104477611940297
10,4,8,2.5,-0.35104443999999996,-0.04152747344685792,-0.44133409429195986,2558,-0.4763944279402571,-0.09409532139927052,0.13330404483437833,48,0.3541666666666667,1.2508906944884983,41.854166666666664
10,4,8,3.0,-0.19669617000000003,-0.02125532583046774,-0.34743127558170167,2108,-0.2809037609475291,-0.06117850442473868,0.14544021221913248,33,0.3939393939393939,1.2401063695828805,65.51515151515152
10,4,8,3.5,-0.19532795999999997,-0.021091928321536946,-0.34400311037307535,1766,-0.28856487004092446,-0.06131319074023053,0.14250530758990462,28,0.2857142857142857,2.1235323380374775,74.07142857142857
10,4,8,4.0,-0.24128099,-0.026722183134311184,-0.42961857224618966,1766,-0.32639875016985054,-0.062199785718291156,0.14330311759447903,24,0.3333333333333333,1.5983071631307157,87.20833333333333
10,4,8,4.5,-0.029520550000000048,-0.0029350354133221845,-0.34909497684815916,1766,-0.1643049853939847,-0.00840755555929639,0.14036568543319722,18,0.3888888888888889,1.5303278034504635,112.5
10,4,8,5.0,-0.08410006999999994,-0.00858023673247199,-0.34006433120163493,1766,-0.20665292523408202,-0.02523121640588791,0.13959102604515808,17,0.4117647058823529,1.2232198001303805,118.70588235294117
10,4,10,2.0,-0.47476791,-0.06120986951669771,-0.5302625969339393,2064,-0.6744239123980522,-0.11543312666332245,0.12631826124834664,66,0.3333333333333333,1.2134358857013507,29.333333333333332
10,4,10,2.5,-0.20281237,-0.021988831519866192,-0.35834696042988545,2064,-0.3202590669300081,-0.06136184744943177,0.13471239846782726,45,0.37777777777777777,1.3569596980393952,45.13333333333333
10,4,10,3.0,-0.26582083999999995,-0.029856074624923234,-0.398082190925479,2108,-0.340318713082331,-0.07499977468349568,0.14581874381349016,34,0.35294117647058826,1.3674690306691337,64.29411764705883
10,4,10,3.5,-0.19399861,-0.020933411466825702,-0.3522420206931291,1766,-0.28589634137241265,-0.05942905796881841,0.14301035731820272,27,0.2962962962962963,2.0416740349037905,76.55555555555556
10,4,10,4.0,-0.18627927000000002,-0.020017560823965552,-0.3917725498655426,1766,-0.27803850243742423,-0.05109485294678158,0.1434595306718775,23,0.34782608695652173,1.600259170313141,91.56521739130434
10,4,10,4.5,0.06662018999999994,0.00634653438681454,-0.36021410248212377,1766,-0.09725606399304108,0.01761878378187455,0.14097965418570513,17,0.4117647058823529,1.5967404167246657,121.76470588235294
10,4,10,5.0,0.0902833600000001,0.008514942810852633,-0.28598268741795513,1323,-0.08460374784278206,0.0297743296551665,0.13933694725539109,15,0.4666666666666667,1.3013704593494209,131.4
10,4,15,2.0,-0.44526046999999996,-0.05616294259729426,-0.5362689930604718,2064,-0.6320485564385541,-0.10472905076382275,0.12630901281839343,64,0.359375,1.122975972285428,30.15625
10,4,15,2.5,-0.43030371999999995,-0.05369657130642991,-0.471718967292063,2064,-0.5428304806517936,-0.11383169859520167,0.13903345938321032,47,0.3829787234042553,1.0711580380277492,43.57446808510638
10,4,15,3.0,-0.30338996999999995,-0.03484192852240897,-0.44468648802924354,2108,-0.37481774199091217,-0.07835166900802637,0.14607336808800434,34,0.29411764705882354,1.8329045975921583,65.29411764705883
10,4,15,3.5,-0.15224333999999998,-0.016070609362182298,-0.3618099291241275,1766,-0.2508267103671516,-0.04441727014260267,0.14316626410764155,26,0.2692307692307692,2.460714793076276,80.42307692307692
10,4,15,4.0,0.14283769999999996,0.013182916854665994,-0.32251881063360877,1323,-0.05009205555630095,0.04087487743355903,0.14029457081040053,19,0.42105263157894735,1.7011589403973508,109.47368421052632
10,4,15,4.5,0.16148618999999995,0.014792853323212451,-0.3361638188683849,1766,-0.0385970110398311,0.04400489431911219,0.14048823761619839,16,0.4375,1.6357821865076532,126.5625
10,4,15,5.0,0.1413561200000001,0.01305399727687706,-0.2859826818450302,880,-0.05295026832177215,0.045646111130431426,0.13892049598820053,14,0.5,1.2387749265527912,139.5
10,5,6,2.0,-0.5649039499999999,-0.07838855114128251,-0.575860137565967,2558,-0.8030956519673691,-0.13612428787415903,0.12867940604085087,70,0.35714285714285715,1.022513607309236,27.928571428571427
10,5,6,2.5,-0.45109542,-0.05714141904980197,-0.4628205157545029,2558,-0.6019122202213034,-0.12346345311993881,0.13287969027398422,51,0.3333333333333333,1.25693852456899,38.09803921568628
10,5,6,3.0,-0.16956523999999998,-0.01806110009588635,-0.325380667775962,2108,-0.2842017615471723,-0.055507600434092676,0.13666047870255155,34,0.38235294117647056,1.346296254854611,58.05882352941177
10,5,6,3.5,-0.19100645999999996,-0.02057747680052291,-0.34180481145373476,1766,-0.28313495614618667,-0.060202419951329994,0.1430864549982947,28,0.2857142857142857,2.1642124688893514,74.21428571428571
10,5,6,4.0,-0.10067555000000004,-0.010354764969147223,-0.3588803654885386,1766,-0.21528052779302384,-0.02885297153287122,0.1412040190610407,23,0.34782608695652173,1.7569655022015451,90.08695652173913
10,5,6,4.5,-0.12814901,-0.013362031299992472,-0.41080423365296925,1766,-0.23332773859721395,-0.03252651799903351,0.14255614019281945,19,0.3684210526315789,1.4840550822443328,111.84210526315789
10,5,6,5.0,-0.13846435999999998,-0.014513267434234423,-0.35021765393284626,1766,-0.25055353080652654,-0.04144070771777062,0.1392679299403452,18,0.3888888888888889,1.287835900942014,109.33333333333333
10,5,7,2.0,-0.47024832999999994,-0.060420514404026626,-0.5389199383488762,2064,-0.6563163374746434,-0.11211408245377014,0.12816302693660278,67,0.373134328358209,1.063305311253418,29.761194029850746
10,5,7,2.5,-0.33038207999999997,-0.03857609409204088,-0.40604614534045275,2558,-0.4532965746792085,-0.09500421204515175,0.13331425918478193,49,0.3469387755102041,1.3576802411462354,41.265306122448976
10,5,7,3.0,-0.29899507999999997,-0.03424632020776863,-0.44031955032264203,2108,-0.3913531375196225,-0.07777606100541029,0.14037959970570024,35,0.37142857142857144,1.2133781226290303,58.22857142857143
10,5,7,3.5,-0.15778261999999998,-0.016703116714334,-0.3418048090208842,1766,-0.26601563448173265,-0.048867412843549084,0.1394100075820038,28,0.2857142857142857,2.2367199396730224,71.07142857142857
10,5,7,4.0,-0.22025604000000004,-0.024109055743956054,-0.4194915829311381,1766,-0.307857653473948,-0.05747208460178733,0.14325024673694925,24,0.3333333333333333,1.6368183897126563,87.33333333333333
10,5,7,4.5,-0.10376256999999994,-0.010688508014541354,-0.39432391191076,1766,-0.21394433575194785,-0.02710590885231501,0.14271758593797315,19,0.3684210526315789,1.5275344003593507,111.73684210526316
10,5,7,5.0,-0.12170795999999996,-0.012649397954490937,-0.3455180206261378,1766,-0.23714120016283577,-0.036609951433410226,0.13921063924086474,18,0.3888888888888889,1.3246425751420297,109.16666666666667
10,5,8,2.0,-0.46997921,-0.06037370381236595,-0.5102342603502593,1335,-0.6546072059842106,-0.11832546048734822,0.12838317417931375,67,0.3582089552238806,1.1172862325403534,29.46268656716418
10,5,8,2.5,-0.19488692000000005,-0.021039310835433533,-0.33229440781321606,2064,-0.3130805626651695,-0.06331527206217628,0.13470587764564748,46,0.391304347826087,1.3157511457179016,44.47826086956522
10,5,8,3.0,-0.31001247,-0.035745861571000015,-0.4393726226873312,2108,-0.4011274443325872,-0.08135659739646019,0.14071489854744285,35,0.34285714285714286,1.3549106448079122,58.65714285714286
10,5,8,3.5,-0.13207760999999998,-0.01379902374728359,-0.32171626726574976,1323,-0.24404838278698182,-0.0428919055432316,0.13970676446474878,28,0.2857142857142857,2.3122239850070505,71.64285714285714
10,5,8,4.0,-0.250239,-0.027855437455320486,-0.4418134743269667,1766,-0.33400341533364386,-0.06304795818586986,0.14346041750976993,24,0.3333333333333333,1.5752699347799446,87.54166666666667
10,5,8,4.5,0.0678843999999999,0.006463473931433983,-0.34337214950061823,1766,-0.09761934694686392,0.018823524100117343,0.14028015145113074,18,0.3888888888888889,1.7732864664284782,115.16666666666667
10,5,8,5.0,0.026610319999999948,0.0025794716802565176,-0.34094710918267684,1766,-0.12541805172232642,0.007565606543607491,0.14015376429333248,16,0.4375,1.3396811752807276,126.0
10,5,10,2.0,-0.5062827,-0.066890779896014,-0.5297194561478359,2064,-0.7180822163907054,-0.126275860023057,0.12697208681754132,65,0.35384615384615387,1.086327552848527,30.323076923076922
10,5,10,2.5,-0.36409301,-0.043435281588060426,-0.4758225917879793,2064,-0.48086778983002665,-0.09128461392479374,0.13556791992826253,48,0.375,1.19527373477946,42.666666666666664
10,5,10,3.0,-0.34721534,-0.04097419333791197,-0.4394580036541862,2108,-0.4447533339470427,-0.09323801818877547,0.13951215189728003,36,0.3333333333333333,1.357138551127667,55.05555555555556
10,5,10,3.5,-0.036804060000000055,-0.00367156235555699,-0.3212290147362527,1323,-0.16456181487777433,-0.01142973451066228,0.14261362095815996,26,0.3076923076923077,2.309043877240084,82.57692307692308
10,5,10,4.0,-0.17570219999999995,-0.018775300976544784,-0.38250099821032685,1766,-0.26927181872736095,-0.04908562608827692,0.1434389495945829,23,0.34782608695652173,1.6193595499774642,91.95652173913044
10,5,10,4.5,0.16773423999999998,0.015327040010639337,-0.34550808311111886,1766,-0.03360977762654406,0.044360872465348394,0.14143723767528874,17,0.4117647058823529,1.8441917126499021,123.88235294117646
10,5,10,5.0,0.12036912000000011,0.011211415573317174,-0.28598268631828067,1185,-0.06547441719980278,0.03920312700622574,0.13931903190125533,15,0.4666666666666667,1.3686655905892522,131.73333333333332
10,5,15,2.0,-0.53222654,-0.07181847938002472,-0.5643631935623273,2064,-0.745892805982131,-0.12725578173639918,0.12898856388997146,65,0.3384615384615385,1.1475794758013673,31.153846153846153
10,5,15,2.5,-0.42554779000000004,-0.05292454961285109,-0.5012527691240174,2064,-0.538238521934846,-0.1055845530895347,0.1387716450311442,47,0.3829787234042553,1.0877874212537666,44.02127659574468
10,5,15,3.0,-0.3746815600000001,-0.045009544097251775,-0.49029596027411004,2064,-0.4701228098835919,-0.09180076473011987,0.14063960830708847,36,0.3611111111111111,1.1870499715332972,57.0
10,5,15,3.5,-0.05069640000000002,-0.005090427891051963,-0.34643728999544876,1766,-0.17667204571909828,-0.014693648859563695,0.14166643134104562,25,0.28,2.607397535066967,84.28
10,5,15,4.0,0.033906709999999965,0.0032762100827454788,-0.36059101360704154,1323,-0.12034237298371225,0.009085667582153805,0.14017985445255968,20,0.4,1.6336350317915054,102.45
10,5,15,4.5,0.2653591100000001,0.02335524883323714,-0.33588600864436063,1323,0.021001985328095628,0.06953325899908473,0.1402468076878264,16,0.5,1.4697142106053778,130.25
10,5,15,5.0,0.2687048600000001,0.023620358318481305,-0.27970496616292967,879,0.021998444236009992,0.08444740414341559,0.13923254434037471,14,0.5,1.5118690530581436,140.64285714285714
14,2,6,2.0,-0.5901052800000001,-0.08376684216072716,-0.6033570832308636,2064,-0.8239593619938849,-0.13883460472888046,0.13197413147013073,69,0.3188405797101449,1.1054648683246469,27.797101449275363
14,2,6,2.5,-0.41799893000000005,-0.05171091326452182,-0.5027238649668431,2554,-0.5567141699050662,-0.10286146504688491,0.1332646029917342,49,0.3469387755102041,1.1928330451586615,38.734693877551024
14,2,6,3.0,-0.25216017,-0.028100069078580314,-0.32863774320412037,2554,-0.36355704258190175,-0.08550469220185421,0.13551530881794904,36,0.3333333333333333,1.5029629512087181,52.583333333333336
14,2,6,3.5,-0.26546966000000005,-0.029810564642696713,-0.4244564050383867,1766,-0.3526002617755726,-0.07023233549744815,0.1421328310887428,27,0.37037037037037035,1.2550389825822503,76.0
14,2,6,4.0,-0.10465190000000002,-0.010784847377819706,-0.3269317826074779,1323,-0.23011911042257893,-0.0329880664761439,0.1367187259975271,24,0.2916666666666667,2.2359681176716184,82.79166666666667
14,2,6,4.5,0.06211743999999995,0.005929011559195896,-0.35740757391888317,1323,-0.09925586724282123,0.01658893653031969,0.14152476640022665,18,0.3888888888888889,1.754592593182199,119.5
14,2,6,5.0,0.09353192999999993,0.00880930958622117,-0.35651943019476456,1323,-0.08457888433334401,0.024709199107068845,0.1380547195449671,16,0.375,1.9030200476640535,129.0
14,2,7,2.0,-0.59877551,-0.08568630451768744,-0.613018820354609,2064,-0.8297444008392224,-0.13977760824393784,0.13335833201629135,69,0.3333333333333333,1.0256049826962725,28.347826086956523
14,2,7,2.5,-0.42226030000000003,-0.0523942596996847,-0.5030746139857479,2554,-0.5612498032932793,-0.10414808905696248,0.13343237623713358,49,0.3469387755102041,1.1884106299841568,39.224489795918366
14,2,7,3.0,-0.25040586,-0.027876662092295,-0.32047956626871277,2501,-0.3530880005685699,-0.08698421062178184,0.13794520775262178,36,0.3333333333333333,1.4963803613465,53.72222222222222
14,2,7,3.5,-0.18269937,-0.019595485290941572,-0.3596014876927302,1766,-0.27453628784852385,-0.054492225314944714,0.14362710739025428,26,0.38461538461538464,1.3821921425400883,80.3076923076923
14,2,7,4.0,-0.10309578000000003,-0.010616332510167248,-0.32693178106386983,1323,-0.22892186304754966,-0.032472623113056195,0.13670079370202737,24,0.2916666666666667,2.231268109225768,82.45833333333333
14,2,7,4.5,0.02576702000000002,0.0024986565551334827,-0.3636816144628434,1323,-0.12419590402187383,0.006870450569309066,0.1410943327261276,18,0.3888888888888889,1.6788558745203115,119.05555555555556
14,2,7,5.0,0.056401409999999916,0.005396680203180848,-0.36626848996075073,1323,-0.11091201276077818,0.014734219161902666,0.13706010955448855,16,0.375,1.7916502218211774,126.75
14,2,8,2.0,-0.5967206500000001,-0.08522803018376268,-0.6110369102910183,2064,-0.823073081726452,-0.1394809851064008,0.13376514580406135,69,0.3333333333333333,1.028598343349034,28.52173913043478
14,2,8,2.5,-0.41203523999999997,-0.050762123480557975,-0.4942798316156929,2554,-0.5475443667160369,-0.10269915993664494,0.13359130882789383,49,0.3469387755102041,1.2012893424004738,39.3469387755102
14,2,8,3.0,-0.23232942000000004,-0.02560173459361703,-0.3040929550795659,2501,-0.3341163279945732,-0.08419048901319776,0.13853797489678402,36,0.3333333333333333,1.5278400267927488,54.22222222222222
14,2,8,3.5,-0.18232013,-0.01955087005597156,-0.35967332452319084,1766,-0.2756811775865714,-0.05435729792274591,0.14312577292683581,26,0.38461538461538464,1.3769884860677943,79.57692307692308
14,2,8,4.0,-0.21912653000000004,-0.023970478392573047,-0.3822064225189569,1766,-0.32208240700522145,-0.06271605336873727,0.13854722155603919,25,0.28,2.072678403491775,79.6
14,2,8,4.5,0.01918967000000004,0.001866271565845068,-0.36776177032213175,1323,-0.12853876794189417,0.005074675282888577,0.14116193806988206,18,0.3888888888888889,1.6654123528504938,119.16666666666667
14,2,8,5.0,0.07225764999999991,0.006867039229935923,-0.35675639154361516,1323,-0.10002553215740226,0.019248538758404824,0.13719093392693624,16,0.4375,1.4169032559287418,126.9375
14,2,10,2.0,-0.48664283,-0.06331342378391935,-0.5657205354113848,2064,-0.6500079787215403,-0.11191643191435262,0.13311260989366042,66,0.3484848484848485,1.1645283272648141,29.21212121212121
14,2,10,2.5,-0.30475403,-0.03502747915373128,-0.4448607175905699,2554,-0.4196397969473594,-0.0787380808614552,0.13476548244315514,47,0.3617021276595745,1.2797128070847752,42.723404255319146
14,2,10,3.0,-0.24601832999999995,-0.027319978883053597,-0.35877766029291647,2501,-0.32839613728060757,-0.07614738013718239,0.1439777414020179,35,0.34285714285714286,1.4553308707556343,60.91428571428571
14,2,10,3.5,-0.16412943000000005,-0.017432461410096467,-0.3586869553085973,1766,-0.2593589678769232,-0.04860076775052609,0.1435682105033879,26,0.34615384615384615,1.6604600925498976,80.03846153846153
14,2,10,4.0,-0.28233126000000003,-0.032018165446229374,-0.389652868823413,1766,-0.37367661563994947,-0.08217099887628367,0.14074292909736608,25,0.28,1.921300258168207,81.04
14,2,10,4.5,0.16256287999999988,0.014885091133795436,-0.284226711346368,1323,-0.03988751090401866,0.052370486444730996,0.13897622506432816,17,0.4117647058823529,1.801088106905744,122.6470588235294
14,2,10,5.0,0.15719654000000002,0.014424600531548704,-0.3244598262407873,1323,-0.044033147366537725,0.044457277496179004,0.13831397497027376,15,0.4666666666666667,1.4433126425204694,139.8
14,2,15,2.0,-0.45158867,-0.05722456273843812,-0.5566001248170147,2064,-0.6099440993572748,-0.10281090532858038,0.13158165845702718,65,0.3384615384615385,1.2522359281112088,29.246153846153845
14,2,15,2.5,-0.21684252,-0.023690809240117017,-0.38224336219656757,2064,-0.3245319763603911,-0.06197834045822903,0.13724240019392703,45,0.35555555555555557,1.450499074249905,46.22222222222222
14,2,15,3.0,-0.21470979000000004,-0.023430327163413978,-0.3621140902866888,2501,-0.2938145209590729,-0.06470426805227046,0.14623036949695745,34,0.3235294117647059,1.7443638820180563,64.38235294117646
14,2,15,3.5,-0.16794367000000004,-0.01787318184439557,-0.3599238143561025,1766,-0.2647382019347904,-0.04965823635863157,0.14277946621956175,26,0.34615384615384615,1.6470757894624106,79.23076923076923
14,2,15,4.0,-0.25157197,-0.028025110658242425,-0.41569763415906325,1766,-0.33985702198357276,-0.06741705594484776,0.14208351424469337,24,0.3333333333333333,1.5720387861205314,85.41666666666667
14,2,15,4.5,0.1752096499999999,0.015962784959480336,-0.3593571401237979,1766,-0.030479432555086207,0.04442039179736678,0.14042161030062886,16,0.4375,1.6732222908086343,133.875
14,2,15,5.0,0.24931695999999998,0.022075256041825142,-0.27002093981608033,1323,0.009577332598795384,0.08175386715141902,0.13754437795105592,14,0.5,1.4730165183304729,146.71428571428572
14,3,6,2.0,-0.60382334,-0.08682112108035978,-0.6128032815983434,2064,-0.8337224276682704,-0.1416786164295803,0.13409342474331812,69,0.3188405797101449,1.1344543316032982,28.347826086956523
14,3,6,2.5,-0.46784916000000004,-0.06000395847060813,-0.5139216268072402,2554,-0.6239014881550232,-0.11675702157814463,0.13303968948309045,51,0.35294117647058826,1.0646503830704057,37.333333333333336
14,3,6,3.0,-0.09754566000000003,-0.010017440367411812,-0.2827608989341542,1323,-0.21192834398984325,-0.0354272475620632,0.1415603404293194,34,0.38235294117647056,1.461151679269778,61.61764705882353
14,3,6,3.5,-0.15073883999999996,-0.015899460491630046,-0.3240169901386531,1766,-0.251809455033504,-0.04906983576640954,0.1423679704476821,27,0.3333333333333333,1.7806539314177883,75.74074074074075
14,3,6,4.0,-0.20813008999999996,-0.02263071345735157,-0.37577296242360114,1766,-0.3084519475821094,-0.06022443262386832,0.1397017375306718,25,0.28,2.0971638808740467,80.04
14,3,6,4.5,-0.07360543000000005,-0.0074716239177703425,-0.4103574644513943,1766,-0.19210934563516288,-0.01820759841120262,0.14232223619061773,19,0.3684210526315789,1.639828644688561,113.57894736842105
14,3,6,5.0,0.1047106499999999,0.009816269956234969,-0.3341544305293683,1323,-0.07889276624511697,0.029376447113641468,0.13707216354777874,16,0.4375,1.4833274339406932,126.8125
14,3,7,2.0,-0.57671176,-0.08087250408661595,-0.597088854044897,2064,-0.7882056861814574,-0.13544467216019224,0.13367287137011782,69,0.3333333333333333,1.1279190865532,28.347826086956523
14,3,7,2.5,-0.42506713,-0.05284684598801226,-0.4748435741902514,2554,-0.5621645164613885,-0.11129316865692401,0.13394557600844145,50,0.34,1.2171292345375837,39.06
14,3,7,3.0,-0.18449182999999997,-0.01980661010688567,-0.3274282873207894,1766,-0.2754236485371124,-0.06049144461205533,0.14381910158773722,34,0.38235294117647056,1.3284221205783497,62.470588235294116
14,3,7,3.5,-0.14038684999999998,-0.014729198677080113,-0.33404287423475026,1323,-0.24207641392285606,-0.04409373710133118,0.14288124672760005,27,0.3333333333333333,1.8091296034035498,76.5925925925926
14,3,7,4.0,-0.18311515000000003,-0.019644420692083053,-0.37944557377988763,1766,-0.2859463148058976,-0.05177137921624189,0.13992143976294968,24,0.3333333333333333,1.6974220325977694,84.58333333333333
14,3,7,4.5,-0.17043169999999996,-0.0181616469137581,-0.41833977799405403,1766,-0.26997008381276355,-0.04341362659999365,0.1417082027581732,20,0.35,1.5504110494597678,105.65
14,3,7,5.0,0.09403587999999989,0.008854903960576754,-0.3258882057402365,1323,-0.08637874636311366,0.02717159996773539,0.13674227765473207,16,0.4375,1.4553509676621772,124.375
14,3,8,2.0,-0.51774418,-0.06903822220037059,-0.5854334101012771,2064,-0.7082928122180006,-0.11792668646708653,0.1311776978781515,67,0.34328358208955223,1.1494467805759965,28.62686567164179
14,3,8,2.5,-0.37335907999999995,-0.04481161506191789,-0.44019382535056767,2554,-0.493304556965996,-0.10179973566469314,0.13518480034502778,49,0.3469387755102041,1.2588075393226827,41.6530612244898
14,3,8,3.0,-0.19443248,-0.020985121872520107,-0.3293956673835486,2108,-0.28306758955469624,-0.0637079474639386,0.14406204161445596,34,0.38235294117647056,1.30209561334519,63.029411764705884
14,3,8,3.5,-0.13009956000000006,-0.013578775578748759,-0.34180480691778325,1766,-0.2361373922724478,-0.03972669577468803,0.142044449967366,27,0.2962962962962963,2.18509736736881,75.44444444444444
14,3,8,4.0,-0.17890349,-0.019149762841735973,-0.38841857390639056,1766,-0.2739607277095259,-0.04930187207358187,0.14274301855930532,23,0.34782608695652173,1.6160831754140628,90.8695652173913
14,3,8,4.5,0.009177630000000004,0.0008965536336622559,-0.3602141039921905,1766,-0.1368628418149682,0.00248894650077803,0.1404283685078834,18,0.3888888888888889,1.6331854082720252,115.05555555555556
14,3,8,5.0,0.058924620000000115,0.005631985110844617,-0.3446413679317536,1766,-0.10510978710506004,0.01634158181486754,0.13935679182664878,16,0.4375,1.4036762309470892,128.9375
14,3,10,2.0,-0.41325844999999994,-0.05095601955214468,-0.5285586917773738,2064,-0.5670958360963265,-0.096405603284653,0.1301643549698947,64,0.359375,1.1963920040753542,29.796875
14,3,10,2.5,-0.29273226,-0.03340335758612656,-0.4212737231795318,2064,-0.40345672040310476,-0.07929133897556492,0.13569950389932234,47,0.3617021276595745,1.2766703296264528,43.340425531914896
14,3,10,3.0,-0.17380093999999993,-0.01855352679803257,-0.32917415928622723,2108,-0.2633715620291204,-0.05636386172676361,0.1449379806927914,33,0.3939393939393939,1.2622807554986966,65.36363636363636
14,3,10,3.5,-0.11774930000000004,-0.012213749694584553,-0.3599238167077274,1766,-0.22756575349553376,-0.03393426366253114,0.1416009789673495,27,0.3333333333333333,1.8667280206426022,74.92592592592592
14,3,10,4.0,-0.20449966000000003,-0.02219207859806782,-0.4078247362354523,1766,-0.2965343669463059,-0.05441572476186318,0.1424779722470221,23,0.34782608695652173,1.5700917699321952,90.43478260869566
14,3,10,4.5,0.07647879000000003,0.007255162260545678,-0.3602141039921905,1766,-0.09135682543506381,0.020141249829304216,0.14067790766620128,17,0.4117647058823529,1.6169004623157293,121.76470588235294
14,3,10,5.0,0.09822536000000011,0.00923321141674216,-0.34006433548621146,1766,-0.08060002350980264,0.02715136653051504,0.1386329458895526,15,0.4666666666666667,1.3214508727843697,134.33333333333334
14,3,15,2.0,-0.48273546999999994,-0.06261646278525324,-0.5703426235793434,2064,-0.6706824386506256,-0.10978745090501259,0.12875404859618306,63,0.3333333333333333,1.1904139271925842,30.682539682539684
14,3,15,2.5,-0.33643442000000007,-0.03943199666851693,-0.455831726532888,2064,-0.44198170122459657,-0.08650559926673278,0.13746388605359397,46,0.3695652173913043,1.2046731825103205,45.130434782608695
14,3,15,3.0,-0.23297351000000002,-0.025681959454633363,-0.39057732721934074,2108,-0.30613118972181536,-0.06575384095506104,0.1473730786384667,33,0.36363636363636365,1.4465811171867444,68.27272727272727
14,3,15,3.5,-0.09756794999999996,-0.010019838944319792,-0.334117806011496,1323,-0.2033024049746337,-0.029988940319975163,0.14510910671035943,26,0.34615384615384615,1.8280832740737742,85.0
14,3,15,4.0,0.09730206000000005,0.009149949952067749,-0.3259578884305437,1323,-0.07925647644422562,0.028070957251944077,0.13982530316767497,20,0.4,1.7571617097090908,99.95
14,3,15,4.5,0.20678418999999995,0.018608426025816582,-0.3433721503379556,1628,-0.012945616598833037,0.05419317206564859,0.13952251168348573,16,0.4375,1.741624128073471,126.8125
14,3,15,5.0,0.21543977000000003,0.019322773748367883,-0.28598269148420535,1323,-0.00884822448035877,0.0675662350336159,0.13863576160286906,14,0.5,1.3896787480589703,141.57142857142858
14,4,6,2.0,-0.5934764699999999,-0.08450878343465684,-0.6139601978341055,2064,-0.8313218287746318,-0.13764537788081738,0.13180243030730887,70,0.34285714285714286,1.0280252986746323,27.97142857142857
14,4,6,2.5,-0.39945546,-0.0487888868077484,-0.4579819640310508,2554,-0.5400783666755208,-0.10653014886944447,0.13198829390918432,50,0.34,1.272057968880801,38.44
14,4,6,3.0,-0.11028846999999997,-0.011397460506826551,-0.2684503095311332,1323,-0.22251721601602956,-0.042456499777307,0.14127259020563382,34,0.38235294117647056,1.4414928409614478,61.38235294117647
14,4,6,3.5,-0.17930742000000005,-0.0191971049294154,-0.3509186126482323,1323,-0.274884571275513,-0.05470529130542002,0.14254307555711143,28,0.2857142857142857,2.2001326496979234,73.82142857142857
14,4,6,4.0,-0.15738466000000004,-0.016657550410733024,-0.36769587018854766,1766,-0.26317521628267293,-0.045302522441145014,0.1402797626933147,24,0.3333333333333333,1.7449621138138094,85.0
14,4,6,4.5,-0.13687315000000003,-0.014334873524370129,-0.40511244023380255,1766,-0.2389982970766503,-0.035384925518695605,0.1430170213320837,20,0.35,1.63286020874654,106.75
14,4,6,5.0,-0.022577290000000038,-0.002237542375488455,-0.34757649728590695,1766,-0.16365810085851487,-0.006437553726907816,0.13835342895354377,17,0.4117647058823529,1.3923750822396899,117.58823529411765
14,4,7,2.0,-0.50061905,-0.06584617804346238,-0.5684770644478755,2064,-0.7118545329267527,-0.1158290846921229,0.12658018214764966,69,0.37681159420289856,0.9986402513387773,28.07246376811594
14,4,7,2.5,-0.3526568199999999,-0.04176133328297993,-0.41574412294571383,2554,-0.4792478784398355,-0.10044960584670237,0.13308279690279726,49,0.3469387755102041,1.3026076320801847,40.93877551020408
14,4,7,3.0,-0.15320633999999997,-0.016180302136333924,-0.32720613325273945,1766,-0.26198690505355954,-0.04944987422908723,0.13945661995793932,33,0.3939393939393939,1.296085191527835,60.27272727272727
14,4,7,3.5,-0.15670977000000003,-0.016580320053377173,-0.34180480691778325,1766,-0.25805646907198315,-0.04850815353619458,0.14188288078309433,28,0.2857142857142857,2.2358905212615063,73.67857142857143
14,4,7,4.0,-0.19941926000000001,-0.02158127720795311,-0.40388200654282497,1766,-0.2897066534467884,-0.05343460926295258,0.1432847988508342,24,0.3333333333333333,1.6800049587754828,87.29166666666667
14,4,7,4.5,-0.09856088,-0.01012674015732662,-0.3882589607810948,1766,-0.21141414594816757,-0.026082437703314722,0.14213504912812636,19,0.3684210526315789,1.5573085968834464,109.89473684210526
14,4,7,5.0,-0.025990920000000042,-0.002579902034527626,-0.3455180213566308,1766,-0.1637189951450495,-0.007466765479838018,0.13945913712826177,17,0.4117647058823529,1.3829952517595259,118.11764705882354
14,4,8,2.0,-0.45089828000000004,-0.057108207391287635,-0.5437399541405515,2064,-0.6423040430414598,-0.105028528722989,0.1259268185946039,66,0.3787878787878788,1.0449363370689626,29.348484848484848
14,4,8,2.5,-0.29861129000000003,-0.03419446788718972,-0.4138470820637184,2064,-0.4175519884259588,-0.08262585232369701,0.13371530258009204,48,0.3541666666666667,1.335883251851646,41.708333333333336
14,4,8,3.0,-0.28667798,-0.0325948395027299,-0.4246612139470212,2108,-0.3778078590979245,-0.07675492470757238,0.14075095749498878,35,0.37142857142857144,1.2128973997956836,58.142857142857146
14,4,8,3.5,-0.09226190000000002,-0.009450368764624795,-0.34180480719489587,1766,-0.208471268923836,-0.027648437253359717,0.14134558437570566,27,0.3333333333333333,1.9139217914952038,74.92592592592592
14,4,8,4.0,-0.24742438,-0.02749805755526824,-0.4396269454058666,1766,-0.33279228976654246,-0.06254861728250494,0.143055128932054,24,0.3333333333333333,1.587903810445239,87.16666666666667
14,4,8,4.5,0.027151349999999977,0.0026312881445982317,-0.3490949845763624,1766,-0.1278479132977758,0.007537456167671333,0.1386887389982451,18,0.3888888888888889,1.6701249513250584,110.88888888888889
14,4,8,5.0,0.1385681200000001,0.012810989874557421,-0.3455180213566308,1766,-0.05352841933530225,0.0370776315060406,0.13974901042989685,15,0.4666666666666667,1.408396283054204,135.4
14,4,10,2.0,-0.43854545999999994,-0.055048309421381836,-0.4991179993433595,2064,-0.6230482257785522,-0.11029117261610177,0.1262514933496239,65,0.36923076923076925,1.1010728237602476,29.861538461538462
14,4,10,2.5,-0.25594304,-0.028583421096377015,-0.39396841540026767,2064,-0.3691690964731721,-0.07255257015295646,0.13505201335999104,47,0.3829787234042553,1.273152819930399,43.191489361702125
14,4,10,3.0,-0.3035831,-0.03486817972501799,-0.4394580136026561,2108,-0.3907260546111478,-0.07934359744443001,0.14175312208969149,35,0.37142857142857144,1.1964398508077054,59.17142857142857
14,4,10,3.5,-0.028882400000000023,-0.0028707418382064587,-0.32171627158516186,1323,-0.15399629238954135,-0.0089232099578356,0.1449799339495279,26,0.34615384615384615,1.9574348663876124,85.42307692307692
14,4,10,4.0,-0.1485225,-0.015647831622395136,-0.3485775561594327,1766,-0.2496234958048591,-0.044890531090986584,0.14251389141450807,23,0.391304347826087,1.3780622588351106,90.04347826086956
14,4,10,4.5,0.17859472999999998,0.016249469562664043,-0.3433721477436588,1766,-0.028928563939696953,0.04732320215673092,0.14004716551330224,17,0.4117647058823529,1.8586620749989835,121.05882352941177
14,4,10,5.0,0.04220648999999999,0.0040633920409245405,-0.34094710177424764,1766,-0.11670580071726473,0.011917954485546696,0.1391474244310811,16,0.4375,1.3687990672859418,124.25
14,4,15,2.0,-0.48392103999999997,-0.06282743125959944,-0.5548986841601271,2064,-0.6733150460299918,-0.11322324787036138,0.12864661386038084,64,0.359375,1.1049082180615104,31.453125
14,4,15,2.5,-0.36449336,-0.043494372454842334,-0.46214085362248336,2064,-0.46715251513066974,-0.0941149697411783,0.13870945030391868,46,0.391304347826087,1.1219188929937218,45.23913043478261
14,4,15,3.0,-0.39814077000000003,-0.04858482434138911,-0.49524673714925516,2108,-0.5077376240855492,-0.09810226034209457,0.13825975021705347,37,0.35135135135135137,1.1969461773718886,53.0
14,4,15,3.5,-0.05802275,-0.005846248682522814,-0.315285976348851,1323,-0.1746758775705277,-0.018542685438232683,0.14495000833984573,26,0.34615384615384615,1.9045377433444621,84.88461538461539
14,4,15,4.0,0.18314595999999997,0.016633747960143497,-0.3291422262821539,880,-0.02679566751170633,0.05053665750527063,0.13951819188473205,20,0.45,1.5878931463610895,100.65
14,4,15,4.5,0.24270815999999992,0.021543628410309212,-0.3358860097072773,1323,0.007555447466653539,0.06413970152875482,0.1393918820424255,16,0.4375,1.8290978717167818,126.5
14,4,15,5.0,0.2652803999999999,0.02334900442688448,-0.2797049626080854,879,0.01973705237337046,0.08347726193045933,0.13882256955025973,14,0.5,1.5011422101269343,139.71428571428572
14,5,6,2.0,-0.5264664199999999,-0.07070350288406857,-0.5584499051408728,2064,-0.7393269098047293,-0.12660670587137646,0.12857114092881014,70,0.37142857142857144,1.0069769042712169,27.685714285714287
14,5,6,2.5,-0.39300961,-0.04779220761199787,-0.40611583957431663,2554,-0.5247054295160697,-0.11768122036828904,0.1334806899836133,50,0.34,1.3031534398731217,40.38
14,5,6,3.0,-0.20561783999999997,-0.022326986312502295,-0.37343159035514717,2108,-0.3143207530770691,-0.05978869192954059,0.13718602397589896,35,0.37142857142857144,1.3590640039036275,57.02857142857143
14,5,6,3.5,-0.13914221999999998,-0.014589354024155732,-0.34180480691778325,1766,-0.251714919636948,-0.04268329095694963,0.13901916225301003,28,0.2857142857142857,2.2776817262771716,70.92857142857143
14,5,6,4.0,-0.06387234999999998,-0.006453537152733779,-0.3588803620215236,1766,-0.1895455329728981,-0.017982419312056793,0.14030397179054346,23,0.34782608695652173,1.833933646992392,89.30434782608695
14,5,6,4.5,-0.08878693999999994,-0.009079044472798059,-0.3993354929388436,1766,-0.2033634779936597,-0.022735380734585676,0.1423855203151147,19,0.3684210526315789,1.5864013417098797,112.15789473684211
14,5,6,5.0,-0.11676034999999997,-0.012105191576894159,-0.35021765223500045,1766,-0.2341488380027333,-0.03456476708024821,0.13885274171439627,18,0.3888888888888889,1.338117346767446,109.0
14,5,7,2.0,-0.45224765,-0.05733574767666827,-0.5482878210497081,2064,-0.6426176484352055,-0.10457235319744623,0.12618834060713846,67,0.373134328358209,1.0768677495886334,28.850746268656717
14,5,7,2.5,-0.24320069999999996,-0.026964020813843637,-0.38587746459456024,2064,-0.36068477317413417,-0.06987715865235772,0.1340137819705389,48,0.375,1.3182402422637587,42.375
14,5,7,3.0,-0.24649541000000003,-0.027380368296069157,-0.40159932995634917,2108,-0.35034321463318613,-0.06817832165966312,0.13767606545039487,35,0.37142857142857144,1.2838566430371556,57.08571428571429
14,5,7,3.5,-0.12423588,-0.012928521559285366,-0.3292785909374116,1323,-0.23321780582507168,-0.039263170807672665,0.14139661420505545,28,0.2857142857142857,2.3240849829442185,75.35714285714286
14,5,7,4.0,-0.17750929000000004,-0.018986518664974028,-0.4027141938447512,1766,-0.27140254552210225,-0.04714638558851851,0.14322326375249136,24,0.3333333333333333,1.7290385917207292,87.45833333333333
14,5,7,4.5,0.0732651000000001,0.006959796715900524,-0.331960325728108,1766,-0.09520930844155602,0.020965748544303282,0.13962452428523994,18,0.3888888888888889,1.7717209576441453,114.33333333333333
14,5,7,5.0,-0.012563439999999945,-0.0012394192495897016,-0.345518017092368,1766,-0.15376504217668874,-0.0035871334873352357,0.13961984023247637,17,0.4117647058823529,1.4098263429311229,118.47058823529412
14,5,8,2.0,-0.43437771999999997,-0.05436253282448944,-0.4997074823167492,1335,-0.6062545849890656,-0.108788710892327,0.12815570521895633,66,0.3787878787878788,1.070325397140194,29.78787878787879
14,5,8,2.5,-0.25317214,-0.028229155986575383,-0.3939684106758114,2064,-0.3663699816458311,-0.07165334890213973,0.1350788917194581,47,0.3829787234042553,1.2796192311277397,43.255319148936174
14,5,8,3.0,-0.36452402,-0.043498899194028384,-0.4680535584398899,2108,-0.47073900250015693,-0.0929357301310097,0.13788813120126558,37,0.35135135135135137,1.2255646874390427,52.189189189189186
14,5,8,3.5,-0.04387870999999996,-0.004391793840364255,-0.31972500578234164,1323,-0.17350333390324996,-0.01373616001544166,0.14086446315769313,27,0.3333333333333333,2.0313728891681535,76.81481481481481
14,5,8,4.0,-0.21775866000000002,-0.023802898956690743,-0.43194295091332685,1766,-0.3067563438414555,-0.05510658040919622,0.1429055149609378,24,0.3333333333333333,1.6477397802003309,87.20833333333333
14,5,8,4.5,0.09300941999999993,0.008762015999337125,-0.3433721468825926,1766,-0.08286392739960986,0.025517550211587414,0.13933351052914836,18,0.3888888888888889,1.8247069491891275,113.72222222222223
14,5,8,5.0,0.05247293999999995,0.005029315216496633,-0.34094710625021896,1766,-0.10874417228821419,0.014751013058329493,0.13974003742876567,16,0.4375,1.3917555195863256,125.625
14,5,10,2.0,-0.47405217000000005,-0.0610844566040315,-0.5407903259428534,2064,-0.6583281796082404,-0.1129540483135167,0.12873595622428505,66,0.3484848484848485,1.180985896920065,30.272727272727273
14,5,10,2.5,-0.27255687,-0.03073282954736889,-0.4147081748000286,2064,-0.3865672166412138,-0.07410712258611299,0.13479418785891387,47,0.3829787234042553,1.2657939853022082,43.38297872340426
14,5,10,3.0,-0.35781302000000004,-0.04251273184219784,-0.4668267448283591,2108,-0.46409244002251787,-0.0910674727040944,0.13769857960712895,37,0.32432432432432434,1.414452692942974,52.91891891891892
14,5,10,3.5,-0.059468099999999975,-0.005995983671974403,-0.318567636993333,1323,-0.18121869231618717,-0.018821697422139235,0.142491147459127,27,0.3333333333333333,2.0108774939747787,79.5925925925926
14,5,10,4.0,-0.03890166000000003,-0.003884608598047068,-0.3352097582186599,1323,-0.16679135935655845,-0.011588590435702973,0.14228949450864453,22,0.36363636363636365,1.7617026250789172,95.0909090909091
14,5,10,4.5,0.19227192999999992,0.017400289655025825,-0.3465035176669559,1766,-0.019661207678789264,0.05021677636112839,0.14102491584012597,17,0.4117647058823529,1.893374862359464,123.70588235294117
14,5,10,5.0,0.1844076200000001,0.01674003889230824,-0.2681286539830211,1185,-0.024938969890368822,0.06243286065713917,0.14050543343634087,15,0.4666666666666667,1.5029508712720663,135.8
14,5,15,2.0,-0.45712221,-0.05816196423532449,-0.514154801340504,2064,-0.6372878128776311,-0.11312150364770429,0.1282161031681926,63,0.3492063492063492,1.184302045700345,31.746031746031747
14,5,15,2.5,-0.36634003000000004,-0.04376737263897279,-0.48213976388420166,2064,-0.46870440254245843,-0.0907773552763523,0.13882415585443528,46,0.391304347826087,1.1383079471410589,45.608695652173914
14,5,15,3.0,-0.32309115000000005,-0.03755425098143039,-0.4803829221301316,2064,-0.416164509750058,-0.07817565789996438,0.14030395593309478,36,0.3888888888888889,1.1474248841545793,57.19444444444444
14,5,15,3.5,0.005597910000000032,0.0005477325051925774,-0.32886331182350714,1323,-0.13667965479441774,0.001665532412708086,0.14172743481248437,26,0.3076923076923077,2.4141091808484525,81.73076923076923
14,5,15,4.0,0.21163506000000007,0.01900933684471018,-0.3246805192346561,880,-0.01661999178012212,0.05854782076091106,0.13361817401045378,20,0.4,1.9915827068699359,94.3
14,5,15,4.5,0.33831241999999995,0.02899759683868841,-0.32632167943115625,1323,0.058017896523077796,0.08886199926782984,0.13656590878015415,16,0.4375,2.029914947881597,122.6875
14,5,15,5.0,0.2835579099999999,0.024789718909564495,-0.2808004849228813,879,0.029861575048305472,0.0882823222914758,0.1388091604214895,14,0.5,1.5341355232532614,140.21428571428572
20,2,6,2.0,-0.58770415,-0.08324174306224041,-0.6517155382419447,2064,-0.8160812524914498,-0.12772711125898845,0.13246984029983425,70,0.3142857142857143,1.154549481551152,27.82857142857143
20,2,6,2.5,-0.27155185,-0.030601553596621978,-0.4373214271619058,2538,-0.3978926043792367,-0.06997496965839871,0.13168089793412083,47,0.3404255319148936,1.479393712604295,41.255319148936174
20,2,6,3.0,-0.16538781000000005,-0.01757766141953576,-0.32413620830677714,1766,-0.2850664657933811,-0.05422924366073743,0.13521832960163027,35,0.42857142857142855,1.1110931496958236,53.82857142857143
20,2,6,3.5,-0.22163205000000005,-0.024278120528076763,-0.4232952734722158,1766,-0.3184812623771799,-0.05735504752729144,0.1403289672334611,28,0.35714285714285715,1.4151543744802617,72.03571428571429
20,2,6,4.0,-0.12895911999999998,-0.013451997222117207,-0.35163118569615176,1766,-0.24684185018211344,-0.03825598459216647,0.13780081633183902,24,0.3333333333333333,1.7981553757206212,83.70833333333333
20,2,6,4.5,0.1098768999999999,0.010278535510175768,-0.35597109760086215,1323,-0.07206192653736906,0.028874634989891027,0.13936244128629668,18,0.3888888888888889,1.8531014387778624,118.88888888888889
20,2,6,5.0,0.01827203000000003,0.0017777518699066963,-0.4209349086966252,1323,-0.13622556550665318,0.004223341502873433,0.13757413232209795,17,0.4117647058823529,1.4757503854640808,123.6470588235294
20,2,7,2.0,-0.6636351500000001,-0.10136443677443407,-0.7044143401252092,2064,-0.9823773493959583,-0.1438988830869295,0.13060887433118776,72,0.3055555555555556,1.0560144301978587,26.47222222222222
20,2,7,2.5,-0.20267330000000006,-0.02197209677902434,-0.38411725100344996,2538,-0.3280736369527508,-0.05720153604563571,0.13240398802655573,45,0.3333333333333333,1.6610811085285417,44.111111111111114
20,2,7,3.0,-0.06471193000000006,-0.006540980614415326,-0.33308760219084904,1766,-0.198759999215677,-0.019637418419036632,0.13671694994455896,34,0.4117647058823529,1.3338265949102772,56.029411764705884
20,2,7,3.5,-0.04734282999999996,-0.004746211592855598,-0.3374632568155279,1766,-0.17860484957975475,-0.014064380334745847,0.13973858924588958,26,0.34615384615384615,1.8801387850691407,77.84615384615384
20,2,7,4.0,-0.14770663,-0.015555351766710412,-0.3583828169634784,1766,-0.26198110943596725,-0.04340429013452285,0.1379204026237612,24,0.3333333333333333,1.7577416637510277,83.91666666666667
20,2,7,4.5,0.020583790000000036,0.0020006172110893505,-0.39933894483485194,1766,-0.1308959335652714,0.005009822450241393,0.1394648992114008,18,0.3888888888888889,1.6789532689836213,118.77777777777777
20,2,7,5.0,0.14479166999999993,0.013352711117721183,-0.3344734075581664,1323,-0.056001880494757725,0.03992159261689313,0.1352421591057537,16,0.4375,1.562687535537761,125.3125
20,2,8,2.0,-0.59178715,-0.0841363022106435,-0.6575945986613579,2064,-0.8338225096534204,-0.12794554940371589,0.13104997981285854,70,0.32857142857142857,1.0565661248050242,27.714285714285715
20,2,8,2.5,-0.31724736,-0.03674237016229798,-0.43142832057773894,2538,-0.4374908846391041,-0.08516448366925736,0.13367824321747468,48,0.3333333333333333,1.4575440462675087,42.458333333333336
20,2,8,3.0,-0.18621919999999995,-0.02001046467825529,-0.33693611739597923,2108,-0.2947236527692729,-0.059389491494431526,0.1379410368787073,35,0.4,1.2209510453207297,55.142857142857146
20,2,8,3.5,-0.06233525,-0.006293629110077803,-0.3542712505007645,1766,-0.1872247991071675,-0.01776500097363735,0.14081114058595715,26,0.38461538461538464,1.583417479072934,79.15384615384616
20,2,8,4.0,-0.13276375,-0.013875528530385539,-0.3583828140075728,1766,-0.2511670162101639,-0.03871705893266506,0.13737746226575503,24,0.3333333333333333,1.7864400629006896,83.41666666666667
20,2,8,4.5,0.018126880000000005,0.0017637434560751064,-0.39831639469150754,1766,-0.13062955100270587,0.00442799613468361,0.140474994804286,18,0.3888888888888889,1.6754275769115012,117.83333333333333
20,2,8,5.0,-0.020375459999999963,-0.0020172881858279146,-0.3848757898723886,1766,-0.16490733459922424,-0.005241400573667617,0.13707220039572468,17,0.4117647058823529,1.3935527907527052,118.05882352941177
20,2,10,2.0,-0.52221062,-0.06988754554133103,-0.610377093267555,2064,-0.7259120815858283,-0.11449896516790853,0.12954493977613302,68,0.35294117647058826,1.046499646497607,27.941176470588236
20,2,10,2.5,-0.41735014000000004,-0.05160727041826929,-0.5394395991042968,2538,-0.5460908765546448,-0.09566830188951587,0.13518585212711381,49,0.32653061224489793,1.330892230465335,41.83673469387755
20,2,10,3.0,-0.15481876,-0.01636422077351196,-0.32442016182474703,2108,-0.2658921594755897,-0.050441441991364196,0.13859517028547588,34,0.4117647058823529,1.2038569345286703,57.529411764705884
20,2,10,3.5,-0.062196859999999986,-0.006279243684086722,-0.3617974117762785,1766,-0.1891113853924023,-0.017355689896337796,0.13996448667432343,26,0.34615384615384615,1.872233662125468,77.96153846153847
20,2,10,4.0,-0.009147660000000033,-0.0009010413481190804,-0.3261630627435386,1766,-0.15341165351249916,-0.0027625487096543714,0.13860961527372942,22,0.36363636363636365,1.8154267218732343,92.81818181818181
20,2,10,4.5,0.014170949999999953,0.0013812617983597342,-0.39401903333305277,1766,-0.1334584654251598,0.0035055712580061935,0.14041859086317343,18,0.3888888888888889,1.664232671235175,117.33333333333333
20,2,10,5.0,0.18945995999999996,0.01716466213809187,-0.3400643365573341,1766,-0.026694776682198558,0.05047474931320222,0.1365093906216075,15,0.4666666666666667,1.5019710181181898,134.0
20,2,15,2.0,-0.5585361799999999,-0.07707412182909601,-0.6242877981623699,2064,-0.7816567952611169,-0.12345927960784833,0.13012621005990047,68,0.3235294117647059,1.138666115168221,28.205882352941178
20,2,15,2.5,-0.34614166,-0.04081957900637867,-0.5240245134729522,2064,-0.459833681869755,-0.07789631583425075,0.13578474279527708,48,0.375,1.1929604902016073,42.979166666666664
20,2,15,3.0,-0.15486054000000005,-0.016368990560918117,-0.35732608797055304,2108,-0.2528679798408214,-0.045809671087511175,0.14318590270290923,33,0.3939393939393939,1.3057911661520272,65.39393939393939
20,2,15,3.5,-0.11113102000000002,-0.01148933398525498,-0.36254757865614284,1766,-0.22721678518531446,-0.03169055501030391,0.13976029490506564,27,0.3333333333333333,1.8735514705667018,74.4074074074074
20,2,15,4.0,-0.08881059999999998,-0.009081568391369088,-0.40567180965788885,1766,-0.21047272250689886,-0.022386491186133332,0.13950216430356188,22,0.36363636363636365,1.674349223379827,92.4090909090909
20,2,15,4.5,0.33354254000000005,0.02863726737309369,-0.3433721447776893,1766,0.05677395504116077,0.0834000888209334,0.1387291974531803,15,0.4666666666666667,1.8130572493300705,137.6
20,2,15,5.0,0.24761029000000004,0.021938210812554093,-0.3469776164941885,1766,0.008424637056413673,0.0632265880266704,0.13738009582341842,14,0.5,1.4469622447310162,143.28571428571428
20,3,6,2.0,-0.5816589299999999,-0.08193183777458035,-0.6373893352906838,2064,-0.8269183353365533,-0.12854284381337355,0.1294830166870385,70,0.32857142857142857,1.0994661587650398,27.52857142857143
20,3,6,2.5,-0.42075306000000007,-0.0521520430868152,-0.4516370374749557,2538,-0.5711428873911852,-0.11547335306774337,0.13119981835730848,51,0.3333333333333333,1.2809674157311004,38.705882352941174
20,3,6,3.0,0.0062060999999999766,0.0006070756752152295,-0.32764258988035866,1766,-0.1413806329600298,0.0018528594693287834,0.1391360871900017,33,0.45454545454545453,1.2203820374602272,61.696969696969695
20,3,6,3.5,-0.14876968000000004,-0.015675865550194956,-0.36210775501659703,1323,-0.2555675558872623,-0.04329060986135594,0.14046430544737143,28,0.35714285714285715,1.6175978601289192,73.71428571428571
20,3,6,4.0,-0.13578618999999995,-0.014213182581845896,-0.37986257481477315,1766,-0.25206526467021906,-0.03741664360795865,0.1379338929451823,24,0.375,1.497871377542512,84.375
20,3,6,4.5,-0.027430959999999963,-0.002724651120319832,-0.3987187238344171,1766,-0.15889802433409478,-0.0068335168564878975,0.14219111986029387,19,0.3684210526315789,1.7460719635015147,114.42105263157895
20,3,6,5.0,0.002887420000000042,0.00028286653531295336,-0.368406067300431,1766,-0.14919734891099504,0.0007678118261887334,0.13655159156342964,17,0.4117647058823529,1.4392662982988134,117.17647058823529
20,3,7,2.0,-0.55286349,-0.07591749376093582,-0.6300599078841017,2064,-0.7689259328219593,-0.1204925004923511,0.13057661885920682,70,0.34285714285714286,1.0741946139252496,28.15714285714286
20,3,7,2.5,-0.40868195999999996,-0.05023244094000834,-0.43750825811971755,2538,-0.5550088913061302,-0.11481484065213458,0.1313375043398356,50,0.34,1.2600799223458197,40.2
20,3,7,3.0,-0.10972252000000002,-0.011335792138585266,-0.31462847174434916,1766,-0.22353598366484762,-0.036029136446990545,0.1407190806904791,34,0.4117647058823529,1.2838171749174991,60.8235294117647
20,3,7,3.5,-0.07197602000000002,-0.007300516229889253,-0.34373144084822543,1766,-0.19591113047697645,-0.021239012095820457,0.14019481480170162,27,0.3333333333333333,1.9625689945578544,75.55555555555556
20,3,7,4.0,-0.047124890000000016,-0.004723879687313692,-0.32566146561139747,1766,-0.18279800289312675,-0.014505491702695225,0.13786308203598066,23,0.391304347826087,1.5385744344502374,88.8695652173913
20,3,7,4.5,-0.045584,-0.004566118857971091,-0.3892387948128645,1766,-0.17675049922919198,-0.011730893525570486,0.14003309070607783,19,0.3684210526315789,1.682953578675306,109.6842105263158
20,3,7,5.0,0.03157781000000005,0.0030543046199444923,-0.34464137295644404,1766,-0.1297600683736365,0.008862269186498677,0.13613196678719047,17,0.4117647058823529,1.5068788837708709,116.6470588235294
20,3,8,2.0,-0.50616248,-0.066868494538189,-0.6063426782634522,2064,-0.6962787861983146,-0.11028168877984709,0.13026882911630056,68,0.36764705882352944,1.0215939068559516,28.676470588235293
20,3,8,2.5,-0.4349535600000001,-0.05445701195686059,-0.46249913151978694,2538,-0.58245184962313,-0.11774511181872517,0.1325231327151183,50,0.34,1.2234957744733426,40.1
20,3,8,3.0,-0.10055837,-0.01034211680333652,-0.3266688226534666,2108,-0.21611783352493943,-0.031659332284389864,0.14082924481166198,33,0.42424242424242425,1.2257884371531762,62.78787878787879
20,3,8,3.5,-0.04863303000000003,-0.004878510439595196,-0.34373144084822543,1766,-0.18007742612285574,-0.01419279664250819,0.13952062561397466,27,0.3333333333333333,2.006512813539508,75.29629629629629
20,3,8,4.0,-0.11375045999999996,-0.011775465928693163,-0.37816492319040423,1323,-0.22559639058682623,-0.031138440417342123,0.1411671866561203,23,0.34782608695652173,1.7466384163871584,89.95652173913044
20,3,8,4.5,-0.05698801000000001,-0.005739179181334597,-0.38985579441106083,1766,-0.18522150339993593,-0.014721287367306006,0.14001132197048186,19,0.3684210526315789,1.655449131796684,109.26315789473684
20,3,8,5.0,0.1741333600000001,0.01587147721354598,-0.34094710658160815,1766,-0.03425497665565632,0.046551142119010853,0.1379093695488923,15,0.4666666666666667,1.4703553100285314,135.06666666666666
20,3,10,2.0,-0.50489917,-0.06663460830581847,-0.5854376180119837,2064,-0.6998940668322825,-0.11382016846149179,0.12939823073816517,67,0.34328358208955223,1.1298885427664225,29.044776119402986
20,3,10,2.5,-0.35709854,-0.04240828862774981,-0.49403877296653076,2064,-0.48363005661467257,-0.08584000072120415,0.1332370329664804,49,0.3877551020408163,1.123519287255102,41.02040816326531
20,3,10,3.0,-0.19834240000000003,-0.021452258701456395,-0.3923813834575289,2108,-0.28802901006648535,-0.05467195847169537,0.14352457093745496,34,0.4117647058823529,1.160088908157254,63.6764705882353
20,3,10,3.5,-0.026759050000000048,-0.002657088432255761,-0.3217162738626485,1323,-0.1636606511370621,-0.008259104832819745,0.13972164328141942,27,0.3333333333333333,2.060967979616282,75.51851851851852
20,3,10,4.0,-0.11898020999999996,-0.012349021442328412,-0.3823971748562284,1766,-0.23025967765171979,-0.03229370469844954,0.14095611910742592,23,0.34782608695652173,1.7476917593193149,90.8695652173913
20,3,10,4.5,0.23689933000000007,0.02107424246907108,-0.34337214602299,1766,0.0028195483111006997,0.06137435057897819,0.1379627924064303,17,0.4117647058823529,1.9805015635538659,120.58823529411765
20,3,10,5.0,0.19494667999999993,0.017623954232453665,-0.34094710658160815,1766,-0.02216282294391052,0.051691168196598976,0.13756503046370416,15,0.4666666666666667,1.5172194704257445,134.4
20,3,15,2.0,-0.49389303,-0.06461942368555285,-0.6133020811058318,2064,-0.6835304519372455,-0.10536312475744244,0.12934961641155662,64,0.328125,1.2471342760703281,30.890625
20,3,15,2.5,-0.27428685999999997,-0.03095918486280147,-0.4271375471279605,2064,-0.38186099649909144,-0.0724805980438119,0.13643864123659227,46,0.41304347826086957,1.1401666706604705,44.45652173913044
20,3,15,3.0,-0.23886097999999997,-0.026418104716941282,-0.4680418992612241,2108,-0.3370546442987311,-0.05644388837546525,0.13947652898465157,35,0.37142857142857144,1.4071377045084361,60.42857142857143
20,3,15,3.5,-0.07971592000000004,-0.008115725999293333,-0.3320799200236024,1323,-0.19985197788257705,-0.024439074782710474,0.14099418095384111,27,0.2962962962962963,2.3441793521958263,77.85185185185185
20,3,15,4.0,0.11247108000000007,0.010509926012783666,-0.334164517748401,1323,-0.06965491727751448,0.03145135241646689,0.13982796994404295,20,0.45,1.4598877446110694,104.25
20,3,15,4.5,0.28680106000000005,0.025043423561905254,-0.3443708302783153,1628,0.030661306161173924,0.07272225566162366,0.13760105084286664,16,0.4375,1.9082075648145485,126.9375
20,3,15,5.0,0.40740053000000004,0.03409082647223305,-0.2681286557321446,880,0.09471226987491664,0.12714354002613257,0.13814859188906575,13,0.5384615384615384,1.6130433651864091,156.69230769230768
20,4,6,2.0,-0.54233141,-0.07380472529279436,-0.605666587792367,2064,-0.7502720631892423,-0.12185701965467491,0.13074805007969068,69,0.34782608695652173,1.0794360597217671,28.855072463768117
20,4,6,2.5,-0.35890602,-0.04267271036135245,-0.4070015242466601,2064,-0.4942359111591422,-0.10484656154626829,0.13142635841591346,50,0.34,1.3496135071356936,40.4
20,4,6,3.0,-0.07847894999999995,-0.007985027198637584,-0.28187541654023235,1323,-0.21575780787723306,-0.028328214275109988,0.13424294671014722,34,0.4117647058823529,1.3148745463106544,57.088235294117645
20,4,6,3.5,-0.11512590000000002,-0.011926016302526654,-0.34180480980194083,1766,-0.22821653000751158,-0.03489130626756597,0.14057754940575898,28,0.32142857142857145,1.9881522139887908,73.60714285714286
20,4,6,4.0,-0.09755237,-0.010018162409841214,-0.3676958689972934,1766,-0.22080546076836752,-0.027245784504353398,0.13811724939717232,24,0.375,1.5650723541216303,84.875
20,4,6,4.5,-0.013280420000000043,-0.0013105795732859526,-0.37990370886940966,1766,-0.15338688156835703,-0.003449767777172344,0.1400559904312108,19,0.3684210526315789,1.755693816579746,110.0
20,4,6,5.0,0.02750927000000002,0.0026655539528490646,-0.3457359471064823,1766,-0.13026618352385413,0.007709796956774378,0.13732515098232717,17,0.4117647058823529,1.4974268941418063,117.52941176470588
20,4,7,2.0,-0.44389891000000004,-0.055935955629248246,-0.5516074343941709,2064,-0.6260636203783535,-0.10140536936504956,0.12699370396853624,69,0.37681159420289856,1.0743367346154709,28.55072463768116
20,4,7,2.5,-0.38429774,-0.04646021082479801,-0.4259084855275181,2538,-0.5261697862460555,-0.10908496168432455,0.131071170633351,50,0.36,1.2049140544090675,40.3
20,4,7,3.0,-0.17793037,-0.0190357957842473,-0.38485769090875616,2108,-0.2927891622601941,-0.04946190821677095,0.13624948235858061,35,0.4,1.2384439686205224,57.25714285714286
20,4,7,3.5,-0.08438057999999996,-0.008610025622406758,-0.33124189272140964,1323,-0.20532520709378774,-0.025993166358484143,0.14019956288384963,28,0.32142857142857145,2.0447227280448628,73.89285714285714
20,4,7,4.0,-0.08710686999999999,-0.008899974789549292,-0.36939392718161757,1323,-0.2045555067530148,-0.0240934518264928,0.1413553434516086,23,0.34782608695652173,1.8083247473952693,91.3913043478261
20,4,7,4.5,-0.039684560000000056,-0.003964232625482511,-0.3851294076104423,1766,-0.17259240430066503,-0.01029324831380398,0.13996299135738843,19,0.3684210526315789,1.6766178831425829,109.26315789473684
20,4,7,5.0,0.035584189999999946,0.003435766914208438,-0.3455180200553134,1766,-0.12477055950682815,0.009943813968540372,0.1372747259069745,17,0.4117647058823529,1.5159939003806624,117.29411764705883
20,4,8,2.0,-0.38403124,-0.0464197330185766,-0.5194965095311498,2064,-0.5493500346828832,-0.08935523563088196,0.1265745406975014,66,0.3787878787878788,1.1290677317900972,29.515151515151516
20,4,8,2.5,-0.26600459,-0.029879894908185545,-0.4313578767698123,2064,-0.3884711398677795,-0.0692693851609681,0.13262943573962854,48,0.3958333333333333,1.182095052174153,42.104166666666664
20,4,8,3.0,-0.20043394999999994,-0.0217029904376439,-0.4015993191721932,2108,-0.3153880876602099,-0.054041402466467665,0.13546229148990832,35,0.4,1.2103443116487425,56.77142857142857
20,4,8,3.5,-0.022923599999999978,-0.002272225291376939,-0.33124189272140964,1323,-0.1605965467577277,-0.006859715939638075,0.1398626307828999,27,0.3333333333333333,2.0604907975460125,75.62962962962963
20,4,8,4.0,-0.12359055000000005,-0.012857197594815628,-0.39364809741507706,1766,-0.2333290768021083,-0.032661653083664026,0.14117537305873415,23,0.34782608695652173,1.7390501225576631,91.47826086956522
20,4,8,4.5,0.16098533000000007,0.014749919397169187,-0.34337214602299,1766,-0.042481523275674296,0.04295607424191485,0.13775853966477863,18,0.3888888888888889,1.9711208889200829,114.72222222222223
20,4,8,5.0,0.20130551000000002,0.0181538769264058,-0.34094710658160815,1766,-0.018273092641493745,0.05324543477848972,0.13765787967467008,15,0.4666666666666667,1.5246756016922038,135.06666666666666
20,4,10,2.0,-0.38074136999999997,-0.04592134223099387,-0.5340864504797442,2064,-0.5434054960863037,-0.08598110322728639,0.1269155334185257,64,0.359375,1.2454379303812984,31.125
20,4,10,2.5,-0.28480730000000004,-0.032346271254344194,-0.4508817136925916,2064,-0.4055446656745365,-0.0717400379568236,0.13315059148727296,48,0.3958333333333333,1.1830166186645101,42.229166666666664
20,4,10,3.0,-0.28517288,-0.03239480188075394,-0.4641583009221668,2108,-0.38764601896107403,-0.06979257252621261,0.13774214158444922,36,0.4166666666666667,1.0408345718532066,56.80555555555556
20,4,10,3.5,-0.006329359999999986,-0.000622642893740033,-0.3191830742539176,1323,-0.1522133595017361,-0.0019507390709718711,0.1382140283082621,27,0.3333333333333333,2.112605443723511,74.81481481481481
20,4,10,4.0,0.003094109999999986,0.0003030867698403661,-0.3749015989626128,1323,-0.14134769362414248,0.0008084435240581396,0.1402757620882522,22,0.36363636363636365,1.8592454492198358,95.5
20,4,10,4.5,0.32376077000000003,0.027894675559330784,-0.3443708325034785,1323,0.050968873558244754,0.081001853021478,0.13779043029716287,16,0.4375,1.9893774412780392,129.75
20,4,10,5.0,0.23517090999999993,0.020934192661977713,-0.26812865514590756,1323,0.0022333120110145832,0.07807517868832764,0.13837449746241565,15,0.4666666666666667,1.5981338590615062,135.33333333333334
20,4,15,2.0,-0.47816627,-0.061807446158495316,-0.5599678485646573,2064,-0.6612818856096915,-0.11037677666123835,0.12922954668001582,65,0.3384615384615385,1.2203359502428923,31.23076923076923
20,4,15,2.5,-0.32122876,-0.03729482414329721,-0.47777334342936284,2064,-0.4302500417519466,-0.07805965874027697,0.1363603689895718,47,0.40425531914893614,1.1251274456311593,44.08510638297872
20,4,15,3.0,-0.22729182999999994,-0.024976361616846465,-0.4337719148399845,2108,-0.3310794632765189,-0.057579480741762806,0.1380990733896049,34,0.4117647058823529,1.167608867478015,62.411764705882355
20,4,15,3.5,0.04557193000000005,0.004380972712698439,-0.32929805203056883,1323,-0.11692685490096473,0.013303973970340255,0.1377622965815059,26,0.3076923076923077,2.499505388080511,77.42307692307692
20,4,15,4.0,0.07721182000000007,0.0073224225736996384,-0.33646186459026833,1323,-0.09862569859684171,0.021763008959772106,0.13605483296078233,20,0.4,1.719270043722805,99.1
20,4,15,4.5,0.47912782000000004,0.039145374961131685,-0.31805572903283613,879,0.12976435332702368,0.12307709431981434,0.13497322693560032,16,0.5,1.8114427860696518,125.125
20,4,15,5.0,0.34746447999999996,0.02968573647619621,-0.2797049669739075,879,0.06310840576879442,0.10613231791112765,0.13686707389959174,14,0.5,1.6516907470027669,140.5
20,5,6,2.0,-0.48021432000000003,-0.06216927793470517,-0.5615475319978885,2064,-0.677326902672451,-0.1107106244657824,0.12713077471226844,69,0.36231884057971014,1.0935954695763899,28.28985507246377
20,5,6,2.5,-0.37756385,-0.04544223357155508,-0.42790152681225624,2538,-0.5186294321973874,-0.10619787667056647,0.13095059640651582,50,0.34,1.331030928836073,40.34
20,5,6,3.0,-0.16081268000000004,-0.01705069590440844,-0.37237148848704904,2108,-0.28087863264033475,-0.04578947752870574,0.1352981814700391,35,0.4,1.2721581668432285,57.22857142857143
20,5,6,3.5,-0.08758417000000004,-0.008950817399707378,-0.34180480980194083,1766,-0.21621228175316193,-0.026186926406605977,0.13686404686320636,28,0.32142857142857145,2.0348663949086885,70.64285714285714
20,5,6,4.0,-0.020798599999999976,-0.002059581185553716,-0.3656209336975204,1766,-0.16171008931286596,-0.005633105207421234,0.1386433106138572,23,0.34782608695652173,1.9333178730606906,89.78260869565217
20,5,6,4.5,-0.00878931999999995,-0.0008656040603181037,-0.383523386946824,1766,-0.14939377162222803,-0.0022569785566639274,0.14044978137624003,19,0.3684210526315789,1.7607568837676133,111.89473684210526
20,5,6,5.0,-0.06386181000000006,-0.006452439846236113,-0.35021765238248626,1766,-0.19833003329366572,-0.018424085143455744,0.13669461144521217,18,0.3888888888888889,1.4610544752826762,108.55555555555556
20,5,7,2.0,-0.43387414,-0.0542799806016373,-0.5603426030332861,2064,-0.6055231543136815,-0.09686927302654676,0.12816220407603726,68,0.38235294117647056,1.0597715057178834,29.441176470588236
20,5,7,2.5,-0.35849703000000005,-0.04261281916930526,-0.4640269176496858,2064,-0.4873341421682409,-0.09183264493607576,0.13278467581606254,50,0.38,1.1644053296468888,40.84
20,5,7,3.0,-0.18391277000000003,-0.019738359827577434,-0.4015993237645879,2108,-0.3020832972106616,-0.04914938511985093,0.13499751737511329,35,0.42857142857142855,1.102263478412547,57.114285714285714
20,5,7,3.5,-0.04994547999999998,-0.005013256963469881,-0.3292785909836469,1323,-0.1865995528718669,-0.015224970893169475,0.13713605218199684,28,0.32142857142857145,2.12129735122052,70.82142857142857
20,5,7,4.0,-0.07660120999999996,-0.007786926445997877,-0.36858064659141143,1323,-0.19617828743073668,-0.02112679143088607,0.1415381661089084,23,0.34782608695652173,1.8295146122895207,91.69565217391305
20,5,7,4.5,0.006398199999999954,0.0006258128038336697,-0.3740776143034027,1766,-0.14078900750204626,0.0016729490883838143,0.13944465631751796,19,0.3684210526315789,1.79791984819737,110.78947368421052
20,5,7,5.0,0.048130599999999975,0.004621805985390193,-0.3409471078076538,1766,-0.11564108479654028,0.013555785866931585,0.13756696877121077,17,0.4117647058823529,1.5435823568341962,118.76470588235294
20,5,8,2.0,-0.36247633999999995,-0.04319700510046465,-0.4897387024347511,1335,-0.5138262182587606,-0.08820418906185973,0.1283283695039915,65,0.38461538461538464,1.1225488380426942,30.476923076923075
20,5,8,2.5,-0.30786755000000005,-0.03545223878136661,-0.43135973836509955,2064,-0.43058868075590234,-0.08218717610441452,0.13293622545063,49,0.3877551020408163,1.2056676416915042,41.734693877551024
20,5,8,3.0,-0.27429380000000003,-0.03096009388578247,-0.4662214658199284,2108,-0.38091895743194115,-0.0664064101624621,0.13667285045991165,36,0.4166666666666667,1.0505599201192242,55.666666666666664
20,5,8,3.5,-0.035640959999999965,-0.003553610439908206,-0.31918307858680206,1323,-0.17117427517541975,-0.011133454992795926,0.13923544854445358,28,0.35714285714285715,1.8539831384938106,75.46428571428571
20,5,8,4.0,-0.07605925,-0.007729817466977873,-0.3630145287866068,1766,-0.204313295213871,-0.021293410742581443,0.13802163959464864,23,0.34782608695652173,1.8346903107807848,87.6086956521739
20,5,8,4.5,0.16335562000000012,0.014952954300415433,-0.34337214605072214,1766,-0.041802803752681035,0.04354737119010992,0.1371627847179926,18,0.3888888888888889,1.9734542511789774,113.16666666666667
20,5,8,5.0,0.14880548,0.013700681062318587,-0.323597965265251,1766,-0.04991842738432166,0.04233858841197668,0.13781077518904047,16,0.4375,1.5848273853950878,126.0
20,5,10,2.0,-0.47992221,-0.062117591929236715,-0.5600077266728284,2064,-0.6603574024815316,-0.11092274083126621,0.12979899501436287,66,0.3333333333333333,1.2437423579342937,30.939393939393938
20,5,10,2.5,-0.39934556000000004,-0.04877181301582867,-0.47759337958149894,2064,-0.5350335786586574,-0.10211995203653362,0.13296571744814342,50,0.38,1.1326154340558963,40.88
20,5,10,3.0,-0.27314577,-0.030809827831463688,-0.4555893286794311,2108,-0.3809690510925981,-0.06762631583309665,0.13636011971967182,36,0.4166666666666667,1.0603031221235701,56.02777777777778
20,5,10,3.5,-0.045818199999999955,-0.00459008212886447,-0.3185676432505589,1766,-0.18319882405354965,-0.014408500756789953,0.13726014987192436,28,0.35714285714285715,1.7649438281017227,73.39285714285714
20,5,10,4.0,-0.03302114000000001,-0.003288399389569485,-0.360225689083032,1323,-0.17345070508097368,-0.009128719825452287,0.13737386692218254,23,0.34782608695652173,1.9007698451023363,87.34782608695652
20,5,10,4.5,0.24913976000000002,0.022061034778674715,-0.3465035179484322,1323,0.009241943263093124,0.0636675636348313,0.13726263339582412,17,0.4117647058823529,1.975819832568155,117.82352941176471
20,5,10,5.0,0.3071709199999999,0.026623852499756184,-0.26812865451879075,1110,0.040392949713528116,0.09929506619700117,0.13561430386974943,15,0.4666666666666667,1.7314882008865733,133.13333333333333
20,5,15,2.0,-0.46681666000000005,-0.059825211750749396,-0.5500195641727181,2064,-0.6406839241051465,-0.10876924321907025,0.1299465330767453,65,0.3384615384615385,1.2406105663783924,31.53846153846154
20,5,15,2.5,-0.36163486,-0.0430731972763394,-0.5053307529171829,2064,-0.4729743578102224,-0.08523763303081326,0.13667644547073804,48,0.3958333333333333,1.1285391924810055,43.541666666666664
20,5,15,3.0,-0.22930244999999996,-0.025225520410490754,-0.4469404080736652,2064,-0.33011722982680286,-0.056440455941797626,0.13892731504862837,35,0.4,1.2325109081984567,61.51428571428571
20,5,15,3.5,-0.014695410000000032,-0.0014511543899353718,-0.3222234921125369,1766,-0.16143131240924044,-0.004503564840730342,0.13672879285870002,27,0.3333333333333333,2.0208119931438517,75.88888888888889
20,5,15,4.0,0.02844270999999996,0.0027548670890451543,-0.3170619119824357,1323,-0.1315093859319201,0.008688735495917168,0.1363228451019183,22,0.36363636363636365,1.917234820229748,92.27272727272727
20,5,15,4.5,0.52598327,0.04232914708850122,-0.33790201690927213,879,0.15279574204249227,0.12527047774286218,0.13241828821276191,16,0.5,1.8868398842899328,121.5625
20,5,15,5.0,0.51273065,0.041437690465838894,-0.2804994969262711,879,0.14627536781517222,0.14772821669883685,0.13292839315007265,14,0.5,1.9342277458170483,134.5
