ts_code,trade_date,close,open,high,low,pre_close,change,pct_chg,vol,amount
000300.SH,20160104,3469.0662,3725.8561,3726.2446,3468.9485,3731.0047,-261.9385,-7.0206,115370674.0,145968206.0947
000300.SH,20160105,3478.7797,3382.1769,3518.217,3377.2799,3469.0662,9.7135,0.28,162116984.0,196017085.8792
000300.SH,20160106,3539.8082,3482.4064,3543.7394,3468.4666,3478.7797,61.0285,1.7543,145966144.0,160947198.402
000300.SH,20160107,3294.3839,3481.1499,3481.1499,3284.7374,3539.8082,-245.4243,-6.9333,44102641.0,47130795.6277
000300.SH,20160108,3361.5632,3371.871,3418.8508,3237.9307,3294.3839,67.1793,2.0392,185959451.0,203498868.2886
000300.SH,20160111,3192.4499,3303.1246,3342.4807,3192.4499,3361.5632,-169.1133,-5.0308,174638387.0,184464050.1804
000300.SH,20160112,3215.7099,3214.8234,3242.2532,3174.5497,3192.4499,23.26,0.7286,128225796.0,142048909.7096
000300.SH,20160113,3155.8787,3240.4838,3257.2953,3155.8787,3215.7099,-59.8312,-1.8606,120666494.0,130886082.444
000300.SH,20160114,3221.5714,3076.6445,3226.6576,3072.0389,3155.8787,65.6927,2.0816,134537671.0,144771580.5956
000300.SH,20160115,3118.7301,3200.888,3216.7977,3101.0522,3221.5714,-102.8413,-3.1923,124601779.0,131882737.2515
000300.SH,20160118,3130.7289,3068.2348,3165.6164,3066.727,3118.7301,11.9988,0.3847,101128386.0,109458287.7636
000300.SH,20160119,3223.1251,3132.7047,3227.908,3119.2163,3130.7289,92.3962,2.9513,127653893.0,142907686.2962
000300.SH,20160120,3174.3781,3204.2183,3225.9496,3154.4259,3223.1251,-48.747,-1.5124,130650504.0,143313337.1919
000300.SH,20160121,3081.3454,3136.3841,3202.5381,3081.3454,3174.3781,-93.0327,-2.9307,111189733.0,121856195.4328
000300.SH,20160122,3113.4626,3114.895,3132.1708,3053.9581,3081.3454,32.1172,1.0423,89951087.0,96885673.8416
000300.SH,20160125,3128.886,3129.0279,3149.3322,3105.1004,3113.4626,15.4234,0.4954,81540061.0,85777891.3639
000300.SH,20160126,2940.5085,3099.5957,3106.5302,2934.6469,3128.886,-188.3775,-6.0206,126933921.0,127250652.5184
000300.SH,20160127,2930.3519,2953.1826,2963.5438,2839.2899,2940.5085,-10.1566,-0.3454,132229366.0,126997670.7775
000300.SH,20160128,2853.7562,2909.3341,2941.8866,2841.8442,2930.3519,-76.5957,-2.6139,99222756.0,95663874.9273
000300.SH,20160129,2946.0902,2855.5983,2965.3093,2854.3712,2853.7562,92.334,3.2355,113304259.0,109462356.6804
000300.SH,20160201,2901.0477,2939.0401,2944.5172,2869.5614,2946.0902,-45.0425,-1.5289,86795342.0,82931453.4977
000300.SH,20160202,2961.3337,2901.5284,2972.4258,2901.5119,2901.0477,60.286,2.0781,88601963.0,88740230.428
000300.SH,20160203,2948.6386,2931.2883,2954.71,2909.8982,2961.3337,-12.6951,-0.4287,77389000.0,74817092.259
000300.SH,20160204,2984.7598,2960.3335,2999.2061,2960.2065,2948.6386,36.1212,1.225,91779724.0,91550346.8718
000300.SH,20160205,2963.7894,2982.0563,2988.3597,2962.8471,2984.7598,-20.9704,-0.7026,76850808.0,77443222.3341
000300.SH,20160215,2946.7066,2888.4277,2961.4926,2886.0183,2963.7894,-17.0828,-0.5764,72919434.0,71285049.1405
000300.SH,20160216,3037.0353,2962.1871,3042.0886,2962.1871,2946.7066,90.3287,3.0654,112579643.0,112300492.3168
000300.SH,20160217,3063.3199,3034.0902,3065.7845,3027.0458,3037.0353,26.2846,0.8655,128291607.0,122279340.2338
000300.SH,20160218,3053.6985,3079.5272,3093.5129,3049.8407,3063.3199,-9.6214,-0.3141,124401464.0,122618612.1614
000300.SH,20160219,3051.585,3047.9417,3065.9677,3032.6336,3053.6985,-2.1135,-0.0692,87338012.0,90849341.8036
000300.SH,20160222,3118.8675,3083.9325,3128.2069,3071.3289,3051.585,67.2825,2.2048,140946968.0,141684080.6269
000300.SH,20160223,3089.3632,3117.2027,3119.2209,3061.4294,3118.8675,-29.5043,-0.946,112567391.0,117476469.0625
000300.SH,20160224,3109.5454,3077.6062,3109.5454,3055.2511,3089.3632,20.1822,0.6533,111782650.0,112918607.5487
000300.SH,20160225,2918.7501,3104.4097,3104.4357,2905.4565,3109.5454,-190.7953,-6.1358,157829752.0,153493008.1938
000300.SH,20160226,2948.0306,2942.0954,2964.3851,2902.948,2918.7501,29.2805,1.0032,106949729.0,102531571.9461
000300.SH,20160229,2877.4666,2939.5802,2939.8745,2821.2149,2948.0306,-70.564,-2.3936,129341020.0,118440829.5984
000300.SH,20160301,2930.6937,2881.3353,2950.4361,2863.3228,2877.4666,53.2271,1.8498,116045918.0,110491037.808
000300.SH,20160302,3051.3327,2933.9209,3054.7237,2933.1162,2930.6937,120.639,4.1164,175972347.0,164025161.4705
000300.SH,20160303,3058.4219,3050.3886,3078.4437,3040.2463,3051.3327,7.0892,0.2323,173105744.0,165509087.7416
000300.SH,20160304,3093.8895,3047.5371,3101.6556,3032.4235,3058.4219,35.4676,1.1597,219172534.0,205520475.5425
000300.SH,20160307,3104.8397,3108.9994,3130.9032,3083.5843,3093.8895,10.9502,0.3539,132462037.0,127790344.4881
000300.SH,20160308,3107.6727,3100.1492,3109.2499,3001.8285,3104.8397,2.833,0.0912,136235742.0,128758488.1436
000300.SH,20160309,3071.907,3045.9238,3072.9156,3020.1335,3107.6727,-35.7657,-1.1509,111466245.0,106298652.7845
000300.SH,20160310,3013.1457,3056.2104,3074.1602,3012.6908,3071.907,-58.7613,-1.9129,76072197.0,78180468.559
000300.SH,20160311,3018.2844,2990.2135,3026.4368,2982.1722,3013.1457,5.1387,0.1705,73333564.0,74367296.5475
000300.SH,20160314,3065.6904,3039.5689,3106.8002,3033.9997,3018.2844,47.406,1.5706,117108655.0,123539094.703
000300.SH,20160315,3074.7796,3061.3427,3077.0846,3028.5781,3065.6904,9.0892,0.2965,98311941.0,101302845.6983
000300.SH,20160316,3090.0328,3068.8664,3100.3518,3064.5209,3074.7796,15.2532,0.4961,124736448.0,126128854.0008
000300.SH,20160317,3124.2039,3096.8076,3147.8413,3077.5717,3090.0328,34.1711,1.1058,121661777.0,136603715.7753
000300.SH,20160318,3171.963,3136.2234,3197.6683,3130.1021,3124.2039,47.7591,1.5287,197302564.0,210017810.3461
000300.SH,20160321,3249.4372,3203.2929,3267.7751,3198.3608,3171.963,77.4742,2.4425,233269464.0,256836636.2731
000300.SH,20160322,3225.7903,3231.6146,3249.6772,3218.7276,3249.4372,-23.6469,-0.7277,161020897.0,194211982.9886
000300.SH,20160323,3236.0924,3217.7288,3242.2466,3202.9759,3225.7903,10.3021,0.3194,125679286.0,155567074.583
000300.SH,20160324,3181.8507,3211.496,3221.9061,3181.8128,3236.0924,-54.2417,-1.6761,133131122.0,162436036.4153
000300.SH,20160325,3197.8169,3176.8101,3204.4423,3174.3179,3181.8507,15.9662,0.5018,97395330.0,115195604.4309
000300.SH,20160328,3169.7283,3206.9532,3229.6237,3161.8782,3197.8169,-28.0886,-0.8784,103441933.0,123844044.1282
000300.SH,20160329,3135.4098,3171.3138,3178.0748,3122.7605,3169.7283,-34.3185,-1.0827,97294747.0,113844280.5534
000300.SH,20160330,3216.2753,3161.2886,3216.6755,3161.2886,3135.4098,80.8655,2.5791,117802512.0,140721774.451
000300.SH,20160331,3218.0879,3229.1995,3241.9268,3208.6649,3216.2753,1.8126,0.0564,121552074.0,147267617.416
000300.SH,20160401,3221.8948,3213.674,3222.6124,3165.8555,3218.0879,3.8069,0.1183,118122139.0,127050098.4556
000300.SH,20160405,3264.4858,3211.3046,3271.9301,3205.2065,3221.8948,42.591,1.3219,146047772.0,159296543.667
000300.SH,20160406,3257.5276,3250.5215,3267.64,3236.1961,3264.4858,-6.9582,-0.2131,120196305.0,137206268.5871
000300.SH,20160407,3209.2902,3266.2883,3270.8202,3208.6443,3257.5276,-48.2374,-1.4808,112409467.0,128273067.7199
000300.SH,20160408,3185.7258,3189.8456,3197.7736,3163.305,3209.2902,-23.5644,-0.7343,101005625.0,113920716.5185
000300.SH,20160411,3230.0957,3213.507,3251.5717,3213.507,3185.7258,44.3699,1.3928,125212709.0,142759491.3397
000300.SH,20160412,3218.4497,3227.3673,3232.2642,3198.9027,3230.0957,-11.646,-0.3605,92869437.0,99086557.9514
000300.SH,20160413,3261.3831,3237.8575,3296.5228,3237.8575,3218.4497,42.9334,1.334,195613866.0,200159601.29
000300.SH,20160414,3275.8321,3277.0982,3286.0716,3252.0499,3261.3831,14.449,0.443,113157327.0,117989443.4499
000300.SH,20160415,3272.2053,3279.8566,3282.9846,3261.7299,3275.8321,-3.6268,-0.1107,99807529.0,107963982.3336
000300.SH,20160418,3228.4531,3252.6706,3252.6706,3221.6623,3272.2053,-43.7522,-1.3371,97090069.0,103956150.0952
000300.SH,20160419,3238.3029,3243.9712,3250.7253,3221.5773,3228.4531,9.8498,0.3051,80871440.0,90976236.2611
000300.SH,20160420,3181.0264,3244.1419,3248.4218,3107.3693,3238.3029,-57.2765,-1.7687,162207858.0,172324694.4687
000300.SH,20160421,3160.6033,3160.7958,3198.557,3150.9395,3181.0264,-20.4231,-0.642,104752651.0,110324379.0384
000300.SH,20160422,3174.9012,3142.5611,3175.3799,3137.9927,3160.6033,14.2979,0.4524,77078492.0,82442921.9027
000300.SH,20160425,3162.0331,3164.7384,3172.2694,3137.113,3174.9012,-12.8681,-0.4053,67519351.0,74734848.0361
000300.SH,20160426,3179.1605,3159.7706,3181.0954,3150.4041,3162.0331,17.1274,0.5417,59020734.0,68871554.1727
000300.SH,20160427,3165.9156,3181.9305,3188.8264,3162.6914,3179.1605,-13.2449,-0.4166,60004147.0,70620405.9946
000300.SH,20160428,3160.5809,3169.3333,3174.7662,3135.6425,3165.9156,-5.3347,-0.1685,69870660.0,78876767.2222
000300.SH,20160429,3156.7451,3153.5371,3171.2887,3149.3966,3160.5809,-3.8358,-0.1214,58029776.0,70807704.2215
000300.SH,20160503,3213.5397,3159.823,3218.485,3151.4045,3156.7451,56.7946,1.7992,98164835.0,115733867.5909
000300.SH,20160504,3209.4614,3203.4653,3222.8816,3198.2919,3213.5397,-4.0783,-0.1269,90862408.0,97797134.8125
000300.SH,20160505,3213.9199,3204.1686,3217.282,3196.5661,3209.4614,4.4585,0.1389,74733681.0,83946496.9076
000300.SH,20160506,3130.3544,3213.1358,3216.893,3130.1469,3213.9199,-83.5655,-2.6001,108680240.0,119265216.104
000300.SH,20160509,3065.6154,3115.4301,3115.4301,3055.0057,3130.3544,-64.739,-2.0681,99230477.0,100409213.4876
000300.SH,20160510,3069.1124,3055.2119,3084.7245,3055.1831,3065.6154,3.497,0.1141,68849935.0,70650764.1472
000300.SH,20160511,3082.8086,3080.6361,3102.8768,3063.0883,3069.1124,13.6962,0.4463,81794258.0,87323408.3417
000300.SH,20160512,3090.1372,3059.3831,3095.3489,3035.0228,3082.8086,7.3286,0.2377,78765726.0,81418792.6062
000300.SH,20160513,3074.9351,3081.6797,3103.0955,3064.691,3090.1372,-15.2021,-0.492,62629755.0,65850995.6487
000300.SH,20160516,3095.3085,3064.5261,3095.5554,3053.6619,3074.9351,20.3734,0.6626,59461856.0,64405200.0201
000300.SH,20160517,3086.0249,3095.5229,3105.2013,3073.459,3095.3085,-9.2836,-0.2999,65278125.0,75389385.458
000300.SH,20160518,3068.0358,3071.5292,3072.6122,3039.4618,3086.0249,-17.9891,-0.5829,82715369.0,88458847.1148
000300.SH,20160519,3062.5002,3060.3426,3086.977,3058.145,3068.0358,-5.5356,-0.1804,60444166.0,68679060.3921
000300.SH,20160520,3078.2183,3047.7778,3078.5316,3041.5169,3062.5002,15.7181,0.5132,56080842.0,65124251.0921
000300.SH,20160523,3087.2225,3078.515,3098.4782,3076.5039,3078.2183,9.0042,0.2925,59697216.0,70337514.4835
000300.SH,20160524,3063.5556,3083.2441,3083.2571,3052.5905,3087.2225,-23.6669,-0.7666,58734385.0,61106015.4464
000300.SH,20160525,3059.2259,3079.7486,3089.1022,3054.8697,3063.5556,-4.3297,-0.1413,56652803.0,63316562.5295
000300.SH,20160526,3064.2111,3056.6004,3072.524,3027.444,3059.2259,4.9852,0.163,60392981.0,65985183.9189
000300.SH,20160527,3062.4993,3059.732,3073.7562,3052.1793,3064.2111,-1.7118,-0.0559,60468750.0,59371777.0794
000300.SH,20160530,3066.7095,3056.3138,3075.2613,3037.6647,3062.4993,4.2102,0.1375,63098579.0,63496565.009
000300.SH,20160531,3169.5598,3068.5964,3170.926,3068.5964,3066.7095,102.8503,3.3538,138863111.0,151398175.9566
000300.SH,20160601,3160.547,3172.9619,3181.7926,3159.8175,3169.5598,-9.0128,-0.2844,113148482.0,131700821.1521
000300.SH,20160602,3167.0997,3158.0259,3168.824,3151.0654,3160.547,6.5527,0.2073,86003427.0,97093625.3449
000300.SH,20160603,3189.3255,3172.946,3201.7492,3162.088,3167.0997,22.2258,0.7018,101491783.0,136332027.0872
000300.SH,20160606,3178.7883,3192.7793,3197.2204,3168.554,3189.3255,-10.5372,-0.3304,76693751.0,101176231.3664
000300.SH,20160607,3177.0536,3182.4374,3186.6167,3168.1792,3178.7883,-1.7347,-0.0546,68928314.0,88711618.4254
000300.SH,20160608,3163.9864,3171.8134,3174.9719,3148.3517,3177.0536,-13.0672,-0.4113,76291775.0,97682790.8611
000300.SH,20160613,3066.3413,3134.0453,3145.6057,3065.7674,3163.9864,-97.6451,-3.0861,92975947.0,114091320.0037
000300.SH,20160614,3075.9834,3058.4433,3078.7494,3055.6553,3066.3413,9.6421,0.3144,66279457.0,78622305.3495
000300.SH,20160615,3116.3682,3043.9577,3128.6733,3042.2328,3075.9834,40.3848,1.3129,87393257.0,106170177.8724
000300.SH,20160616,3094.6748,3104.3619,3112.4755,3089.4777,3116.3682,-21.6934,-0.6961,82974703.0,93496238.8705
000300.SH,20160617,3110.3572,3096.0901,3131.0485,3096.0901,3094.6748,15.6824,0.5068,85402985.0,97953389.32
000300.SH,20160620,3112.6744,3114.9064,3118.7254,3089.7127,3110.3572,2.3172,0.0745,63587141.0,74647802.4617
000300.SH,20160621,3106.3175,3124.8984,3155.4927,3097.9402,3112.6744,-6.3569,-0.2042,87965345.0,107233643.6316
000300.SH,20160622,3133.9611,3100.4496,3134.0608,3096.9919,3106.3175,27.6436,0.8899,66487113.0,81348715.8476
000300.SH,20160623,3117.3168,3129.7207,3129.7207,3102.4811,3133.9611,-16.6443,-0.5311,67751738.0,81732552.1588
000300.SH,20160624,3077.1554,3110.6465,3130.5391,3033.9651,3117.3168,-40.1614,-1.2883,104792208.0,118967441.7019
000300.SH,20160627,3120.5443,3065.128,3120.6405,3064.9664,3077.1554,43.3889,1.41,83267259.0,104066083.7905
000300.SH,20160628,3136.4013,3107.3979,3139.4301,3099.7012,3120.5443,15.857,0.5081,92024637.0,117197791.5039
000300.SH,20160629,3151.3898,3142.4842,3158.0762,3139.1325,3136.4013,14.9885,0.4779,103723668.0,117958861.1889
000300.SH,20160630,3153.921,3152.8331,3163.7205,3148.1987,3151.3898,2.5312,0.0803,79692617.0,100627912.9248
000300.SH,20160701,3154.2003,3156.932,3170.2583,3148.2948,3153.921,0.2793,0.0089,71746283.0,91215027.6883
000300.SH,20160704,3204.6962,3136.3852,3210.6016,3134.0233,3154.2003,50.4959,1.6009,133310529.0,149894780.0373
000300.SH,20160705,3207.3827,3199.1572,3216.7029,3197.9956,3204.6962,2.6865,0.0838,130226895.0,143899100.4277
000300.SH,20160706,3216.8035,3197.6249,3217.5158,3183.4511,3207.3827,9.4208,0.2937,124897458.0,147232471.496
000300.SH,20160707,3209.9542,3206.5507,3220.5404,3190.1235,3216.8035,-6.8493,-0.2129,118595202.0,140488833.675
000300.SH,20160708,3192.2804,3199.7542,3204.9283,3183.9594,3209.9542,-17.6738,-0.5506,89734855.0,111063465.4167
000300.SH,20160711,3203.3298,3199.0383,3235.9623,3197.6255,3192.2804,11.0494,0.3461,138529511.0,155288151.673
000300.SH,20160712,3273.1823,3201.9062,3273.4738,3200.3034,3203.3298,69.8525,2.1806,172534217.0,190853738.897
000300.SH,20160713,3282.8681,3274.0202,3300.9912,3271.7752,3273.1823,9.6858,0.2959,175196090.0,196592300.3224
000300.SH,20160714,3276.7637,3277.4816,3281.9503,3259.0653,3282.8681,-6.1044,-0.1859,107525798.0,128090420.9166
000300.SH,20160715,3276.2775,3278.8357,3285.026,3265.2906,3276.7637,-0.4862,-0.0148,102665026.0,125179812.9291
000300.SH,20160718,3262.0222,3269.7077,3281.6375,3251.7659,3276.2775,-14.2553,-0.4351,110312518.0,129785706.1988
000300.SH,20160719,3248.2341,3260.4349,3264.7303,3226.1987,3262.0222,-13.7881,-0.4227,88886861.0,107108911.1718
000300.SH,20160720,3237.6051,3246.8626,3254.5076,3232.2568,3248.2341,-10.629,-0.3272,72701255.0,91367448.9938
000300.SH,20160721,3252.5227,3238.3367,3271.3739,3238.3034,3237.6051,14.9176,0.4608,86004825.0,107464072.5131
000300.SH,20160722,3225.1621,3251.242,3253.7694,3220.8937,3252.5227,-27.3606,-0.8412,86029128.0,107416887.3201
000300.SH,20160725,3230.885,3220.1658,3243.7902,3218.1419,3225.1621,5.7229,0.1774,70203185.0,92015844.0353
000300.SH,20160726,3269.5882,3228.234,3269.7457,3228.0075,3230.885,38.7032,1.1979,81051089.0,103745762.7578
000300.SH,20160727,3218.243,3270.0837,3276.5112,3157.4093,3269.5882,-51.3452,-1.5704,160188665.0,186928366.4982
000300.SH,20160728,3221.1365,3204.4645,3235.7816,3195.2696,3218.243,2.8935,0.0899,112779964.0,137295892.7533
000300.SH,20160729,3203.9304,3217.1923,3225.4184,3198.6839,3221.1365,-17.2061,-0.5342,88044837.0,103787029.7481
000300.SH,20160801,3176.8091,3196.425,3199.9751,3156.7488,3203.9304,-27.1213,-0.8465,87003497.0,98818634.3609
000300.SH,20160802,3189.0529,3173.7576,3189.0529,3165.5422,3176.8091,12.2438,0.3854,62167639.0,70640763.8419
000300.SH,20160803,3193.5073,3179.6842,3197.1573,3173.5356,3189.0529,4.4544,0.1397,72864102.0,79754323.3013
000300.SH,20160804,3201.2888,3190.546,3201.5539,3170.4189,3193.5073,7.7815,0.2437,73504373.0,86919591.121
000300.SH,20160805,3205.1101,3201.3543,3224.873,3192.8614,3201.2888,3.8213,0.1194,77196366.0,94429542.3906
000300.SH,20160808,3234.1833,3199.5723,3234.4795,3187.2521,3205.1101,29.0732,0.9071,86676051.0,102638114.5974
000300.SH,20160809,3256.9813,3232.603,3257.3336,3229.1741,3234.1833,22.798,0.7049,91065259.0,105924052.4356
000300.SH,20160810,3243.3409,3255.1822,3261.8609,3242.7509,3256.9813,-13.6404,-0.4188,90430372.0,106157448.0282
000300.SH,20160811,3233.3604,3239.5583,3274.0261,3232.6127,3243.3409,-9.9805,-0.3077,101041213.0,116996159.0463
000300.SH,20160812,3294.2337,3231.8065,3294.2337,3231.1366,3233.3604,60.8733,1.8827,116254044.0,129354686.3871
000300.SH,20160815,3393.4239,3303.4688,3417.9147,3302.3776,3294.2337,99.1902,3.011,220543421.0,258897463.9096
000300.SH,20160816,3378.2451,3403.3839,3418.6884,3372.0206,3393.4239,-15.1788,-0.4473,196389740.0,226785231.0847
000300.SH,20160817,3373.0476,3377.7713,3394.3887,3356.9244,3378.2451,-5.1975,-0.1539,138847688.0,167917530.8558
000300.SH,20160818,3364.4851,3369.9472,3394.7912,3349.6879,3373.0476,-8.5625,-0.2539,142380169.0,172256533.0003
000300.SH,20160819,3365.0197,3358.555,3374.045,3341.1922,3364.4851,0.5346,0.0159,119961508.0,135382706.2928
000300.SH,20160822,3336.7949,3364.681,3372.8331,3335.4695,3365.0197,-28.2248,-0.8388,107951008.0,128201783.8121
000300.SH,20160823,3341.8298,3332.621,3359.6477,3324.9603,3336.7949,5.0349,0.1509,92924516.0,108503692.3773
000300.SH,20160824,3329.8631,3341.9304,3348.1291,3323.7251,3341.8298,-11.9667,-0.3581,81191429.0,94012832.1998
000300.SH,20160825,3308.9721,3314.0846,3315.0812,3279.8064,3329.8631,-20.891,-0.6274,100589153.0,112578140.0103
000300.SH,20160826,3307.0902,3312.4991,3328.9453,3301.7359,3308.9721,-1.8819,-0.0569,81530691.0,93213205.5596
000300.SH,20160829,3307.7812,3306.5749,3315.0789,3297.0697,3307.0902,0.691,0.0209,77036333.0,88011642.022
000300.SH,20160830,3311.9872,3310.3188,3325.1218,3304.5966,3307.7812,4.206,0.1272,75725987.0,89513016.6674
000300.SH,20160831,3327.7938,3310.5654,3333.9729,3304.6552,3311.9872,15.8066,0.4773,79570805.0,99215044.4452
000300.SH,20160901,3301.5767,3326.7389,3329.3455,3301.2129,3327.7938,-26.2171,-0.7878,84947219.0,100911462.8227
000300.SH,20160902,3314.1142,3298.7217,3320.4252,3295.7554,3301.5767,12.5375,0.3797,82791803.0,99396378.5835
000300.SH,20160905,3319.6803,3321.0053,3338.4197,3314.6293,3314.1142,5.5661,0.168,78292477.0,87531089.6452
000300.SH,20160906,3342.6259,3322.018,3347.9511,3300.1257,3319.6803,22.9456,0.6912,98283998.0,118366533.4264
000300.SH,20160907,3340.8172,3344.0657,3357.3567,3337.7508,3342.6259,-1.8087,-0.0541,102940106.0,115119908.6169
000300.SH,20160908,3339.564,3338.0082,3343.395,3328.2264,3340.8172,-1.2532,-0.0375,71916158.0,83742346.8497
000300.SH,20160909,3318.044,3339.3733,3344.951,3318.044,3339.564,-21.52,-0.6444,82657036.0,95471188.732
000300.SH,20160912,3262.6043,3271.8702,3276.7163,3234.573,3318.044,-55.4397,-1.6709,122917682.0,134456630.9269
000300.SH,20160913,3260.333,3265.3373,3269.2224,3246.3857,3262.6043,-2.2713,-0.0696,67180288.0,76862644.2312
000300.SH,20160914,3238.7299,3245.7371,3254.995,3231.3355,3260.333,-21.6031,-0.6626,70432697.0,79780746.4362
000300.SH,20160919,3263.1242,3242.7429,3264.8995,3242.7429,3238.7299,24.3943,0.7532,58831082.0,67678031.6418
000300.SH,20160920,3257.4034,3264.6649,3265.0353,3252.3885,3263.1242,-5.7208,-0.1753,52784206.0,61626150.8176
000300.SH,20160921,3266.6363,3257.7097,3270.9022,3254.3214,3257.4034,9.2329,0.2834,59142979.0,68957744.0436
000300.SH,20160922,3291.1211,3281.4718,3303.1993,3277.9791,3266.6363,24.4848,0.7495,75753542.0,89991761.6548
000300.SH,20160923,3275.6665,3292.2788,3293.9162,3275.025,3291.1211,-15.4546,-0.4696,57993986.0,68046257.25
000300.SH,20160926,3220.2838,3267.6905,3267.6905,3220.2838,3275.6665,-55.3827,-1.6907,70452186.0,78700835.1319
000300.SH,20160927,3240.7546,3214.8704,3240.7756,3214.4414,3220.2838,20.4708,0.6357,58460550.0,66651130.3613
000300.SH,20160928,3230.8904,3243.647,3243.647,3227.996,3240.7546,-9.8642,-0.3044,44727498.0,51996404.7521
000300.SH,20160929,3244.3874,3234.857,3257.7668,3234.8032,3230.8904,13.497,0.4177,55452556.0,62220302.3122
000300.SH,20160930,3253.2848,3240.1775,3260.9405,3239.0364,3244.3874,8.8974,0.2742,44978022.0,52655734.5529
000300.SH,20161010,3293.8689,3265.3644,3294.6409,3258.9584,3253.2848,40.5841,1.2475,80519260.0,89607989.8962
000300.SH,20161011,3306.5573,3296.8672,3308.0042,3292.8775,3293.8689,12.6884,0.3852,87713163.0,88213421.1829
000300.SH,20161012,3300.0099,3299.1388,3302.561,3289.7532,3306.5573,-6.5474,-0.198,68669781.0,72386912.6159
000300.SH,20161013,3302.6455,3299.1557,3307.4091,3292.3974,3300.0099,2.6356,0.0799,81224198.0,79923748.5962
000300.SH,20161014,3305.8481,3298.734,3306.6859,3285.729,3302.6455,3.2026,0.097,82316271.0,81485597.8063
000300.SH,20161017,3277.8787,3305.9635,3309.0097,3271.5413,3305.8481,-27.9694,-0.8461,86113509.0,88199418.9363
000300.SH,20161018,3321.3324,3272.6815,3321.3324,3272.6815,3277.8787,43.4537,1.3257,102860714.0,104625044.1417
000300.SH,20161019,3316.2407,3323.3038,3332.5201,3309.8313,3321.3324,-5.0917,-0.1533,101167725.0,96354442.1985
000300.SH,20161020,3318.6044,3317.1792,3324.9031,3312.1741,3316.2407,2.3637,0.0713,79238871.0,82481095.2767
000300.SH,20161021,3327.74,3315.7156,3341.5603,3309.1787,3318.6044,9.1356,0.2753,109785176.0,107114926.1256
000300.SH,20161024,3367.5778,3332.5125,3382.8259,3330.9674,3327.74,39.8378,1.1971,153014345.0,150063007.8989
000300.SH,20161025,3367.4547,3367.4753,3373.9139,3356.5853,3367.5778,-0.1231,-0.0037,111191693.0,110576512.9159
000300.SH,20161026,3354.8003,3365.1975,3367.831,3349.5744,3367.4547,-12.6544,-0.3758,98024786.0,104719318.2203
000300.SH,20161027,3345.695,3351.4603,3352.3545,3335.1332,3354.8003,-9.1053,-0.2714,77629851.0,85241012.4139
000300.SH,20161028,3340.1262,3347.1438,3370.7485,3337.2888,3345.695,-5.5688,-0.1664,93133309.0,104797971.448
000300.SH,20161031,3336.2778,3332.406,3340.4695,3317.3279,3340.1262,-3.8484,-0.1152,71352863.0,80701820.9682
000300.SH,20161101,3359.0515,3338.7099,3359.3941,3334.4568,3336.2778,22.7737,0.6826,74938199.0,84717683.7498
000300.SH,20161102,3333.3524,3350.71,3356.3974,3331.3841,3359.0515,-25.6991,-0.7651,91197104.0,100348995.7326
000300.SH,20161103,3365.085,3326.9045,3379.9889,3324.8378,3333.3524,31.7326,0.952,126223504.0,137386468.3613
000300.SH,20161104,3354.1749,3362.2055,3377.6394,3348.4263,3365.085,-10.9101,-0.3242,104069655.0,110813764.5772
000300.SH,20161107,3356.5916,3353.4441,3362.7416,3342.3122,3354.1749,2.4167,0.0721,99877988.0,94370876.771
000300.SH,20161108,3371.1177,3367.6974,3383.9174,3361.1292,3356.5916,14.5261,0.4328,103148282.0,105138256.0605
000300.SH,20161109,3353.0547,3370.5999,3373.096,3322.0798,3371.1177,-18.063,-0.5358,139110059.0,145186921.6904
000300.SH,20161110,3390.6119,3374.906,3403.0158,3374.906,3353.0547,37.5572,1.1201,134705535.0,133277399.5529
000300.SH,20161111,3417.2211,3387.9481,3422.6715,3382.8925,3390.6119,26.6092,0.7848,198781496.0,190647270.0399
000300.SH,20161114,3430.2482,3409.2241,3452.6159,3408.1392,3417.2211,13.0271,0.3812,213247105.0,208353308.6287
000300.SH,20161115,3429.8697,3428.8663,3434.9216,3415.9948,3430.2482,-0.3785,-0.011,134566320.0,135206770.523
000300.SH,20161116,3429.5921,3432.4336,3435.6366,3419.2435,3429.8697,-0.2776,-0.0081,129808511.0,128944599.1726
000300.SH,20161117,3436.535,3423.4654,3437.669,3412.8771,3429.5921,6.9429,0.2024,121561731.0,121576882.9484
000300.SH,20161118,3417.4554,3437.4898,3443.1185,3413.2698,3436.535,-19.0796,-0.5552,115951205.0,117345607.6116
000300.SH,20161121,3441.1106,3412.6523,3463.1423,3412.0801,3417.4554,23.6552,0.6922,146434529.0,147542589.3492
000300.SH,20161122,3468.3637,3443.2201,3469.2189,3443.2201,3441.1106,27.2531,0.792,168523446.0,167250665.8274
000300.SH,20161123,3474.7289,3473.8949,3492.9564,3465.7639,3468.3637,6.3652,0.1835,162388504.0,171247116.1958
000300.SH,20161124,3488.7402,3468.8071,3508.1648,3467.0108,3474.7289,14.0113,0.4032,145746301.0,165071453.531
000300.SH,20161125,3521.2984,3490.0399,3521.3029,3463.9477,3488.7402,32.5582,0.9332,153621506.0,166832181.1083
000300.SH,20161128,3535.0807,3538.6754,3553.3603,3528.3196,3521.2984,13.7823,0.3914,207375483.0,219859766.8282
000300.SH,20161129,3564.0404,3525.9011,3583.7185,3521.3787,3535.0807,28.9597,0.8192,236918356.0,248322816.3386
000300.SH,20161130,3538.001,3557.6357,3567.0689,3527.0231,3564.0404,-26.0394,-0.7306,178560178.0,190681227.6309
000300.SH,20161201,3565.036,3543.9555,3575.97,3543.245,3538.001,27.035,0.7641,180170761.0,199637742.998
000300.SH,20161202,3528.9547,3559.7711,3562.5497,3516.7881,3565.036,-36.0813,-1.0121,196355480.0,203742147.4759
000300.SH,20161205,3469.4073,3473.6876,3496.8838,3457.3433,3528.9547,-59.5474,-1.6874,180852355.0,190175061.7332
000300.SH,20161206,3459.1533,3466.2417,3477.5901,3456.8067,3469.4073,-10.254,-0.2956,115529090.0,125727753.1929
000300.SH,20161207,3475.7473,3458.3687,3475.7473,3445.7561,3459.1533,16.594,0.4797,114345103.0,115282194.2233
000300.SH,20161208,3470.1426,3481.8067,3484.3402,3466.512,3475.7473,-5.6047,-0.1613,117383922.0,119188508.6759
000300.SH,20161209,3493.7004,3464.8733,3507.9276,3461.7612,3470.1426,23.5578,0.6789,150303308.0,152674867.7073
000300.SH,20161212,3409.1794,3489.2683,3495.8022,3400.793,3493.7004,-84.521,-2.4192,187467751.0,199163540.8312
000300.SH,20161213,3405.0355,3394.2072,3416.2147,3370.5956,3409.1794,-4.1439,-0.1216,121105097.0,124454188.7492
000300.SH,20161214,3378.9453,3399.4113,3412.2795,3378.2656,3405.0355,-26.0902,-0.7662,124007744.0,126182669.4144
000300.SH,20161215,3340.4338,3363.8597,3378.0367,3327.1429,3378.9453,-38.5115,-1.1397,114960660.0,121507811.54
000300.SH,20161216,3346.0305,3335.3625,3356.2916,3330.4928,3340.4338,5.5967,0.1675,90775422.0,98112206.8454
000300.SH,20161219,3328.9827,3342.3449,3344.8584,3324.9986,3346.0305,-17.0478,-0.5095,81640678.0,86095693.8383
000300.SH,20161220,3309.0641,3328.2985,3329.1022,3289.2682,3328.9827,-19.9186,-0.5983,87569592.0,88527345.8888
000300.SH,20161221,3338.536,3313.7451,3342.4761,3313.7451,3309.0641,29.4719,0.8906,108254995.0,106205485.2127
000300.SH,20161222,3335.672,3335.1218,3340.3628,3322.7196,3338.536,-2.864,-0.0858,92277249.0,92564877.5696
000300.SH,20161223,3307.5991,3333.4009,3334.8937,3300.8843,3335.672,-28.0729,-0.8416,97444713.0,99575473.2313
000300.SH,20161226,3322.4006,3293.2236,3322.4212,3267.0481,3307.5991,14.8015,0.4475,89793982.0,95493219.9355
000300.SH,20161227,3316.3852,3319.2061,3330.2324,3315.8318,3322.4006,-6.0154,-0.1811,75486359.0,79617133.0304
000300.SH,20161228,3301.8887,3315.7526,3320.5467,3293.1737,3316.3852,-14.4965,-0.4371,69000437.0,71759839.5655
000300.SH,20161229,3297.7648,3297.036,3312.113,3288.0959,3301.8887,-4.1239,-0.1249,70087923.0,75972960.4307
000300.SH,20161230,3310.0808,3302.5993,3313.5497,3295.7513,3297.7648,12.316,0.3735,71744116.0,76921368.8377
000300.SH,20170103,3342.2272,3313.9534,3345.2629,3313.9534,3310.0808,32.1464,0.9712,86567896.0,87612765.7675
000300.SH,20170104,3368.3117,3340.5576,3369.5658,3338.1527,3342.2272,26.0845,0.7805,90050827.0,98014355.4683
000300.SH,20170105,3367.7892,3368.3402,3373.4119,3361.462,3368.3117,-0.5225,-0.0155,88336357.0,91189339.5817
000300.SH,20170106,3347.6665,3366.8522,3368.8705,3346.8914,3367.7892,-20.1227,-0.5975,87459114.0,91072256.7482
000300.SH,20170109,3363.9014,3345.7483,3366.2219,3344.3472,3347.6665,16.2349,0.485,83707942.0,87916115.2426
000300.SH,20170110,3358.2716,3361.6394,3370.5051,3354.0878,3363.9014,-5.6298,-0.1674,83819160.0,82533965.0802
000300.SH,20170111,3334.4954,3355.8008,3366.6315,3334.2978,3358.2716,-23.7762,-0.708,91071438.0,86750457.1221
000300.SH,20170112,3317.6241,3332.6857,3343.1279,3315.9629,3334.4954,-16.8713,-0.506,81239135.0,75031886.8742
000300.SH,20170113,3319.9122,3317.9625,3338.174,3309.3741,3317.6241,2.2881,0.069,84180589.0,84556101.4028
000300.SH,20170116,3319.4455,3314.1507,3322.7819,3264.2071,3319.9122,-0.4667,-0.0141,157779135.0,153262520.1207
000300.SH,20170117,3326.3563,3305.6001,3327.3767,3292.2044,3319.4455,6.9108,0.2082,69453328.0,74754505.6957
000300.SH,20170118,3339.3653,3323.3389,3350.9619,3320.4062,3326.3563,13.009,0.3911,70623227.0,75680677.2639
000300.SH,20170119,3329.2891,3330.9522,3346.4959,3324.6835,3339.3653,-10.0762,-0.3017,66159808.0,63869709.1629
000300.SH,20170120,3354.8891,3326.9773,3358.4121,3326.374,3329.2891,25.6,0.7689,65300462.0,70831324.3102
000300.SH,20170123,3364.0808,3359.0543,3378.7388,3355.8475,3354.8891,9.1917,0.274,75557498.0,76492660.1539
000300.SH,20170124,3364.4509,3363.1374,3371.32,3355.899,3364.0808,0.3701,0.011,66194226.0,66049651.2886
000300.SH,20170125,3375.9042,3361.6561,3376.4415,3357.2183,3364.4509,11.4533,0.3404,58376931.0,62483395.8019
000300.SH,20170126,3387.9606,3378.2609,3395.8848,3378.2609,3375.9042,12.0564,0.3571,65316647.0,66488818.3054
000300.SH,20170203,3364.4923,3390.9315,3392.4773,3362.5653,3387.9606,-23.4683,-0.6927,55188861.0,57113853.2549
000300.SH,20170206,3373.2051,3368.1081,3381.3348,3358.7516,3364.4923,8.7128,0.259,68521360.0,73408134.7679
000300.SH,20170207,3365.6849,3371.7695,3376.7099,3354.6251,3373.2051,-7.5202,-0.2229,63754462.0,69758178.9991
000300.SH,20170208,3383.2878,3361.7811,3383.6859,3347.4302,3365.6849,17.6029,0.523,75402879.0,82869735.7733
000300.SH,20170209,3396.2924,3381.8992,3406.5888,3379.7872,3383.2878,13.0046,0.3844,97558515.0,102134228.6992
000300.SH,20170210,3413.4868,3398.3173,3422.3256,3398.0295,3396.2924,17.1944,0.5063,123768720.0,121908580.2837
000300.SH,20170213,3436.275,3416.9168,3439.5432,3416.8746,3413.4868,22.7882,0.6676,120144538.0,125332998.8436
000300.SH,20170214,3435.8042,3438.511,3440.6748,3424.4028,3436.275,-0.4708,-0.0137,94809465.0,98537165.438
000300.SH,20170215,3421.7131,3435.3882,3448.0322,3417.0811,3435.8042,-14.0911,-0.4101,127643338.0,124653179.4881
000300.SH,20170216,3440.9331,3421.8299,3440.9331,3418.3514,3421.7131,19.22,0.5617,108276962.0,101809767.5043
000300.SH,20170217,3421.4419,3443.6166,3457.5562,3419.6143,3440.9331,-19.4912,-0.5665,114600036.0,118033129.67
000300.SH,20170220,3471.3926,3421.6434,3472.6035,3421.6434,3421.4419,49.9507,1.4599,132628862.0,134681505.1593
000300.SH,20170221,3482.823,3475.0584,3490.0855,3472.017,3471.3926,11.4304,0.3293,114842009.0,120675429.543
000300.SH,20170222,3489.7567,3483.2008,3489.946,3473.524,3482.823,6.9337,0.1991,102815994.0,109232425.8413
000300.SH,20170223,3473.3236,3487.5745,3492.9616,3460.118,3489.7567,-16.4331,-0.4709,99536330.0,106555922.4663
000300.SH,20170224,3473.8517,3468.9588,3473.8517,3455.2514,3473.3236,0.5281,0.0152,95535133.0,99875164.7586
000300.SH,20170227,3446.2228,3471.1319,3472.8356,3441.3938,3473.8517,-27.6289,-0.7953,98672160.0,106830874.5287
000300.SH,20170228,3452.8103,3445.0274,3460.9089,3441.3589,3446.2228,6.5875,0.1912,75215260.0,81979307.3608
000300.SH,20170301,3458.4376,3452.2058,3472.6962,3449.109,3452.8103,5.6273,0.163,103260354.0,109317781.3481
000300.SH,20170302,3435.0963,3463.4829,3468.471,3434.001,3458.4376,-23.3413,-0.6749,89898077.0,97876187.9252
000300.SH,20170303,3427.8628,3424.6627,3428.8824,3412.8312,3435.0963,-7.2335,-0.2106,80994652.0,90009618.8352
000300.SH,20170306,3446.484,3427.2533,3449.0342,3425.9041,3427.8628,18.6212,0.5432,83070882.0,95178548.4955
000300.SH,20170307,3453.9565,3446.1628,3454.0386,3440.0574,3446.484,7.4725,0.2168,80334720.0,94483824.2451
000300.SH,20170308,3448.7313,3452.2006,3457.0351,3441.2575,3453.9565,-5.2252,-0.1513,79587690.0,89124904.6822
000300.SH,20170309,3426.9438,3442.8953,3443.0455,3414.6782,3448.7313,-21.7875,-0.6318,84570381.0,90090049.4898
000300.SH,20170310,3427.8916,3423.9776,3436.2388,3423.9369,3426.9438,0.9478,0.0277,70016199.0,82161714.9226
000300.SH,20170313,3458.098,3425.6723,3458.098,3412.6879,3427.8916,30.2064,0.8812,91684124.0,108489140.9233
000300.SH,20170314,3456.6934,3456.6584,3465.3915,3448.9034,3458.098,-1.4046,-0.0406,77077963.0,95317564.1294
000300.SH,20170315,3463.6436,3452.2139,3463.9191,3445.2676,3456.6934,6.9502,0.2011,79104954.0,94056256.6668
000300.SH,20170316,3481.5066,3472.2694,3492.1267,3472.2694,3463.6436,17.863,0.5157,106333913.0,124695573.677
000300.SH,20170317,3445.8051,3485.3114,3488.4969,3441.4685,3481.5066,-35.7015,-1.0255,103755560.0,122368918.5502
000300.SH,20170320,3449.6126,3449.0515,3454.063,3429.8254,3445.8051,3.8075,0.1105,88734322.0,103769403.8965
000300.SH,20170321,3466.3468,3449.7696,3466.7026,3445.6416,3449.6126,16.7342,0.4851,87707855.0,113528201.3898
000300.SH,20170322,3450.0502,3450.7544,3464.3328,3433.4994,3466.3468,-16.2966,-0.4701,104935894.0,123865640.3765
000300.SH,20170323,3461.9782,3452.4056,3470.8164,3435.6912,3450.0502,11.928,0.3457,94318062.0,115813813.7015
000300.SH,20170324,3489.5997,3464.1966,3499.3179,3461.1108,3461.9782,27.6215,0.7979,125645833.0,141752526.6813
000300.SH,20170327,3478.0385,3488.7647,3505.9789,3474.5206,3489.5997,-11.5612,-0.3313,107015377.0,124388012.1342
000300.SH,20170328,3469.8093,3480.249,3482.2923,3461.4678,3478.0385,-8.2292,-0.2366,84194820.0,97495938.7649
000300.SH,20170329,3465.1933,3472.9665,3483.0571,3455.5529,3469.8093,-4.616,-0.133,104851706.0,114663468.2791
000300.SH,20170330,3436.758,3461.6159,3467.3049,3422.366,3465.1933,-28.4353,-0.8206,116376922.0,122088021.6297
000300.SH,20170331,3456.0455,3434.8222,3456.3051,3430.8197,3436.758,19.2875,0.5612,91577491.0,100984904.8296
000300.SH,20170405,3503.8932,3476.4231,3504.5379,3475.1486,3456.0455,47.8477,1.3845,143399017.0,160742981.1722
000300.SH,20170406,3514.0469,3507.9879,3517.7779,3495.7246,3503.8932,10.1537,0.2898,136767004.0,145221644.1654
000300.SH,20170407,3517.4634,3514.4521,3526.815,3506.3885,3514.0469,3.4165,0.0972,140293204.0,144559675.5665
000300.SH,20170410,3505.1392,3519.4597,3522.7955,3502.0826,3517.4634,-12.3242,-0.3504,141887380.0,155747834.5715
000300.SH,20170411,3517.328,3503.8294,3520.1315,3466.139,3505.1392,12.1888,0.3477,165945832.0,189457268.6547
000300.SH,20170412,3509.4387,3514.5723,3523.0975,3497.9991,3517.328,-7.8893,-0.2243,181824537.0,202154571.4231
000300.SH,20170413,3514.5662,3500.2838,3518.4385,3496.5699,3509.4387,5.1275,0.1461,129981813.0,133345929.014
000300.SH,20170414,3486.5045,3516.8103,3517.4664,3476.9468,3514.5662,-28.0617,-0.7984,135474078.0,130425385.3791
000300.SH,20170417,3479.9417,3475.7381,3480.5696,3453.6759,3486.5045,-6.5628,-0.1882,117164961.0,123884371.2266
000300.SH,20170418,3462.7429,3474.8892,3489.0845,3462.6297,3479.9417,-17.1988,-0.4942,110927823.0,126790853.4248
000300.SH,20170419,3445.8761,3452.9904,3459.3524,3418.514,3462.7429,-16.8668,-0.4871,121349264.0,127050362.4069
000300.SH,20170420,3461.5481,3444.5225,3465.6088,3440.7151,3445.8761,15.672,0.4548,114184208.0,133977258.3459
000300.SH,20170421,3466.7865,3461.389,3475.5622,3449.5421,3461.5481,5.2384,0.1513,104419110.0,115208831.7462
000300.SH,20170424,3431.2587,3458.2279,3458.2279,3403.9792,3466.7865,-35.5278,-1.0248,114660791.0,122778154.3208
000300.SH,20170425,3440.9743,3427.7322,3449.6716,3422.6521,3431.2587,9.7156,0.2831,94072148.0,107599357.2092
000300.SH,20170426,3445.1832,3440.2526,3466.5651,3439.1505,3440.9743,4.2089,0.1223,111940029.0,131316579.2345
000300.SH,20170427,3446.7202,3435.1017,3449.2723,3399.5392,3445.1832,1.537,0.0446,123298425.0,134610947.8279
000300.SH,20170428,3439.753,3439.5735,3439.904,3417.2375,3446.7202,-6.9672,-0.2021,101632351.0,113761006.698
000300.SH,20170502,3426.5766,3427.9169,3436.3064,3418.6652,3439.753,-13.1764,-0.3831,92797462.0,101635858.6015
000300.SH,20170503,3413.1282,3421.7586,3432.2248,3403.0782,3426.5766,-13.4484,-0.3925,91669624.0,97854119.0984
000300.SH,20170504,3404.3864,3404.9379,3421.3953,3391.277,3413.1282,-8.7418,-0.2561,103482075.0,106985952.5752
000300.SH,20170505,3382.5502,3393.4831,3395.4532,3366.5568,3404.3864,-21.8362,-0.6414,109895333.0,117464939.5777
000300.SH,20170508,3358.8125,3369.1084,3374.1571,3339.5743,3382.5502,-23.7377,-0.7018,123749287.0,126885426.4723
000300.SH,20170509,3352.5324,3342.5981,3358.0463,3327.5901,3358.8125,-6.2801,-0.187,76771668.0,85528831.7489
000300.SH,20170510,3337.7007,3350.6502,3369.4345,3336.003,3352.5324,-14.8317,-0.4424,92082628.0,102194980.7909
000300.SH,20170511,3356.6459,3322.9455,3359.6003,3312.8921,3337.7007,18.9452,0.5676,109252890.0,111576379.0536
000300.SH,20170512,3385.3787,3350.9371,3387.2677,3349.1671,3356.6459,28.7328,0.856,93386466.0,97522124.5943
000300.SH,20170515,3399.1937,3391.5881,3406.581,3391.5881,3385.3787,13.815,0.4081,82977611.0,92183332.8454
000300.SH,20170516,3428.6491,3390.925,3428.8531,3373.552,3399.1937,29.4554,0.8665,105242416.0,112814103.2011
000300.SH,20170517,3409.9656,3423.19,3433.9695,3408.1541,3428.6491,-18.6835,-0.5449,99736837.0,110553451.835
000300.SH,20170518,3398.1127,3387.6655,3409.9319,3383.935,3409.9656,-11.8529,-0.3476,85759589.0,88091166.0414
000300.SH,20170519,3403.8492,3395.2318,3405.9448,3392.3776,3398.1127,5.7365,0.1688,71473525.0,78397081.6022
000300.SH,20170522,3411.2387,3400.5882,3424.1776,3391.1748,3403.8492,7.3895,0.2171,92539559.0,99021121.578
000300.SH,20170523,3424.194,3405.0254,3434.7662,3401.5338,3411.2387,12.9553,0.3798,116911033.0,126767856.025
000300.SH,20170524,3424.1669,3409.7169,3424.1669,3383.8922,3424.194,-0.0271,-0.0008,83553161.0,92620045.5479
000300.SH,20170525,3485.6581,3414.3992,3490.4176,3413.2246,3424.1669,61.4912,1.7958,130721631.0,136634020.8066
000300.SH,20170526,3480.4345,3479.6206,3498.3148,3473.04,3485.6581,-5.2236,-0.1499,103241153.0,112585907.3542
000300.SH,20170531,3492.8845,3495.073,3515.0812,3474.9215,3480.4345,12.45,0.3577,104829744.0,115968725.3097
000300.SH,20170601,3497.7382,3485.2223,3499.8142,3476.4283,3492.8845,4.8537,0.139,103127724.0,116088766.2489
000300.SH,20170602,3486.5074,3491.5893,3498.1189,3470.2017,3497.7382,-11.2308,-0.3211,82668010.0,92850747.181
000300.SH,20170605,3468.7538,3480.1692,3484.1244,3462.3144,3486.5074,-17.7536,-0.5092,79738152.0,85609467.4771
000300.SH,20170606,3492.8816,3464.3765,3492.8816,3460.4534,3468.7538,24.1278,0.6956,64089388.0,77868793.7296
000300.SH,20170607,3533.8718,3493.8846,3537.0947,3491.1328,3492.8816,40.9902,1.1735,104419968.0,124189288.4831
000300.SH,20170608,3560.9786,3531.2419,3562.2724,3528.179,3533.8718,27.1068,0.7671,90224905.0,112035619.6709
000300.SH,20170609,3576.1703,3561.2411,3590.8872,3560.6336,3560.9786,15.1917,0.4266,101188265.0,121700586.7158
000300.SH,20170612,3574.3894,3570.2191,3603.6901,3565.9012,3576.1703,-1.7809,-0.0498,90381167.0,117690802.2245
000300.SH,20170613,3582.2674,3569.1594,3584.4094,3559.2134,3574.3894,7.878,0.2204,75177138.0,94223084.8123
000300.SH,20170614,3535.2987,3571.2483,3571.2483,3530.274,3582.2674,-46.9687,-1.3111,83810783.0,106105319.8676
000300.SH,20170615,3528.7926,3530.7465,3542.2796,3508.9461,3535.2987,-6.5061,-0.184,82632535.0,106053901.141
000300.SH,20170616,3518.7611,3522.9745,3536.1401,3514.3892,3528.7926,-10.0315,-0.2843,76452707.0,91462286.3765
000300.SH,20170619,3553.6653,3520.0602,3554.91,3520.0602,3518.7611,34.9042,0.9919,79797141.0,98572358.252
000300.SH,20170620,3546.494,3560.7871,3563.6964,3539.5149,3553.6653,-7.1713,-0.2018,80509559.0,98187595.4783
000300.SH,20170621,3587.955,3567.1256,3587.9863,3545.5666,3546.494,41.461,1.1691,87859824.0,117147797.1355
000300.SH,20170622,3590.3425,3583.5583,3635.5273,3581.3375,3587.955,2.3875,0.0665,135526987.0,169418803.3508
000300.SH,20170623,3622.8831,3583.4359,3623.2352,3569.3225,3590.3425,32.5406,0.9063,105129134.0,133975111.7958
000300.SH,20170626,3668.0919,3627.0208,3671.9435,3627.0208,3622.8831,45.2088,1.2479,134637995.0,170736841.9521
000300.SH,20170627,3674.7152,3665.5775,3676.5328,3648.7635,3668.0919,6.6233,0.1806,97558702.0,123057231.6936
000300.SH,20170628,3646.1666,3664.1629,3672.1887,3644.0268,3674.7152,-28.5486,-0.7769,97920858.0,124465947.1318
000300.SH,20170629,3668.8279,3649.2525,3669.1345,3644.7331,3646.1666,22.6613,0.6215,85589498.0,111847266.8672
000300.SH,20170630,3666.7977,3654.7348,3669.7584,3646.2272,3668.8279,-2.0302,-0.0553,81510028.0,102459981.9922
000300.SH,20170703,3650.8463,3667.2316,3667.5957,3633.7825,3666.7977,-15.9514,-0.435,88820860.0,115214687.872
000300.SH,20170704,3619.9841,3646.828,3646.8455,3611.6911,3650.8463,-30.8622,-0.8453,95071413.0,125350417.5517
000300.SH,20170705,3659.6795,3611.8984,3660.7291,3610.4586,3619.9841,39.6954,1.0966,88232425.0,120351565.3815
000300.SH,20170706,3660.0967,3654.5576,3666.7745,3629.56,3659.6795,0.4172,0.0114,102379245.0,132837126.7776
000300.SH,20170707,3655.9293,3647.6416,3657.1131,3631.8702,3660.0967,-4.1674,-0.1139,103735497.0,123465392.6157
000300.SH,20170710,3653.6868,3647.9379,3667.8455,3641.5277,3655.9293,-2.2425,-0.0613,120591910.0,141034626.5083
000300.SH,20170711,3670.8086,3646.8783,3701.2087,3645.9946,3653.6868,17.1218,0.4686,118760826.0,145084363.2766
000300.SH,20170712,3658.8236,3672.6328,3691.5814,3640.5893,3670.8086,-11.985,-0.3265,122287792.0,143494599.0724
000300.SH,20170713,3686.9205,3656.3502,3690.4832,3652.5658,3658.8236,28.0969,0.7679,125669549.0,146388679.5979
000300.SH,20170714,3703.094,3682.6153,3703.094,3672.7425,3686.9205,16.1735,0.4387,105514005.0,121021448.8887
000300.SH,20170717,3663.5575,3700.6179,3716.47,3621.3652,3703.094,-39.5365,-1.0677,178821600.0,196217253.798
000300.SH,20170718,3667.1807,3648.4942,3667.5408,3622.0414,3663.5575,3.6232,0.0989,124622056.0,141472283.9743
000300.SH,20170719,3729.7466,3660.8665,3731.0468,3658.2035,3667.1807,62.5659,1.7061,182477787.0,198392451.7477
000300.SH,20170720,3747.8843,3725.1436,3750.1938,3723.0689,3729.7466,18.1377,0.4863,142410039.0,169267149.94
000300.SH,20170721,3728.5976,3738.1847,3751.6947,3722.0656,3747.8843,-19.2867,-0.5146,117941226.0,141432632.9868
000300.SH,20170724,3743.4686,3724.3778,3755.1902,3719.8488,3728.5976,14.871,0.3988,134868722.0,154701874.6822
000300.SH,20170725,3719.559,3742.6405,3752.1559,3713.2766,3743.4686,-23.9096,-0.6387,121672059.0,133531656.1861
000300.SH,20170726,3705.3884,3722.8761,3738.5316,3684.1819,3719.559,-14.1706,-0.381,136325210.0,146518004.9148
000300.SH,20170727,3712.1947,3700.8558,3716.6888,3672.4971,3705.3884,6.8063,0.1837,145002904.0,161631225.3463
000300.SH,20170728,3721.8914,3703.4895,3725.5378,3696.7776,3712.1947,9.6967,0.2612,111411392.0,125817861.9477
000300.SH,20170731,3737.8732,3722.4282,3746.5207,3713.655,3721.8914,15.9818,0.4294,148429039.0,160890133.1659
000300.SH,20170801,3770.3828,3738.7364,3770.4043,3737.0954,3737.8732,32.5096,0.8697,152546539.0,173127578.9591
000300.SH,20170802,3760.8525,3768.1938,3784.3511,3759.2764,3770.3828,-9.5303,-0.2528,172293383.0,189336782.8129
000300.SH,20170803,3727.8264,3755.1081,3766.3452,3718.4351,3760.8525,-33.0261,-0.8782,146153944.0,164710461.5995
000300.SH,20170804,3707.5796,3724.7225,3738.7312,3707.003,3727.8264,-20.2468,-0.5431,157470060.0,168292664.5887
000300.SH,20170807,3726.7948,3701.2161,3730.7774,3689.9552,3707.5796,19.2152,0.5183,124231530.0,134348537.4982
000300.SH,20170808,3732.2129,3724.3287,3737.3344,3718.8116,3726.7948,5.4181,0.1454,137241928.0,146481868.9185
000300.SH,20170809,3731.044,3728.0319,3738.999,3713.5668,3732.2129,-1.1689,-0.0313,124679989.0,137223598.2862
000300.SH,20170810,3715.9208,3724.962,3746.8614,3688.1766,3731.044,-15.1232,-0.4053,130085128.0,148005169.4169
000300.SH,20170811,3647.3503,3687.9314,3700.4944,3645.0945,3715.9208,-68.5705,-1.8453,150387421.0,161083470.4117
000300.SH,20170814,3694.6831,3651.3754,3698.3663,3651.3754,3647.3503,47.3328,1.2977,115308451.0,140233894.1167
000300.SH,20170815,3706.0566,3695.78,3719.2931,3692.2802,3694.6831,11.3735,0.3078,106444857.0,124790630.9518
000300.SH,20170816,3701.4207,3701.1337,3707.144,3679.7338,3706.0566,-4.6359,-0.1251,104134141.0,127282165.884
000300.SH,20170817,3721.277,3707.0668,3722.6239,3704.4126,3701.4207,19.8563,0.5365,108656251.0,137020002.9201
000300.SH,20170818,3724.6748,3707.1891,3733.4914,3700.4112,3721.277,3.3978,0.0913,96561705.0,123078163.9444
000300.SH,20170821,3740.9941,3731.8399,3744.2631,3728.6157,3724.6748,16.3193,0.4381,100313073.0,123911716.2763
000300.SH,20170822,3752.298,3745.7543,3758.2924,3734.5556,3740.9941,11.3039,0.3022,100292856.0,131131078.3979
000300.SH,20170823,3756.0884,3747.6108,3772.4568,3741.7204,3752.298,3.7904,0.101,104961573.0,124081155.7104
000300.SH,20170824,3734.6458,3755.8902,3765.7082,3729.0876,3756.0884,-21.4426,-0.5709,89947372.0,107736019.0913
000300.SH,20170825,3795.7544,3736.2916,3795.9693,3736.2916,3734.6458,61.1086,1.6363,129940900.0,150697083.0619
000300.SH,20170828,3842.7119,3805.6567,3866.9422,3805.6567,3795.7544,46.9575,1.2371,185576325.0,236446280.8554
000300.SH,20170829,3834.5376,3839.1779,3847.9303,3825.7597,3842.7119,-8.1743,-0.2127,128227070.0,158978683.6846
000300.SH,20170830,3834.3005,3834.2682,3854.7062,3827.8607,3834.5376,-0.2371,-0.0062,141352857.0,166235122.0039
000300.SH,20170831,3822.0928,3835.8394,3840.199,3800.8861,3834.3005,-12.2077,-0.3184,132944935.0,157079216.083
000300.SH,20170901,3830.5383,3825.3392,3843.6176,3818.1586,3822.0928,8.4455,0.221,158645511.0,182770431.9668
000300.SH,20170904,3845.6163,3828.5447,3847.0906,3813.5537,3830.5383,15.078,0.3936,149566320.0,175551068.278
000300.SH,20170905,3857.0464,3845.5451,3865.2938,3841.9514,3845.6163,11.4301,0.2972,124964155.0,145779755.314
000300.SH,20170906,3849.4499,3846.7471,3858.2481,3831.3835,3857.0464,-7.5965,-0.197,131398723.0,155883314.7558
000300.SH,20170907,3829.8713,3851.688,3858.1617,3828.835,3849.4499,-19.5786,-0.5086,123884181.0,156113397.1247
000300.SH,20170908,3825.9895,3830.0707,3843.0186,3813.9833,3829.8713,-3.8818,-0.1014,106036504.0,134958583.9827
000300.SH,20170911,3825.6453,3828.3422,3850.7409,3817.5108,3825.9895,-0.3442,-0.009,123883997.0,154793900.7731
000300.SH,20170912,3837.9341,3832.2422,3849.3885,3822.0037,3825.6453,12.2888,0.3212,144190242.0,187605312.0302
000300.SH,20170913,3842.6061,3835.5493,3847.7841,3822.9441,3837.9341,4.672,0.1217,95410785.0,126254360.933
000300.SH,20170914,3829.9554,3843.572,3854.4931,3820.0876,3842.6061,-12.6507,-0.3292,115358583.0,143111639.1519
000300.SH,20170915,3831.2965,3826.1448,3843.297,3818.5234,3829.9554,1.3411,0.035,122427006.0,153477215.1796
000300.SH,20170918,3843.1428,3832.9626,3862.3589,3832.9626,3831.2965,11.8463,0.3092,117934405.0,152841028.4942
000300.SH,20170919,3832.1161,3849.8794,3857.303,3820.2885,3843.1428,-11.0267,-0.2869,112432987.0,145528457.5231
000300.SH,20170920,3842.4353,3830.1549,3850.9426,3827.8858,3832.1161,10.3192,0.2693,101129542.0,135041882.3707
000300.SH,20170921,3837.8176,3843.2577,3860.7977,3837.384,3842.4353,-4.6177,-0.1202,111098192.0,144132893.229
000300.SH,20170922,3837.7304,3826.4589,3842.252,3816.8225,3837.8176,-0.0872,-0.0023,100619802.0,128360894.8589
000300.SH,20170925,3817.7915,3829.219,3835.3894,3811.1192,3837.7304,-19.9389,-0.5195,103948976.0,135980239.1294
000300.SH,20170926,3820.7816,3810.3333,3821.6928,3808.3827,3817.7915,2.9901,0.0783,81869407.0,101036334.8152
000300.SH,20170927,3821.2,3818.9646,3832.566,3818.8147,3820.7816,0.4184,0.011,85655811.0,109299492.2469
000300.SH,20170928,3822.5386,3821.5904,3827.3308,3813.7532,3821.2,1.3386,0.035,93544069.0,115646338.5221
000300.SH,20170929,3836.5013,3825.2021,3852.2236,3825.2021,3822.5386,13.9627,0.3653,93306028.0,116056776.5655
000300.SH,20171009,3882.2076,3910.1149,3918.8391,3876.0322,3836.5013,45.7063,1.1914,135535851.0,171941460.8321
000300.SH,20171010,3889.8637,3883.0037,3900.7418,3855.4666,3882.2076,7.6561,0.1972,112532586.0,157979737.603
000300.SH,20171011,3902.6868,3886.8184,3913.0695,3885.497,3889.8637,12.8231,0.3297,104418151.0,144152740.0562
000300.SH,20171012,3912.9536,3902.0156,3917.4435,3897.5472,3902.6868,10.2668,0.2631,94340921.0,123147248.6178
000300.SH,20171013,3921.0017,3912.975,3927.1744,3908.8885,3912.9536,8.0481,0.2057,90142068.0,114314854.7028
000300.SH,20171016,3913.4462,3926.2754,3947.4239,3913.3224,3921.0017,-7.5555,-0.1927,121355033.0,150823756.5924
000300.SH,20171017,3913.0688,3910.7894,3924.6141,3900.4758,3913.4462,-0.3774,-0.0096,82241227.0,106708451.6844
000300.SH,20171018,3944.1626,3914.8152,3944.4106,3914.8152,3913.0688,31.0938,0.7946,100969841.0,126420379.6596
000300.SH,20171019,3931.2495,3940.5831,3944.0349,3923.6455,3944.1626,-12.9131,-0.3274,106527252.0,133189855.1686
000300.SH,20171020,3926.852,3918.5265,3928.9607,3910.1974,3931.2495,-4.3975,-0.1119,72980180.0,94529636.6394
000300.SH,20171023,3930.7981,3930.8914,3936.2729,3920.6562,3926.852,3.9461,0.1005,81484980.0,100280911.3713
000300.SH,20171024,3959.3953,3926.2299,3959.4951,3922.0288,3930.7981,28.5972,0.7275,93058154.0,120192150.584
000300.SH,20171025,3976.949,3958.1669,3978.0893,3954.0011,3959.3953,17.5537,0.4433,88205458.0,106820309.5352
000300.SH,20171026,3993.5752,3980.0479,4013.5988,3973.5535,3976.949,16.6262,0.4181,129895465.0,170488618.5865
000300.SH,20171027,4021.9676,3992.5539,4024.4645,3991.354,3993.5752,28.3924,0.711,126672846.0,152974831.0709
000300.SH,20171030,4009.7218,4022.1641,4033.3394,3960.2698,4021.9676,-12.2458,-0.3045,157387603.0,193489838.4392
000300.SH,20171031,4006.7179,3995.3935,4009.2828,3983.2565,4009.7218,-3.0039,-0.0749,109178779.0,142897206.9486
000300.SH,20171101,3996.6221,4007.9116,4032.4581,3991.3235,4006.7179,-10.0958,-0.252,130417380.0,166477138.5707
000300.SH,20171102,3997.1343,3994.0946,3999.2262,3971.3761,3996.6221,0.5122,0.0128,126100579.0,151981363.6404
000300.SH,20171103,3992.6979,3992.3496,3999.3373,3963.0263,3997.1343,-4.4364,-0.111,129404439.0,158142056.5854
000300.SH,20171106,4020.8896,3989.1824,4021.6382,3975.4069,3992.6979,28.1917,0.7061,122081159.0,158911861.1114
000300.SH,20171107,4054.2465,4022.4018,4064.2178,4021.3639,4020.8896,33.3569,0.8296,152116663.0,193990974.0322
000300.SH,20171108,4048.0057,4051.4935,4089.1457,4040.5772,4054.2465,-6.2408,-0.1539,150827719.0,200949740.6706
000300.SH,20171109,4075.8998,4043.0663,4076.6102,4038.4004,4048.0057,27.8941,0.6891,121056335.0,159247198.1756
000300.SH,20171110,4111.9112,4070.2763,4116.7142,4067.657,4075.8998,36.0114,0.8835,141817165.0,198869833.8112
000300.SH,20171113,4128.0733,4115.5507,4137.6455,4115.5507,4111.9112,16.1621,0.3931,151446309.0,205930794.5407
000300.SH,20171114,4099.351,4129.2736,4133.5462,4086.8903,4128.0733,-28.7223,-0.6958,143236936.0,199605009.0253
000300.SH,20171115,4073.6696,4084.2131,4102.8071,4055.7167,4099.351,-25.6814,-0.6265,120635696.0,177753075.4364
000300.SH,20171116,4105.0122,4063.4943,4107.617,4062.2734,4073.6696,31.3426,0.7694,121384414.0,172903880.5804
000300.SH,20171117,4120.8508,4094.0787,4122.3756,4081.3723,4105.0122,15.8386,0.3858,191784119.0,253079314.0452
000300.SH,20171120,4143.8334,4093.734,4144.5144,4060.9636,4120.8508,22.9826,0.5577,137447258.0,191589637.4819
000300.SH,20171121,4217.7015,4131.8482,4220.2636,4129.9783,4143.8334,73.8681,1.7826,180350821.0,253302199.6282
000300.SH,20171122,4227.5666,4228.3721,4260.6395,4191.145,4217.7015,9.8651,0.2339,186477003.0,254298361.6895
000300.SH,20171123,4102.3966,4213.3781,4214.1895,4086.9018,4227.5666,-125.17,-2.9608,178147228.0,237536704.7043
000300.SH,20171124,4104.2034,4089.4723,4116.5942,4057.4894,4102.3966,1.8068,0.044,130858040.0,182912191.3667
000300.SH,20171127,4049.9475,4088.9318,4088.9318,4037.1457,4104.2034,-54.2559,-1.322,143455268.0,183004551.2225
000300.SH,20171128,4055.8235,4034.2057,4056.4753,4010.2955,4049.9475,5.876,0.1451,102058095.0,135539647.2893
000300.SH,20171129,4053.7529,4061.3545,4069.2418,4004.687,4055.8235,-2.0706,-0.0511,124553642.0,165743341.2842
000300.SH,20171130,4006.0993,4034.0091,4052.797,3988.0018,4053.7529,-47.6536,-1.1755,107983345.0,145829948.3206
000300.SH,20171201,3998.1365,4003.5604,4027.1064,3984.3776,4006.0993,-7.9628,-0.1988,97386913.0,136010927.5674
000300.SH,20171204,4018.8571,3989.0466,4032.9859,3982.3182,3998.1365,20.7206,0.5183,102647219.0,138223055.5249
000300.SH,20171205,4040.1704,4007.9361,4045.9331,4006.5432,4018.8571,21.3133,0.5303,154087076.0,196337660.2585
000300.SH,20171206,4015.8211,4027.1231,4031.7533,3964.8087,4040.1704,-24.3493,-0.6027,109286205.0,144114954.1804
000300.SH,20171207,3971.0569,4003.5826,4017.9465,3955.9939,4015.8211,-44.7642,-1.1147,90254045.0,119651201.5038
000300.SH,20171208,4003.3792,3962.8288,4014.1387,3955.44,3971.0569,32.3223,0.8139,89282861.0,124371230.3323
000300.SH,20171211,4069.4997,4006.8784,4069.4997,4005.2687,4003.3792,66.1205,1.6516,97148946.0,148476588.4685
000300.SH,20171212,4016.0163,4068.5053,4070.1503,4015.4546,4069.4997,-53.4834,-1.3143,84338718.0,123515183.1819
000300.SH,20171213,4050.0927,4013.8319,4052.6878,4004.7436,4016.0163,34.0764,0.8485,77546131.0,115006383.3603
000300.SH,20171214,4026.1516,4050.9028,4057.6245,4013.8546,4050.0927,-23.9411,-0.5911,80768862.0,115086944.9242
000300.SH,20171215,3980.8558,4018.7313,4020.2668,3974.9277,4026.1516,-45.2958,-1.125,89044389.0,118474144.2309
000300.SH,20171218,3985.2914,3983.2965,4008.0688,3967.9343,3980.8558,4.4356,0.1114,77853375.0,111724349.8564
000300.SH,20171219,4035.3294,3985.8233,4035.6296,3985.8233,3985.2914,50.038,1.2556,77528985.0,115998204.3421
000300.SH,20171220,4030.4898,4036.019,4044.8485,4015.6285,4035.3294,-4.8396,-0.1199,90604503.0,126812878.1237
000300.SH,20171221,4067.8485,4023.076,4080.781,4014.6526,4030.4898,37.3587,0.9269,96836089.0,137819520.8709
000300.SH,20171222,4054.5984,4064.9131,4076.8028,4048.4913,4067.8485,-13.2501,-0.3257,73473684.0,104426496.0222
000300.SH,20171225,4041.5401,4057.4173,4086.9342,4026.4496,4054.5984,-13.0583,-0.3221,91926962.0,129938839.1519
000300.SH,20171226,4053.6224,4040.6173,4056.8554,4015.2996,4041.5401,12.0823,0.299,91118790.0,119725100.6167
000300.SH,20171227,3991.2075,4045.2793,4047.7366,3986.7385,4053.6224,-62.4149,-1.5397,105153577.0,140516907.1024
000300.SH,20171228,4018.8974,3992.997,4036.6975,3980.2358,3991.2075,27.6899,0.6938,118542886.0,153636695.7617
000300.SH,20171229,4030.8549,4022.8826,4043.14,4012.8749,4018.8974,11.9575,0.2975,90486683.0,121257038.5293
000300.SH,20180102,4087.4012,4045.2086,4087.7789,4045.2086,4030.8549,56.5463,1.4028,146935435.0,178402032.8745
000300.SH,20180103,4111.3925,4091.4607,4140.0543,4088.7302,4087.4012,23.9913,0.587,151852218.0,205726889.5556
000300.SH,20180104,4128.8119,4114.1213,4137.642,4105.8858,4111.3925,17.4194,0.4237,134543794.0,174523556.1328
000300.SH,20180105,4138.7505,4133.3439,4151.2818,4123.2817,4128.8119,9.9386,0.2407,149009872.0,185206293.2262
000300.SH,20180108,4160.1595,4140.8545,4166.3182,4127.3081,4138.7505,21.409,0.5173,173877666.0,226403872.9319
000300.SH,20180109,4189.2977,4157.5394,4191.2843,4153.5021,4160.1595,29.1382,0.7004,139034294.0,181975079.7582
000300.SH,20180110,4207.8132,4187.2044,4211.0549,4175.1355,4189.2977,18.5155,0.442,151121666.0,194850253.8859
000300.SH,20180111,4205.5863,4197.1136,4211.799,4181.9572,4207.8132,-2.2269,-0.0529,121578539.0,170407305.9457
000300.SH,20180112,4225.001,4205.1444,4227.3923,4199.0251,4205.5863,19.4147,0.4616,111354794.0,157606210.6347
000300.SH,20180115,4225.2393,4229.8357,4262.9314,4216.3585,4225.001,0.2383,0.0056,170907897.0,234986586.0879
000300.SH,20180116,4258.473,4215.6247,4260.2118,4213.1275,4225.2393,33.2337,0.7866,161494963.0,228271224.7557
000300.SH,20180117,4248.1164,4261.7833,4283.3449,4230.5367,4258.473,-10.3566,-0.2432,214311032.0,284554359.8151
000300.SH,20180118,4271.4168,4259.375,4292.6372,4246.684,4248.1164,23.3004,0.5485,172032846.0,225289688.9089
000300.SH,20180119,4285.395,4281.9371,4316.5714,4269.6167,4271.4168,13.9782,0.3272,209490570.0,258554725.3599
000300.SH,20180122,4336.5974,4276.4811,4338.4832,4275.8977,4285.395,51.2024,1.1948,174643195.0,233960223.3114
000300.SH,20180123,4382.6129,4346.8885,4383.5722,4346.7925,4336.5974,46.0155,1.0611,201867585.0,257113359.8972
000300.SH,20180124,4389.8853,4389.4547,4397.8196,4349.0865,4382.6129,7.2724,0.1659,219818889.0,284470809.5296
000300.SH,20180125,4365.0794,4381.9768,4392.1963,4336.2386,4389.8853,-24.8059,-0.5651,195374950.0,250308091.8703
000300.SH,20180126,4381.2996,4352.2211,4403.3375,4351.4871,4365.0794,16.2202,0.3716,177227237.0,223331309.1217
000300.SH,20180129,4302.0181,4387.0577,4395.9053,4287.1124,4381.2996,-79.2815,-1.8095,191100354.0,256176323.789
000300.SH,20180130,4256.1021,4286.6834,4308.5115,4251.5706,4302.0181,-45.916,-1.0673,139034730.0,186650566.1545
000300.SH,20180131,4275.8986,4234.1101,4287.8576,4232.7727,4256.1021,19.7965,0.4651,145210164.0,194401798.0252
000300.SH,20180201,4245.8978,4276.3425,4287.3888,4214.2909,4275.8986,-30.0008,-0.7016,190002934.0,239230298.9325
000300.SH,20180202,4271.2326,4213.9386,4271.7647,4181.7793,4245.8978,25.3348,0.5967,146066827.0,191169867.2875
000300.SH,20180205,4274.1464,4204.458,4274.1464,4200.1409,4271.2326,2.9138,0.0682,161347799.0,217360144.5043
000300.SH,20180206,4148.8856,4182.3257,4211.5234,4131.5562,4274.1464,-125.2608,-2.9307,214910450.0,279415083.1554
000300.SH,20180207,4050.4972,4205.7365,4212.5677,4048.4228,4148.8856,-98.3884,-2.3714,203127493.0,261507027.3908
000300.SH,20180208,4012.0472,4022.8802,4071.6653,3974.6779,4050.4972,-38.45,-0.9493,159269985.0,199061771.9548
000300.SH,20180209,3840.6527,3896.1691,3911.2917,3759.1463,4012.0472,-171.3945,-4.272,206349828.0,246774828.4312
000300.SH,20180212,3890.1046,3846.2671,3907.843,3828.0697,3840.6527,49.4519,1.2876,116182637.0,149858043.5562
000300.SH,20180213,3935.6324,3925.5955,3986.9807,3925.5955,3890.1046,45.5278,1.1703,112565885.0,144479354.3774
000300.SH,20180214,3966.9614,3945.0943,3971.4041,3923.1267,3935.6324,31.329,0.796,71081338.0,93110201.3897
000300.SH,20180222,4052.7332,4020.9731,4058.7878,4009.9202,3966.9614,85.7718,2.1622,105811571.0,138334361.7347
000300.SH,20180223,4071.0889,4061.7545,4085.2008,4035.2319,4052.7332,18.3557,0.4529,99458746.0,128195835.1942
000300.SH,20180226,4118.4186,4093.3988,4128.7435,4048.9834,4071.0889,47.3297,1.1626,137881001.0,179013093.6049
000300.SH,20180227,4058.9806,4120.8712,4120.8712,4051.8054,4118.4186,-59.438,-1.4432,125934470.0,169684900.9538
000300.SH,20180228,4023.6415,4016.7911,4051.7124,3991.7063,4058.9806,-35.3391,-0.8706,109343593.0,152493909.2617
000300.SH,20180301,4049.0863,3994.8686,4061.0328,3986.8947,4023.6415,25.4448,0.6324,110199852.0,146003456.6632
000300.SH,20180302,4016.461,4014.951,4044.4183,4006.9435,4049.0863,-32.6253,-0.8057,96165000.0,130931181.2006
000300.SH,20180305,4018.097,4021.6575,4042.8346,3995.8715,4016.461,1.636,0.0407,87952548.0,118197859.4515
000300.SH,20180306,4066.5647,4034.9854,4067.5525,3998.9317,4018.097,48.4677,1.2062,138762444.0,171370654.1356
000300.SH,20180307,4036.6536,4063.5028,4089.6964,4027.9363,4066.5647,-29.9111,-0.7355,106952426.0,136572305.5596
000300.SH,20180308,4077.6001,4038.9527,4078.2263,4029.7144,4036.6536,40.9465,1.0144,91155810.0,123634637.1202
000300.SH,20180309,4108.8652,4088.0704,4110.6738,4076.4537,4077.6001,31.2651,0.7668,113701808.0,150024119.6506
000300.SH,20180312,4127.6662,4130.7082,4139.5259,4112.7658,4108.8652,18.801,0.4576,140906739.0,190367593.7855
000300.SH,20180313,4091.2533,4124.3312,4130.2829,4087.5629,4127.6662,-36.4129,-0.8822,111766430.0,141174160.6375
000300.SH,20180314,4073.3447,4076.0626,4089.0942,4066.4896,4091.2533,-17.9086,-0.4377,99013409.0,131537959.3701
000300.SH,20180315,4096.1627,4058.7058,4098.989,4058.7058,4073.3447,22.818,0.5602,88161156.0,126882452.7017
000300.SH,20180316,4056.4226,4096.8857,4110.0451,4055.822,4096.1627,-39.7401,-0.9702,84896188.0,122125342.0269
000300.SH,20180319,4074.2479,4054.6167,4074.518,4033.5216,4056.4226,17.8253,0.4394,81502882.0,118183815.1404
000300.SH,20180320,4077.7041,4045.7428,4080.1925,4040.308,4074.2479,3.4562,0.0848,80605280.0,111980234.0311
000300.SH,20180321,4061.0502,4097.0243,4110.1158,4046.2408,4077.7041,-16.6539,-0.4084,97609488.0,139330411.8713
000300.SH,20180322,4020.349,4062.0668,4072.3771,4003.721,4061.0502,-40.7012,-1.0022,89095259.0,127664337.9899
000300.SH,20180323,3904.9355,3896.7359,3928.5114,3834.9373,4020.349,-115.4135,-2.8707,180080449.0,218905031.3167
000300.SH,20180326,3879.893,3862.6948,3883.901,3829.9155,3904.9355,-25.0425,-0.6413,115139128.0,156604527.2274
000300.SH,20180327,3913.2689,3927.492,3936.778,3881.8726,3879.893,33.3759,0.8602,113700711.0,162291546.5731
000300.SH,20180328,3842.7155,3865.0454,3907.2811,3835.8825,3913.2689,-70.5534,-1.8029,101494908.0,155848951.0574
000300.SH,20180329,3894.0498,3854.5914,3913.9578,3794.2617,3842.7155,51.3343,1.3359,116629066.0,164996782.981
000300.SH,20180330,3898.4977,3893.7468,3915.3473,3879.2128,3894.0498,4.4479,0.1142,97512270.0,137959280.4545
000300.SH,20180402,3886.9189,3897.0052,3937.0183,3882.8856,3898.4977,-11.5788,-0.297,111242666.0,159356080.0379
000300.SH,20180403,3862.4796,3850.1546,3878.1504,3839.9333,3886.9189,-24.4393,-0.6288,95137369.0,132049936.1052
000300.SH,20180404,3854.8625,3873.6267,3898.6126,3852.4958,3862.4796,-7.6171,-0.1972,88730609.0,131593067.9376
000300.SH,20180409,3852.9292,3851.9548,3870.6736,3827.4133,3854.8625,-1.9333,-0.0502,84105462.0,118167273.5094
000300.SH,20180410,3927.1729,3860.7225,3927.4247,3851.7957,3852.9292,74.2437,1.9269,106173722.0,137941300.225
000300.SH,20180411,3938.3434,3934.1698,3958.7071,3924.9603,3927.1729,11.1705,0.2844,111933021.0,139989290.6296
000300.SH,20180412,3898.6354,3935.673,3937.7837,3896.1789,3938.3434,-39.708,-1.0082,82699490.0,108075565.4755
000300.SH,20180413,3871.1443,3920.7375,3929.952,3866.186,3898.6354,-27.4911,-0.7051,71544203.0,98921826.9693
000300.SH,20180416,3808.863,3862.4738,3869.156,3789.6121,3871.1443,-62.2813,-1.6089,99217770.0,131566866.8678
000300.SH,20180417,3748.6412,3812.8746,3822.6264,3745.4442,3808.863,-60.2218,-1.5811,90610790.0,126518751.9717
000300.SH,20180418,3766.282,3785.3059,3789.6591,3708.1068,3748.6412,17.6408,0.4706,106676706.0,143077676.0037
000300.SH,20180419,3811.843,3774.784,3824.0321,3767.7974,3766.282,45.561,1.2097,99054060.0,127520121.5617
000300.SH,20180420,3760.8543,3801.2075,3815.444,3750.1033,3811.843,-50.9887,-1.3376,99282925.0,123550664.5408
000300.SH,20180423,3766.3257,3754.6896,3787.3951,3735.1842,3760.8543,5.4714,0.1455,90356291.0,111763031.4996
000300.SH,20180424,3843.4886,3769.8787,3854.4292,3769.8787,3766.3257,77.1629,2.0488,114219525.0,145700512.7911
000300.SH,20180425,3828.7015,3824.5929,3838.6921,3817.032,3843.4886,-14.7871,-0.3847,78172612.0,105750449.4516
000300.SH,20180426,3755.4941,3823.3921,3828.7129,3744.8852,3828.7015,-73.2074,-1.9121,87150641.0,125772304.5152
000300.SH,20180427,3756.8765,3771.0369,3776.9751,3714.6444,3755.4941,1.3824,0.0368,89531726.0,142113627.6002
000300.SH,20180502,3763.6461,3769.9251,3787.3025,3744.5475,3756.8765,6.7696,0.1802,83301035.0,120083483.2903
000300.SH,20180503,3793.0001,3756.1657,3797.5269,3732.3718,3763.6461,29.354,0.7799,93961118.0,122740168.8641
000300.SH,20180504,3774.5981,3784.3161,3801.5243,3770.9389,3793.0001,-18.402,-0.4852,71554288.0,98315254.609
000300.SH,20180507,3834.1877,3782.5404,3834.5872,3776.0296,3774.5981,59.5896,1.5787,87286195.0,126354800.8106
000300.SH,20180508,3878.6767,3834.6141,3892.0732,3833.729,3834.1877,44.489,1.1603,94215157.0,135445862.5285
000300.SH,20180509,3871.6152,3876.1296,3878.9382,3855.7392,3878.6767,-7.0615,-0.1821,66712966.0,92322896.2711
000300.SH,20180510,3893.0565,3882.8357,3894.4902,3867.3084,3871.6152,21.4413,0.5538,70667809.0,103255140.5845
000300.SH,20180511,3872.8383,3902.1481,3903.3378,3871.9523,3893.0565,-20.2182,-0.5193,73356604.0,107715457.0403
000300.SH,20180514,3909.2933,3886.8736,3919.2999,3886.8736,3872.8383,36.455,0.9413,81975999.0,122520047.9947
000300.SH,20180515,3924.0975,3920.1395,3924.3427,3892.9198,3909.2933,14.8042,0.3787,76049555.0,106091905.8451
000300.SH,20180516,3892.8442,3909.8183,3923.3433,3889.1877,3924.0975,-31.2533,-0.7964,71913646.0,106533930.2654
000300.SH,20180517,3864.0507,3895.4895,3899.5137,3858.8525,3892.8442,-28.7935,-0.7397,59030123.0,87104164.68
000300.SH,20180518,3903.0637,3860.1644,3903.0637,3841.896,3864.0507,39.013,1.0096,72613956.0,96823851.8086
000300.SH,20180521,3921.2421,3925.5394,3937.4607,3913.6046,3903.0637,18.1784,0.4657,92641737.0,120528726.0193
000300.SH,20180522,3906.2081,3918.8153,3918.8153,3881.169,3921.2421,-15.034,-0.3834,75368778.0,102883344.8968
000300.SH,20180523,3854.5825,3898.2683,3898.2683,3854.5825,3906.2081,-51.6256,-1.3216,83722319.0,110684503.2059
000300.SH,20180524,3827.217,3853.2916,3859.1034,3823.9235,3854.5825,-27.3655,-0.7099,68345022.0,93408219.637
000300.SH,20180525,3816.498,3823.7448,3841.1244,3804.1349,3827.217,-10.719,-0.2801,70836386.0,95667543.8266
000300.SH,20180528,3833.2599,3816.2649,3846.5525,3799.3207,3816.498,16.7619,0.4392,71521132.0,100001639.0471
000300.SH,20180529,3804.0093,3824.1909,3841.7794,3800.6749,3833.2599,-29.2506,-0.7631,81552662.0,117288580.5815
000300.SH,20180530,3723.3724,3755.1764,3767.8872,3722.0719,3804.0093,-80.6369,-2.1198,87913285.0,115858975.8101
000300.SH,20180531,3802.3759,3749.2954,3804.7919,3742.5287,3723.3724,79.0035,2.1218,92666894.0,130545422.1798
000300.SH,20180601,3770.5891,3789.6716,3802.5366,3753.8395,3802.3759,-31.7868,-0.836,77821813.0,105934865.8633
000300.SH,20180604,3807.5781,3785.1869,3813.4065,3776.6185,3770.5891,36.989,0.981,76624341.0,115146468.4504
000300.SH,20180605,3845.3164,3811.2852,3845.5648,3800.9256,3807.5781,37.7383,0.9911,78687360.0,121261467.2243
000300.SH,20180606,3837.3511,3839.683,3848.3295,3830.8956,3845.3164,-7.9653,-0.2071,73117237.0,107142041.766
000300.SH,20180607,3831.0128,3846.9367,3859.8476,3827.6874,3837.3511,-6.3383,-0.1652,80256147.0,112365710.7022
000300.SH,20180608,3779.6159,3819.4477,3819.4607,3759.2717,3831.0128,-51.3969,-1.3416,83337335.0,107818798.3212
000300.SH,20180611,3779.9818,3770.208,3792.548,3756.5148,3779.6159,0.3659,0.0097,68709834.0,105597924.649
000300.SH,20180612,3825.9534,3783.1858,3830.471,3765.2644,3779.9818,45.9716,1.2162,73206244.0,116217139.6145
000300.SH,20180613,3788.3391,3814.6174,3817.4528,3782.0728,3825.9534,-37.6143,-0.9831,66377970.0,97185498.9203
000300.SH,20180614,3773.3655,3774.6396,3808.1616,3759.2484,3788.3391,-14.9736,-0.3953,68471322.0,99234014.9842
000300.SH,20180615,3753.4338,3763.0405,3780.3368,3737.4282,3773.3655,-19.9317,-0.5282,85488893.0,109534900.8466
000300.SH,20180619,3621.1166,3702.6681,3712.8162,3583.0208,3753.4338,-132.3172,-3.5252,160706542.0,193848797.2926
000300.SH,20180620,3635.4436,3602.5512,3649.3359,3578.1743,3621.1166,14.327,0.3957,86718098.0,112804812.7857
000300.SH,20180621,3592.965,3633.5558,3673.5625,3589.4899,3635.4436,-42.4786,-1.1685,93908552.0,115584149.0279
000300.SH,20180622,3608.9046,3567.8939,3609.0751,3542.4564,3592.965,15.9396,0.4436,75117864.0,89687282.0527
000300.SH,20180625,3560.4777,3625.7984,3631.0253,3559.0343,3608.9046,-48.4269,-1.3419,79877078.0,106690345.3165
000300.SH,20180626,3531.1112,3521.5876,3541.782,3478.2134,3560.4777,-29.3665,-0.8248,84985269.0,108132167.3463
000300.SH,20180627,3459.2621,3525.1323,3537.6569,3441.785,3531.1112,-71.8491,-2.0347,81491817.0,107628896.5816
000300.SH,20180628,3423.5255,3434.9441,3477.0565,3416.9476,3459.2621,-35.7366,-1.0331,75918051.0,98570527.3452
000300.SH,20180629,3510.9845,3431.9619,3512.3834,3425.2159,3423.5255,87.459,2.5546,77257031.0,97616367.2991
000300.SH,20180702,3407.9638,3504.4571,3506.8996,3383.5006,3510.9845,-103.0207,-2.9342,84351449.0,107601540.6591
000300.SH,20180703,3409.2801,3410.4767,3422.0398,3319.2889,3407.9638,1.3163,0.0386,95278693.0,129898019.3472
000300.SH,20180704,3363.7473,3398.7788,3418.3311,3359.0861,3409.2801,-45.5328,-1.3356,75157997.0,93648559.0889
000300.SH,20180705,3342.4379,3365.5547,3398.4852,3330.7113,3363.7473,-21.3094,-0.6335,81587981.0,97544619.5903
000300.SH,20180706,3365.1227,3347.0624,3396.2458,3295.7296,3342.4379,22.6848,0.6787,86097579.0,109481942.5011
000300.SH,20180709,3459.1837,3378.9056,3459.3153,3378.9056,3365.1227,94.061,2.7952,76601545.0,100918863.6793
000300.SH,20180710,3467.5155,3464.9064,3474.1396,3437.2706,3459.1837,8.3318,0.2409,69548823.0,90127445.7278
000300.SH,20180711,3407.5297,3398.9265,3427.5705,3375.1441,3467.5155,-59.9858,-1.7299,72040950.0,89661507.129
000300.SH,20180712,3481.0559,3403.3302,3499.097,3403.3302,3407.5297,73.5262,2.1578,96353564.0,117805514.7931
000300.SH,20180713,3492.6897,3488.4966,3499.7643,3474.9123,3481.0559,11.6338,0.3342,72955897.0,99800184.9244
000300.SH,20180716,3472.0859,3488.967,3506.2355,3459.7312,3492.6897,-20.6038,-0.5899,68281999.0,90754288.0806
000300.SH,20180717,3449.3773,3466.4236,3467.1852,3420.9714,3472.0859,-22.7086,-0.654,61983076.0,85720563.654
000300.SH,20180718,3431.3227,3456.6065,3479.2635,3430.1563,3449.3773,-18.0546,-0.5234,66530330.0,88556873.1947
000300.SH,20180719,3428.343,3444.8032,3466.5056,3417.9627,3431.3227,-2.9797,-0.0868,68477716.0,88804907.8053
000300.SH,20180720,3492.8938,3426.4558,3505.928,3398.9532,3428.343,64.5508,1.8829,101984727.0,122196953.8153
000300.SH,20180723,3525.7503,3471.8555,3527.5335,3464.6475,3492.8938,32.8565,0.9407,119036627.0,143960930.6817
000300.SH,20180724,3581.7057,3530.6641,3596.5128,3530.6641,3525.7503,55.9554,1.587,156912435.0,177448954.0188
000300.SH,20180725,3577.7522,3589.5055,3589.9841,3566.314,3581.7057,-3.9535,-0.1104,96758501.0,112176694.173
000300.SH,20180726,3536.2456,3583.3173,3593.9227,3528.6442,3577.7522,-41.5066,-1.1601,90349641.0,105577285.1886
000300.SH,20180727,3521.2269,3533.7714,3545.4058,3512.7034,3536.2456,-15.0187,-0.4247,70178104.0,81192174.9024
000300.SH,20180730,3515.0794,3520.8538,3550.902,3489.5494,3521.2269,-6.1475,-0.1746,82116995.0,96183097.6011
000300.SH,20180731,3517.6568,3510.4744,3528.154,3493.1545,3515.0794,2.5774,0.0733,67980817.0,80022152.1087
000300.SH,20180801,3447.3882,3530.0298,3543.606,3446.7765,3517.6568,-70.2686,-1.9976,90348617.0,107477214.8655
000300.SH,20180802,3370.9579,3434.3516,3434.3516,3322.096,3447.3882,-76.4303,-2.217,101308727.0,122401283.6234
000300.SH,20180803,3315.2839,3366.6637,3381.3417,3315.2008,3370.9579,-55.674,-1.6516,70796910.0,91395987.1514
000300.SH,20180806,3273.2728,3312.8153,3344.246,3257.6856,3315.2839,-42.0111,-1.2672,77975083.0,97517991.0215
000300.SH,20180807,3368.8695,3284.9785,3368.962,3263.4986,3273.2728,95.5967,2.9205,91783916.0,107512223.9508
000300.SH,20180808,3314.5075,3362.1485,3368.1602,3311.7694,3368.8695,-54.362,-1.6137,79284865.0,90958912.0127
000300.SH,20180809,3397.5298,3303.4765,3408.3911,3299.6157,3314.5075,83.0223,2.5048,91957572.0,108802315.1816
000300.SH,20180810,3405.0191,3398.4139,3424.0411,3380.5731,3397.5298,7.4893,0.2204,68967299.0,85634522.1361
000300.SH,20180813,3390.3441,3369.9812,3396.1883,3336.6956,3405.0191,-14.675,-0.431,76191532.0,90869290.8637
000300.SH,20180814,3372.9137,3386.4832,3391.729,3356.6142,3390.3441,-17.4304,-0.5141,60651446.0,72121992.6101
000300.SH,20180815,3291.976,3371.959,3372.1369,3288.7088,3372.9137,-80.9377,-2.3996,68174055.0,83402193.9172
000300.SH,20180816,3276.7276,3251.8556,3315.2031,3231.5561,3291.976,-15.2484,-0.4632,76547366.0,89269175.6628
000300.SH,20180817,3229.6198,3305.8954,3311.5729,3224.0999,3276.7276,-47.1078,-1.4376,67395413.0,84452452.5376
000300.SH,20180820,3267.2498,3238.215,3267.2498,3209.0115,3229.6198,37.63,1.1652,70904228.0,88963382.6019
000300.SH,20180821,3326.6489,3271.8402,3331.7077,3270.0302,3267.2498,59.3991,1.818,75205583.0,97925840.4415
000300.SH,20180822,3307.9545,3328.9693,3328.9693,3299.3938,3326.6489,-18.6944,-0.562,50787057.0,66548536.1844
000300.SH,20180823,3320.0257,3308.4589,3336.1123,3285.8141,3307.9545,12.0712,0.3649,61112334.0,80212785.5576
000300.SH,20180824,3325.3347,3308.4778,3353.0445,3291.8654,3320.0257,5.309,0.1599,63765897.0,77197847.8517
000300.SH,20180827,3406.5735,3339.3894,3406.5735,3339.2646,3325.3347,81.2388,2.443,94270082.0,114960964.5508
000300.SH,20180828,3400.1705,3408.1502,3416.5929,3388.8143,3406.5735,-6.403,-0.188,75445363.0,94945949.81
000300.SH,20180829,3386.5736,3393.0527,3398.7139,3377.1231,3400.1705,-13.5969,-0.3999,67020404.0,79072300.2128
000300.SH,20180830,3351.0942,3385.8052,3402.5626,3349.4688,3386.5736,-35.4794,-1.0476,68385290.0,80226052.6518
000300.SH,20180831,3334.5036,3333.3801,3356.5757,3310.8726,3351.0942,-16.5906,-0.4951,76205630.0,96091892.8575
000300.SH,20180903,3321.8248,3320.6898,3325.607,3291.7842,3334.5036,-12.6788,-0.3802,66429855.0,81305681.4531
000300.SH,20180904,3363.8984,3324.186,3370.963,3307.9585,3321.8248,42.0736,1.2666,67088807.0,85892034.8743
000300.SH,20180905,3298.1412,3349.6983,3354.1991,3298.1412,3363.8984,-65.7572,-1.9548,64301888.0,80656675.2167
000300.SH,20180906,3262.8808,3286.6645,3311.4973,3253.7552,3298.1412,-35.2604,-1.0691,62300288.0,79373138.2159
000300.SH,20180907,3277.6438,3273.8906,3316.6149,3253.725,3262.8808,14.763,0.4525,63947408.0,81263439.9903
000300.SH,20180910,3230.0681,3271.3818,3277.884,3227.8481,3277.6438,-47.5757,-1.4515,63817051.0,76175580.3369
000300.SH,20180911,3224.2116,3229.7052,3245.617,3209.1121,3230.0681,-5.8565,-0.1813,58491305.0,67722118.9233
000300.SH,20180912,3202.0248,3216.9911,3225.6014,3194.9785,3224.2116,-22.1868,-0.6881,54627899.0,68887020.0559
000300.SH,20180913,3236.5662,3239.6852,3249.593,3191.3975,3202.0248,34.5414,1.0787,67290327.0,85887962.1126
000300.SH,20180914,3242.0902,3242.8307,3254.1043,3227.9439,3236.5662,5.524,0.1707,60130640.0,76481211.9559
000300.SH,20180917,3204.9224,3224.9267,3230.7878,3200.5096,3242.0902,-37.1678,-1.1464,52259547.0,60650940.9076
000300.SH,20180918,3269.4319,3193.6423,3270.107,3193.6423,3204.9224,64.5095,2.0128,70425035.0,83899137.593
000300.SH,20180919,3312.4823,3261.997,3335.9913,3258.3097,3269.4319,43.0504,1.3168,89170666.0,109395423.8377
000300.SH,20180920,3310.1258,3314.8758,3332.3093,3303.073,3312.4823,-2.3565,-0.0711,64561057.0,76660845.175
000300.SH,20180921,3410.4856,3320.6958,3410.4856,3307.767,3310.1258,100.3598,3.0319,108416005.0,123573117.8582
000300.SH,20180925,3379.8043,3375.9717,3394.3771,3367.0253,3410.4856,-30.6813,-0.8996,69054693.0,82870029.9331
000300.SH,20180926,3417.2413,3388.5576,3448.2595,3383.2352,3379.8043,37.437,1.1077,93173343.0,119113319.0893
000300.SH,20180927,3403.5902,3415.9532,3423.71,3394.732,3417.2413,-13.6511,-0.3995,69765241.0,87573300.8449
000300.SH,20180928,3438.8649,3409.9598,3444.9884,3404.6973,3403.5902,35.2747,1.0364,84377756.0,94880274.5716
000300.SH,20181008,3290.8988,3361.5594,3364.4641,3285.253,3438.8649,-147.9661,-4.3028,97888989.0,114164218.3823
000300.SH,20181009,3288.6906,3290.1705,3309.7978,3276.1322,3290.8988,-2.2082,-0.0671,66723274.0,78372941.3448
000300.SH,20181010,3281.5978,3295.4288,3315.731,3256.5815,3288.6906,-7.0928,-0.2157,64492828.0,79166808.5848
000300.SH,20181011,3124.1139,3179.5408,3209.5202,3099.0402,3281.5978,-157.4839,-4.799,120941342.0,125723084.4862
000300.SH,20181012,3170.7262,3123.3715,3184.122,3094.9657,3124.1139,46.6123,1.492,98611151.0,104423076.6228
000300.SH,20181015,3126.4516,3173.8467,3183.1297,3120.2306,3170.7262,-44.2746,-1.3964,69605023.0,77137696.8003
000300.SH,20181016,3100.9738,3128.5764,3166.0918,3089.3668,3126.4516,-25.4778,-0.8149,68887721.0,75206470.956
000300.SH,20181017,3118.2463,3140.6838,3149.1344,3062.554,3100.9738,17.2725,0.557,76837138.0,86132695.9133
000300.SH,20181018,3044.3918,3097.7903,3097.7903,3043.3817,3118.2463,-73.8545,-2.3685,73771968.0,79703731.9185
000300.SH,20181019,3134.9455,3017.7488,3137.7475,3009.4983,3044.3918,90.5537,2.9744,98839688.0,110951369.1221
000300.SH,20181022,3270.2732,3159.5614,3297.3803,3159.5614,3134.9455,135.3277,4.3167,145862045.0,170651306.178
000300.SH,20181023,3183.4257,3273.1271,3276.0205,3163.5704,3270.2732,-86.8475,-2.6557,121013241.0,142589176.8146
000300.SH,20181024,3188.2018,3169.4571,3245.3971,3164.293,3183.4257,4.7761,0.15,110909744.0,120954387.2884
000300.SH,20181025,3194.3084,3107.8402,3197.3212,3099.8887,3188.2018,6.1066,0.1915,106951817.0,113291746.4299
000300.SH,20181026,3173.635,3204.2845,3218.1021,3151.9244,3194.3084,-20.6734,-0.6472,101299354.0,106070366.7599
000300.SH,20181029,3076.8889,3157.4879,3158.8114,3062.5803,3173.635,-96.7461,-3.0484,91839789.0,108479490.2108
000300.SH,20181030,3110.2605,3061.93,3146.6276,3050.7709,3076.8889,33.3716,1.0846,116070101.0,131767102.7185
000300.SH,20181031,3153.8234,3116.6582,3168.9187,3106.0279,3110.2605,43.5629,1.4006,111207455.0,117099697.8359
000300.SH,20181101,3177.0338,3185.202,3217.8034,3173.0992,3153.8234,23.2104,0.7359,132653379.0,145919304.2801
000300.SH,20181102,3290.2455,3258.6093,3290.2455,3222.4354,3177.0338,113.2117,3.5634,153466104.0,178340643.4105
000300.SH,20181105,3262.8351,3269.4695,3279.8781,3230.3632,3290.2455,-27.4104,-0.8331,109706683.0,123630922.6886
000300.SH,20181106,3243.1504,3254.9778,3254.9778,3213.895,3262.8351,-19.6847,-0.6033,83869138.0,91703898.0554
000300.SH,20181107,3221.9101,3243.8775,3270.5003,3218.4219,3243.1504,-21.2403,-0.6549,91615528.0,101814918.9745
000300.SH,20181108,3212.7737,3251.7281,3253.5735,3207.7084,3221.9101,-9.1364,-0.2836,76414540.0,85221664.741
000300.SH,20181109,3167.4442,3193.3039,3193.3039,3166.3106,3212.7737,-45.3295,-1.4109,84282762.0,88194192.2017
000300.SH,20181112,3205.1407,3160.2465,3206.5127,3152.4399,3167.4442,37.6965,1.1901,88062391.0,97363052.0315
000300.SH,20181113,3237.3823,3164.9222,3254.7684,3161.0979,3205.1407,32.2416,1.0059,126493464.0,125603047.2652
000300.SH,20181114,3204.9427,3233.6409,3239.2448,3200.2285,3237.3823,-32.4396,-1.002,113808659.0,105386565.9683
000300.SH,20181115,3242.3715,3201.2814,3242.3836,3198.7814,3204.9427,37.4288,1.1678,98558810.0,100119192.3323
000300.SH,20181116,3257.6735,3242.879,3282.39,3223.7215,3242.3715,15.302,0.4719,126876835.0,135379803.9185
000300.SH,20181119,3294.6031,3258.7919,3294.6031,3251.0665,3257.6735,36.9296,1.1336,115956595.0,123188777.5922
000300.SH,20181120,3218.4076,3268.0768,3278.7845,3213.6833,3294.6031,-76.1955,-2.3127,109361154.0,114155066.8062
000300.SH,20181121,3226.4918,3187.1025,3230.2578,3185.2393,3218.4076,8.0842,0.2512,84119726.0,87813273.9084
000300.SH,20181122,3214.4273,3232.9731,3235.4524,3199.6981,3226.4918,-12.0645,-0.3739,65098291.0,70083372.6145
000300.SH,20181123,3143.4752,3208.593,3212.1952,3139.3857,3214.4273,-70.9521,-2.2073,84638255.0,86864946.1839
000300.SH,20181126,3141.2434,3148.6721,3169.4418,3131.636,3143.4752,-2.2318,-0.071,59379140.0,61899479.5989
000300.SH,20181127,3137.2413,3152.7743,3162.0121,3126.289,3141.2434,-4.0021,-0.1274,55407832.0,61946261.1102
000300.SH,20181128,3178.9326,3137.7477,3179.4108,3126.6179,3137.2413,41.6913,1.3289,74881955.0,77620553.1133
000300.SH,20181129,3137.6542,3198.8259,3204.8565,3137.6542,3178.9326,-41.2784,-1.2985,80498466.0,86927611.8832
000300.SH,20181130,3172.69,3136.1962,3175.154,3132.423,3137.6542,35.0358,1.1166,70921044.0,77297697.6841
000300.SH,20181203,3260.9502,3260.6862,3273.6397,3228.3611,3172.69,88.2602,2.7819,121487157.0,145828416.4899
000300.SH,20181204,3267.7095,3256.2282,3267.94,3243.6951,3260.9502,6.7593,0.2073,79415039.0,90543600.2738
000300.SH,20181205,3252.0041,3224.2556,3266.9039,3219.9785,3267.7095,-15.7054,-0.4806,76153052.0,90909093.8299
000300.SH,20181206,3181.673,3218.113,3223.5219,3179.8948,3252.0041,-70.3311,-2.1627,76328771.0,95678883.4439
000300.SH,20181207,3181.5646,3187.4919,3193.8191,3176.7061,3181.673,-0.1084,-0.0034,53361924.0,66323970.6569
000300.SH,20181210,3144.7631,3153.5228,3170.1523,3134.3845,3181.5646,-36.8015,-1.1567,63437273.0,73717204.7332
000300.SH,20181211,3159.8158,3148.2256,3161.9557,3143.6072,3144.7631,15.0527,0.4787,53223877.0,60014969.7789
000300.SH,20181212,3170.6092,3181.566,3182.2107,3160.2784,3159.8158,10.7934,0.3416,53309914.0,60536223.4736
000300.SH,20181213,3219.6924,3178.891,3234.0817,3169.4234,3170.6092,49.0832,1.5481,90442755.0,103375478.6369
000300.SH,20181214,3165.9109,3207.3481,3210.7221,3165.9109,3219.6924,-53.7815,-1.6704,84301250.0,91576900.5048
000300.SH,20181217,3161.1966,3158.2844,3167.5125,3134.3653,3165.9109,-4.7143,-0.1489,66497007.0,77151490.8577
000300.SH,20181218,3128.4265,3139.9493,3165.0018,3114.4684,3161.1966,-32.7701,-1.0366,63820319.0,72035451.4
000300.SH,20181219,3091.1255,3133.7416,3137.0099,3086.7579,3128.4265,-37.301,-1.1923,55522299.0,67872922.4225
000300.SH,20181220,3067.4169,3083.5441,3097.7202,3044.2929,3091.1255,-23.7086,-0.767,69749463.0,78181426.5037
000300.SH,20181221,3029.3951,3055.3258,3057.4007,3007.6096,3067.4169,-38.0218,-1.2395,76758101.0,84824064.7533
000300.SH,20181224,3038.1981,3015.4974,3040.3524,3007.3292,3029.3951,8.803,0.2906,57299615.0,63880740.6054
000300.SH,20181225,3017.2815,3006.8787,3030.1418,2964.875,3038.1981,-20.9166,-0.6885,78689425.0,80413567.3074
000300.SH,20181226,3002.0327,3012.869,3029.0608,2996.4829,3017.2815,-15.2488,-0.5054,55647032.0,58574968.998
000300.SH,20181227,2990.5057,3042.9491,3047.2348,2990.5057,3002.0327,-11.527,-0.384,80541785.0,81159269.9741
000300.SH,20181228,3010.6536,2994.795,3024.3525,2984.8177,2990.5057,20.1479,0.6737,71053779.0,78145310.042
000300.SH,20190102,2969.5353,3017.0674,3018.7759,2958.4883,3010.6536,-41.1183,-1.3658,68663021.0,76105571.2778
000300.SH,20190103,2964.8421,2963.0186,3000.4413,2953.2548,2969.5353,-4.6932,-0.158,70867103.0,76664797.3934
000300.SH,20190104,3035.8741,2940.1916,3036.8147,2935.8295,2964.8421,71.032,2.3958,103318972.0,107141037.0881
000300.SH,20190107,3054.303,3055.1535,3061.749,3035.9123,3035.8741,18.4289,0.607,101164359.0,105703940.7906
000300.SH,20190108,3047.7035,3049.8747,3055.51,3038.5339,3054.303,-6.5995,-0.2161,86170585.0,79628882.6642
000300.SH,20190109,3078.4759,3065.2307,3117.9614,3062.8474,3047.7035,30.7724,1.0097,107364350.0,117129678.9057
000300.SH,20190110,3072.6864,3077.4817,3092.5411,3062.5721,3078.4759,-5.7895,-0.1881,85271756.0,90206871.737
000300.SH,20190111,3094.7782,3082.2615,3102.8333,3071.0264,3072.6864,22.0918,0.719,71786424.0,77420239.5785
000300.SH,20190114,3067.7845,3092.4984,3097.4064,3064.3827,3094.7782,-26.9937,-0.8722,66121702.0,68115969.0945
000300.SH,20190115,3127.9904,3071.5185,3129.3708,3064.6705,3067.7845,60.2059,1.9625,88772962.0,99976891.1441
000300.SH,20190116,3128.6517,3126.1347,3135.0117,3117.2926,3127.9904,0.6613,0.0211,80214341.0,85781591.7911
000300.SH,20190117,3111.4168,3132.6285,3141.7099,3110.0608,3128.6517,-17.2349,-0.5509,80174871.0,82888206.9861
000300.SH,20190118,3168.1739,3124.5025,3171.6864,3120.3458,3111.4168,56.7571,1.8242,103963834.0,106780658.4908
000300.SH,20190121,3185.6364,3170.8773,3199.2134,3170.8773,3168.1739,17.4625,0.5512,93915022.0,105536986.5797
000300.SH,20190122,3143.3171,3181.9494,3181.9494,3135.3378,3185.6364,-42.3193,-1.3284,72990528.0,78150876.3127
000300.SH,20190123,3141.0532,3136.096,3157.6269,3131.8673,3143.3171,-2.2639,-0.072,59870478.0,62669652.004
000300.SH,20190124,3158.7817,3146.6046,3165.6296,3125.3008,3141.0532,17.7285,0.5644,72934636.0,80963877.2187
000300.SH,20190125,3184.4696,3165.1814,3203.1747,3164.4082,3158.7817,25.6879,0.8132,83967729.0,93207954.7478
000300.SH,20190128,3183.7777,3203.1189,3228.8678,3174.7243,3184.4696,-0.6919,-0.0217,82622431.0,97371496.1471
000300.SH,20190129,3193.9698,3177.261,3200.9898,3148.2345,3183.7777,10.1921,0.3201,77658334.0,85943908.59
000300.SH,20190130,3168.4829,3181.6551,3202.896,3167.8934,3193.9698,-25.4869,-0.798,63746517.0,73005123.4471
000300.SH,20190131,3201.6331,3182.6987,3216.0673,3178.0105,3168.4829,33.1502,1.0462,86247839.0,97509924.771
000300.SH,20190201,3247.3971,3225.7335,3247.4956,3207.7168,3201.6331,45.764,1.4294,82019641.0,94766412.7628
000300.SH,20190211,3306.4725,3239.8079,3307.0638,3239.8079,3247.3971,59.0754,1.8192,98818434.0,114752354.8211
000300.SH,20190212,3330.3353,3306.3523,3335.3606,3298.6337,3306.4725,23.8628,0.7217,122232462.0,122834101.0068
000300.SH,20190213,3397.0276,3337.7794,3405.5773,3329.1436,3330.3353,66.6923,2.0026,163828332.0,168866262.062
000300.SH,20190214,3402.1403,3392.8547,3415.3994,3381.9821,3397.0276,5.1127,0.1505,151127290.0,138649287.9707
000300.SH,20190215,3338.7047,3391.242,3395.0294,3335.8705,3402.1403,-63.4356,-1.8646,143668603.0,141555060.9475
000300.SH,20190218,3445.7448,3366.423,3445.7448,3366.423,3338.7047,107.0401,3.206,182886089.0,180449742.5442
000300.SH,20190219,3439.6078,3454.7216,3480.7938,3419.0731,3445.7448,-6.137,-0.1781,179083785.0,185762746.553
000300.SH,20190220,3451.9273,3449.9321,3463.7735,3421.505,3439.6078,12.3195,0.3582,147390311.0,145570263.0699
000300.SH,20190221,3442.7056,3450.1411,3500.2519,3431.631,3451.9273,-9.2217,-0.2671,180143287.0,185197154.7846
000300.SH,20190222,3520.1182,3439.3781,3520.1182,3417.9784,3442.7056,77.4126,2.2486,187237974.0,202869288.7084
000300.SH,20190225,3729.4831,3575.8528,3729.4831,3574.6885,3520.1182,209.3649,5.9477,342557122.0,376382393.4332
000300.SH,20190226,3684.6935,3734.7059,3762.1128,3679.2705,3729.4831,-44.7896,-1.201,358038698.0,387632860.0752
000300.SH,20190227,3678.3921,3682.8116,3737.6317,3638.3334,3684.6935,-6.3014,-0.171,286236007.0,307306148.1388
000300.SH,20190228,3669.3703,3675.2642,3695.4646,3650.0537,3678.3921,-9.0218,-0.2453,184810220.0,206010958.1846
000300.SH,20190301,3749.7143,3699.2157,3749.7143,3668.7653,3669.3703,80.344,2.1896,204711004.0,235620623.4881
000300.SH,20190304,3794.104,3783.0367,3886.5797,3764.7764,3749.7143,44.3897,1.1838,323490126.0,376397284.7059
000300.SH,20190305,3816.0132,3785.3762,3816.1621,3770.7858,3794.104,21.9092,0.5775,230853166.0,261464122.2116
000300.SH,20190306,3848.0903,3822.8588,3855.1556,3787.5225,3816.0132,32.0771,0.8406,318077371.0,331155616.598
000300.SH,20190307,3808.8497,3841.1456,3845.182,3778.8004,3848.0903,-39.2406,-1.0197,329846548.0,359339152.9161
000300.SH,20190308,3657.579,3721.4016,3774.5431,3656.1917,3808.8497,-151.2707,-3.9716,317990077.0,349296691.2269
000300.SH,20190311,3729.9546,3663.9772,3731.9091,3650.8125,3657.579,72.3756,1.9788,230912865.0,268718458.8045
000300.SH,20190312,3755.3519,3758.3151,3804.72,3723.6785,3729.9546,25.3973,0.6809,274926382.0,325180619.7587
000300.SH,20190313,3724.1941,3758.713,3763.0926,3708.8145,3755.3519,-31.1578,-0.8297,233682248.0,286171048.1597
000300.SH,20190314,3698.4858,3710.2934,3747.819,3673.8509,3724.1941,-25.7083,-0.6903,190817237.0,231820149.3895
000300.SH,20190315,3745.005,3713.936,3782.2364,3713.936,3698.4858,46.5192,1.2578,175174544.0,224194362.9247
000300.SH,20190318,3851.7479,3753.6436,3851.7479,3733.6781,3745.005,106.7429,2.8503,216928060.0,276473448.8696
000300.SH,20190319,3833.9626,3856.5885,3868.335,3815.2187,3851.7479,-17.7853,-0.4617,181727110.0,224096889.6337
000300.SH,20190320,3835.4397,3825.3356,3855.1465,3790.5119,3833.9626,1.4771,0.0385,175632090.0,215406993.6015
000300.SH,20190321,3836.8913,3840.2783,3864.0696,3823.4661,3835.4397,1.4516,0.0378,196310310.0,231993445.6015
000300.SH,20190322,3833.8013,3838.1255,3845.5808,3786.5917,3836.8913,-3.09,-0.0805,171356993.0,198518386.3186
000300.SH,20190325,3742.8252,3776.4426,3807.1793,3741.6062,3833.8013,-90.9761,-2.373,198586329.0,223396564.361
000300.SH,20190326,3700.4388,3766.5287,3770.843,3687.5472,3742.8252,-42.3864,-1.1325,173046579.0,196547811.1788
000300.SH,20190327,3743.3878,3724.4058,3750.2642,3703.4508,3700.4388,42.949,1.1606,138758454.0,177507528.4423
000300.SH,20190328,3728.3953,3731.0612,3755.716,3710.0814,3743.3878,-14.9925,-0.4005,133272129.0,172604392.9075
000300.SH,20190329,3872.3412,3739.7739,3876.379,3739.7739,3728.3953,143.9459,3.8608,215639103.0,283022298.6482
000300.SH,20190401,3973.928,3901.1698,3982.9091,3901.1698,3872.3412,101.5868,2.6234,271382704.0,340799403.5731
000300.SH,20190402,3971.2852,3986.3443,3988.0975,3956.5059,3973.928,-2.6428,-0.0665,226000341.0,281892057.021
000300.SH,20190403,4022.1566,3947.8697,4026.4972,3939.7837,3971.2852,50.8714,1.281,231917368.0,284826495.4454
000300.SH,20190404,4062.2309,4039.7415,4072.1138,4021.7055,4022.1566,40.0743,0.9963,260410939.0,313539431.3775
000300.SH,20190408,4057.2286,4097.1027,4122.6034,4017.4887,4062.2309,-5.0023,-0.1231,267505576.0,324670452.5226
000300.SH,20190409,4075.4301,4063.8139,4084.243,4038.2825,4057.2286,18.2015,0.4486,182956808.0,243187913.1279
000300.SH,20190410,4085.847,4062.4425,4115.378,4035.4741,4075.4301,10.4169,0.2556,194687613.0,278282025.0515
000300.SH,20190411,3997.5778,4083.4618,4097.1249,3990.239,4085.847,-88.2692,-2.1604,169049641.0,236259156.7189
000300.SH,20190412,3988.6168,3986.7822,4006.9335,3961.464,3997.5778,-8.961,-0.2242,135862118.0,178795939.0616
000300.SH,20190415,3975.5244,4056.4919,4085.3882,3974.2264,3988.6168,-13.0924,-0.3282,182645571.0,236298721.3908
000300.SH,20190416,4085.7891,3958.0963,4085.7891,3943.4879,3975.5244,110.2647,2.7736,202041966.0,250569206.656
000300.SH,20190417,4087.2398,4080.7172,4106.6158,4057.5032,4085.7891,1.4507,0.0355,180367117.0,228824429.8866
000300.SH,20190418,4072.0753,4085.1148,4094.0533,4056.2356,4087.2398,-15.1645,-0.371,146562123.0,187812687.7665
000300.SH,20190419,4120.6078,4076.2953,4120.6356,4046.2042,4072.0753,48.5325,1.1918,150794910.0,194701690.7626
000300.SH,20190422,4025.6109,4125.9717,4126.0907,4015.4748,4120.6078,-94.9969,-2.3054,189353745.0,244380549.2388
000300.SH,20190423,4019.0053,4021.6277,4061.0858,4005.2832,4025.6109,-6.6056,-0.1641,155611650.0,204121505.8158
000300.SH,20190424,4030.0887,4033.6292,4044.3375,3967.8058,4019.0053,11.0834,0.2758,145498695.0,186497961.6519
000300.SH,20190425,3941.816,4013.6027,4022.5631,3938.3251,4030.0887,-88.2727,-2.1903,159722071.0,197530997.7516
000300.SH,20190426,3889.2748,3921.8909,3943.8331,3887.2525,3941.816,-52.5412,-1.3329,142008068.0,186572137.1273
000300.SH,20190429,3900.3339,3896.5824,3953.2288,3875.452,3889.2748,11.0591,0.2843,153870927.0,203946553.1515
000300.SH,20190430,3913.211,3887.1799,3923.1082,3885.147,3900.3339,12.8771,0.3302,116233376.0,161665923.9237
000300.SH,20190506,3684.6168,3775.0765,3791.6119,3647.1405,3913.211,-228.5942,-5.8416,197472882.0,254115400.0892
000300.SH,20190507,3720.6684,3702.2656,3738.1767,3671.8341,3684.6168,36.0516,0.9784,132847654.0,183659159.1807
000300.SH,20190508,3667.4574,3648.5489,3722.9325,3642.4981,3720.6684,-53.211,-1.4301,112867355.0,145058486.3544
000300.SH,20190509,3599.7001,3637.346,3656.8966,3584.8227,3667.4574,-67.7573,-1.8475,101037394.0,141829095.7595
000300.SH,20190510,3730.4513,3643.0557,3732.9238,3589.2906,3599.7001,130.7512,3.6323,148003847.0,195067170.793
000300.SH,20190513,3668.7255,3675.7597,3702.9012,3658.0004,3730.4513,-61.7258,-1.6546,103391860.0,135053926.7074
000300.SH,20190514,3645.1503,3630.4388,3683.2619,3630.4388,3668.7255,-23.5752,-0.6426,102313460.0,135262868.9079
000300.SH,20190515,3727.0923,3674.9931,3741.0406,3674.9931,3645.1503,81.942,2.248,110161769.0,152534546.7814
000300.SH,20190516,3743.9635,3720.039,3745.1405,3707.9032,3727.0923,16.8712,0.4527,116258274.0,139851940.0573
000300.SH,20190517,3648.7609,3744.8751,3745.3555,3637.5826,3743.9635,-95.2026,-2.5428,128453245.0,154092349.6519
000300.SH,20190520,3617.7924,3635.7357,3644.5,3583.8324,3648.7609,-30.9685,-0.8487,108963477.0,134194262.5835
000300.SH,20190521,3666.7762,3619.4369,3690.0884,3610.6817,3617.7924,48.9838,1.354,111022920.0,133071381.0888
000300.SH,20190522,3649.3796,3663.1533,3679.2727,3634.7479,3666.7762,-17.3966,-0.4744,98346128.0,121775244.1629
000300.SH,20190523,3583.9646,3629.5284,3631.4743,3578.1129,3649.3796,-65.415,-1.7925,99897781.0,125611969.4767
000300.SH,20190524,3593.9139,3584.9016,3623.3904,3580.7853,3583.9646,9.9493,0.2776,80934048.0,101337496.3801
000300.SH,20190527,3637.1971,3592.6027,3648.0267,3556.2567,3593.9139,43.2832,1.2043,108830871.0,133399053.9077
000300.SH,20190528,3672.2605,3633.0182,3683.2306,3627.7878,3637.1971,35.0634,0.964,117886240.0,148966334.6572
000300.SH,20190529,3663.909,3642.5415,3693.2273,3637.3481,3672.2605,-8.3515,-0.2274,93355441.0,120002034.2369
000300.SH,20190530,3641.1833,3648.8495,3650.9718,3612.6248,3663.909,-22.7257,-0.6203,94202561.0,112864079.3049
000300.SH,20190531,3629.7893,3640.9963,3668.1796,3627.5448,3641.1833,-11.394,-0.3129,89222267.0,108264201.3394
000300.SH,20190603,3632.0127,3640.6126,3672.8136,3613.1274,3629.7893,2.2234,0.0613,100723180.0,123902446.4073
000300.SH,20190604,3598.4666,3632.5602,3636.128,3584.4612,3632.0127,-33.5461,-0.9236,87097094.0,109467236.5362
000300.SH,20190605,3597.105,3627.7947,3634.4536,3593.9515,3598.4666,-1.3616,-0.0378,88642020.0,114634228.2388
000300.SH,20190606,3564.6778,3601.0356,3601.0356,3557.0167,3597.105,-32.4272,-0.9015,85534403.0,104367267.7238
000300.SH,20190610,3610.7435,3578.0084,3623.7301,3568.2787,3564.6778,46.0657,1.2923,92375061.0,117346608.9125
000300.SH,20190611,3719.2759,3617.5239,3723.1419,3617.5239,3610.7435,108.5324,3.0058,143482806.0,180899072.3112
000300.SH,20190612,3691.0957,3706.8635,3711.8793,3683.9394,3719.2759,-28.1802,-0.7577,119178853.0,132296097.9054
000300.SH,20190613,3685.3933,3689.5834,3697.5917,3654.2742,3691.0957,-5.7024,-0.1545,96331718.0,110459901.9179
000300.SH,20190614,3654.8799,3690.4763,3709.6521,3650.9096,3685.3933,-30.5134,-0.828,101817004.0,116584260.5754
000300.SH,20190617,3654.8248,3654.4433,3683.7743,3645.4982,3654.8799,-0.0551,-0.0015,72976678.0,93092581.2978
000300.SH,20190618,3667.6185,3661.1299,3675.6452,3638.78,3654.8248,12.7937,0.35,70692266.0,89472839.8483
000300.SH,20190619,3715.9381,3761.3381,3771.347,3715.1331,3667.6185,48.3196,1.3175,125595715.0,172574177.7916
000300.SH,20190620,3828.5183,3718.9416,3845.7912,3717.1857,3715.9381,112.5802,3.0297,168872073.0,227726981.9663
000300.SH,20190621,3833.9383,3832.7321,3856.0856,3817.3068,3828.5183,5.42,0.1416,153635155.0,199961617.6156
000300.SH,20190624,3841.2659,3836.3051,3853.5452,3819.7692,3833.9383,7.3276,0.1911,100084621.0,143644731.7037
000300.SH,20190625,3801.3098,3837.4259,3838.0578,3755.0099,3841.2659,-39.9561,-1.0402,124075912.0,169358793.347
000300.SH,20190626,3794.331,3779.5125,3809.758,3771.7164,3801.3098,-6.9788,-0.1836,81820283.0,112106859.0216
000300.SH,20190627,3834.8172,3807.5376,3854.0801,3805.8328,3794.331,40.4862,1.067,105316358.0,156483418.1902
000300.SH,20190628,3825.5873,3832.0599,3835.2326,3803.0546,3834.8172,-9.2299,-0.2407,84766139.0,116512050.6735
000300.SH,20190701,3935.8116,3899.3313,3936.668,3886.909,3825.5873,110.2243,2.8812,158370340.0,217470251.1109
000300.SH,20190702,3937.1691,3931.0486,3942.4257,3918.9378,3935.8116,1.3575,0.0345,131863496.0,173997045.1225
000300.SH,20190703,3893.5341,3927.4365,3927.4365,3878.8405,3937.1691,-43.635,-1.1083,111992603.0,163145730.9354
000300.SH,20190704,3873.1019,3895.1978,3906.8894,3854.693,3893.5341,-20.4322,-0.5248,99342256.0,142669255.1769
000300.SH,20190705,3893.2025,3875.3736,3900.3095,3857.928,3873.1019,20.1006,0.519,74006527.0,116236522.1034
000300.SH,20190708,3802.7897,3875.7547,3875.7547,3775.0259,3893.2025,-90.4128,-2.3223,109539086.0,147198419.3803
000300.SH,20190709,3793.1297,3798.0954,3811.0993,3774.7641,3802.7897,-9.66,-0.254,74842732.0,113147602.9513
000300.SH,20190710,3786.739,3807.9497,3810.396,3774.2304,3793.1297,-6.3907,-0.1685,72833948.0,101355477.0299
000300.SH,20190711,3785.221,3806.1855,3830.7387,3774.4137,3786.739,-1.518,-0.0401,75311965.0,113674616.2151
000300.SH,20190712,3808.7311,3783.0733,3820.2354,3774.5224,3785.221,23.5101,0.6211,75465967.0,107007923.9712
000300.SH,20190715,3824.1878,3792.6409,3844.8683,3745.8549,3808.7311,15.4567,0.4058,101205222.0,142493046.6098
000300.SH,20190716,3806.8449,3819.2474,3828.3256,3799.8665,3824.1878,-17.3429,-0.4535,80730952.0,108449682.7839
000300.SH,20190717,3804.6384,3800.1064,3820.2713,3787.8973,3806.8449,-2.2065,-0.058,95183885.0,116766781.1378
000300.SH,20190718,3768.4019,3793.1893,3793.3916,3767.9958,3804.6384,-36.2365,-0.9524,87496445.0,111669365.4883
000300.SH,20190719,3807.9551,3787.5079,3828.1514,3787.5079,3768.4019,39.5532,1.0496,88086149.0,117797528.1658
000300.SH,20190722,3781.6832,3813.5022,3816.5387,3765.4428,3807.9551,-26.2719,-0.6899,92101377.0,117810448.1459
000300.SH,20190723,3789.9135,3783.5411,3792.9647,3768.7614,3781.6832,8.2303,0.2176,71313346.0,103866608.7686
000300.SH,20190724,3819.8325,3803.5867,3840.0579,3803.5738,3789.9135,29.919,0.7894,90940684.0,129940587.2234
000300.SH,20190725,3851.0665,3821.3898,3851.0665,3812.9532,3819.8325,31.234,0.8177,93740417.0,125899502.5552
000300.SH,20190726,3858.5688,3835.2281,3863.5878,3832.5223,3851.0665,7.5023,0.1948,83259300.0,110929728.7036
000300.SH,20190729,3854.2704,3857.9394,3862.7467,3842.426,3858.5688,-4.2984,-0.1114,84814370.0,111679108.8403
000300.SH,20190730,3870.3176,3861.5698,3890.7298,3861.5698,3854.2704,16.0472,0.4163,94123955.0,120480280.0201
000300.SH,20190731,3835.3589,3856.745,3856.745,3830.0914,3870.3176,-34.9587,-0.9033,82151155.0,111083892.7774
000300.SH,20190801,3803.4694,3819.3242,3831.2641,3791.546,3835.3589,-31.8895,-0.8315,84114180.0,117649163.8503
000300.SH,20190802,3747.4379,3729.1309,3754.5326,3720.0584,3803.4694,-56.0315,-1.4732,108335897.0,141874787.5694
000300.SH,20190805,3675.6884,3724.4097,3739.5031,3675.6884,3747.4379,-71.7495,-1.9146,101325981.0,133061101.3756
000300.SH,20190806,3636.3289,3609.1118,3649.8953,3575.8626,3675.6884,-39.3595,-1.0708,129833871.0,167267479.6386
000300.SH,20190807,3621.431,3654.6323,3659.0778,3621.431,3636.3289,-14.8979,-0.4097,84238716.0,108667668.0298
000300.SH,20190808,3669.2936,3651.3571,3675.4603,3646.9386,3621.431,47.8626,1.3216,88457707.0,114981616.1209
000300.SH,20190809,3633.5296,3686.7493,3689.1774,3628.1163,3669.2936,-35.764,-0.9747,85295580.0,116355689.9594
000300.SH,20190812,3699.1047,3647.8661,3699.1047,3643.3161,3633.5296,65.5751,1.8047,82083056.0,121129345.184
000300.SH,20190813,3665.7515,3675.5868,3686.4302,3658.0126,3699.1047,-33.3532,-0.9017,76500302.0,103764319.4406
000300.SH,20190814,3682.4015,3712.0657,3717.5579,3680.6086,3665.7515,16.65,0.4542,91202590.0,128301671.0726
000300.SH,20190815,3694.0006,3618.0092,3694.2985,3612.1108,3682.4015,11.5991,0.315,88598832.0,119241082.5833
000300.SH,20190816,3710.5386,3697.9407,3738.0964,3687.0751,3694.0006,16.538,0.4477,88319169.0,132696910.3411
000300.SH,20190819,3791.0946,3736.0344,3791.0946,3720.6894,3710.5386,80.556,2.171,139327013.0,195448939.4756
000300.SH,20190820,3787.7324,3786.026,3799.8977,3778.7306,3791.0946,-3.3622,-0.0887,108602088.0,149115340.6949
000300.SH,20190821,3781.7579,3778.3091,3792.5955,3775.4474,3787.7324,-5.9745,-0.1577,82299880.0,121688505.0949
000300.SH,20190822,3793.5061,3793.8552,3797.329,3771.2048,3781.7579,11.7482,0.3107,85807792.0,120708136.0811
000300.SH,20190823,3820.8638,3796.8821,3829.3607,3788.0345,3793.5061,27.3577,0.7212,87954583.0,137802154.0012
000300.SH,20190826,3765.9105,3756.3618,3778.8665,3753.1646,3820.8638,-54.9533,-1.4382,93859269.0,142350985.497
000300.SH,20190827,3816.9459,3791.4587,3848.2358,3790.873,3765.9105,51.0354,1.3552,124731478.0,181748784.0785
000300.SH,20190828,3802.5844,3818.8125,3822.5883,3790.1384,3816.9459,-14.3615,-0.3763,88750812.0,137667277.2442
000300.SH,20190829,3790.1867,3805.494,3808.5954,3774.3968,3802.5844,-12.3977,-0.326,84083387.0,126475676.6383
000300.SH,20190830,3799.5863,3816.678,3828.9698,3778.9189,3790.1867,9.3996,0.248,96695150.0,152408668.6764
000300.SH,20190902,3848.3198,3803.689,3855.7768,3799.8166,3799.5863,48.7335,1.2826,110289349.0,164994458.613
000300.SH,20190903,3853.6106,3852.5794,3856.6813,3833.7571,3848.3198,5.2908,0.1375,97714631.0,146270633.8485
000300.SH,20190904,3886.0012,3848.6483,3886.0012,3846.4215,3853.6106,32.3906,0.8405,126628615.0,176839744.8186
000300.SH,20190905,3925.323,3909.2087,3970.0038,3909.2087,3886.0012,39.3218,1.0119,181656231.0,244681225.4807
000300.SH,20190906,3948.5075,3946.6854,3948.5397,3922.3361,3925.323,23.1845,0.5906,121882376.0,181718270.0307
000300.SH,20190909,3972.9484,3980.9577,3985.239,3954.8755,3948.5075,24.4409,0.619,146809754.0,209545387.1909
000300.SH,20190910,3959.265,3976.8697,3976.9225,3938.7441,3972.9484,-13.6834,-0.3444,130889386.0,184494349.8738
000300.SH,20190911,3930.0999,3969.6757,3971.2237,3922.9531,3959.265,-29.1651,-0.7366,131594875.0,190165007.5119
000300.SH,20190912,3972.3799,3944.6917,3975.9311,3933.4366,3930.0999,42.28,1.0758,110241273.0,156750653.1378
000300.SH,20190916,3957.7154,3981.3616,3982.204,3943.3734,3972.3799,-14.6645,-0.3692,110259805.0,154736552.3481
000300.SH,20190917,3891.2208,3947.1577,3947.1577,3879.4852,3957.7154,-66.4946,-1.6801,113694317.0,154899299.8881
000300.SH,20190918,3910.0837,3902.9947,3923.1462,3902.5109,3891.2208,18.8629,0.4848,82056152.0,130159557.6719
000300.SH,20190919,3924.3823,3923.9631,3924.3823,3897.0666,3910.0837,14.2986,0.3657,85984238.0,127421791.159
000300.SH,20190920,3935.6511,3933.4594,3942.224,3921.4124,3924.3823,11.2688,0.2871,103455955.0,153162588.4948
000300.SH,20190923,3890.6616,3925.1858,3925.1858,3868.214,3935.6511,-44.9895,-1.1431,94036225.0,139223506.453
000300.SH,20190924,3901.0758,3895.8661,3927.0115,3886.1404,3890.6616,10.4142,0.2677,87783230.0,142341399.6789
000300.SH,20190925,3870.9837,3887.5548,3889.839,3867.2277,3901.0758,-30.0921,-0.7714,89520835.0,133224463.6383
000300.SH,20190926,3841.1388,3884.7022,3890.7452,3840.2472,3870.9837,-29.8449,-0.771,102698301.0,150806750.0126
000300.SH,20190927,3852.6534,3843.4584,3859.5003,3832.2466,3841.1388,11.5146,0.2998,74003947.0,109130484.0043
000300.SH,20190930,3814.5282,3842.0741,3857.2319,3813.5491,3852.6534,-38.1252,-0.9896,65931313.0,100487271.138
000300.SH,20191008,3837.6791,3818.5894,3861.6429,3818.5894,3814.5282,23.1509,0.6069,76657860.0,118365682.5145
000300.SH,20191009,3843.2392,3822.6068,3845.3403,3805.0671,3837.6791,5.5601,0.1449,75854512.0,112406207.0275
000300.SH,20191010,3874.6391,3838.4865,3877.142,3829.4328,3843.2392,31.3999,0.817,79222694.0,127474042.8525
000300.SH,20191011,3911.7253,3885.5198,3922.3694,3868.8417,3874.6391,37.0862,0.9572,93412577.0,139817298.256
000300.SH,20191014,3953.2411,3944.8593,3983.8117,3934.7325,3911.7253,41.5158,1.0613,122393611.0,167857131.1543
000300.SH,20191015,3936.2498,3953.1645,3953.1645,3928.151,3953.2411,-16.9913,-0.4298,85273949.0,125117107.0106
000300.SH,20191016,3922.6854,3939.276,3964.0456,3919.0169,3936.2498,-13.5644,-0.3446,83229707.0,128558533.5034
000300.SH,20191017,3925.2216,3929.386,3935.8123,3913.9173,3922.6854,2.5362,0.0647,64863745.0,99991850.4089
000300.SH,20191018,3869.3777,3935.4199,3940.5409,3864.9652,3925.2216,-55.8439,-1.4227,82321140.0,122186927.1301
000300.SH,20191021,3880.8398,3865.3436,3884.7447,3856.0374,3869.3777,11.4621,0.2962,74182918.0,110858235.8392
000300.SH,20191022,3895.8809,3896.3149,3897.4352,3870.5486,3880.8398,15.0411,0.3876,68918566.0,102843371.1608
000300.SH,20191023,3871.0848,3892.6766,3901.4243,3862.1965,3895.8809,-24.7961,-0.6365,70198625.0,99733598.3528
000300.SH,20191024,3870.6678,3877.9239,3890.1955,3852.5828,3871.0848,-0.417,-0.0108,71334575.0,105096951.6465
000300.SH,20191025,3896.7923,3871.7687,3899.7223,3849.0337,3870.6678,26.1245,0.6749,77453620.0,126677483.9573
000300.SH,20191028,3926.585,3904.9824,3927.7959,3897.8175,3896.7923,29.7927,0.7645,97406020.0,150762201.7365
000300.SH,20191029,3910.226,3929.7077,3932.3745,3910.226,3926.585,-16.359,-0.4166,82257075.0,139611420.2655
000300.SH,20191030,3891.2255,3904.7172,3908.0999,3883.4468,3910.226,-19.0005,-0.4859,77872923.0,122610501.731
000300.SH,20191031,3886.7519,3906.8593,3907.1505,3878.8757,3891.2255,-4.4736,-0.115,86714539.0,135012425.5385
000300.SH,20191101,3952.3872,3883.8084,3956.0797,3876.4164,3886.7519,65.6353,1.6887,100689612.0,151471061.3232
000300.SH,20191104,3978.1216,3964.0052,3985.3573,3964.0052,3952.3872,25.7344,0.6511,104193855.0,154485361.8117
000300.SH,20191105,4002.8128,3982.1155,4030.6381,3970.8664,3978.1216,24.6912,0.6207,112911880.0,163317856.0888
000300.SH,20191106,3984.8816,4006.327,4007.5012,3973.7762,4002.8128,-17.9312,-0.448,97312952.0,139859763.4703
000300.SH,20191107,3991.8749,3984.5529,4005.3829,3975.5475,3984.8816,6.9933,0.1755,87254898.0,117751554.3466
000300.SH,20191108,3973.0107,4017.6742,4022.0362,3971.5726,3991.8749,-18.8642,-0.4726,97106948.0,139026673.427
000300.SH,20191111,3902.9783,3948.6186,3948.6186,3897.5504,3973.0107,-70.0324,-1.7627,94155621.0,130330082.2892
000300.SH,20191112,3903.6888,3905.9584,3914.8821,3877.7397,3902.9783,0.7105,0.0182,76543069.0,108828235.839
000300.SH,20191113,3899.9815,3905.2831,3908.4196,3882.4314,3903.6888,-3.7073,-0.095,76749078.0,112057146.508
000300.SH,20191114,3905.857,3905.9284,3916.9459,3895.1415,3899.9815,5.8755,0.1507,87008446.0,119791566.8388
000300.SH,20191115,3877.0892,3908.4891,3915.1049,3877.0892,3905.857,-28.7678,-0.7365,83730917.0,115423020.9165
000300.SH,20191118,3907.9291,3874.4405,3913.1029,3868.3166,3877.0892,30.8399,0.7954,76645993.0,107085819.8891
000300.SH,20191119,3947.0392,3904.0996,3947.0392,3902.3776,3907.9291,39.1101,1.0008,82161025.0,123227172.6122
000300.SH,20191120,3907.8641,3940.1344,3943.2273,3901.9865,3947.0392,-39.1751,-0.9925,76815333.0,118003062.7332
000300.SH,20191121,3889.598,3894.539,3901.8262,3875.9682,3907.8641,-18.2661,-0.4674,69130538.0,104147769.2978
000300.SH,20191122,3849.9948,3894.1742,3918.8385,3833.5033,3889.598,-39.6032,-1.0182,91042639.0,146981162.0897
000300.SH,20191125,3878.2061,3850.966,3878.2507,3839.4201,3849.9948,28.2113,0.7328,106066289.0,140851076.2722
000300.SH,20191126,3891.6533,3893.4349,3899.1097,3869.5948,3878.2061,13.4472,0.3467,111513537.0,140213633.0646
000300.SH,20191127,3875.6186,3883.429,3889.9783,3862.7011,3891.6533,-16.0347,-0.412,76437305.0,107238822.0332
000300.SH,20191128,3862.3029,3877.9012,3887.6903,3852.0105,3875.6186,-13.3157,-0.3436,65230119.0,87081788.9123
000300.SH,20191129,3828.6706,3857.1883,3861.6584,3804.8291,3862.3029,-33.6323,-0.8708,74144331.0,116200556.869
000300.SH,20191202,3836.0589,3835.5128,3854.7509,3829.3126,3828.6706,7.3883,0.193,77412173.0,109992592.541
000300.SH,20191203,3851.0873,3829.212,3851.1205,3811.6281,3836.0589,15.0284,0.3918,73611240.0,108703714.9652
000300.SH,20191204,3849.819,3841.6627,3852.9922,3831.0747,3851.0873,-1.2683,-0.0329,79683385.0,109646342.7958
000300.SH,20191205,3879.3638,3863.6086,3883.4031,3859.8223,3849.819,29.5448,0.7674,89051193.0,129357592.8118
000300.SH,20191206,3902.3853,3885.0582,3902.3853,3878.7002,3879.3638,23.0215,0.5934,78648887.0,116424775.8019
000300.SH,20191209,3895.4468,3909.5297,3911.9682,3885.2507,3902.3853,-6.9385,-0.1778,95353806.0,130873098.2463
000300.SH,20191210,3900.3843,3886.444,3900.959,3882.0877,3895.4468,4.9375,0.1268,86262928.0,121118412.7514
000300.SH,20191211,3902.7492,3907.1592,3909.3854,3890.341,3900.3843,2.3649,0.0606,99765480.0,127690403.4344
000300.SH,20191212,3891.0242,3908.4537,3908.4537,3886.1188,3902.7492,-11.725,-0.3004,84708330.0,117874313.7344
000300.SH,20191213,3968.2211,3928.0044,3969.4568,3925.2757,3891.0242,77.1969,1.984,148571349.0,201018885.7992
000300.SH,20191216,3987.5464,3970.7092,3987.5866,3953.5126,3968.2211,19.3253,0.487,148486670.0,202154895.2544
000300.SH,20191217,4041.7996,3987.7426,4067.1355,3984.5193,3987.5464,54.2532,1.3606,201162937.0,251637865.2876
000300.SH,20191218,4032.7826,4039.724,4057.64,4025.3433,4041.7996,-9.017,-0.2231,151351764.0,197620207.4851
000300.SH,20191219,4027.1495,4034.6159,4038.5435,4014.8951,4032.7826,-5.6331,-0.1397,117900558.0,152553809.1166
000300.SH,20191220,4017.2527,4032.1519,4046.7261,4014.9296,4027.1495,-9.8968,-0.2458,121267662.0,158460232.4166
000300.SH,20191223,3967.0962,4014.6929,4032.1721,3964.3798,4017.2527,-50.1565,-1.2485,122816246.0,162048261.474
000300.SH,20191224,3992.9581,3971.56,3994.5092,3963.6653,3967.0962,25.8619,0.6519,95989045.0,122499163.3293
000300.SH,20191225,3990.8671,3988.6574,4000.5556,3976.3559,3992.9581,-2.091,-0.0524,94938890.0,131896466.969
000300.SH,20191226,4025.9879,3993.6686,4025.9879,3993.5413,3990.8671,35.1208,0.88,108860640.0,140814968.2426
000300.SH,20191227,4022.0278,4029.2454,4066.7964,4019.7223,4025.9879,-3.9601,-0.0984,150926411.0,195090417.0417
000300.SH,20191230,4081.6334,4015.5195,4083.6901,4001.4951,4022.0278,59.6056,1.482,155971488.0,216814660.0174
000300.SH,20191231,4096.5821,4077.7519,4098.1444,4069.0086,4081.6334,14.9487,0.3662,123264258.0,173119348.5097
000300.SH,20200102,4152.2408,4121.3487,4172.6555,4121.3487,4096.5821,55.6587,1.3587,182116772.0,270105532.0276
000300.SH,20200103,4144.9649,4161.2185,4164.2989,4131.864,4152.2408,-7.2759,-0.1752,142826244.0,215216288.3313
000300.SH,20200106,4129.2954,4120.5211,4170.6384,4102.3796,4144.9649,-15.6695,-0.378,175309953.0,250182071.2939
000300.SH,20200107,4160.2274,4137.4019,4161.2504,4135.0972,4129.2954,30.932,0.7491,139489031.0,196389059.7147
000300.SH,20200108,4112.3172,4139.6315,4149.813,4101.9801,4160.2274,-47.9102,-1.1516,167585850.0,212406263.8573
000300.SH,20200109,4164.3697,4145.5345,4165.6574,4143.592,4112.3172,52.0525,1.2658,136886324.0,200150352.9416
000300.SH,20200110,4163.1849,4177.5777,4180.9771,4148.4817,4164.3697,-1.1848,-0.0285,113031719.0,177827413.7093
000300.SH,20200113,4203.9883,4166.9254,4203.9883,4148.6007,4163.1849,40.8034,0.9801,119691982.0,199795489.7091
000300.SH,20200114,4189.8862,4215.1578,4223.5078,4188.0809,4203.9883,-14.1021,-0.3354,129320783.0,196221263.3956
000300.SH,20200115,4166.7344,4186.881,4193.8686,4150.8799,4189.8862,-23.1518,-0.5526,104633136.0,163081930.6224
000300.SH,20200116,4149.0434,4174.8172,4175.2938,4142.1795,4166.7344,-17.691,-0.4246,100267642.0,156242505.812
000300.SH,20200117,4154.853,4162.1939,4177.0282,4141.6448,4149.0434,5.8096,0.14,98725682.0,166591591.5943
000300.SH,20200120,4185.8304,4170.7365,4185.9629,4149.4879,4154.853,30.9774,0.7456,122409147.0,202692287.4418
000300.SH,20200121,4114.3085,4165.0203,4165.0203,4113.3251,4185.8304,-71.5219,-1.7087,130527507.0,204586880.4939
000300.SH,20200122,4131.9311,4093.8009,4141.1772,4046.4866,4114.3085,17.6226,0.4283,126758763.0,208136150.7915
000300.SH,20200123,4003.9013,4093.3229,4103.5244,3972.3933,4131.9311,-128.0298,-3.0985,160357603.0,250409357.7007
000300.SH,20200203,3688.3578,3639.9089,3732.1572,3639.9089,4003.9013,-315.5435,-7.8809,157559647.0,243303105.3859
000300.SH,20200204,3785.6376,3652.0035,3786.8629,3652.0035,3688.3578,97.2798,2.6375,213933328.0,298165767.6214
000300.SH,20200205,3828.5272,3801.099,3866.0108,3781.613,3785.6376,42.8896,1.133,174925524.0,264042920.8657
000300.SH,20200206,3899.7751,3841.7537,3914.915,3806.9601,3828.5272,71.2479,1.861,176462235.0,262820088.4519
000300.SH,20200207,3899.8693,3879.5531,3899.8837,3849.7127,3899.7751,0.0942,0.0024,151731759.0,237508816.2556
000300.SH,20200210,3916.0052,3872.3738,3920.1667,3861.0066,3899.8693,16.1359,0.4138,148406969.0,229625441.8956
000300.SH,20200211,3952.4643,3926.4204,3970.5221,3915.7077,3916.0052,36.4591,0.931,143441674.0,219307119.3613
000300.SH,20200212,3984.4325,3945.6663,3984.4325,3940.6667,3952.4643,31.9682,0.8088,126710321.0,200776706.5498
000300.SH,20200213,3959.9188,3985.8757,3999.5495,3950.1422,3984.4325,-24.5137,-0.6152,145001843.0,228605964.7934
000300.SH,20200214,3987.7342,3954.234,4001.5627,3954.0233,3959.9188,27.8154,0.7024,143239803.0,222895073.6248
000300.SH,20200217,4077.4241,3999.6511,4077.4464,3999.6511,3987.7342,89.6899,2.2491,182778969.0,273067817.2778
000300.SH,20200218,4057.5108,4069.8315,4076.388,4027.7859,4077.4241,-19.9133,-0.4884,163236220.0,242552517.3344
000300.SH,20200219,4051.3107,4049.5862,4085.1704,4042.8451,4057.5108,-6.2001,-0.1528,169046441.0,257554535.7298
000300.SH,20200220,4144.6561,4062.8968,4148.5287,4055.8105,4051.3107,93.3454,2.3041,212232624.0,310835589.1623
000300.SH,20200221,4149.4903,4134.8747,4184.4379,4130.1677,4144.6561,4.8342,0.1166,217213604.0,326564003.5585
000300.SH,20200224,4132.8388,4131.8364,4149.0102,4097.1753,4149.4903,-16.6515,-0.4013,212869303.0,326387800.6057
000300.SH,20200225,4123.8543,4066.302,4126.7075,4020.9075,4132.8388,-8.9845,-0.2174,244167831.0,372213717.0295
000300.SH,20200226,4073.0152,4070.0994,4132.7817,4061.125,4123.8543,-50.8391,-1.2328,261094061.0,366022417.9074
000300.SH,20200227,4084.8759,4084.0782,4110.5275,4067.4408,4073.0152,11.8607,0.2912,181290981.0,282050206.371
000300.SH,20200228,3940.0488,3988.7274,4031.1453,3928.0663,4084.8759,-144.8271,-3.5454,230275093.0,330358907.2655
000300.SH,20200302,4069.6662,3968.8435,4092.5394,3968.8435,3940.0488,129.6174,3.2897,219313559.0,317426205.4571
000300.SH,20200303,4091.3615,4125.1356,4147.6525,4067.9094,4069.6662,21.6953,0.5331,219369777.0,330802584.6189
000300.SH,20200304,4115.0524,4078.4998,4115.2618,4060.729,4091.3615,23.6909,0.579,182424730.0,281784863.8449
000300.SH,20200305,4206.7251,4150.21,4215.8513,4127.0386,4115.0524,91.6727,2.2277,231823115.0,362838831.7755
000300.SH,20200306,4138.5072,4158.2021,4181.3102,4135.3901,4206.7251,-68.2179,-1.6216,172475717.0,253168631.9589
000300.SH,20200309,3997.1325,4063.076,4063.076,3995.1313,4138.5072,-141.3747,-3.4161,208102035.0,305428730.3038
000300.SH,20200310,4082.7315,3975.2288,4093.0024,3954.7506,3997.1325,85.599,2.1415,197416402.0,296184435.8513
000300.SH,20200311,4028.4289,4090.9348,4091.2704,4028.3964,4082.7315,-54.3026,-1.3301,161656111.0,244990872.6859
000300.SH,20200312,3950.9111,3976.1139,3987.4336,3926.2704,4028.4289,-77.5178,-1.9243,157060458.0,233152848.7591
000300.SH,20200313,3895.3128,3771.0139,3937.1806,3765.1479,3950.9111,-55.5983,-1.4072,188296722.0,280213453.2137
000300.SH,20200316,3727.8398,3899.8598,3899.8598,3720.5127,3895.3128,-167.473,-4.2993,185968260.0,282836238.2712
000300.SH,20200317,3709.6822,3739.7833,3786.8908,3618.307,3727.8398,-18.1576,-0.4871,166246129.0,250824025.6969
000300.SH,20200318,3636.2565,3729.6853,3775.8506,3636.2565,3709.6822,-73.4257,-1.9793,155037547.0,244127161.5353
000300.SH,20200319,3589.0926,3623.789,3647.9874,3503.1866,3636.2565,-47.1639,-1.297,180807407.0,271827467.9616
000300.SH,20200320,3653.2239,3629.5126,3663.9517,3588.7766,3589.0926,64.1313,1.7868,139603000.0,211223073.3231
000300.SH,20200323,3530.3058,3542.6837,3585.8014,3523.7877,3653.2239,-122.9181,-3.3646,137108790.0,197669624.9701
000300.SH,20200324,3625.1146,3598.6548,3627.7592,3545.4524,3530.3058,94.8088,2.6856,143103021.0,208553840.6885
000300.SH,20200325,3722.5181,3711.4753,3732.6536,3685.9942,3625.1146,97.4035,2.6869,153495958.0,231561518.7612
000300.SH,20200326,3698.0472,3692.6083,3736.2536,3681.2668,3722.5181,-24.4709,-0.6574,112310665.0,169336311.8614
000300.SH,20200327,3710.0605,3746.3914,3758.7827,3709.9213,3698.0472,12.0133,0.3249,124060995.0,186103426.3347
000300.SH,20200330,3674.1108,3657.4624,3690.6388,3637.5853,3710.0605,-35.9497,-0.969,126876673.0,180640799.4093
000300.SH,20200331,3686.1551,3708.1404,3716.0707,3676.2024,3674.1108,12.0443,0.3278,111453025.0,161595510.0082
000300.SH,20200401,3675.0758,3682.2966,3731.7799,3670.9653,3686.1551,-11.0793,-0.3006,119352620.0,170422568.8044
000300.SH,20200402,3734.5306,3656.3225,3734.5306,3652.3167,3675.0758,59.4548,1.6178,115168209.0,168893255.6566
000300.SH,20200403,3713.2183,3721.4815,3738.8323,3698.9822,3734.5306,-21.3123,-0.5707,99825083.0,150132815.0285
000300.SH,20200407,3798.0214,3779.9076,3803.6286,3772.2054,3713.2183,84.8031,2.2838,142778030.0,207642820.3169
000300.SH,20200408,3780.3445,3776.4171,3793.0023,3767.2924,3798.0214,-17.6769,-0.4654,111389513.0,161576772.3202
000300.SH,20200409,3792.8105,3798.4879,3801.7245,3785.3116,3780.3445,12.466,0.3298,100485032.0,154595318.8128
000300.SH,20200410,3769.1782,3794.8429,3824.7441,3758.9599,3792.8105,-23.6323,-0.6231,102444956.0,162251233.8007
000300.SH,20200413,3753.2566,3751.7093,3769.8764,3740.1936,3769.1782,-15.9216,-0.4224,79053343.0,119874303.2046
000300.SH,20200414,3825.6991,3777.8343,3825.7599,3764.9838,3753.2566,72.4425,1.9301,110637585.0,170612579.7924
000300.SH,20200415,3797.3623,3820.8506,3829.8009,3793.4402,3825.6991,-28.3368,-0.7407,108461984.0,169700216.633
000300.SH,20200416,3802.3806,3777.7986,3807.3569,3774.5585,3797.3623,5.0183,0.1322,95947965.0,147164302.0569
000300.SH,20200417,3839.4871,3831.9232,3863.4521,3821.4201,3802.3806,37.1065,0.9759,132004301.0,203595267.0335
000300.SH,20200420,3853.4551,3845.4598,3853.7984,3831.553,3839.4871,13.968,0.3638,100013115.0,151924090.1166
000300.SH,20200421,3808.0474,3838.2314,3838.2314,3779.9967,3853.4551,-45.4077,-1.1784,102921888.0,155077454.132
000300.SH,20200422,3839.3834,3789.1297,3839.3834,3782.2149,3808.0474,31.336,0.8229,85899464.0,135547280.7902
000300.SH,20200423,3829.7525,3851.9132,3857.4709,3826.5565,3839.3834,-9.6309,-0.2508,95508450.0,142122548.8318
000300.SH,20200424,3796.9721,3826.3116,3827.212,3787.0714,3829.7525,-32.7804,-0.8559,94844135.0,138961200.2827
000300.SH,20200427,3822.769,3808.0171,3842.8706,3793.7655,3796.9721,25.7969,0.6794,95462735.0,145301151.875
000300.SH,20200428,3849.1465,3835.348,3859.6754,3768.2,3822.769,26.3775,0.69,122093476.0,184179759.2403
000300.SH,20200429,3867.032,3837.5135,3880.7444,3833.7164,3849.1465,17.8855,0.4647,95854590.0,151282103.7442
000300.SH,20200430,3912.5772,3880.4094,3921.7004,3880.4094,3867.032,45.5452,1.1778,132917125.0,202268288.8023
000300.SH,20200506,3936.2539,3867.2587,3937.6909,3865.9875,3912.5772,23.6767,0.6051,139855675.0,214935962.3644
000300.SH,20200507,3924.8946,3937.5918,3941.4833,3915.9048,3936.2539,-11.3593,-0.2886,105514646.0,167207801.8402
000300.SH,20200508,3963.6217,3942.9972,3979.6627,3935.9805,3924.8946,38.7271,0.9867,116943341.0,190299584.7169
000300.SH,20200511,3960.1803,3974.7605,3998.0972,3944.5037,3963.6217,-3.4414,-0.0868,122673803.0,193758093.8998
000300.SH,20200512,3960.2378,3961.3427,3970.1115,3930.2108,3960.1803,0.0575,0.0015,98250554.0,157465780.0599
000300.SH,20200513,3968.2529,3946.6428,3972.5254,3932.5711,3960.2378,8.0151,0.2024,88190669.0,145563383.2758
000300.SH,20200514,3925.2177,3952.1986,3952.1986,3924.0452,3968.2529,-43.0352,-1.0845,88530004.0,143499177.7198
000300.SH,20200515,3912.8159,3941.125,3945.1956,3907.4021,3925.2177,-12.4018,-0.316,92618382.0,153301505.1494
000300.SH,20200518,3922.9117,3914.6602,3946.4312,3898.4041,3912.8159,10.0958,0.258,112801762.0,188528121.3676
000300.SH,20200519,3956.2495,3963.7754,3966.8518,3944.0715,3922.9117,33.3378,0.8498,94015291.0,159886222.4022
000300.SH,20200520,3935.222,3955.7145,3955.7145,3923.9213,3956.2495,-21.0275,-0.5315,100791150.0,157102533.2761
000300.SH,20200521,3913.7949,3950.5981,3951.743,3907.5788,3935.222,-21.4271,-0.5445,94861033.0,149154142.2578
000300.SH,20200522,3824.064,3907.5761,3907.5761,3818.1488,3913.7949,-89.7309,-2.2927,103378360.0,157286504.9863
000300.SH,20200525,3829.3245,3828.3206,3835.6333,3800.1796,3824.064,5.2605,0.1376,79033326.0,127011917.7163
000300.SH,20200526,3872.7701,3850.0009,3874.7484,3844.4776,3829.3245,43.4456,1.1345,77448076.0,125445619.3168
000300.SH,20200527,3845.6135,3873.6984,3873.6984,3838.4247,3872.7701,-27.1566,-0.7012,83711831.0,123737501.1645
000300.SH,20200528,3856.6324,3848.4892,3885.4211,3818.4318,3845.6135,11.0189,0.2865,93064054.0,139108407.7923
000300.SH,20200529,3867.0232,3838.3769,3872.3031,3830.4185,3856.6324,10.3908,0.2694,93813832.0,135658136.0282
000300.SH,20200601,3971.3402,3901.7263,3976.3151,3901.7263,3867.0232,104.317,2.6976,136456652.0,208436512.9451
000300.SH,20200602,3983.5677,3969.9521,3991.7761,3958.9774,3971.3402,12.2275,0.3079,144303060.0,195563304.2563
000300.SH,20200603,3983.6477,4001.1708,4018.6759,3982.9299,3983.5677,0.08,0.002,136597483.0,200882767.6769
000300.SH,20200604,3982.1851,3998.1636,3999.8051,3968.5723,3983.6477,-1.4626,-0.0367,104277737.0,149057855.8375
000300.SH,20200605,4001.2509,3988.2239,4001.2509,3967.926,3982.1851,19.0658,0.4788,102443942.0,154311342.9818
000300.SH,20200608,4021.9549,4023.606,4050.2213,4016.1015,4001.2509,20.704,0.5174,137925813.0,193047518.6876
000300.SH,20200609,4047.0293,4027.5613,4052.1557,4016.3387,4021.9549,25.0744,0.6234,115304479.0,166533966.01
000300.SH,20200610,4039.7051,4046.2317,4046.2317,4024.4185,4047.0293,-7.3242,-0.181,112265728.0,166778642.3662
000300.SH,20200611,3995.8846,4031.7396,4043.0123,3979.7522,4039.7051,-43.8205,-1.0847,127308941.0,197079441.8611
000300.SH,20200612,4003.0829,3931.6236,4011.0591,3927.2491,3995.8846,7.1983,0.1801,134166649.0,193504046.7423
000300.SH,20200615,3954.9883,3982.9672,4007.1396,3954.9883,4003.0829,-48.0946,-1.2014,131297860.0,211125336.1438
000300.SH,20200616,4014.5702,3995.5786,4014.5702,3987.8637,3954.9883,59.5819,1.5065,111051539.0,185104029.1589
000300.SH,20200617,4017.5941,4018.6094,4018.6094,3992.1339,4014.5702,3.0239,0.0753,105605799.0,176977503.6112
000300.SH,20200618,4044.3842,4009.7831,4047.5566,4000.9008,4017.5941,26.7901,0.6668,138148761.0,210192918.1462
000300.SH,20200619,4098.7095,4047.0483,4109.3602,4043.4925,4044.3842,54.3253,1.3432,152946990.0,255549797.2996
000300.SH,20200622,4102.0459,4097.5071,4126.9421,4088.7822,4098.7095,3.3364,0.0814,155829465.0,259200520.7257
000300.SH,20200623,4121.7944,4098.0373,4124.725,4080.7533,4102.0459,19.7485,0.4814,129229510.0,234806510.8345
000300.SH,20200624,4138.9895,4128.1003,4144.6782,4123.3582,4121.7944,17.1951,0.4172,121712465.0,224551430.008
000300.SH,20200629,4109.7164,4127.9348,4137.3696,4092.5352,4138.9895,-29.2731,-0.7073,130865854.0,226522059.7629
000300.SH,20200630,4163.9637,4130.0028,4174.4236,4129.7754,4109.7164,54.2473,1.32,125933521.0,227935704.4889
000300.SH,20200701,4247.7835,4172.6425,4247.7835,4163.4954,4163.9637,83.8198,2.013,169990456.0,305711799.7619
000300.SH,20200702,4335.8445,4239.408,4340.1039,4238.1164,4247.7835,88.061,2.0731,252939368.0,399571526.6953
000300.SH,20200703,4419.5955,4353.1937,4419.5955,4348.4535,4335.8445,83.751,1.9316,290485539.0,442335024.2661
000300.SH,20200706,4670.0949,4465.8081,4678.1121,4465.8081,4419.5955,250.4994,5.6679,405821025.0,597438217.7156
000300.SH,20200707,4698.1264,4739.6104,4796.3155,4688.0574,4670.0949,28.0315,0.6002,406008553.0,635254742.706
000300.SH,20200708,4774.0042,4692.8621,4803.3643,4670.6501,4698.1264,75.8778,1.6151,348074847.0,532849825.9645
000300.SH,20200709,4840.7712,4770.0769,4854.1201,4757.2943,4774.0042,66.767,1.3986,351046893.0,556718732.0989
000300.SH,20200710,4753.1333,4796.0873,4821.3745,4734.4725,4840.7712,-87.6379,-1.8104,316949651.0,510472055.0959
000300.SH,20200713,4852.9612,4742.3738,4878.0773,4741.8743,4753.1333,99.8279,2.1003,321645446.0,541105098.721
000300.SH,20200714,4806.6902,4836.1655,4860.4404,4729.9258,4852.9612,-46.271,-0.9535,297241985.0,511211048.1849
000300.SH,20200715,4744.4687,4821.5155,4837.4757,4723.3608,4806.6902,-62.2215,-1.2945,272389006.0,486748347.6804
000300.SH,20200716,4516.2532,4741.5295,4772.5638,4513.6537,4744.4687,-228.2155,-4.8101,284657133.0,511237962.8842
000300.SH,20200717,4544.7007,4524.7717,4601.3733,4485.8214,4516.2532,28.4475,0.6299,207375563.0,372973887.0457
000300.SH,20200720,4680.3046,4597.2038,4681.9431,4534.2305,4544.7007,135.6039,2.9838,246068914.0,416714222.2757
000300.SH,20200721,4691.0425,4697.5026,4714.2925,4661.444,4680.3046,10.7379,0.2294,200415659.0,356069805.7626
000300.SH,20200722,4714.4454,4682.6575,4790.4491,4675.3488,4691.0425,23.4029,0.4989,224199211.0,386470859.9143
000300.SH,20200723,4712.4357,4668.7401,4731.4004,4607.6585,4714.4454,-2.0097,-0.0426,234314569.0,405175268.6609
000300.SH,20200724,4505.5906,4679.0273,4691.698,4479.3928,4712.4357,-206.8451,-4.3893,243905203.0,437726712.2797
000300.SH,20200727,4528.45,4535.0053,4558.1189,4482.4408,4505.5906,22.8594,0.5074,171420551.0,301893370.1632
000300.SH,20200728,4568.2576,4567.6691,4590.2496,4537.6849,4528.45,39.8076,0.8791,162768498.0,292835785.3452
000300.SH,20200729,4679.008,4559.1634,4680.558,4548.8535,4568.2576,110.7504,2.4243,186695305.0,350432649.1605
000300.SH,20200730,4656.1506,4689.7632,4704.6305,4649.7677,4679.008,-22.8574,-0.4885,166967566.0,324009242.6924
000300.SH,20200731,4695.0462,4652.1824,4741.8084,4621.9635,4656.1506,38.8956,0.8354,184839026.0,351119312.415
000300.SH,20200803,4771.3108,4735.8985,4771.3694,4720.025,4695.0462,76.2646,1.6244,214776239.0,401914824.9283
000300.SH,20200804,4775.8024,4778.4866,4807.0782,4747.7748,4771.3108,4.4916,0.0941,239974985.0,426411345.9358
000300.SH,20200805,4777.1089,4761.7637,4786.7031,4711.2723,4775.8024,1.3065,0.0274,196700548.0,347407839.3991
000300.SH,20200806,4762.7642,4779.2377,4791.8565,4691.1569,4777.1089,-14.3447,-0.3003,227854406.0,404323404.0069
000300.SH,20200807,4707.9262,4742.2939,4749.0217,4637.8427,4762.7642,-54.838,-1.1514,213518216.0,397041212.8251
000300.SH,20200810,4724.8697,4681.7553,4757.6634,4646.2885,4707.9262,16.9435,0.3599,203788832.0,371297560.0176
000300.SH,20200811,4681.7837,4730.3748,4791.5337,4674.8642,4724.8697,-43.086,-0.9119,205546511.0,350828586.2411
000300.SH,20200812,4647.6446,4668.8899,4681.6206,4566.2736,4681.7837,-34.1391,-0.7292,202887239.0,347298673.2017
000300.SH,20200813,4635.7126,4666.4901,4671.7689,4626.1033,4647.6446,-11.932,-0.2567,152550092.0,250945872.5789
000300.SH,20200814,4704.6288,4627.61,4708.0709,4617.632,4635.7126,68.9162,1.4866,147292921.0,254343934.2562
000300.SH,20200817,4815.2261,4727.1204,4838.0864,4721.3589,4704.6288,110.5973,2.3508,268001556.0,416469154.934
000300.SH,20200818,4812.7564,4816.5703,4825.3861,4788.8293,4815.2261,-2.4697,-0.0513,189139854.0,314395904.5355
000300.SH,20200819,4740.6784,4804.6655,4809.0499,4738.0086,4812.7564,-72.078,-1.4976,192442948.0,319403284.7083
000300.SH,20200820,4679.1544,4708.1253,4721.4357,4662.8032,4740.6784,-61.524,-1.2978,158368639.0,260486563.5151
000300.SH,20200821,4718.8431,4717.7874,4739.4836,4684.8101,4679.1544,39.6887,0.8482,142657864.0,251775160.2338
000300.SH,20200824,4755.8491,4746.4035,4769.4673,4716.6054,4718.8431,37.006,0.7842,151143512.0,272428686.4186
000300.SH,20200825,4761.9507,4769.2107,4802.4122,4746.313,4755.8491,6.1016,0.1283,141701351.0,262308788.2745
000300.SH,20200826,4706.1302,4761.7186,4786.4249,4689.881,4761.9507,-55.8205,-1.1722,151305180.0,277456360.643
000300.SH,20200827,4731.3451,4718.062,4731.9351,4679.3623,4706.1302,25.2149,0.5358,119042850.0,223631511.4056
000300.SH,20200828,4844.2652,4727.292,4850.4884,4719.3526,4731.3451,112.9201,2.3866,159399765.0,305047882.5086
000300.SH,20200831,4816.2153,4870.9337,4901.2115,4816.2123,4844.2652,-28.0499,-0.579,202567029.0,357005064.6048
000300.SH,20200901,4842.1223,4803.3922,4842.135,4791.7829,4816.2153,25.907,0.5379,138395402.0,262018070.5773
000300.SH,20200902,4843.887,4859.0754,4863.5509,4797.5204,4842.1223,1.7647,0.0364,157989524.0,280778613.7514
000300.SH,20200903,4817.0952,4841.502,4877.0117,4800.0577,4843.887,-26.7918,-0.5531,145671201.0,279411988.7923
000300.SH,20200904,4770.219,4737.2368,4778.203,4726.5559,4817.0952,-46.8762,-0.9731,120032796.0,238463337.8787
000300.SH,20200907,4669.3677,4759.5213,4789.3031,4655.56,4770.219,-100.8513,-2.1142,148607791.0,282316394.0678
000300.SH,20200908,4694.3894,4683.8256,4707.8966,4639.0531,4669.3677,25.0217,0.5359,139199227.0,249198138.0755
000300.SH,20200909,4584.5887,4634.247,4645.1972,4558.0304,4694.3894,-109.8007,-2.339,162277107.0,244905191.9341
000300.SH,20200910,4581.9775,4632.0994,4647.7505,4572.2058,4584.5887,-2.6112,-0.057,150652878.0,226146354.8046
000300.SH,20200911,4627.2826,4572.2572,4630.8842,4563.1061,4581.9775,45.3051,0.9888,115302424.0,198240927.3015
000300.SH,20200914,4651.0507,4652.0539,4666.9862,4625.9877,4627.2826,23.7681,0.5137,107235179.0,211653411.8109
000300.SH,20200915,4688.4826,4649.4472,4691.4997,4630.5374,4651.0507,37.4319,0.8048,101915925.0,194573684.1193
000300.SH,20200916,4657.3584,4683.006,4690.6815,4638.4586,4688.4826,-31.1242,-0.6638,108753641.0,196120184.8509
000300.SH,20200917,4632.7142,4642.0542,4664.9491,4601.639,4657.3584,-24.6442,-0.5291,105983631.0,214146647.2696
000300.SH,20200918,4737.0887,4636.6422,4737.8039,4631.7045,4632.7142,104.3745,2.253,160426475.0,281885944.2293
000300.SH,20200921,4691.4281,4750.7481,4752.9799,4688.7199,4737.0887,-45.6606,-0.9639,124535827.0,224137912.6952
000300.SH,20200922,4635.7608,4654.2179,4706.2096,4622.1111,4691.4281,-55.6673,-1.1866,119672947.0,202909215.5346
000300.SH,20200923,4652.3273,4639.6592,4665.96,4623.5528,4635.7608,16.5665,0.3574,95826528.0,190393472.2763
000300.SH,20200924,4563.0657,4623.9535,4631.9482,4562.2086,4652.3273,-89.2616,-1.9186,112593683.0,193515873.7002
000300.SH,20200925,4570.0216,4582.482,4599.5387,4554.7199,4563.0657,6.9559,0.1524,93015155.0,167457376.9641
000300.SH,20200928,4581.9085,4582.6471,4613.6324,4571.1507,4570.0216,11.8869,0.2601,85048389.0,159314675.4071
000300.SH,20200929,4591.7993,4608.2926,4616.6767,4586.3537,4581.9085,9.8908,0.2159,85993858.0,159937888.5022
000300.SH,20200930,4587.3953,4607.5753,4634.7239,4563.4108,4591.7993,-4.404,-0.0959,89081200.0,165532220.8852
000300.SH,20201009,4681.1412,4663.61,4695.4041,4655.0851,4587.3953,93.7459,2.0436,111337512.0,229926731.4899
000300.SH,20201012,4823.1578,4705.1883,4823.2666,4704.1554,4681.1412,142.0166,3.0338,155784558.0,307848558.046
000300.SH,20201013,4839.201,4812.8989,4845.9191,4795.373,4823.1578,16.0432,0.3326,116516338.0,242172567.2485
000300.SH,20201014,4807.1021,4830.4575,4830.4575,4795.9069,4839.201,-32.0989,-0.6633,111906923.0,229836207.2478
000300.SH,20201015,4798.7361,4810.7821,4833.8925,4796.2647,4807.1021,-8.366,-0.174,109964962.0,213878285.0465
000300.SH,20201016,4791.676,4798.9162,4825.5518,4765.967,4798.7361,-7.0601,-0.1471,116716102.0,204175130.7175
000300.SH,20201019,4755.4879,4823.4944,4849.605,4747.3356,4791.676,-36.1881,-0.7552,129246361.0,225392198.2247
000300.SH,20201020,4793.4672,4751.3694,4793.4672,4739.4583,4755.4879,37.9793,0.7986,98048156.0,185849198.0176
000300.SH,20201021,4792.8284,4801.6313,4801.6313,4758.8552,4793.4672,-0.6388,-0.0133,103805703.0,189978697.0436
000300.SH,20201022,4777.9845,4780.5954,4791.8078,4725.4993,4792.8284,-14.8439,-0.3097,101350891.0,194614971.1698
000300.SH,20201023,4718.4881,4775.4665,4802.456,4717.0984,4777.9845,-59.4964,-1.2452,106825184.0,200985821.9915
000300.SH,20201026,4691.2359,4684.0465,4713.3945,4639.3019,4718.4881,-27.2522,-0.5776,108343275.0,205518988.2844
000300.SH,20201027,4699.2792,4680.1371,4708.4623,4671.8536,4691.2359,8.0433,0.1715,92656304.0,186675545.6904
000300.SH,20201028,4737.2718,4703.0036,4753.3125,4685.6012,4699.2792,37.9926,0.8085,108463402.0,226754264.0671
000300.SH,20201029,4772.9198,4683.607,4803.0317,4679.2529,4737.2718,35.648,0.7525,117117250.0,252303504.9929
000300.SH,20201030,4695.3338,4776.4726,4778.5089,4683.4719,4772.9198,-77.586,-1.6255,139802303.0,280783321.7131
000300.SH,20201102,4720.8313,4702.7457,4738.0239,4695.4436,4695.3338,25.4975,0.543,142867693.0,279027685.1571
000300.SH,20201103,4777.5608,4743.1742,4793.3963,4734.1748,4720.8313,56.7295,1.2017,136055408.0,252390556.3135
000300.SH,20201104,4813.6564,4781.448,4825.4638,4770.5582,4777.5608,36.0956,0.7555,114661806.0,230513773.0463
000300.SH,20201105,4885.1118,4861.3377,4885.1118,4837.9996,4813.6564,71.4554,1.4844,139244594.0,281951932.371
000300.SH,20201106,4885.7178,4897.6295,4897.6295,4845.4293,4885.1118,0.606,0.0124,153639034.0,305365103.6529
000300.SH,20201109,4981.3497,4918.8609,4997.8017,4918.8609,4885.7178,95.6319,1.9574,197131984.0,371923282.0634
000300.SH,20201110,4953.8756,4995.4126,4995.4126,4928.9319,4981.3497,-27.4741,-0.5515,176267214.0,334271459.9637
000300.SH,20201111,4904.8981,4937.7582,4957.5846,4901.7067,4953.8756,-48.9775,-0.9887,164470515.0,303858557.9771
000300.SH,20201112,4908.463,4916.7736,4926.3422,4891.51,4904.8981,3.5649,0.0727,118114619.0,227645907.1472
000300.SH,20201113,4856.8513,4886.9778,4886.9778,4825.7578,4908.463,-51.6117,-1.0515,133693079.0,255353111.7378
000300.SH,20201116,4904.1716,4880.958,4904.1716,4848.6239,4856.8513,47.3203,0.9743,148770980.0,266705031.6715
000300.SH,20201117,4894.786,4903.12,4909.2902,4865.3942,4904.1716,-9.3856,-0.1914,151487464.0,288911408.551
000300.SH,20201118,4891.6716,4889.6749,4911.0876,4870.7162,4894.786,-3.1144,-0.0636,164216616.0,290727223.2272
000300.SH,20201119,4927.9891,4880.9224,4939.7911,4870.2005,4891.6716,36.3175,0.7424,133681378.0,247727135.0005
000300.SH,20201120,4943.2882,4928.2223,4947.4297,4922.5895,4927.9891,15.2991,0.3105,129400341.0,229053679.1954
000300.SH,20201123,5005.0273,4954.5987,5029.6515,4940.4494,4943.2882,61.7391,1.2489,205915187.0,333633826.4167
000300.SH,20201124,4974.2855,4997.0485,5001.0614,4960.9817,5005.0273,-30.7418,-0.6142,156637911.0,264804443.3177
000300.SH,20201125,4910.7,4992.7466,5004.7732,4910.7,4974.2855,-63.5855,-1.2783,170340527.0,277070642.9707
000300.SH,20201126,4919.5912,4908.3208,4925.2857,4867.8153,4910.7,8.8912,0.1811,137202338.0,239748145.4757
000300.SH,20201127,4980.765,4930.5928,4980.765,4917.3479,4919.5912,61.1738,1.2435,162952922.0,253178971.224
000300.SH,20201130,4960.2519,4994.1063,5055.192,4960.2519,4980.765,-20.5131,-0.4118,262638950.0,396495834.4208
000300.SH,20201201,5067.0983,4963.1302,5072.5494,4963.1302,4960.2519,106.8464,2.1541,204065638.0,328451014.4442
000300.SH,20201202,5067.1447,5072.9755,5090.6084,5043.3091,5067.0983,0.0464,0.0009,195435476.0,310609728.8425
000300.SH,20201203,5057.0603,5065.4531,5072.3046,5033.7887,5067.1447,-10.0844,-0.199,177865748.0,275335207.4291
000300.SH,20201204,5065.9163,5049.5231,5072.3865,5017.8506,5057.0603,8.856,0.1751,144347167.0,257798820.7353
000300.SH,20201207,5022.2351,5065.7285,5067.8698,5014.609,5065.9163,-43.6812,-0.8623,139896217.0,264657773.9329
000300.SH,20201208,5009.8786,5029.1063,5043.0605,4998.9218,5022.2351,-12.3565,-0.246,123073029.0,234880648.4391
000300.SH,20201209,4942.6986,5022.3846,5033.6417,4942.5195,5009.8786,-67.18,-1.341,138916965.0,260772774.1529
000300.SH,20201210,4940.5249,4931.2933,4962.7433,4919.7696,4942.6986,-2.1737,-0.044,125914270.0,229651278.3574
000300.SH,20201211,4889.6292,4957.8236,4957.8236,4849.3547,4940.5249,-50.8957,-1.0302,159357697.0,275212730.0699
000300.SH,20201214,4934.8352,4903.627,4937.2601,4887.6599,4889.6292,45.206,0.9245,120801552.0,247878279.7109
000300.SH,20201215,4945.1,4931.6019,4954.1885,4904.7926,4934.8352,10.2648,0.208,118342633.0,248093390.2492
000300.SH,20201216,4953.867,4957.2971,4968.8558,4938.1932,4945.1,8.767,0.1773,106778968.0,229696035.6969
000300.SH,20201217,5017.4784,4960.729,5021.6171,4950.3713,4953.867,63.6114,1.2841,133385479.0,270180356.1093
000300.SH,20201218,4999.9678,5014.3211,5027.4446,4979.0051,5017.4784,-17.5106,-0.349,128049618.0,258938551.5358
000300.SH,20201221,5046.8396,4995.7622,5048.5074,4969.999,4999.9678,46.8718,0.9374,140811782.0,298204296.8433
000300.SH,20201222,4964.7727,5034.9831,5055.1348,4960.9457,5046.8396,-82.0669,-1.6261,162344970.0,326758817.6633
000300.SH,20201223,5007.1235,4977.2994,5028.4506,4968.1509,4964.7727,42.3508,0.853,140292819.0,308729037.4737
000300.SH,20201224,5000.0154,5006.0051,5033.038,4979.2371,5007.1235,-7.1081,-0.142,114418667.0,246674476.1888
000300.SH,20201225,5042.0137,4985.7695,5042.0978,4973.6812,5000.0154,41.9983,0.84,121006979.0,243992268.2433
000300.SH,20201228,5064.4147,5042.9432,5089.3447,5037.8582,5042.0137,22.401,0.4443,136914407.0,281019254.1705
000300.SH,20201229,5042.9361,5071.449,5077.4167,5034.3078,5064.4147,-21.4786,-0.4241,141198662.0,279035233.2538
000300.SH,20201230,5113.7105,5037.9848,5113.7105,5036.6288,5042.9361,70.7744,1.4034,148626448.0,296577812.603
000300.SH,20201231,5211.2885,5122.4799,5215.6178,5122.4799,5113.7105,97.578,1.9082,171602509.0,358731371.8347
