ts_code,trade_date,pre_close,pre_settle,open,high,low,close,settle,change1,change2,vol,amount,oi,oi_chg
AU.SHF,20160104,226.05,226.3,226.7,228.5,226.2,228.2,227.3,1.9,1.0,115918.0,2635229.81,271686.0,
AU.SHF,20160105,228.2,227.3,229.05,230.85,228.45,230.3,229.7,3.0,2.4,262396.0,6027416.78,285116.0,
AU.SHF,20160106,230.3,229.7,230.5,231.75,229.05,231.4,230.25,1.7,0.55,269668.0,6210049.35,298044.0,
AU.SHF,20160107,231.4,230.25,233.05,237.4,231.65,236.6,234.35,6.35,4.1,475962.0,11154572.01,315870.0,
AU.SHF,20160108,236.6,234.35,236.7,238.15,235.95,236.8,237.05,2.45,2.7,378540.0,8974274.81,306860.0,
AU.SHF,20160111,236.8,237.05,236.8,238.3,235.0,237.45,236.7,0.4,-0.35,353852.0,8377384.64,312682.0,
AU.SHF,20160112,237.45,236.7,236.6,236.95,233.95,234.6,235.25,-2.1,-1.45,295580.0,6953639.63,287788.0,
AU.SHF,20160113,234.6,235.25,232.85,233.25,232.05,232.25,232.55,-3.0,-2.7,237332.0,5519804.51,279594.0,
AU.SHF,20160114,232.25,232.55,232.0,234.8,231.35,234.05,233.15,1.5,0.6,316336.0,7376052.87,279494.0,
AU.SHF,20160115,234.05,233.15,233.05,233.8,231.2,232.6,232.65,-0.55,-0.5,263662.0,6134744.55,275630.0,
AU.SHF,20160118,232.6,232.65,232.8,234.75,232.75,233.5,233.8,0.85,1.15,334226.0,7814746.33,278082.0,
AU.SHF,20160119,233.5,233.8,233.55,234.0,232.5,233.2,233.25,-0.6,-0.55,148870.0,3473134.5,275074.0,
AU.SHF,20160120,233.2,233.25,232.5,234.1,232.35,233.8,233.2,0.55,-0.05,178390.0,4160689.49,278754.0,
AU.SHF,20160121,233.8,233.2,235.8,237.25,235.0,236.25,235.8,3.05,2.6,299478.0,7062232.89,282528.0,
AU.SHF,20160122,236.25,235.8,235.5,235.85,234.35,235.2,235.1,-0.6,-0.7,239830.0,5638528.29,273946.0,
AU.SHF,20160125,235.2,235.1,235.1,236.15,234.55,235.8,235.35,0.7,0.25,199426.0,4693830.75,270582.0,
AU.SHF,20160126,235.8,235.35,236.25,239.05,236.0,238.9,237.35,3.55,2.0,248890.0,5908372.31,289828.0,
AU.SHF,20160127,238.9,237.35,238.3,240.1,237.8,239.35,239.0,2.0,1.65,238910.0,5710168.36,290040.0,
AU.SHF,20160128,239.35,239.0,239.4,240.1,238.65,238.8,239.25,-0.2,0.25,201368.0,4817997.76,288210.0,
AU.SHF,20160129,238.8,239.25,239.1,239.75,237.8,238.3,238.5,-0.95,-0.75,232398.0,5543845.75,285544.0,
AU.SHF,20160201,238.3,238.5,238.4,240.1,237.5,239.9,238.8,1.4,0.3,199550.0,4766196.62,296222.0,
AU.SHF,20160202,239.9,238.8,240.25,241.35,239.4,240.55,240.6,1.75,1.8,184274.0,4434549.85,303304.0,
AU.SHF,20160203,240.55,240.6,240.55,241.85,240.2,241.45,241.15,0.85,0.55,197552.0,4764851.47,305490.0,
AU.SHF,20160204,241.45,241.15,242.0,244.2,240.8,243.95,242.55,2.8,1.4,268622.0,6516765.11,295142.0,
AU.SHF,20160205,243.95,242.55,244.6,246.25,244.4,245.9,245.6,3.35,3.05,225544.0,5539725.38,280014.0,
AU.SHF,20160215,245.9,245.6,258.5,259.9,255.6,256.15,257.25,10.55,11.65,190718.0,4906580.4,276240.0,
AU.SHF,20160216,256.15,257.25,254.8,255.3,251.5,253.1,253.3,-4.15,-3.95,309996.0,7853607.24,283638.0,
AU.SHF,20160217,253.1,253.3,255.4,255.85,252.15,255.05,254.65,1.75,1.35,397254.0,10117433.42,288710.0,
AU.SHF,20160218,255.05,254.65,255.0,255.75,253.8,254.85,254.9,0.2,0.25,310824.0,7922991.18,289972.0,
AU.SHF,20160219,254.85,254.9,254.5,259.5,254.3,258.0,256.8,3.1,1.9,369542.0,9489909.55,302822.0,
AU.SHF,20160222,258.0,256.8,258.95,259.6,255.9,256.2,258.15,-0.6,1.35,468326.0,12090172.09,303564.0,
AU.SHF,20160223,256.2,258.15,254.35,257.0,254.35,256.3,255.55,-1.85,-2.6,374288.0,9565386.19,300378.0,
AU.SHF,20160224,256.3,255.55,256.95,259.25,256.6,258.45,257.95,2.9,2.4,449322.0,11592486.47,312306.0,
AU.SHF,20160225,258.45,257.95,260.25,264.6,259.4,261.5,262.2,3.55,4.25,797662.0,20916001.47,330980.0,
AU.SHF,20160226,261.5,262.2,261.3,262.5,259.15,261.85,261.2,-0.35,-1.0,608646.0,15898002.76,331884.0,
AU.SHF,20160229,261.85,261.2,261.65,261.7,256.25,259.4,258.9,-1.8,-2.3,756284.0,19581576.04,329216.0,
AU.SHF,20160301,259.4,258.9,260.1,263.65,259.0,263.05,261.2,4.15,2.3,552970.0,14446311.48,351736.0,
AU.SHF,20160302,263.05,261.2,263.0,263.9,259.1,259.85,260.9,-1.35,-0.3,637386.0,16631845.55,329022.0,
AU.SHF,20160303,259.85,260.9,260.5,262.55,259.7,262.05,261.4,1.15,0.5,520756.0,13614881.56,338906.0,
AU.SHF,20160304,262.05,261.4,262.7,265.95,261.6,265.6,264.05,4.2,2.65,627072.0,16559485.94,351182.0,
AU.SHF,20160307,265.6,264.05,265.95,268.7,263.25,265.65,266.25,1.6,2.2,896440.0,23868530.31,335068.0,
AU.SHF,20160308,265.65,266.25,267.25,267.8,265.2,266.7,266.7,0.45,0.45,535820.0,14292728.15,342884.0,
AU.SHF,20160309,266.7,266.7,267.65,267.95,263.0,264.05,265.65,-2.65,-1.05,513264.0,13636404.5,332420.0,
AU.SHF,20160310,264.05,265.65,263.95,264.35,261.1,261.9,262.75,-3.75,-2.9,530230.0,13933538.04,319344.0,
AU.SHF,20160311,261.9,262.75,261.0,268.85,260.15,265.75,265.25,3.0,2.5,868980.0,23051189.94,326228.0,
AU.SHF,20160314,265.75,265.25,265.3,265.9,262.1,262.5,264.0,-2.75,-1.25,544586.0,14378951.37,318588.0,
AU.SHF,20160315,262.5,264.0,263.0,263.75,257.05,257.85,260.05,-6.15,-3.95,586332.0,15250325.63,318154.0,
AU.SHF,20160316,257.85,260.05,259.15,259.55,257.35,259.45,258.25,-0.6,-1.8,402560.0,10397884.2,319314.0,
AU.SHF,20160317,259.45,258.25,258.75,264.35,257.65,263.3,260.6,5.05,2.35,500638.0,13047844.02,316900.0,
AU.SHF,20160318,263.3,260.6,263.8,264.85,262.55,263.35,263.7,2.75,3.1,403442.0,10639219.95,308886.0,
AU.SHF,20160321,263.35,263.7,261.1,262.5,259.15,259.7,261.0,-4.0,-2.7,340072.0,8877286.36,303776.0,
AU.SHF,20160322,259.7,261.0,259.6,261.45,259.25,261.4,260.35,0.4,-0.65,263124.0,6850782.55,305662.0,
AU.SHF,20160323,261.4,260.35,262.4,262.95,258.15,258.35,260.75,-2.0,0.4,331106.0,8634874.4,304448.0,
AU.SHF,20160324,258.35,260.75,256.35,256.85,255.0,255.1,255.85,-5.65,-4.9,380646.0,9739556.35,294312.0,
AU.SHF,20160325,255.1,255.85,256.3,256.75,255.65,256.1,256.15,0.25,0.3,164146.0,4205035.75,293992.0,
AU.SHF,20160328,256.1,256.15,255.95,256.65,254.0,255.05,255.05,-1.1,-1.1,147416.0,3760369.55,297086.0,
AU.SHF,20160329,255.05,255.05,255.75,256.6,255.25,255.75,255.8,0.7,0.75,185942.0,4756957.8,290892.0,
AU.SHF,20160330,255.75,255.8,256.15,259.8,255.85,258.6,257.95,2.8,2.15,378770.0,9771062.68,285732.0,
AU.SHF,20160331,258.6,257.95,258.0,258.1,255.35,256.15,256.6,-1.8,-1.35,269920.0,6926683.14,279210.0,
AU.SHF,20160401,256.15,256.6,257.5,257.8,256.1,257.2,256.85,0.6,0.25,232786.0,5979371.69,272338.0,
AU.SHF,20160405,257.2,256.85,255.05,256.35,254.2,256.05,255.65,-0.8,-1.2,95420.0,2439885.69,270088.0,
AU.SHF,20160406,256.05,255.65,257.5,257.7,256.1,256.75,256.85,1.1,1.2,194794.0,5003601.2,273552.0,
AU.SHF,20160407,256.75,256.85,255.2,257.1,255.0,256.45,256.05,-0.4,-0.8,227246.0,5819479.85,279408.0,
AU.SHF,20160408,256.45,256.05,258.4,259.35,257.65,258.0,258.4,1.95,2.35,257602.0,6657093.09,283298.0,
AU.SHF,20160411,258.0,258.4,257.7,261.15,257.4,260.55,259.3,2.15,0.9,245542.0,6367604.45,287684.0,
AU.SHF,20160412,260.55,259.3,260.95,262.0,260.4,261.8,261.25,2.5,1.95,189268.0,4945138.15,291346.0,
AU.SHF,20160413,261.8,261.25,262.05,262.65,260.0,260.4,261.45,-0.85,0.2,268234.0,7013208.34,282358.0,
AU.SHF,20160414,260.4,261.45,260.5,261.05,257.0,257.8,259.0,-3.65,-2.45,273610.0,7086644.04,278694.0,
AU.SHF,20160415,257.8,259.0,257.6,258.25,256.05,257.2,257.1,-1.8,-1.9,236076.0,6070294.03,265642.0,
AU.SHF,20160418,257.2,257.1,257.15,258.7,256.2,257.35,257.55,0.25,0.45,217164.0,5593115.67,259854.0,
AU.SHF,20160419,257.35,257.55,258.55,260.0,256.55,259.85,257.95,2.3,0.4,239320.0,6173920.64,260238.0,
AU.SHF,20160420,259.85,257.95,261.0,262.5,259.65,260.65,261.15,2.7,3.2,325448.0,8499737.11,258636.0,
AU.SHF,20160421,260.65,261.15,261.0,264.15,260.0,264.0,261.85,2.85,0.7,350660.0,9183069.4,274058.0,
AU.SHF,20160422,264.0,261.85,265.7,266.5,260.0,260.6,262.15,-1.25,0.3,401306.0,10520380.78,242932.0,
AU.SHF,20160425,260.6,262.15,260.7,261.3,256.95,258.65,259.2,-3.5,-2.95,372910.0,9667565.3,221956.0,
AU.SHF,20160426,258.65,259.2,258.75,260.0,258.0,258.1,259.2,-1.1,0.0,172382.0,4468171.86,208928.0,
AU.SHF,20160427,258.1,259.2,258.55,261.45,258.25,261.3,260.3,2.1,1.1,253034.0,6587509.9,193114.0,
AU.SHF,20160428,261.3,260.3,261.9,262.75,259.3,262.25,261.1,1.95,0.8,342874.0,8953471.89,177568.0,
AU.SHF,20160429,262.25,261.1,262.15,267.95,261.75,266.45,265.0,5.35,3.9,347256.0,9202931.79,177698.0,
AU.SHF,20160503,266.45,265.0,269.5,271.65,269.1,271.5,270.25,6.5,5.25,152216.0,4114077.71,161770.0,
AU.SHF,20160504,271.5,272.65,273.65,273.65,270.3,270.65,271.5,-2.0,-1.15,166064.0,4509435.36,217452.0,
AU.SHF,20160505,270.65,271.5,271.55,272.7,269.3,270.25,271.05,-1.25,-0.45,168280.0,4561399.7,223004.0,
AU.SHF,20160506,270.25,271.05,271.75,272.0,267.65,270.75,269.95,-0.3,-1.1,257778.0,6959658.79,229060.0,
AU.SHF,20160509,270.75,269.95,272.8,273.45,269.7,270.05,271.65,0.1,1.7,364526.0,9902580.94,244720.0,
AU.SHF,20160510,270.05,271.65,268.75,268.95,266.2,267.6,267.3,-4.05,-4.35,269504.0,7204337.26,232556.0,
AU.SHF,20160511,267.6,267.3,267.25,269.45,265.35,268.9,267.4,1.6,0.1,252092.0,6741265.05,238998.0,
AU.SHF,20160512,268.9,267.4,269.45,270.0,267.65,268.1,268.8,0.7,1.4,195620.0,5258376.06,240004.0,
AU.SHF,20160513,268.1,268.8,268.25,270.7,267.3,270.1,268.8,1.3,0.0,309730.0,8326464.23,251788.0,
AU.SHF,20160516,270.1,268.8,267.9,272.4,267.8,272.05,270.0,3.25,1.2,297706.0,8039316.67,281686.0,
AU.SHF,20160517,272.05,270.0,272.7,273.15,269.2,270.1,270.85,0.1,0.85,278192.0,7535151.2,270764.0,
AU.SHF,20160518,270.1,270.85,269.65,271.55,269.5,270.2,270.55,-0.65,-0.3,236438.0,6397720.44,276598.0,
AU.SHF,20160519,270.2,270.55,269.95,271.2,265.9,265.95,268.55,-4.6,-2.0,362390.0,9733290.39,279720.0,
AU.SHF,20160520,265.95,268.55,264.1,266.85,264.1,266.1,265.4,-2.45,-3.15,229012.0,6078881.33,285308.0,
AU.SHF,20160523,266.1,265.4,266.8,267.45,264.75,265.45,265.75,0.05,0.35,237010.0,6299080.57,296306.0,
AU.SHF,20160524,265.45,265.75,264.55,265.75,263.3,263.6,264.5,-2.15,-1.25,244742.0,6474442.8,302680.0,
AU.SHF,20160525,263.6,264.5,262.8,263.6,259.5,259.7,261.4,-4.8,-3.1,318086.0,8316276.53,311778.0,
AU.SHF,20160526,259.7,261.4,259.2,261.75,258.35,260.7,259.95,-0.7,-1.45,236722.0,6154612.61,307562.0,
AU.SHF,20160527,260.7,259.95,260.9,261.55,257.15,259.5,259.25,-0.45,-0.7,282392.0,7322285.91,304944.0,
AU.SHF,20160530,259.5,259.25,258.8,258.95,255.15,256.45,256.85,-2.8,-2.4,298804.0,7675279.24,311692.0,
AU.SHF,20160531,256.45,256.85,256.75,259.0,256.5,258.95,257.95,2.1,1.1,207452.0,5351232.87,280976.0,
AU.SHF,20160601,258.95,257.95,258.2,260.45,258.15,259.35,259.3,1.4,1.35,224472.0,5820953.75,282330.0,
AU.SHF,20160602,259.35,259.3,259.8,259.8,257.3,259.65,258.65,0.35,-0.65,206500.0,5341236.44,285598.0,
AU.SHF,20160603,259.65,258.65,259.5,259.5,257.9,258.65,258.5,0.0,-0.15,148472.0,3838347.01,283090.0,
AU.SHF,20160606,258.65,258.5,263.25,264.75,262.95,264.4,263.8,5.9,5.3,298338.0,7870456.32,269594.0,
AU.SHF,20160607,264.4,263.8,264.9,265.5,263.9,264.85,264.85,1.05,1.05,183862.0,4869977.8,266688.0,
AU.SHF,20160608,264.85,264.85,264.0,266.7,263.8,266.55,265.15,1.7,0.3,161948.0,4294505.73,269490.0,
AU.SHF,20160613,266.55,265.15,272.0,274.4,271.45,274.15,272.75,9.0,7.6,181804.0,4959040.15,283924.0,
AU.SHF,20160614,274.15,272.75,275.0,275.25,272.75,273.35,273.8,0.6,1.05,210538.0,5765260.07,279248.0,
AU.SHF,20160615,273.35,273.8,274.5,275.8,273.8,275.2,274.85,1.4,1.05,253134.0,6958644.47,297362.0,
AU.SHF,20160616,275.2,274.85,274.4,280.4,273.65,279.95,276.9,5.1,2.05,363092.0,10055249.87,324660.0,
AU.SHF,20160617,279.95,276.9,279.95,281.15,272.1,273.2,276.5,-3.7,-0.4,546056.0,15099845.79,320060.0,
AU.SHF,20160620,273.2,276.5,274.6,276.35,272.8,273.75,274.45,-2.75,-2.05,327082.0,8978079.15,318602.0,
AU.SHF,20160621,273.75,274.45,273.65,275.05,272.55,273.2,273.7,-1.25,-0.75,252118.0,6901059.83,317422.0,
AU.SHF,20160622,273.2,273.7,271.0,271.6,268.8,269.6,270.4,-4.1,-3.3,275022.0,7436749.42,314488.0,
AU.SHF,20160623,269.6,270.4,269.1,271.2,269.0,269.75,269.9,-0.65,-0.5,240326.0,6486505.33,311720.0,
AU.SHF,20160624,269.75,269.9,268.4,283.35,268.2,282.25,276.25,12.35,6.35,997696.0,27564212.58,351222.0,
AU.SHF,20160627,282.25,276.25,283.5,285.2,280.35,284.65,282.8,8.4,6.55,580666.0,16423856.53,336628.0,
AU.SHF,20160628,284.65,282.8,285.1,285.65,282.8,283.35,284.15,0.55,1.35,325764.0,9257754.34,337380.0,
AU.SHF,20160629,283.35,284.15,282.85,284.8,282.2,284.3,283.5,0.15,-0.65,300974.0,8533600.05,339374.0,
AU.SHF,20160630,284.3,283.5,284.5,285.5,282.7,283.0,283.9,-0.5,0.4,287436.0,8160733.78,333492.0,
AU.SHF,20160701,283.0,283.9,283.55,288.65,283.1,287.15,285.45,3.25,1.55,445956.0,12730999.43,356164.0,
AU.SHF,20160704,287.15,285.45,288.05,293.7,287.5,292.15,290.55,6.7,5.1,558068.0,16215651.86,391306.0,
AU.SHF,20160705,292.15,290.55,292.6,292.85,288.6,290.8,291.05,0.25,0.5,344286.0,10020670.81,368924.0,
AU.SHF,20160706,290.8,291.05,291.75,297.7,289.75,296.7,293.9,5.65,2.85,542390.0,15943368.82,381340.0,
AU.SHF,20160707,296.7,293.9,296.95,297.4,295.1,295.7,296.2,1.8,2.3,341338.0,10110910.48,374042.0,
AU.SHF,20160708,295.7,296.2,294.6,294.6,291.75,292.8,293.1,-3.4,-3.1,337310.0,9887447.73,356062.0,
AU.SHF,20160711,292.8,293.1,291.05,297.0,290.9,295.0,294.35,1.9,1.25,434348.0,12786842.21,361060.0,
AU.SHF,20160712,295.0,294.35,293.0,294.75,292.55,293.6,293.7,-0.75,-0.65,252080.0,7403633.42,367662.0,
AU.SHF,20160713,293.6,293.7,291.8,292.35,287.65,290.8,290.0,-2.9,-3.7,450672.0,13069811.93,372344.0,
AU.SHF,20160714,290.8,290.0,290.55,291.85,288.55,288.85,290.25,-1.15,0.25,304580.0,8840580.72,367140.0,
AU.SHF,20160715,288.85,290.25,286.3,289.2,285.75,288.95,287.65,-1.3,-2.6,277810.0,7992342.27,370190.0,
AU.SHF,20160718,288.95,287.65,288.25,289.2,286.75,288.15,287.95,0.5,0.3,303768.0,8747816.71,368142.0,
AU.SHF,20160719,288.15,287.95,288.4,290.25,287.65,288.7,288.8,0.75,0.85,239612.0,6920583.09,372068.0,
AU.SHF,20160720,288.7,288.8,288.8,289.7,287.5,287.55,288.7,-1.25,-0.1,219452.0,6336655.56,373546.0,
AU.SHF,20160721,287.55,288.7,284.85,285.6,283.5,284.6,284.5,-4.1,-4.2,263726.0,7503069.98,362946.0,
AU.SHF,20160722,284.6,284.5,284.9,288.0,284.15,286.3,286.35,1.8,1.85,284348.0,8142458.87,359946.0,
AU.SHF,20160725,286.3,286.35,286.2,286.5,284.05,284.8,285.3,-1.55,-1.05,194602.0,5552171.18,358870.0,
AU.SHF,20160726,284.8,285.3,284.7,286.25,283.65,285.2,285.0,-0.1,-0.3,197578.0,5631306.55,358204.0,
AU.SHF,20160727,285.2,285.0,285.5,285.95,284.3,285.0,285.15,0.0,0.15,170012.0,4848386.48,362740.0,
AU.SHF,20160728,285.0,285.15,285.6,289.8,285.6,289.25,287.7,4.1,2.55,282092.0,8115990.35,367096.0,
AU.SHF,20160729,289.25,287.7,289.8,289.8,287.15,287.45,288.35,-0.25,0.65,218240.0,6293263.74,359396.0,
AU.SHF,20160801,287.45,288.35,290.0,290.7,287.9,289.65,289.6,1.3,1.25,263120.0,7620650.58,364264.0,
AU.SHF,20160802,289.65,289.6,289.95,291.4,289.65,291.15,290.4,1.55,0.8,186350.0,5412156.95,368132.0,
AU.SHF,20160803,291.15,290.4,292.7,293.35,292.1,292.6,292.75,2.2,2.35,182442.0,5341115.37,369418.0,
AU.SHF,20160804,292.6,292.75,292.55,292.55,289.65,289.75,291.05,-3.0,-1.7,229126.0,6669649.92,363464.0,
AU.SHF,20160805,289.75,291.05,292.65,293.55,291.8,293.3,292.6,2.25,1.55,189834.0,5555173.68,367134.0,
AU.SHF,20160808,293.3,292.6,290.0,290.1,286.9,287.05,288.55,-5.55,-4.05,260816.0,7526164.88,362960.0,
AU.SHF,20160809,287.05,288.55,287.65,288.2,286.7,286.8,287.45,-1.75,-1.1,133298.0,3831952.22,361456.0,
AU.SHF,20160810,286.8,287.45,287.15,291.4,287.0,290.9,289.3,3.45,1.85,208638.0,6036340.39,361804.0,
AU.SHF,20160811,290.9,289.3,291.15,291.25,287.9,288.5,289.2,-0.8,-0.1,218884.0,6330463.39,364760.0,
AU.SHF,20160812,288.5,289.2,289.25,290.6,287.0,288.25,288.95,-0.95,-0.25,207452.0,5995054.45,361684.0,
AU.SHF,20160815,288.25,288.95,290.7,291.05,283.8,287.7,288.65,-1.25,-0.3,276634.0,7985353.8,354846.0,
AU.SHF,20160816,287.7,288.65,287.2,289.6,287.05,289.0,288.3,0.35,-0.35,168358.0,4854573.38,358256.0,
AU.SHF,20160817,289.0,288.3,288.85,289.35,287.3,287.6,288.15,-0.7,-0.15,220036.0,6340451.6,355932.0,
AU.SHF,20160818,287.6,288.15,288.15,290.25,286.15,289.3,288.85,1.15,0.7,202202.0,5840628.22,357676.0,
AU.SHF,20160819,289.3,288.85,289.3,289.9,288.45,289.3,289.1,0.45,0.25,159760.0,4619316.7,357870.0,
AU.SHF,20160822,289.3,289.1,287.3,289.5,286.3,286.7,287.7,-2.4,-1.4,230778.0,6640152.51,363330.0,
AU.SHF,20160823,286.7,287.7,287.35,287.65,286.8,287.25,287.25,-0.45,-0.45,105430.0,3028568.3,358476.0,
AU.SHF,20160824,287.25,287.25,288.15,288.45,287.0,287.4,287.5,0.15,0.25,134914.0,3878878.09,358384.0,
AU.SHF,20160825,287.4,287.5,286.65,286.65,284.3,284.75,285.2,-2.75,-2.3,192890.0,5501450.43,361324.0,
AU.SHF,20160826,284.75,285.2,283.75,285.15,283.15,284.8,284.2,-0.4,-1.0,118746.0,3374870.63,355384.0,
AU.SHF,20160829,284.8,284.2,286.3,288.8,283.2,283.9,285.45,-0.3,1.25,418364.0,11943487.24,355204.0,
AU.SHF,20160830,283.9,285.45,284.5,285.65,284.35,284.65,284.9,-0.8,-0.55,143950.0,4101769.27,346096.0,
AU.SHF,20160831,284.65,284.9,284.25,284.75,282.8,283.4,283.85,-1.5,-1.05,197694.0,5612018.36,337940.0,
AU.SHF,20160901,283.4,283.85,282.4,283.6,282.15,282.75,282.95,-1.1,-0.9,166752.0,4718363.56,327980.0,
AU.SHF,20160902,282.75,282.95,282.1,284.05,282.0,283.15,283.35,0.2,0.4,214742.0,6084921.79,320942.0,
AU.SHF,20160905,283.15,283.35,285.85,287.0,284.85,286.65,285.85,3.3,2.5,227614.0,6507371.88,321394.0,
AU.SHF,20160906,286.65,285.85,286.75,287.0,286.4,286.95,286.7,1.1,0.85,77624.0,2225553.8,318452.0,
AU.SHF,20160907,286.95,286.7,288.25,291.7,288.05,290.85,289.85,4.15,3.15,237860.0,6894783.72,317164.0,
AU.SHF,20160908,290.85,289.85,290.95,291.0,289.15,290.45,290.0,0.6,0.15,131246.0,3806516.47,315700.0,
AU.SHF,20160909,290.45,290.0,290.0,290.15,288.45,288.65,289.2,-1.35,-0.8,179550.0,5193191.67,317912.0,
AU.SHF,20160912,288.65,289.2,288.6,289.2,286.6,287.5,287.9,-1.7,-1.3,183842.0,5293078.15,320156.0,
AU.SHF,20160913,287.5,287.9,286.65,288.1,285.85,287.45,286.9,-0.45,-1.0,190612.0,5469415.09,318016.0,
AU.SHF,20160914,287.45,286.9,286.5,287.1,284.8,286.0,285.95,-0.9,-0.95,173902.0,4973538.67,320806.0,
AU.SHF,20160919,286.0,285.95,283.55,284.85,283.05,284.55,284.2,-1.4,-1.75,84438.0,2399919.73,321814.0,
AU.SHF,20160920,284.55,284.2,284.1,284.9,284.1,284.85,284.55,0.65,0.35,103348.0,2941197.69,323364.0,
AU.SHF,20160921,284.85,284.55,284.55,285.75,283.65,285.35,284.8,0.8,0.25,152780.0,4351505.56,324646.0,
AU.SHF,20160922,285.35,284.8,287.0,288.25,284.85,287.7,287.2,2.9,2.4,208376.0,5984628.58,314404.0,
AU.SHF,20160923,287.7,287.2,288.3,289.7,287.8,288.15,288.6,0.95,1.4,169772.0,4900207.93,310996.0,
AU.SHF,20160926,288.15,288.6,288.7,288.9,287.5,288.1,288.3,-0.5,-0.3,126784.0,3655662.96,306600.0,
AU.SHF,20160927,288.1,288.3,288.65,289.3,287.6,287.7,288.5,-0.6,0.2,135572.0,3911611.07,307978.0,
AU.SHF,20160928,287.7,288.5,287.45,287.5,285.3,285.45,286.05,-3.05,-2.45,173412.0,4960755.18,304024.0,
AU.SHF,20160929,285.45,286.05,285.6,285.95,284.4,284.75,285.2,-1.3,-0.85,133208.0,3799748.69,298064.0,
AU.SHF,20160930,284.75,285.2,283.9,285.55,283.9,285.3,284.75,0.1,-0.45,125074.0,3561667.35,292310.0,
AU.SHF,20161010,285.3,284.75,273.6,274.2,272.35,274.0,273.35,-10.75,-11.4,151026.0,4128766.5,282202.0,
AU.SHF,20161011,274.0,273.35,273.3,274.1,273.05,273.9,273.55,0.55,0.2,180290.0,4931836.52,294926.0,
AU.SHF,20161012,273.9,273.55,273.05,274.05,272.95,273.3,273.35,-0.25,-0.2,142370.0,3892274.78,295548.0,
AU.SHF,20161013,273.3,273.35,273.05,274.7,272.5,274.2,273.4,0.85,0.05,211380.0,5779925.29,295356.0,
AU.SHF,20161014,274.2,273.4,273.75,274.9,273.25,273.45,273.9,0.05,0.5,156426.0,4285204.93,296788.0,
AU.SHF,20161017,273.45,273.9,272.8,274.25,272.6,273.7,273.3,-0.2,-0.6,194610.0,5318854.1,299380.0,
AU.SHF,20161018,273.7,273.3,273.65,275.4,273.45,275.2,274.3,1.9,1.0,150702.0,4134248.26,298968.0,
AU.SHF,20161019,275.2,274.3,275.05,275.75,274.15,275.2,275.05,0.9,0.75,136832.0,3763956.05,296264.0,
AU.SHF,20161020,275.2,275.05,276.8,277.7,276.5,277.25,277.05,2.2,2.0,156082.0,4324946.7,295204.0,
AU.SHF,20161021,277.25,277.05,277.25,277.95,275.7,276.3,276.4,-0.75,-0.65,165012.0,4561662.65,284304.0,
AU.SHF,20161024,276.3,276.4,277.1,277.4,276.5,277.05,276.9,0.65,0.5,130816.0,3622437.76,281088.0,
AU.SHF,20161025,277.05,276.9,278.25,278.8,276.6,277.9,277.5,1.0,0.6,170374.0,4728681.6,278640.0,
AU.SHF,20161026,277.9,277.5,278.15,279.9,277.9,279.2,279.05,1.7,1.55,186498.0,5204831.54,259932.0,
AU.SHF,20161027,279.2,279.05,278.6,279.1,277.4,278.25,278.1,-0.8,-0.95,154518.0,4297623.38,241346.0,
AU.SHF,20161028,278.25,278.1,279.1,279.45,277.95,278.5,278.45,0.4,0.35,146162.0,4070553.55,226468.0,
AU.SHF,20161031,278.5,278.45,277.45,281.35,277.45,279.65,279.35,1.2,0.9,231556.0,6468954.99,208032.0,
AU.SHF,20161101,279.65,279.35,279.2,280.75,278.75,280.25,279.65,0.9,0.3,122000.0,3412267.52,196426.0,
AU.SHF,20161102,280.25,279.65,281.55,283.1,281.35,282.95,281.95,3.3,2.3,142370.0,4014170.82,191694.0,
AU.SHF,20161103,282.95,281.95,283.4,285.0,283.0,283.75,283.95,1.8,2.0,153342.0,4354522.1,179110.0,
AU.SHF,20161104,283.75,283.95,282.4,284.55,282.1,282.4,283.25,-1.55,-0.7,135836.0,3848221.51,165716.0,
AU.SHF,20161107,282.4,283.25,284.05,284.75,281.6,281.85,283.05,-1.4,-0.2,134896.0,3818817.71,152006.0,
AU.SHF,20161108,281.85,283.05,281.75,281.8,279.65,281.2,280.85,-1.85,-2.2,98046.0,2753723.99,146142.0,
AU.SHF,20161109,281.2,283.7,283.3,293.0,281.75,291.65,287.3,7.95,3.6,270780.0,7780284.66,179558.0,
AU.SHF,20161110,291.65,287.3,288.0,289.6,283.3,286.15,286.45,-1.15,-0.85,217030.0,6217735.92,199378.0,
AU.SHF,20161111,286.15,286.45,285.05,286.0,279.25,281.75,282.4,-4.7,-4.05,248716.0,7024610.77,217910.0,
AU.SHF,20161114,281.75,282.4,280.9,282.0,269.8,272.95,275.2,-9.45,-7.2,360232.0,9914513.11,228372.0,
AU.SHF,20161115,272.95,275.2,273.95,276.45,272.8,275.95,274.5,0.75,-0.7,245686.0,6745201.88,229724.0,
AU.SHF,20161116,275.95,274.5,275.85,277.65,275.0,277.05,276.35,2.55,1.85,180050.0,4976364.36,233816.0,
AU.SHF,20161117,277.05,276.35,276.55,277.5,276.25,276.5,276.85,0.15,0.5,136938.0,3791293.79,235730.0,
AU.SHF,20161118,276.5,276.85,277.0,277.15,273.05,273.45,274.95,-3.4,-1.9,216120.0,5942395.47,241806.0,
AU.SHF,20161121,273.45,274.95,273.85,275.6,273.0,275.55,274.25,0.6,-0.7,189682.0,5202074.83,248640.0,
AU.SHF,20161122,275.55,274.25,275.6,276.95,274.5,276.25,276.0,2.0,1.75,179428.0,4952520.12,253582.0,
AU.SHF,20161123,276.25,276.0,276.2,276.95,275.05,276.6,276.0,0.6,0.0,177860.0,4909799.11,255416.0,
AU.SHF,20161124,276.6,276.0,276.0,276.0,272.7,273.7,273.8,-2.3,-2.2,340644.0,9327114.07,266746.0,
AU.SHF,20161125,273.7,273.8,273.4,273.65,268.45,271.4,271.25,-2.4,-2.55,253516.0,6877429.03,272100.0,
AU.SHF,20161128,271.4,271.25,272.5,275.3,271.25,273.8,273.2,2.55,1.95,256832.0,7016963.55,272312.0,
AU.SHF,20161129,273.8,273.2,273.6,274.55,272.4,272.75,273.5,-0.45,0.3,204490.0,5593173.84,275378.0,
AU.SHF,20161130,272.75,273.5,271.5,272.3,270.55,271.05,271.3,-2.45,-2.2,200036.0,5427586.05,278538.0,
AU.SHF,20161201,271.05,271.3,270.15,270.9,266.6,269.25,269.05,-2.05,-2.25,318392.0,8566597.02,296638.0,
AU.SHF,20161202,269.25,269.05,267.95,269.4,266.6,268.85,268.0,-0.2,-1.05,206838.0,5543737.25,301358.0,
AU.SHF,20161205,268.85,268.0,268.1,270.9,267.05,268.75,269.1,0.75,1.1,289230.0,7784438.76,302008.0,
AU.SHF,20161206,268.75,269.1,268.3,269.5,267.1,268.15,268.25,-0.95,-0.85,234960.0,6303009.08,315832.0,
AU.SHF,20161207,268.15,268.25,268.6,268.65,267.45,267.7,268.0,-0.55,-0.25,170588.0,4572323.51,326816.0,
AU.SHF,20161208,267.7,268.0,268.6,270.95,268.35,269.75,269.75,1.75,1.75,244680.0,6600334.66,329794.0,
AU.SHF,20161209,269.75,269.75,269.35,270.2,268.3,269.5,269.3,-0.25,-0.45,177508.0,4781128.06,331766.0,
AU.SHF,20161212,269.5,269.3,268.35,269.35,267.2,267.95,268.25,-1.35,-1.05,203912.0,5470542.09,344840.0,
AU.SHF,20161213,267.95,268.25,267.7,269.35,267.25,268.2,268.4,-0.05,0.15,173102.0,4646850.15,349590.0,
AU.SHF,20161214,268.2,268.4,268.15,269.9,267.65,269.65,268.75,1.25,0.35,247566.0,6653676.55,366272.0,
AU.SHF,20161215,269.65,268.75,269.6,270.6,264.8,266.95,267.9,-1.8,-0.85,312470.0,8371549.15,366840.0,
AU.SHF,20161216,266.95,267.9,265.0,265.85,264.3,265.35,265.3,-2.55,-2.6,235872.0,6257733.17,357144.0,
AU.SHF,20161219,265.35,265.3,265.45,266.95,265.1,266.6,266.05,1.3,0.75,172448.0,4588087.19,356986.0,
AU.SHF,20161220,266.6,266.05,266.45,266.9,264.55,265.25,266.15,-0.8,0.1,157024.0,4179699.09,353076.0,
AU.SHF,20161221,265.25,266.15,263.8,265.45,262.1,264.85,263.55,-1.3,-2.6,208540.0,5496788.54,354770.0,
AU.SHF,20161222,264.85,263.55,264.45,264.85,262.8,263.3,263.85,-0.25,0.3,119052.0,3141313.96,360090.0,
AU.SHF,20161223,263.3,263.85,262.8,264.3,262.45,263.55,263.55,-0.3,-0.3,155500.0,4098482.27,366702.0,
AU.SHF,20161226,263.55,263.55,263.75,265.1,263.3,264.75,264.05,1.2,0.5,127840.0,3376136.11,359872.0,
AU.SHF,20161227,264.75,264.05,264.85,266.1,264.4,266.1,265.35,2.05,1.3,132016.0,3503441.09,367772.0,
AU.SHF,20161228,266.1,265.35,266.15,267.85,265.35,267.3,266.55,1.95,1.2,172420.0,4596667.99,368704.0,
AU.SHF,20161229,267.3,266.55,266.5,269.15,266.0,268.75,267.7,2.2,1.15,217154.0,5813509.14,370722.0,
AU.SHF,20161230,268.75,267.7,268.05,272.15,268.0,271.35,270.35,3.65,2.65,257682.0,6967713.85,383078.0,
AU.SHF,20170103,271.35,270.35,269.7,271.15,269.45,269.75,270.3,-0.6,-0.05,134748.0,3642465.21,391396.0,
AU.SHF,20170104,269.75,270.3,268.5,271.25,268.35,270.4,269.95,0.1,-0.35,237240.0,6405315.59,403990.0,
AU.SHF,20170105,270.4,269.95,270.3,270.6,268.15,269.5,269.2,-0.45,-0.75,281262.0,7571912.96,401602.0,
AU.SHF,20170106,269.5,269.2,269.0,269.85,268.7,268.85,269.3,-0.35,0.1,231806.0,6242967.62,394922.0,
AU.SHF,20170109,268.85,269.3,268.65,270.4,268.65,269.75,269.5,0.45,0.2,175304.0,4725011.64,395864.0,
AU.SHF,20170110,269.75,269.5,270.35,272.1,270.2,271.5,271.15,2.0,1.65,201672.0,5468907.49,401688.0,
AU.SHF,20170111,271.5,271.15,271.25,272.4,270.9,271.85,271.65,0.7,0.5,183268.0,4979190.94,396044.0,
AU.SHF,20170112,271.85,271.65,271.7,272.55,268.65,272.25,270.7,0.6,-0.95,342304.0,9266620.06,388946.0,
AU.SHF,20170113,272.25,270.7,272.3,272.5,270.5,271.25,271.35,0.55,0.65,185390.0,5031206.09,379636.0,
AU.SHF,20170116,271.25,271.35,271.6,273.45,270.45,272.95,271.7,1.6,0.35,215196.0,5847313.56,382384.0,
AU.SHF,20170117,272.95,271.7,272.5,274.9,272.25,274.6,273.55,2.9,1.85,158070.0,4324263.42,383002.0,
AU.SHF,20170118,274.6,273.55,274.1,274.95,272.45,273.5,274.1,-0.05,0.55,194254.0,5325077.57,373502.0,
AU.SHF,20170119,273.5,274.1,273.15,273.6,270.2,270.7,271.7,-3.4,-2.4,176830.0,4804616.13,365152.0,
AU.SHF,20170120,270.7,271.7,271.2,271.75,270.1,271.4,270.95,-0.3,-0.75,159596.0,4324900.33,364202.0,
AU.SHF,20170123,271.4,270.95,270.85,273.7,270.55,272.75,272.15,1.8,1.2,175522.0,4777220.49,362246.0,
AU.SHF,20170124,272.75,272.15,272.7,273.3,272.1,272.35,272.7,0.2,0.55,119818.0,3267458.9,358716.0,
AU.SHF,20170125,272.35,272.7,272.15,272.8,267.85,269.6,270.9,-3.1,-1.8,149430.0,4048332.76,338086.0,
AU.SHF,20170126,269.6,270.9,269.6,270.05,266.65,267.6,267.95,-3.3,-2.95,142822.0,3827611.24,318662.0,
AU.SHF,20170203,267.6,267.95,270.1,271.95,270.1,271.6,271.3,3.65,3.35,82082.0,2227258.92,306362.0,
AU.SHF,20170206,271.6,271.3,271.3,274.4,270.25,274.3,272.7,3.0,1.4,190770.0,5202506.39,318510.0,
AU.SHF,20170207,274.3,272.7,275.15,276.7,274.6,276.5,275.55,3.8,2.85,160366.0,4419537.53,321182.0,
AU.SHF,20170208,276.5,275.55,276.35,277.25,275.85,276.75,276.65,1.2,1.1,142374.0,3939429.7,324290.0,
AU.SHF,20170209,276.75,276.65,278.7,279.2,278.05,278.2,278.45,1.55,1.8,148408.0,4132992.14,319670.0,
AU.SHF,20170210,278.2,278.45,278.1,278.85,274.6,275.25,276.6,-3.2,-1.85,220922.0,6111473.71,307194.0,
AU.SHF,20170213,275.25,276.6,275.6,277.3,275.3,276.4,276.3,-0.2,-0.3,197398.0,5454669.43,299460.0,
AU.SHF,20170214,276.4,276.3,276.0,276.2,274.05,276.0,275.25,-0.3,-1.05,163040.0,4488022.46,296866.0,
AU.SHF,20170215,276.0,275.25,276.6,276.7,274.0,274.95,275.25,-0.3,0.0,188556.0,5190690.45,292854.0,
AU.SHF,20170216,274.95,275.25,275.0,277.15,273.5,276.35,275.4,1.1,0.15,224336.0,6178576.42,288304.0,
AU.SHF,20170217,276.35,275.4,277.25,277.9,276.8,277.45,277.35,2.05,1.95,155914.0,4324333.07,289940.0,
AU.SHF,20170220,277.45,277.35,278.2,278.6,276.2,276.85,277.35,-0.5,0.0,148746.0,4125778.27,286374.0,
AU.SHF,20170221,276.85,277.35,277.15,277.65,276.6,277.5,277.15,0.15,-0.2,99214.0,2749727.44,285070.0,
AU.SHF,20170222,277.5,277.15,276.5,278.15,275.75,277.2,277.05,0.05,-0.1,159914.0,4430630.43,284724.0,
AU.SHF,20170223,277.2,277.05,277.65,278.15,276.5,277.75,277.4,0.7,0.35,153238.0,4251437.24,283014.0,
AU.SHF,20170224,277.75,277.4,278.8,281.7,278.4,281.15,280.0,3.75,2.6,273622.0,7662110.89,311104.0,
AU.SHF,20170227,281.15,280.0,282.2,282.45,280.55,282.15,281.75,2.15,1.75,180334.0,5081214.52,300578.0,
AU.SHF,20170228,282.15,281.75,281.85,283.35,280.95,281.2,281.85,-0.55,0.1,160636.0,4527809.71,294068.0,
AU.SHF,20170301,281.2,281.85,281.15,281.95,278.65,279.15,280.15,-2.7,-1.7,209236.0,5862730.28,283306.0,
AU.SHF,20170302,279.15,280.15,279.1,280.4,278.15,279.45,279.25,-0.7,-0.9,170848.0,4770974.1,281422.0,
AU.SHF,20170303,279.45,279.25,278.9,279.25,276.9,277.4,278.0,-1.85,-1.25,238202.0,6622075.51,275322.0,
AU.SHF,20170306,277.4,278.0,276.9,278.55,276.5,277.45,277.3,-0.55,-0.7,182046.0,5048910.05,275560.0,
AU.SHF,20170307,277.45,277.3,277.45,277.9,276.1,276.4,276.85,-0.9,-0.45,137414.0,3804727.17,277758.0,
AU.SHF,20170308,276.4,276.85,276.0,276.0,274.5,274.55,275.05,-2.3,-1.8,174404.0,4797162.83,271694.0,
AU.SHF,20170309,274.55,275.05,273.95,274.7,272.6,273.25,273.65,-1.8,-1.4,213736.0,5848957.54,275000.0,
AU.SHF,20170310,273.25,273.65,273.4,273.85,271.0,271.05,272.35,-2.6,-1.3,200774.0,5468947.11,274928.0,
AU.SHF,20170313,271.05,272.35,271.15,273.65,270.75,273.65,272.25,1.3,-0.1,247398.0,6735694.73,267394.0,
AU.SHF,20170314,273.65,272.25,272.5,273.1,272.2,272.35,272.65,0.1,0.4,129460.0,3530056.44,270226.0,
AU.SHF,20170315,272.35,272.65,272.55,273.25,271.6,272.5,272.5,-0.15,-0.15,150980.0,4114513.84,270808.0,
AU.SHF,20170316,272.5,272.5,271.8,277.3,271.6,277.15,274.95,4.65,2.45,261416.0,7188209.47,274042.0,
AU.SHF,20170317,277.15,274.95,278.15,278.25,276.5,277.05,277.05,2.1,2.1,137970.0,3822611.99,267062.0,
AU.SHF,20170320,277.05,277.05,277.4,278.55,276.95,278.45,277.8,1.4,0.75,138722.0,3854314.33,277684.0,
AU.SHF,20170321,278.45,277.8,278.25,278.75,276.65,277.35,277.6,-0.45,-0.2,167944.0,4662406.63,267612.0,
AU.SHF,20170322,277.35,277.6,277.65,280.35,277.5,279.8,279.25,2.2,1.65,244648.0,6831988.88,273378.0,
AU.SHF,20170323,279.8,279.25,279.75,280.2,278.9,279.75,279.5,0.5,0.25,164432.0,4596296.09,266140.0,
AU.SHF,20170324,279.75,279.5,280.45,280.7,278.45,278.95,279.3,-0.55,-0.2,184200.0,5145108.88,262698.0,
AU.SHF,20170327,278.95,279.3,279.2,282.25,278.75,282.0,280.6,2.7,1.3,162888.0,4571209.81,270268.0,
AU.SHF,20170328,282.0,280.6,282.05,282.35,280.95,281.2,281.5,0.6,0.9,148832.0,4189908.66,262582.0,
AU.SHF,20170329,281.2,281.5,282.05,282.15,280.05,280.6,281.1,-0.9,-0.4,159592.0,4486520.63,257224.0,
AU.SHF,20170330,280.6,281.1,280.95,281.2,280.1,280.6,280.65,-0.5,-0.45,126756.0,3557599.09,256928.0,
AU.SHF,20170331,280.6,280.65,280.35,280.35,278.2,278.6,279.3,-2.05,-1.35,178510.0,4985998.07,247488.0,
AU.SHF,20170405,278.6,279.3,281.2,281.75,280.75,281.25,281.1,1.95,1.8,74992.0,2108114.87,249036.0,
AU.SHF,20170406,281.25,281.1,280.2,281.7,279.2,281.25,280.45,0.15,-0.65,198064.0,5555229.49,242570.0,
AU.SHF,20170407,281.25,280.45,281.05,285.45,280.4,283.5,283.05,3.05,2.6,294194.0,8327840.75,250516.0,
AU.SHF,20170410,283.5,283.05,284.45,285.05,281.15,282.2,283.0,-0.85,-0.05,254310.0,7198135.93,239110.0,
AU.SHF,20170411,282.2,283.0,281.25,282.95,280.9,282.75,281.95,-0.25,-1.05,169940.0,4792069.79,245826.0,
AU.SHF,20170412,282.75,281.95,283.4,287.1,283.25,285.85,285.2,3.9,3.25,316430.0,9024986.47,262642.0,
AU.SHF,20170413,285.85,285.2,286.1,288.0,285.1,287.15,286.6,1.95,1.4,242774.0,6958363.25,255082.0,
AU.SHF,20170414,287.15,286.6,287.55,288.05,286.75,287.7,287.55,1.1,0.95,152170.0,4376094.7,259634.0,
AU.SHF,20170417,287.7,287.55,288.05,290.05,286.95,287.2,288.15,-0.35,0.6,196830.0,5672365.98,241540.0,
AU.SHF,20170418,287.2,288.15,286.9,287.9,285.8,286.45,286.75,-1.7,-1.4,194112.0,5567083.68,234448.0,
AU.SHF,20170419,286.45,286.75,286.6,287.7,285.2,286.3,286.55,-0.45,-0.2,250222.0,7170661.23,226460.0,
AU.SHF,20170420,286.3,286.55,286.55,286.75,284.75,286.1,285.85,-0.45,-0.7,216358.0,6185573.05,218118.0,
AU.SHF,20170421,286.1,285.85,285.95,286.35,285.25,285.9,285.8,0.05,-0.05,170642.0,4877612.8,209336.0,
AU.SHF,20170424,285.9,285.8,286.35,287.95,283.5,283.9,285.8,-1.9,0.0,310052.0,8862540.81,189796.0,
AU.SHF,20170425,283.9,285.8,283.35,284.4,282.95,283.9,283.75,-1.9,-2.05,166292.0,4718841.38,179352.0,
AU.SHF,20170426,283.9,283.75,282.75,283.55,282.15,282.45,282.7,-1.3,-1.05,183112.0,5176886.47,165780.0,
AU.SHF,20170427,282.45,282.7,282.55,283.55,282.05,282.85,282.8,0.15,0.1,154594.0,4372371.86,153054.0,
AU.SHF,20170428,282.85,282.8,283.1,283.25,282.3,283.2,282.8,0.4,0.0,129946.0,3675302.64,140542.0,
AU.SHF,20170502,283.2,285.75,283.8,284.4,283.55,283.9,283.9,-1.85,-1.85,39920.0,1133475.11,163774.0,
AU.SHF,20170503,283.9,283.9,283.05,283.7,282.85,283.3,283.3,-0.6,-0.6,30714.0,870277.14,165456.0,
AU.SHF,20170504,283.3,283.3,283.0,283.25,278.7,279.65,281.05,-3.65,-2.25,92606.0,2603045.59,174724.0,
AU.SHF,20170505,279.65,281.05,278.05,280.0,277.4,278.8,278.3,-2.25,-2.75,102698.0,2858551.6,182136.0,
AU.SHF,20170508,278.8,278.3,278.3,279.35,278.05,278.5,278.6,0.2,0.3,86346.0,2405604.51,188964.0,
AU.SHF,20170509,278.5,278.6,278.65,279.4,277.5,278.45,278.5,-0.15,-0.1,128798.0,3587547.96,191426.0,
AU.SHF,20170510,278.45,278.5,277.35,277.4,275.65,277.05,276.75,-1.45,-1.75,118918.0,3291260.34,201004.0,
AU.SHF,20170511,277.05,276.75,277.25,277.55,276.3,277.35,277.05,0.6,0.3,92586.0,2565156.72,205942.0,
AU.SHF,20170512,277.35,277.05,277.0,278.5,276.95,278.1,277.75,1.05,0.7,119980.0,3332865.07,211756.0,
AU.SHF,20170515,278.1,277.75,278.75,279.55,277.75,279.4,278.65,1.65,0.9,124840.0,3478945.44,220070.0,
AU.SHF,20170516,279.4,278.65,280.15,280.65,279.0,280.0,279.75,1.35,1.1,118992.0,3329257.86,220422.0,
AU.SHF,20170517,280.0,279.75,280.05,281.3,279.5,280.95,280.55,1.2,0.8,133590.0,3747981.65,230274.0,
AU.SHF,20170518,280.95,280.55,282.5,284.75,282.35,283.25,283.4,2.7,2.85,230310.0,6527883.3,237936.0,
AU.SHF,20170519,283.25,283.4,283.55,284.2,281.6,282.65,282.95,-0.75,-0.45,186950.0,5289943.14,244610.0,
AU.SHF,20170522,282.65,282.95,283.3,283.6,282.15,283.3,282.9,0.35,-0.05,114482.0,3238730.36,249876.0,
AU.SHF,20170523,283.3,282.9,284.05,285.2,283.45,285.2,284.35,2.3,1.45,123256.0,3504904.61,262554.0,
AU.SHF,20170524,285.2,284.35,285.0,285.1,281.5,281.85,283.2,-2.5,-1.15,170178.0,4820207.21,267980.0,
AU.SHF,20170525,281.85,283.2,282.5,283.8,281.75,283.3,282.95,0.1,-0.25,136700.0,3867949.37,275156.0,
AU.SHF,20170526,283.3,282.95,282.75,283.5,282.0,283.35,282.5,0.4,-0.45,104532.0,2953332.58,275262.0,
AU.SHF,20170531,283.35,282.5,283.05,283.3,281.65,281.65,282.25,-0.85,-0.25,74258.0,2096198.54,281108.0,
AU.SHF,20170601,281.65,282.25,282.35,283.15,281.4,281.85,282.05,-0.4,-0.2,157458.0,4441868.44,283362.0,
AU.SHF,20170602,281.85,282.05,281.25,282.2,280.6,280.85,281.0,-1.2,-1.05,129192.0,3630923.11,288512.0,
AU.SHF,20170605,280.85,281.0,283.0,285.2,282.75,284.55,283.85,3.55,2.85,215452.0,6116195.69,304850.0,
AU.SHF,20170606,284.55,283.85,284.8,286.5,284.05,286.3,285.2,2.45,1.35,135910.0,3876595.38,316800.0,
AU.SHF,20170607,286.3,285.2,286.6,287.2,286.25,286.6,286.7,1.4,1.5,138618.0,3974388.79,325410.0,
AU.SHF,20170608,286.6,286.7,286.55,286.9,285.05,285.75,286.0,-0.95,-0.7,141700.0,4052982.37,326824.0,
AU.SHF,20170609,285.75,286.0,285.15,285.4,282.15,282.5,283.55,-3.5,-2.45,223770.0,6345226.82,332974.0,
AU.SHF,20170612,282.5,283.55,281.8,281.9,281.0,281.05,281.3,-2.5,-2.25,151544.0,4263532.89,339722.0,
AU.SHF,20170613,281.05,281.3,280.85,281.6,280.35,281.15,281.05,-0.15,-0.25,105884.0,2976348.17,340090.0,
AU.SHF,20170614,281.15,281.05,280.35,282.4,280.05,281.7,281.3,0.65,0.25,131122.0,3688784.35,334782.0,
AU.SHF,20170615,281.7,281.3,283.0,284.65,279.7,279.85,282.15,-1.45,0.85,238286.0,6723722.99,340830.0,
AU.SHF,20170616,279.85,282.15,278.5,279.8,278.3,279.35,279.1,-2.8,-3.05,147956.0,4129453.13,342074.0,
AU.SHF,20170619,279.35,279.1,279.65,279.8,278.5,278.85,279.1,-0.25,0.0,99854.0,2787346.72,343958.0,
AU.SHF,20170620,278.85,279.1,278.55,278.9,277.6,278.25,278.25,-0.85,-0.85,111782.0,3110340.99,344998.0,
AU.SHF,20170621,278.25,278.25,278.05,278.5,277.3,278.15,277.95,-0.1,-0.3,104238.0,2897306.76,344970.0,
AU.SHF,20170622,278.15,277.95,277.85,280.3,277.3,279.9,279.05,1.95,1.1,135198.0,3772856.13,341690.0,
AU.SHF,20170623,279.9,279.05,280.15,280.55,279.1,280.45,279.9,1.4,0.85,119404.0,3342389.18,337016.0,
AU.SHF,20170626,280.45,279.9,281.55,281.55,280.35,280.6,280.7,0.7,0.8,78260.0,2196872.13,333442.0,
AU.SHF,20170627,280.6,280.7,278.35,279.45,277.9,279.4,278.55,-1.3,-2.15,170412.0,4747593.94,326864.0,
AU.SHF,20170628,279.4,278.55,278.6,279.3,278.05,278.75,278.65,0.2,0.1,168850.0,4705428.09,332470.0,
AU.SHF,20170629,278.75,278.65,278.95,279.15,277.7,278.15,278.35,-0.5,-0.3,158992.0,4425584.89,337162.0,
AU.SHF,20170630,278.15,278.35,276.4,277.35,275.4,275.5,276.2,-2.85,-2.15,221690.0,6123246.21,338722.0,
AU.SHF,20170703,275.5,276.2,275.3,276.3,274.35,274.6,275.1,-1.6,-1.1,142246.0,3913769.8,343202.0,
AU.SHF,20170704,274.6,275.1,273.25,273.35,271.6,272.6,272.45,-2.5,-2.65,190506.0,5190612.39,346746.0,
AU.SHF,20170705,272.6,272.45,272.7,273.3,272.05,272.4,272.6,-0.05,0.15,102604.0,2797166.34,345904.0,
AU.SHF,20170706,272.4,272.6,271.1,273.2,271.05,272.85,272.3,0.25,-0.3,129270.0,3520572.88,346032.0,
AU.SHF,20170707,272.85,272.3,272.9,273.25,271.6,272.2,272.3,-0.1,0.0,115020.0,3132004.7,347806.0,
AU.SHF,20170710,272.2,272.3,272.25,272.35,268.0,268.8,269.75,-3.5,-2.55,241862.0,6525096.64,349336.0,
AU.SHF,20170711,268.8,269.75,269.35,270.7,268.95,270.0,269.9,0.25,0.15,139294.0,3760237.02,347824.0,
AU.SHF,20170712,270.0,269.9,270.1,271.65,269.25,271.0,270.75,1.1,0.85,156136.0,4227387.37,348784.0,
AU.SHF,20170713,271.0,270.75,272.35,272.45,271.05,271.75,271.6,1.0,0.85,154644.0,4200891.47,352132.0,
AU.SHF,20170714,271.75,271.6,271.5,271.5,269.85,270.65,270.6,-0.95,-1.0,113550.0,3072761.63,353988.0,
AU.SHF,20170717,270.65,270.6,273.15,273.45,272.3,273.0,272.85,2.4,2.25,163458.0,4460600.23,350286.0,
AU.SHF,20170718,273.0,272.85,273.7,274.4,273.5,273.7,273.9,0.85,1.05,125924.0,3449202.37,341346.0,
AU.SHF,20170719,273.7,273.9,274.3,274.75,273.85,274.05,274.15,0.15,0.25,113988.0,3125235.02,336326.0,
AU.SHF,20170720,274.05,274.15,274.55,274.75,273.9,274.2,274.2,0.05,0.05,100138.0,2746034.51,343990.0,
AU.SHF,20170721,274.2,274.2,274.3,275.85,273.5,275.8,274.95,1.6,0.75,173552.0,4772101.28,349878.0,
AU.SHF,20170724,275.8,274.95,276.7,277.45,276.05,276.45,276.7,1.5,1.75,124830.0,3454501.39,348868.0,
AU.SHF,20170725,276.45,276.7,277.35,277.4,276.15,276.8,276.65,0.1,-0.05,99046.0,2740129.96,346342.0,
AU.SHF,20170726,276.8,276.65,276.1,276.5,274.15,274.4,275.35,-2.25,-1.3,142662.0,3928255.71,350512.0,
AU.SHF,20170727,274.4,275.35,274.8,278.05,274.6,277.6,276.75,2.25,1.4,164112.0,4541847.77,342962.0,
AU.SHF,20170728,277.6,276.75,277.9,277.95,276.6,277.25,277.3,0.5,0.55,149302.0,4140851.02,338706.0,
AU.SHF,20170731,277.25,277.3,277.95,278.95,277.65,278.05,278.35,0.75,1.05,147076.0,4094454.07,339218.0,
AU.SHF,20170801,278.05,278.35,278.3,278.5,277.75,278.0,278.15,-0.35,-0.2,92472.0,2572266.46,345998.0,
AU.SHF,20170802,278.0,278.15,278.0,279.05,277.55,277.95,278.25,-0.2,0.1,160750.0,4473550.48,349628.0,
AU.SHF,20170803,277.95,278.25,277.6,278.8,276.6,276.9,277.65,-1.35,-0.6,147540.0,4096947.01,351140.0,
AU.SHF,20170804,276.9,277.65,277.55,278.55,277.4,278.45,278.0,0.8,0.35,143116.0,3978841.1,359734.0,
AU.SHF,20170807,278.45,278.0,277.0,277.25,275.65,275.95,276.25,-2.05,-1.75,175064.0,4836562.29,353954.0,
AU.SHF,20170808,275.95,276.25,275.85,276.5,275.35,275.7,275.95,-0.55,-0.3,112310.0,3099280.15,353302.0,
AU.SHF,20170809,275.7,275.95,276.2,277.6,274.15,276.45,275.7,0.5,-0.25,186480.0,5141824.09,353536.0,
AU.SHF,20170810,276.45,275.7,278.1,278.8,277.4,278.45,278.0,2.75,2.3,187428.0,5210566.27,350424.0,
AU.SHF,20170811,278.45,278.0,279.35,280.3,278.85,279.85,279.6,1.85,1.6,222826.0,6230685.91,355820.0,
AU.SHF,20170814,279.85,279.6,279.75,280.3,278.55,279.75,279.6,0.15,0.0,175078.0,4895459.71,355662.0,
AU.SHF,20170815,279.75,279.6,278.9,279.75,277.0,277.85,278.2,-1.75,-1.4,182520.0,5078304.66,348620.0,
AU.SHF,20170816,277.85,278.2,276.55,277.9,276.35,276.95,277.15,-1.25,-1.05,119916.0,3323497.97,347326.0,
AU.SHF,20170817,276.95,277.15,277.1,280.45,276.65,279.95,278.9,2.8,1.75,192184.0,5360161.15,352070.0,
AU.SHF,20170818,279.95,278.9,279.45,280.5,278.75,280.5,279.75,1.6,0.85,144594.0,4045713.05,360176.0,
AU.SHF,20170821,280.5,279.75,281.8,282.6,278.75,279.7,280.5,-0.05,0.75,238136.0,6680697.57,361748.0,
AU.SHF,20170822,279.7,280.5,279.8,280.95,279.0,279.1,280.05,-1.4,-0.45,149470.0,4185978.74,358624.0,
AU.SHF,20170823,279.1,280.05,279.65,280.4,278.35,279.15,279.15,-0.9,-0.9,148734.0,4151927.66,354190.0,
AU.SHF,20170824,279.15,279.15,279.75,279.9,279.05,279.25,279.5,0.1,0.35,119042.0,3327273.04,355920.0,
AU.SHF,20170825,279.25,279.5,279.3,279.75,278.6,279.05,279.05,-0.45,-0.45,111830.0,3120827.54,358560.0,
AU.SHF,20170828,279.05,279.05,278.95,280.9,276.5,280.45,279.2,1.4,0.15,263900.0,7368201.64,358164.0,
AU.SHF,20170829,280.45,279.2,280.3,283.8,279.75,283.8,282.25,4.6,3.05,215014.0,6068990.91,369830.0,
AU.SHF,20170830,283.8,282.25,283.8,284.3,280.25,280.35,282.2,-1.9,-0.05,220274.0,6216554.88,358480.0,
AU.SHF,20170831,280.35,282.2,280.35,281.3,279.2,279.9,280.3,-2.3,-1.9,141360.0,3962580.14,358378.0,
AU.SHF,20170901,279.9,280.3,280.9,282.65,280.7,281.8,281.9,1.5,1.6,173324.0,4886238.16,357650.0,
AU.SHF,20170904,281.8,281.9,282.25,285.0,281.2,284.2,283.0,2.3,1.1,248002.0,7019227.01,358922.0,
AU.SHF,20170905,284.2,283.0,283.2,284.05,282.75,283.65,283.4,0.65,0.4,118342.0,3353946.8,359688.0,
AU.SHF,20170906,283.65,283.4,282.9,284.45,282.85,284.1,283.75,0.7,0.35,167572.0,4755585.88,356580.0,
AU.SHF,20170907,284.1,283.75,283.9,284.1,282.4,283.05,283.2,-0.7,-0.55,171472.0,4856644.22,354744.0,
AU.SHF,20170908,283.05,283.2,283.65,283.95,282.75,283.7,283.4,0.5,0.2,234876.0,6657098.41,346738.0,
AU.SHF,20170911,283.7,283.4,283.25,283.85,281.75,282.4,282.95,-1.0,-0.45,205840.0,5824621.97,346546.0,
AU.SHF,20170912,282.4,282.95,282.3,282.75,280.9,281.1,281.8,-1.85,-1.15,138828.0,3912773.72,337000.0,
AU.SHF,20170913,281.1,281.8,281.2,282.05,281.05,281.5,281.6,-0.3,-0.2,105588.0,2973675.59,340730.0,
AU.SHF,20170914,281.5,281.6,281.8,282.05,280.55,281.15,281.15,-0.45,-0.45,152354.0,4283662.72,340358.0,
AU.SHF,20170915,281.15,281.15,281.75,282.9,281.4,282.45,282.15,1.3,1.0,148056.0,4178065.9,339532.0,
AU.SHF,20170918,282.45,282.15,281.8,281.95,279.75,279.85,280.85,-2.3,-1.3,166142.0,4666579.99,335756.0,
AU.SHF,20170919,279.85,280.85,279.65,280.3,278.85,279.8,279.7,-1.05,-1.15,146266.0,4091528.38,320598.0,
AU.SHF,20170920,279.8,279.7,279.65,280.35,279.45,280.05,280.05,0.35,0.35,93828.0,2627875.04,319206.0,
AU.SHF,20170921,280.05,280.05,280.05,280.95,277.5,277.5,279.0,-2.55,-1.05,196020.0,5469604.82,315744.0,
AU.SHF,20170922,277.5,279.0,276.7,278.0,276.55,277.95,277.2,-1.05,-1.8,152812.0,4236186.73,303544.0,
AU.SHF,20170925,277.95,277.2,277.2,277.85,277.0,277.6,277.4,0.4,0.2,101102.0,2804917.52,305276.0,
AU.SHF,20170926,277.6,277.4,278.0,282.15,277.75,281.8,280.6,4.4,3.2,209918.0,5890921.29,298340.0,
AU.SHF,20170927,281.8,280.6,280.15,281.2,279.05,279.2,280.05,-1.4,-0.55,177298.0,4965763.36,302816.0,
AU.SHF,20170928,279.2,280.05,278.55,278.95,277.35,277.7,278.05,-2.35,-2.0,157036.0,4366754.29,289274.0,
AU.SHF,20170929,277.7,278.05,278.05,279.05,277.75,278.9,278.4,0.85,0.35,99056.0,2757733.71,286592.0,
AU.SHF,20171009,278.9,278.4,276.4,277.6,276.1,276.75,277.05,-1.65,-1.35,96730.0,2680307.21,294948.0,
AU.SHF,20171010,276.75,277.05,276.65,277.3,276.4,276.65,276.75,-0.4,-0.3,89448.0,2475768.76,297970.0,
AU.SHF,20171011,276.65,276.75,276.65,277.3,275.85,276.1,276.5,-0.65,-0.25,102690.0,2839766.79,301148.0,
AU.SHF,20171012,276.1,276.5,276.35,277.5,275.5,277.1,276.6,0.6,0.1,106566.0,2948100.35,301212.0,
AU.SHF,20171013,277.1,276.6,276.75,277.5,276.3,277.2,276.9,0.6,0.3,81608.0,2259847.32,298044.0,
AU.SHF,20171016,277.2,276.9,277.75,278.85,277.3,278.7,278.0,1.8,1.1,122152.0,3395963.96,296106.0,
AU.SHF,20171017,278.7,278.0,279.0,279.05,277.0,277.25,277.75,-0.75,-0.25,132882.0,3691276.04,283332.0,
AU.SHF,20171018,277.25,277.75,276.75,276.95,276.1,276.15,276.55,-1.6,-1.2,109406.0,3025939.43,278086.0,
AU.SHF,20171019,276.15,276.55,275.95,276.45,275.2,275.7,275.7,-0.85,-0.85,108490.0,2991134.59,269550.0,
AU.SHF,20171020,275.7,275.7,276.2,276.9,275.8,276.05,276.25,0.35,0.55,116690.0,3223899.39,265528.0,
AU.SHF,20171023,276.05,276.25,276.0,276.05,274.8,274.9,275.3,-1.35,-0.95,123402.0,3397330.24,262902.0,
AU.SHF,20171024,274.9,275.3,274.7,276.25,274.45,275.8,275.5,0.5,0.2,102460.0,2823036.85,256802.0,
AU.SHF,20171025,275.8,275.5,275.35,275.45,274.5,274.55,274.9,-0.95,-0.6,105748.0,2907323.31,250284.0,
AU.SHF,20171026,274.55,274.9,274.4,275.85,274.4,275.8,275.35,0.9,0.45,127364.0,3507507.19,244458.0,
AU.SHF,20171027,275.8,275.35,275.2,275.65,273.65,273.95,274.4,-1.4,-0.95,146570.0,4022459.42,237496.0,
AU.SHF,20171030,273.95,274.4,273.65,274.8,273.65,274.3,274.3,-0.1,-0.1,132546.0,3635898.79,220844.0,
AU.SHF,20171031,274.3,274.3,274.25,275.15,274.15,274.5,274.6,0.2,0.3,129702.0,3562114.12,197174.0,
AU.SHF,20171101,274.5,274.6,273.9,274.15,273.1,273.9,273.55,-0.7,-1.05,107352.0,2936741.16,184966.0,
AU.SHF,20171102,273.9,273.55,273.8,274.2,273.0,274.0,273.75,0.45,0.2,82780.0,2266236.46,180296.0,
AU.SHF,20171103,274.0,273.75,273.7,274.8,273.5,274.0,274.05,0.25,0.3,81612.0,2236762.78,180534.0,
AU.SHF,20171106,274.0,274.05,274.1,274.65,272.8,273.4,273.6,-0.65,-0.45,95554.0,2614593.27,174718.0,
AU.SHF,20171107,273.4,273.6,273.75,275.4,273.55,274.75,274.45,1.15,0.85,81728.0,2243292.37,163132.0,
AU.SHF,20171108,274.75,274.45,274.8,275.05,273.9,274.8,274.65,0.35,0.2,63420.0,1741870.5,160210.0,
AU.SHF,20171109,274.8,274.65,275.1,276.15,275.05,275.75,275.55,1.1,0.9,82990.0,2287020.4,144354.0,
AU.SHF,20171110,275.75,279.75,280.9,281.2,280.3,280.85,280.8,1.1,1.05,58324.0,1637887.5,161310.0,
AU.SHF,20171113,280.85,280.8,281.1,281.15,279.3,279.65,279.9,-1.15,-0.9,43774.0,1225399.56,160978.0,
AU.SHF,20171114,279.65,279.9,279.8,280.15,279.2,279.3,279.5,-0.6,-0.4,36148.0,1010408.81,163660.0,
AU.SHF,20171115,279.3,279.5,278.85,280.3,278.25,279.8,279.45,0.3,-0.05,82062.0,2293575.86,167836.0,
AU.SHF,20171116,279.8,279.45,280.2,280.65,278.85,279.15,279.7,-0.3,0.25,109230.0,3055219.91,170206.0,
AU.SHF,20171117,279.15,279.7,279.35,280.1,279.05,280.1,279.6,0.4,-0.1,83458.0,2333806.95,177048.0,
AU.SHF,20171120,280.1,279.6,280.0,284.15,279.9,281.65,281.15,2.05,1.55,124816.0,3509348.38,198364.0,
AU.SHF,20171121,281.65,281.15,281.6,282.0,279.1,279.9,280.35,-1.25,-0.8,125686.0,3523757.62,194856.0,
AU.SHF,20171122,279.9,280.35,279.35,280.6,279.25,279.95,279.8,-0.4,-0.55,98470.0,2755622.6,197390.0,
AU.SHF,20171123,279.95,279.8,280.15,280.95,279.85,280.1,280.3,0.3,0.5,92712.0,2599057.27,200858.0,
AU.SHF,20171124,280.1,280.3,280.15,280.45,279.5,280.45,280.05,0.15,-0.25,61598.0,1725257.52,203922.0,
AU.SHF,20171127,280.45,280.05,280.05,280.5,279.65,280.45,280.1,0.4,0.05,75548.0,2116120.63,208924.0,
AU.SHF,20171128,280.45,280.1,281.25,282.4,281.0,281.55,281.55,1.45,1.45,141338.0,3979982.7,234998.0,
AU.SHF,20171129,281.55,281.55,281.75,282.05,280.65,281.75,281.5,0.2,-0.05,89514.0,2520049.58,235040.0,
AU.SHF,20171130,281.75,281.5,281.55,281.6,279.3,279.55,280.25,-1.95,-1.25,160322.0,4493376.32,219304.0,
AU.SHF,20171201,279.55,280.25,279.35,279.35,277.4,277.75,278.2,-2.5,-2.05,116132.0,3231250.95,223136.0,
AU.SHF,20171204,277.75,278.2,277.6,279.95,276.7,277.55,278.05,-0.65,-0.15,158454.0,4406010.28,228100.0,
AU.SHF,20171205,277.55,278.05,277.3,278.3,277.25,277.7,277.65,-0.35,-0.4,77562.0,2153550.8,232240.0,
AU.SHF,20171206,277.7,277.65,277.55,277.7,275.1,276.05,276.1,-1.6,-1.55,151124.0,4173057.53,239546.0,
AU.SHF,20171207,276.05,276.1,275.85,276.35,273.45,274.15,275.0,-1.95,-1.1,128306.0,3528834.09,251254.0,
AU.SHF,20171208,274.15,275.0,273.65,273.95,272.05,272.35,272.9,-2.65,-2.1,115350.0,3147986.82,264838.0,
AU.SHF,20171211,272.35,272.9,272.25,273.2,271.5,272.55,272.3,-0.35,-0.6,112536.0,3064864.49,265648.0,
AU.SHF,20171212,272.55,272.3,272.9,272.9,271.25,271.9,271.9,-0.4,-0.4,77378.0,2103991.52,269106.0,
AU.SHF,20171213,271.9,271.9,271.6,272.05,270.9,271.85,271.45,-0.05,-0.45,77742.0,2110667.1,267944.0,
AU.SHF,20171214,271.85,271.45,271.75,275.15,271.6,274.25,273.5,2.8,2.05,148848.0,4071306.9,262238.0,
AU.SHF,20171215,274.25,273.5,274.1,274.6,273.5,274.25,273.95,0.75,0.45,84622.0,2318595.72,264592.0,
AU.SHF,20171218,274.25,273.95,274.75,275.3,273.7,274.4,274.35,0.45,0.4,110138.0,3022008.7,265180.0,
AU.SHF,20171219,274.4,274.35,274.95,275.9,274.45,275.55,275.1,1.2,0.75,107556.0,2958880.23,264386.0,
AU.SHF,20171220,275.55,275.1,275.35,275.5,274.8,274.95,275.1,-0.15,0.0,73426.0,2020291.38,262544.0,
AU.SHF,20171221,274.95,275.1,275.15,275.3,274.35,274.7,274.75,-0.4,-0.35,87822.0,2412976.37,265840.0,
AU.SHF,20171222,274.7,274.75,274.5,275.05,274.25,274.9,274.65,0.15,-0.1,64172.0,1762789.1,266088.0,
AU.SHF,20171225,274.9,274.65,275.25,276.75,274.9,276.6,275.9,1.95,1.25,85190.0,2350667.74,262910.0,
AU.SHF,20171226,276.6,275.9,276.45,276.6,275.6,276.5,276.25,0.6,0.35,41718.0,1152615.24,262238.0,
AU.SHF,20171227,276.5,276.25,276.5,277.2,276.3,277.15,276.8,0.9,0.55,71938.0,1991375.06,255188.0,
AU.SHF,20171228,277.15,276.8,277.45,278.55,277.35,278.05,277.9,1.25,1.1,75412.0,2095758.85,253730.0,
AU.SHF,20171229,278.05,277.9,278.0,278.3,277.45,277.8,277.9,-0.1,0.0,70460.0,1958330.02,247600.0,
AU.SHF,20180102,277.8,277.9,279.55,279.9,278.95,279.4,279.2,1.5,1.3,54760.0,1529105.87,255972.0,
AU.SHF,20180103,279.4,279.2,279.8,281.45,279.45,280.35,280.4,1.15,1.2,120498.0,3379331.4,269758.0,
AU.SHF,20180104,280.35,280.4,280.25,280.5,278.35,279.0,279.3,-1.4,-1.1,115606.0,3229031.02,268078.0,
AU.SHF,20180105,279.0,279.3,279.3,280.5,278.4,279.85,279.7,0.55,0.4,131968.0,3691152.04,271418.0,
AU.SHF,20180108,279.85,279.7,279.55,280.8,279.05,280.2,279.95,0.5,0.25,122670.0,3434356.25,265332.0,
AU.SHF,20180109,280.2,279.95,280.35,281.0,280.0,280.55,280.5,0.6,0.55,97146.0,2725383.24,269750.0,
AU.SHF,20180110,280.55,280.5,280.6,280.85,279.75,279.95,280.15,-0.55,-0.35,100630.0,2819623.59,275136.0,
AU.SHF,20180111,279.95,280.15,281.7,281.85,280.5,280.85,281.1,0.7,0.95,107986.0,3035916.5,277640.0,
AU.SHF,20180112,280.85,281.1,280.95,281.8,280.55,281.55,281.15,0.45,0.05,107150.0,3013036.79,281512.0,
AU.SHF,20180115,281.55,281.15,281.7,282.6,280.05,282.05,281.75,0.9,0.6,154100.0,4342302.75,281200.0,
AU.SHF,20180116,282.05,281.75,282.25,282.35,281.5,281.65,281.9,-0.1,0.15,73686.0,2077222.23,278914.0,
AU.SHF,20180117,281.65,281.9,281.05,281.9,280.55,280.8,281.1,-1.1,-0.8,120036.0,3374587.39,277878.0,
AU.SHF,20180118,280.8,281.1,280.95,281.0,278.65,279.25,279.65,-1.85,-1.45,120704.0,3375661.71,275960.0,
AU.SHF,20180119,279.25,279.65,278.8,279.4,277.9,278.35,278.65,-1.3,-1.0,123998.0,3455389.51,275066.0,
AU.SHF,20180122,278.35,278.65,278.9,279.15,278.45,278.5,278.85,-0.15,0.2,91784.0,2559424.6,274708.0,
AU.SHF,20180123,278.5,278.85,278.9,279.6,278.6,279.4,279.1,0.55,0.25,106384.0,2969343.66,282894.0,
AU.SHF,20180124,279.4,279.1,279.65,280.7,279.15,280.7,279.8,1.6,0.7,129994.0,3637826.29,289142.0,
AU.SHF,20180125,280.7,279.8,281.25,282.1,280.75,281.75,281.4,1.95,1.6,147606.0,4154306.48,289750.0,
AU.SHF,20180126,281.75,281.4,280.65,281.25,279.15,279.95,280.2,-1.45,-1.2,160632.0,4501325.7,289436.0,
AU.SHF,20180129,279.95,280.2,279.4,280.0,278.55,278.7,279.25,-1.5,-0.95,116526.0,3254403.8,295796.0,
AU.SHF,20180130,278.7,279.25,278.25,278.75,276.2,276.35,277.45,-2.9,-1.8,142162.0,3944542.87,298672.0,
AU.SHF,20180131,276.35,277.45,277.55,278.05,276.45,276.6,277.1,-0.85,-0.35,130220.0,3608747.27,294800.0,
AU.SHF,20180201,276.6,277.1,276.1,276.8,275.6,276.05,276.15,-1.05,-0.95,107992.0,2982506.6,291744.0,
AU.SHF,20180202,276.05,276.15,275.85,276.85,275.6,276.4,276.25,0.25,0.1,95114.0,2627975.3,295254.0,
AU.SHF,20180205,276.4,276.25,276.15,276.5,273.75,274.0,274.65,-2.25,-1.6,179670.0,4935017.64,302310.0,
AU.SHF,20180206,274.0,274.65,274.3,277.4,273.8,276.0,275.7,1.35,1.05,165138.0,4552878.83,308226.0,
AU.SHF,20180207,276.0,275.7,274.95,274.95,271.65,272.3,273.05,-3.4,-2.65,173706.0,4743367.44,308076.0,
AU.SHF,20180208,272.3,273.05,271.65,272.15,270.35,271.7,271.25,-1.35,-1.8,169214.0,4590483.72,312778.0,
AU.SHF,20180209,271.7,271.25,272.3,274.5,271.8,273.05,272.95,1.8,1.7,153838.0,4199119.43,314210.0,
AU.SHF,20180212,273.05,272.95,271.85,273.1,270.85,272.9,272.0,-0.05,-0.95,165634.0,4505411.93,319818.0,
AU.SHF,20180213,272.9,272.0,272.7,274.35,272.65,274.25,273.5,2.25,1.5,106204.0,2904825.76,315230.0,
AU.SHF,20180214,274.25,273.5,274.65,276.15,273.55,276.1,275.0,2.6,1.5,101596.0,2793963.33,307424.0,
AU.SHF,20180222,276.1,275.0,274.7,274.8,273.3,273.65,273.85,-1.35,-1.15,69122.0,1893221.23,313768.0,
AU.SHF,20180223,273.65,273.85,274.0,275.0,274.0,274.6,274.45,0.75,0.6,89858.0,2466595.58,321220.0,
AU.SHF,20180226,274.6,274.45,275.05,275.95,274.1,275.85,275.05,1.4,0.6,105090.0,2890647.88,328434.0,
AU.SHF,20180227,275.85,275.05,275.25,275.6,274.05,274.4,274.7,-0.65,-0.35,109948.0,3020738.08,324142.0,
AU.SHF,20180228,274.4,274.7,274.35,274.4,271.7,272.05,272.75,-2.65,-1.95,164380.0,4484251.24,328194.0,
AU.SHF,20180301,272.05,272.75,272.35,272.75,271.35,271.7,272.05,-1.05,-0.7,96650.0,2629526.33,330226.0,
AU.SHF,20180302,271.7,272.05,270.95,273.05,270.7,272.7,271.9,0.65,-0.15,176954.0,4811713.03,336474.0,
AU.SHF,20180305,272.7,271.9,273.3,273.9,272.45,273.65,273.35,1.75,1.45,128004.0,3499444.62,333908.0,
AU.SHF,20180306,273.65,273.35,273.35,273.5,272.35,273.3,273.0,-0.05,-0.35,81380.0,2221775.56,334266.0,
AU.SHF,20180307,273.3,273.0,273.7,275.3,273.6,274.5,274.55,1.5,1.55,159050.0,4367158.06,328022.0,
AU.SHF,20180308,274.5,274.55,274.0,274.35,273.15,274.0,273.8,-0.55,-0.75,130368.0,3569692.5,333818.0,
AU.SHF,20180309,274.0,273.8,273.75,274.15,272.25,272.55,273.1,-1.25,-0.7,119300.0,3258362.0,334198.0,
AU.SHF,20180312,272.55,273.1,272.4,273.25,271.45,272.5,272.35,-0.6,-0.75,155822.0,4244461.54,331402.0,
AU.SHF,20180313,272.5,272.35,271.8,272.9,271.65,272.3,272.2,-0.05,-0.15,91312.0,2485678.59,336476.0,
AU.SHF,20180314,272.3,272.2,273.0,273.6,271.9,272.75,272.9,0.55,0.7,144588.0,3946290.13,334406.0,
AU.SHF,20180315,272.75,272.9,272.2,272.85,272.0,272.5,272.35,-0.4,-0.55,86940.0,2368103.74,334692.0,
AU.SHF,20180316,272.5,272.35,271.75,271.9,270.9,271.35,271.45,-1.0,-0.9,112028.0,3041103.8,335706.0,
AU.SHF,20180319,271.35,271.45,271.5,271.6,269.65,270.05,270.6,-1.4,-0.85,133874.0,3622746.52,339980.0,
AU.SHF,20180320,270.05,270.6,270.55,271.5,270.3,271.2,270.95,0.6,0.35,94422.0,2558391.59,339400.0,
AU.SHF,20180321,271.2,270.95,270.45,271.3,269.9,271.15,270.55,0.2,-0.4,104436.0,2825643.47,338814.0,
AU.SHF,20180322,271.15,270.55,271.6,274.25,271.55,273.5,272.75,2.95,2.2,214702.0,5856792.39,336210.0,
AU.SHF,20180323,273.5,272.75,274.2,276.55,273.3,276.5,275.05,3.75,2.3,222076.0,6108748.39,338094.0,
AU.SHF,20180326,276.5,275.05,276.9,277.25,275.85,276.15,276.65,1.1,1.6,176800.0,4891311.03,332560.0,
AU.SHF,20180327,276.15,276.65,275.45,276.65,275.35,275.8,275.9,-0.85,-0.75,132922.0,3667319.23,330844.0,
AU.SHF,20180328,275.8,275.9,274.3,275.15,273.95,274.2,274.55,-1.7,-1.35,137984.0,3788638.67,325736.0,
AU.SHF,20180329,274.2,274.55,273.45,273.7,270.95,271.05,272.2,-3.5,-2.35,197124.0,5366623.36,316296.0,
AU.SHF,20180330,271.05,272.2,271.0,271.6,270.85,271.55,271.2,-0.65,-1.0,77390.0,2099143.82,316812.0,
AU.SHF,20180402,271.55,271.2,271.65,272.35,271.3,271.75,271.7,0.55,0.5,73540.0,1998432.62,315638.0,
AU.SHF,20180403,271.75,271.7,272.5,274.6,272.3,273.75,273.35,2.05,1.65,159884.0,4370786.16,309224.0,
AU.SHF,20180404,273.75,273.35,273.35,273.5,271.6,273.4,272.65,0.05,-0.7,139306.0,3798768.99,308904.0,
AU.SHF,20180409,273.4,272.65,273.0,273.2,272.4,272.55,272.75,-0.1,0.1,63718.0,1738044.71,309468.0,
AU.SHF,20180410,272.55,272.75,273.35,274.15,272.4,272.7,273.1,-0.05,0.35,119642.0,3267949.39,309026.0,
AU.SHF,20180411,272.7,273.1,273.35,274.35,272.75,274.3,273.6,1.2,0.5,144666.0,3958098.94,317112.0,
AU.SHF,20180412,274.3,273.6,275.9,276.8,274.35,275.2,275.45,1.6,1.85,281170.0,7745979.86,313048.0,
AU.SHF,20180413,275.2,275.45,274.4,274.65,272.65,273.15,273.6,-2.3,-1.85,170916.0,4676394.09,305098.0,
AU.SHF,20180416,273.15,273.6,273.2,274.9,272.9,274.25,274.15,0.65,0.55,175852.0,4821265.64,306138.0,
AU.SHF,20180417,274.25,274.15,274.25,274.85,273.85,274.65,274.4,0.5,0.25,109886.0,3015510.66,304832.0,
AU.SHF,20180418,274.65,274.4,273.15,274.75,273.05,274.5,274.0,0.1,-0.4,123876.0,3394351.33,298582.0,
AU.SHF,20180419,274.5,274.0,275.6,275.8,274.55,275.2,275.05,1.2,1.05,155956.0,4289846.46,296316.0,
AU.SHF,20180420,275.2,275.05,274.35,274.75,273.5,273.85,274.1,-1.2,-0.95,142614.0,3909127.37,293800.0,
AU.SHF,20180423,273.85,274.1,273.65,273.65,272.0,272.55,272.75,-1.55,-1.35,185234.0,5052721.87,274708.0,
AU.SHF,20180424,272.55,272.75,271.5,272.2,271.05,271.85,271.7,-0.9,-1.05,154496.0,4198038.21,254386.0,
AU.SHF,20180425,271.85,271.7,271.65,272.65,271.5,271.6,272.0,-0.1,0.3,134470.0,3657827.15,239004.0,
AU.SHF,20180426,271.6,272.0,271.3,272.05,271.2,271.9,271.65,-0.1,-0.35,112116.0,3045954.57,216630.0,
AU.SHF,20180427,271.9,271.65,271.6,271.75,270.65,271.15,271.05,-0.5,-0.6,167128.0,4530830.44,188628.0,
AU.SHF,20180502,271.15,271.05,269.35,270.55,268.6,270.4,270.05,-0.65,-1.0,80522.0,2174704.87,164692.0,
AU.SHF,20180503,270.4,273.95,273.8,274.9,273.35,274.15,274.1,0.2,0.15,98418.0,2697969.3,234414.0,
AU.SHF,20180504,274.15,274.1,275.05,275.15,274.05,274.3,274.5,0.2,0.4,89614.0,2459996.16,265590.0,
AU.SHF,20180507,274.3,274.5,275.0,275.75,274.35,275.15,275.05,0.65,0.55,94876.0,2609567.02,276690.0,
AU.SHF,20180508,275.15,275.05,275.25,275.45,274.75,274.95,275.05,-0.1,0.0,89848.0,2471645.83,286166.0,
AU.SHF,20180509,274.95,275.05,274.6,275.95,273.95,274.6,274.75,-0.45,-0.3,145340.0,3993590.22,293528.0,
AU.SHF,20180510,274.6,274.75,275.1,275.55,274.65,274.8,275.0,0.05,0.25,112892.0,3104851.1,293762.0,
AU.SHF,20180511,274.8,275.0,275.7,275.75,274.75,275.2,275.2,0.2,0.2,98314.0,2705629.53,295562.0,
AU.SHF,20180514,275.2,275.2,275.7,275.7,275.0,275.15,275.2,-0.05,0.0,68000.0,1871682.96,298542.0,
AU.SHF,20180515,275.15,275.2,275.0,275.2,273.6,273.8,274.3,-1.4,-0.9,84694.0,2323463.73,305570.0,
AU.SHF,20180516,273.8,274.3,272.0,272.05,270.55,271.25,271.25,-3.05,-3.05,143926.0,3904037.73,312868.0,
AU.SHF,20180517,271.25,271.25,270.1,270.8,269.75,269.85,270.35,-1.4,-0.9,112742.0,3048241.38,319894.0,
AU.SHF,20180518,269.85,270.35,270.0,270.45,269.9,270.3,270.15,-0.05,-0.2,87276.0,2358085.8,321724.0,
AU.SHF,20180521,270.3,270.15,270.05,271.15,269.45,269.5,270.35,-0.65,0.2,131962.0,3568036.45,326826.0,
AU.SHF,20180522,269.5,270.35,270.15,270.8,270.0,270.25,270.35,-0.1,0.0,101034.0,2731615.15,325632.0,
AU.SHF,20180523,270.25,270.35,270.8,270.85,270.2,270.5,270.55,0.15,0.2,105426.0,2852490.81,331526.0,
AU.SHF,20180524,270.5,270.55,271.15,272.3,270.65,272.25,271.4,1.7,0.85,150568.0,4086732.7,335882.0,
AU.SHF,20180525,272.25,271.4,272.6,273.85,272.25,273.55,273.3,2.15,1.9,137342.0,3753775.34,332452.0,
AU.SHF,20180528,273.55,273.3,274.1,274.3,272.15,272.35,273.05,-0.95,-0.25,126806.0,3462936.37,330022.0,
AU.SHF,20180529,272.35,273.05,273.0,273.65,272.65,273.25,273.25,0.2,0.2,82968.0,2267382.57,334188.0,
AU.SHF,20180530,273.25,273.25,273.5,274.95,272.8,274.15,274.05,0.9,0.8,183800.0,5037608.25,339926.0,
AU.SHF,20180531,274.15,274.05,274.4,274.55,273.8,274.5,274.15,0.45,0.1,93610.0,2566781.47,336208.0,
AU.SHF,20180601,274.5,274.15,274.1,275.0,273.3,273.85,274.0,-0.3,-0.15,122792.0,3364857.91,336106.0,
AU.SHF,20180604,273.85,274.0,272.65,273.65,272.3,272.4,272.85,-1.6,-1.15,103898.0,2835195.43,338088.0,
AU.SHF,20180605,272.4,272.85,273.0,273.0,271.65,271.9,272.2,-0.95,-0.65,84728.0,2306361.88,343162.0,
AU.SHF,20180606,271.9,272.2,272.0,273.35,271.7,272.4,272.45,0.2,0.25,109980.0,2996891.94,345328.0,
AU.SHF,20180607,272.4,272.45,272.4,272.85,271.8,272.15,272.25,-0.3,-0.2,79982.0,2177581.8,344840.0,
AU.SHF,20180608,272.15,272.25,272.7,272.75,271.8,272.1,272.2,-0.15,-0.05,106106.0,2888387.62,348568.0,
AU.SHF,20180611,272.1,272.2,272.65,273.35,272.35,272.7,272.8,0.5,0.6,111914.0,3053087.54,356314.0,
AU.SHF,20180612,272.7,272.8,272.8,273.45,272.2,272.4,272.75,-0.4,-0.05,104024.0,2837583.31,357462.0,
AU.SHF,20180613,272.4,272.75,272.0,272.9,271.95,272.1,272.3,-0.65,-0.45,79628.0,2168525.51,360928.0,
AU.SHF,20180614,272.1,272.3,272.2,273.35,271.95,273.35,272.5,1.05,0.2,126162.0,3437947.73,364768.0,
AU.SHF,20180615,273.35,272.5,274.3,274.4,273.25,273.65,273.8,1.15,1.3,133752.0,3662684.17,363320.0,
AU.SHF,20180619,273.65,273.8,271.0,271.5,270.75,271.4,271.2,-2.4,-2.6,87632.0,2376663.3,367284.0,
AU.SHF,20180620,271.4,271.2,270.7,271.4,270.15,270.2,270.8,-1.0,-0.4,108996.0,2952073.9,366686.0,
AU.SHF,20180621,270.2,270.8,270.55,270.85,269.1,269.45,269.85,-1.35,-0.95,119712.0,3230430.44,375180.0,
AU.SHF,20180622,269.45,269.85,269.6,270.65,269.4,270.55,270.05,0.7,0.2,90424.0,2442074.48,370930.0,
AU.SHF,20180625,270.55,270.05,270.4,271.7,270.15,271.15,271.15,1.1,1.1,130972.0,3551320.21,365634.0,
AU.SHF,20180626,271.15,271.15,271.4,272.0,271.2,271.25,271.45,0.1,0.3,98760.0,2681155.93,365216.0,
AU.SHF,20180627,271.25,271.45,270.95,271.75,270.85,271.6,271.35,0.15,-0.1,111946.0,3038099.17,362252.0,
AU.SHF,20180628,271.6,271.35,271.5,271.9,270.9,270.9,271.5,-0.45,0.15,90456.0,2455886.66,361900.0,
AU.SHF,20180629,270.9,271.5,271.5,271.75,270.75,271.4,271.35,-0.1,-0.15,97584.0,2648164.88,363826.0,
AU.SHF,20180702,271.4,271.35,271.4,272.45,271.0,272.1,271.8,0.75,0.45,94590.0,2571137.43,361072.0,
AU.SHF,20180703,272.1,271.8,272.95,273.0,271.3,271.9,272.15,0.1,0.35,123536.0,3362623.57,352038.0,
AU.SHF,20180704,271.9,272.15,272.2,273.7,272.1,272.65,272.9,0.5,0.75,145476.0,3970670.36,351972.0,
AU.SHF,20180705,272.65,272.9,272.5,273.3,272.3,272.75,272.85,-0.15,-0.05,89982.0,2455281.5,343862.0,
AU.SHF,20180706,272.75,272.85,272.7,273.55,272.4,273.25,273.1,0.4,0.25,108998.0,2977086.45,346630.0,
AU.SHF,20180709,273.25,273.1,273.0,273.4,272.7,273.1,273.0,0.0,-0.1,88894.0,2427198.27,344640.0,
AU.SHF,20180710,273.1,273.0,273.2,273.3,271.55,272.0,272.35,-1.0,-0.65,95614.0,2604155.14,344388.0,
AU.SHF,20180711,272.0,272.35,272.15,273.05,271.85,272.85,272.55,0.5,0.2,101934.0,2778480.54,344000.0,
AU.SHF,20180712,272.85,272.55,273.1,273.3,271.75,271.9,272.45,-0.65,-0.1,94882.0,2585242.53,341722.0,
AU.SHF,20180713,271.9,272.45,271.8,272.35,271.6,271.7,271.9,-0.75,-0.55,68156.0,1853459.8,339684.0,
AU.SHF,20180716,271.7,271.9,272.1,272.45,271.7,272.05,272.05,0.15,0.15,69242.0,1883889.95,337846.0,
AU.SHF,20180717,272.05,272.05,271.55,271.75,270.75,271.55,271.15,-0.5,-0.9,99132.0,2688392.37,338666.0,
AU.SHF,20180718,271.55,271.15,271.25,271.4,268.6,269.05,269.65,-2.1,-1.5,181010.0,4881015.3,351572.0,
AU.SHF,20180719,269.05,269.65,269.5,270.35,269.2,270.3,269.75,0.65,0.1,105332.0,2841771.64,351492.0,
AU.SHF,20180720,270.3,269.75,269.3,271.1,269.2,270.65,270.3,0.9,0.55,132416.0,3579435.59,346960.0,
AU.SHF,20180723,270.65,270.3,271.5,272.3,271.45,271.9,271.8,1.6,1.5,107080.0,2910839.35,342204.0,
AU.SHF,20180724,271.9,271.8,272.1,272.2,271.5,271.7,271.9,-0.1,0.1,104896.0,2852346.54,336680.0,
AU.SHF,20180725,271.7,271.9,272.05,272.2,271.5,271.7,271.85,-0.2,-0.05,75446.0,2051355.22,333878.0,
AU.SHF,20180726,271.7,271.85,271.75,272.1,271.3,272.1,271.65,0.25,-0.2,94872.0,2577312.23,336058.0,
AU.SHF,20180727,272.1,271.65,271.65,272.1,271.3,271.5,271.65,-0.15,0.0,88686.0,2409175.84,330526.0,
AU.SHF,20180730,271.5,271.65,271.85,272.05,271.4,271.55,271.75,-0.1,0.1,77966.0,2118803.44,329178.0,
AU.SHF,20180731,271.55,271.75,271.7,271.9,271.3,271.65,271.6,-0.1,-0.15,67996.0,1846946.21,328600.0,
AU.SHF,20180801,271.65,271.6,271.35,271.55,270.15,271.45,271.05,-0.15,-0.55,122992.0,3333943.12,323160.0,
AU.SHF,20180802,271.45,271.05,270.85,271.55,270.5,270.75,270.8,-0.3,-0.25,93806.0,2540436.93,321780.0,
AU.SHF,20180803,270.75,270.8,271.3,271.4,269.9,270.2,270.4,-0.6,-0.4,86800.0,2347491.78,327244.0,
AU.SHF,20180806,270.2,270.4,270.25,271.2,270.0,270.25,270.45,-0.15,0.05,109278.0,2955612.49,326716.0,
AU.SHF,20180807,270.25,270.45,269.6,270.55,269.55,270.1,270.05,-0.35,-0.4,74168.0,2003211.43,326570.0,
AU.SHF,20180808,270.1,270.05,269.7,269.85,268.3,269.5,269.25,-0.55,-0.8,112194.0,3021015.28,327808.0,
AU.SHF,20180809,269.5,269.25,269.0,269.65,268.6,269.55,269.2,0.3,-0.05,87262.0,2349411.57,325766.0,
AU.SHF,20180810,269.55,269.2,269.35,269.75,269.1,269.4,269.45,0.2,0.25,81740.0,2202583.5,324408.0,
AU.SHF,20180813,269.4,269.45,270.15,270.7,269.95,270.1,270.25,0.65,0.8,113674.0,3072335.95,321382.0,
AU.SHF,20180814,270.1,270.25,269.05,269.15,267.5,267.65,268.2,-2.6,-2.05,148122.0,3972960.32,328546.0,
AU.SHF,20180815,267.65,268.2,268.0,268.4,267.0,267.4,267.65,-0.8,-0.55,97428.0,2607866.44,330308.0,
AU.SHF,20180816,267.4,267.65,267.25,267.45,262.7,264.0,264.95,-3.65,-2.7,237028.0,6280372.27,331350.0,
AU.SHF,20180817,264.0,264.95,264.0,264.65,263.25,263.4,263.8,-1.55,-1.15,130468.0,3442259.98,328950.0,
AU.SHF,20180820,263.4,263.8,263.55,265.15,263.4,265.15,264.2,1.35,0.4,91574.0,2419781.96,328496.0,
AU.SHF,20180821,265.15,264.2,265.1,266.45,264.8,266.35,265.6,2.15,1.4,94642.0,2513775.05,327710.0,
AU.SHF,20180822,266.35,265.6,265.9,266.55,265.0,266.25,265.75,0.65,0.15,103968.0,2763232.67,329224.0,
AU.SHF,20180823,266.25,265.75,267.0,267.2,266.15,266.2,266.55,0.45,0.8,89684.0,2390886.5,328654.0,
AU.SHF,20180824,266.2,266.55,266.7,266.8,265.55,266.3,266.2,-0.25,-0.35,82384.0,2193150.89,326320.0,
AU.SHF,20180827,266.3,266.2,265.9,267.65,265.8,267.45,267.0,1.25,0.8,125174.0,3342167.83,327476.0,
AU.SHF,20180828,267.45,267.0,267.5,268.35,267.25,268.3,267.8,1.3,0.8,79354.0,2125493.13,327890.0,
AU.SHF,20180829,268.3,267.8,268.05,268.15,266.05,267.05,267.15,-0.75,-0.65,93472.0,2497434.56,322534.0,
AU.SHF,20180830,267.05,267.15,267.5,267.85,267.05,267.45,267.45,0.3,0.3,77472.0,2071992.12,324556.0,
AU.SHF,20180831,267.45,267.45,268.05,268.1,266.6,267.8,267.4,0.35,-0.05,111716.0,2987721.2,324340.0,
AU.SHF,20180903,267.8,267.4,267.8,267.8,266.55,266.6,267.05,-0.8,-0.35,89258.0,2383892.12,322964.0,
AU.SHF,20180904,266.6,267.05,266.65,266.9,265.5,265.6,266.3,-1.45,-0.75,66944.0,1782809.02,324102.0,
AU.SHF,20180905,265.6,266.3,265.8,265.85,265.05,265.6,265.45,-0.7,-0.85,88146.0,2339966.52,323638.0,
AU.SHF,20180906,265.6,265.45,266.05,266.75,265.65,266.4,266.2,0.95,0.75,83454.0,2221725.74,326196.0,
AU.SHF,20180907,266.4,266.2,267.25,267.6,266.5,267.2,267.1,1.0,0.9,113874.0,3041907.89,325930.0,
AU.SHF,20180910,267.2,267.1,266.5,267.0,266.0,266.25,266.5,-0.85,-0.6,100898.0,2689272.06,325640.0,
AU.SHF,20180911,266.25,266.5,266.55,267.1,266.5,267.0,266.8,0.5,0.3,67076.0,1789735.57,326742.0,
AU.SHF,20180912,267.0,266.8,266.05,267.55,265.75,266.8,266.7,0.0,-0.1,99166.0,2644768.68,328944.0,
AU.SHF,20180913,266.8,266.7,266.85,268.2,266.7,268.1,267.5,1.4,0.8,116310.0,3111759.65,327278.0,
AU.SHF,20180914,268.1,267.5,268.35,269.05,267.1,268.65,268.15,1.15,0.65,142808.0,3829877.25,324634.0,
AU.SHF,20180917,268.65,268.15,268.15,268.15,267.1,267.35,267.5,-0.8,-0.65,105902.0,2833257.79,322062.0,
AU.SHF,20180918,267.35,267.5,267.8,268.5,267.6,267.65,268.0,0.15,0.5,91380.0,2449291.69,322214.0,
AU.SHF,20180919,267.65,268.0,268.25,268.45,267.2,267.95,267.8,-0.05,-0.2,77474.0,2074999.77,317102.0,
AU.SHF,20180920,267.95,267.8,268.5,268.65,267.75,268.2,268.2,0.4,0.4,87642.0,2350808.97,315952.0,
AU.SHF,20180921,268.2,268.2,268.45,269.35,267.95,269.05,268.5,0.85,0.3,95930.0,2576082.45,315608.0,
AU.SHF,20180925,269.05,268.5,267.9,268.0,267.35,267.95,267.7,-0.55,-0.8,56136.0,1502821.9,310406.0,
AU.SHF,20180926,267.95,267.7,268.2,268.7,268.0,268.35,268.35,0.65,0.65,70508.0,1892323.2,307950.0,
AU.SHF,20180927,268.35,268.35,267.65,268.5,267.15,267.4,267.6,-0.95,-0.75,107108.0,2866580.22,295658.0,
AU.SHF,20180928,267.4,267.6,266.2,266.2,264.85,264.9,265.55,-2.7,-2.05,132906.0,3529524.35,299278.0,
AU.SHF,20181008,264.9,265.55,269.7,269.95,268.0,268.65,268.6,3.1,3.05,77522.0,2082467.29,295844.0,
AU.SHF,20181009,268.65,268.6,267.4,268.25,267.2,267.9,267.85,-0.7,-0.75,106262.0,2846330.71,295220.0,
AU.SHF,20181010,267.9,267.85,267.55,268.2,267.2,267.9,267.8,0.05,-0.05,99802.0,2672974.53,296092.0,
AU.SHF,20181011,267.9,267.8,267.7,269.45,267.5,269.45,268.55,1.65,0.75,152014.0,4082425.18,304486.0,
AU.SHF,20181012,269.45,268.55,271.3,273.8,270.5,272.85,272.3,4.3,3.75,292244.0,7958756.37,303616.0,
AU.SHF,20181015,272.85,272.3,273.45,275.35,273.15,275.35,274.05,3.05,1.75,171490.0,4700137.58,305708.0,
AU.SHF,20181016,275.35,274.05,276.0,276.15,274.75,275.25,275.4,1.2,1.35,154004.0,4241737.11,299494.0,
AU.SHF,20181017,275.25,275.4,275.65,276.0,274.15,274.5,274.95,-0.9,-0.45,123992.0,3409345.72,286064.0,
AU.SHF,20181018,274.5,274.95,275.2,275.8,274.35,274.75,275.1,-0.2,0.15,135758.0,3735039.2,281456.0,
AU.SHF,20181019,274.75,275.1,275.4,277.2,275.1,276.05,276.2,0.95,1.1,185180.0,5114798.95,282884.0,
AU.SHF,20181022,276.05,276.2,276.2,276.35,275.6,275.85,275.9,-0.35,-0.3,110412.0,3046354.52,272184.0,
AU.SHF,20181023,275.85,275.9,275.65,277.0,275.0,276.95,275.75,1.05,-0.15,139484.0,3846827.8,270766.0,
AU.SHF,20181024,276.95,275.75,278.55,279.3,277.05,277.15,278.1,1.4,2.35,199308.0,5542865.81,260684.0,
AU.SHF,20181025,277.15,278.1,276.8,279.3,276.75,278.5,278.1,0.4,0.0,175852.0,4890769.8,261378.0,
AU.SHF,20181026,278.5,278.1,278.0,278.6,277.1,278.3,277.9,0.2,-0.2,148646.0,4130986.19,255512.0,
AU.SHF,20181029,278.3,277.9,278.4,280.45,277.85,277.85,278.8,-0.05,0.9,256378.0,7148521.32,243482.0,
AU.SHF,20181030,277.85,278.8,277.85,278.2,276.4,277.25,277.45,-1.55,-1.35,153456.0,4258329.91,231564.0,
AU.SHF,20181031,277.25,277.45,276.15,277.1,274.85,274.9,276.0,-2.55,-1.45,192764.0,5320462.58,204490.0,
AU.SHF,20181101,274.9,276.0,274.8,275.4,273.75,275.3,274.45,-0.7,-1.55,135758.0,3726219.49,183808.0,
AU.SHF,20181102,275.3,274.45,276.0,276.3,275.25,275.4,275.75,0.95,1.3,156600.0,4318743.02,170376.0,
AU.SHF,20181105,275.4,275.75,274.95,275.95,274.55,275.6,275.25,-0.15,-0.5,96254.0,2649730.42,161984.0,
AU.SHF,20181106,275.6,275.25,275.35,276.45,275.3,275.85,275.8,0.6,0.55,85740.0,2365036.43,154210.0,
AU.SHF,20181107,275.85,275.8,276.5,276.7,274.9,275.9,275.7,0.1,-0.1,104606.0,2884271.59,145810.0,
AU.SHF,20181108,275.9,280.25,280.5,280.55,279.2,279.4,279.7,-0.85,-0.55,58390.0,1633458.1,153170.0,
AU.SHF,20181109,279.4,279.7,279.4,279.75,278.6,278.7,279.15,-1.0,-0.55,65422.0,1826436.72,158670.0,
AU.SHF,20181112,278.7,279.15,278.8,278.8,276.4,276.55,277.1,-2.6,-2.05,119420.0,3309424.03,165534.0,
AU.SHF,20181113,276.55,277.1,276.5,276.6,275.35,275.45,275.95,-1.65,-1.15,96610.0,2666276.26,174342.0,
AU.SHF,20181114,275.45,275.95,275.1,275.85,274.95,275.5,275.4,-0.45,-0.55,115628.0,3184583.83,175884.0,
AU.SHF,20181115,275.5,275.4,275.15,277.1,274.55,277.05,275.85,1.65,0.45,108868.0,3003660.69,176682.0,
AU.SHF,20181116,277.05,275.85,276.65,277.55,276.05,277.5,277.1,1.65,1.25,124384.0,3446789.48,180530.0,
AU.SHF,20181119,277.5,277.1,277.75,279.0,277.7,278.25,278.45,1.15,1.35,148594.0,4137696.55,179998.0,
AU.SHF,20181120,278.25,278.45,278.5,279.4,278.45,279.3,278.9,0.85,0.45,102492.0,2858791.78,181606.0,
AU.SHF,20181121,279.3,278.9,279.9,280.35,278.75,279.0,279.35,0.1,0.45,124620.0,3481529.21,183092.0,
AU.SHF,20181122,279.0,279.35,279.2,280.15,278.7,279.65,279.5,0.3,0.15,103356.0,2889116.91,189156.0,
AU.SHF,20181123,279.65,279.5,279.9,280.1,279.5,279.65,279.8,0.15,0.3,64856.0,1814726.83,189188.0,
AU.SHF,20181126,279.65,279.8,279.25,279.8,278.8,279.5,279.3,-0.3,-0.5,103560.0,2892808.21,189378.0,
AU.SHF,20181127,279.5,279.3,279.55,279.75,278.75,278.9,279.1,-0.4,-0.2,87732.0,2448720.66,190296.0,
AU.SHF,20181128,278.9,279.1,279.35,279.65,277.25,277.55,278.15,-1.55,-0.95,146380.0,4071623.54,190172.0,
AU.SHF,20181129,277.55,278.15,277.45,279.7,277.1,279.55,278.55,1.4,0.4,153582.0,4278381.07,191218.0,
AU.SHF,20181130,279.55,278.55,279.9,280.2,279.2,279.45,279.65,0.9,1.1,107410.0,3003958.08,195186.0,
AU.SHF,20181203,279.45,279.65,279.0,279.45,278.2,278.35,278.65,-1.3,-1.0,156940.0,4373810.94,199242.0,
AU.SHF,20181204,278.35,278.65,278.6,279.45,278.3,278.35,278.85,-0.3,0.2,150018.0,4183521.06,201314.0,
AU.SHF,20181205,278.35,278.85,278.55,279.3,278.1,278.9,278.7,0.05,-0.15,107694.0,3001612.09,203354.0,
AU.SHF,20181206,278.9,278.7,279.0,280.55,278.75,279.9,279.9,1.2,1.2,147522.0,4129164.23,221702.0,
AU.SHF,20181207,279.9,279.9,279.95,281.4,279.85,280.25,280.6,0.35,0.7,173004.0,4855013.61,223782.0,
AU.SHF,20181210,280.25,280.6,280.8,283.15,280.4,283.1,281.85,2.5,1.25,235966.0,6650895.53,256096.0,
AU.SHF,20181211,283.1,281.85,282.65,283.1,282.2,282.65,282.55,0.8,0.7,124962.0,3530917.09,252018.0,
AU.SHF,20181212,282.65,282.55,282.3,282.45,281.1,281.2,281.7,-1.35,-0.85,122580.0,3453358.89,243264.0,
AU.SHF,20181213,281.2,281.7,281.4,281.85,280.55,280.8,281.1,-0.9,-0.6,94850.0,2666268.75,240564.0,
AU.SHF,20181214,280.8,281.1,280.5,281.05,280.1,280.35,280.6,-0.75,-0.5,96230.0,2700270.98,234402.0,
AU.SHF,20181217,280.35,280.6,280.25,280.85,279.7,280.2,280.15,-0.4,-0.45,99312.0,2782582.68,235298.0,
AU.SHF,20181218,280.2,280.15,280.6,282.4,280.55,281.9,281.55,1.75,1.4,100036.0,2816577.7,239150.0,
AU.SHF,20181219,281.9,281.55,281.95,282.8,281.85,282.55,282.35,1.0,0.8,98696.0,2786877.82,245630.0,
AU.SHF,20181220,282.55,282.35,282.3,284.35,281.65,282.15,282.8,-0.2,0.45,216128.0,6112665.1,253774.0,
AU.SHF,20181221,282.15,282.8,283.4,285.75,283.1,284.8,284.4,2.0,1.6,204216.0,5808363.66,263324.0,
AU.SHF,20181224,284.8,284.4,285.05,286.0,284.1,285.45,285.2,1.05,0.8,148724.0,4242223.38,261206.0,
AU.SHF,20181225,285.45,285.2,285.6,287.7,285.3,287.1,286.55,1.9,1.35,136042.0,3898679.69,264890.0,
AU.SHF,20181226,287.1,286.55,287.05,287.6,285.9,287.5,287.0,0.95,0.45,90834.0,2607212.68,263458.0,
AU.SHF,20181227,287.5,287.0,287.0,287.95,285.8,286.3,286.85,-0.7,-0.15,192058.0,5509877.76,253368.0,
AU.SHF,20181228,286.3,286.85,286.95,287.9,286.3,287.85,287.05,1.0,0.2,171054.0,4910448.11,251488.0,
AU.SHF,20190102,287.85,287.05,287.55,288.7,287.15,288.3,287.9,1.25,0.85,91402.0,2631719.51,254696.0,
AU.SHF,20190103,288.3,287.9,288.45,290.75,287.9,290.7,289.1,2.8,1.2,198374.0,5735943.44,264896.0,
AU.SHF,20190104,290.7,289.1,289.95,291.6,289.35,290.55,290.4,1.45,1.3,217562.0,6318682.25,265072.0,
AU.SHF,20190107,290.55,290.4,290.0,290.15,286.9,288.65,288.45,-1.75,-1.95,280434.0,8089133.62,259102.0,
AU.SHF,20190108,288.65,288.45,289.0,289.7,286.9,287.25,288.1,-1.2,-0.35,193804.0,5583961.37,262000.0,
AU.SHF,20190109,287.25,288.1,286.95,287.65,285.85,286.2,286.75,-1.9,-1.35,184668.0,5295495.65,264048.0,
AU.SHF,20190110,286.2,286.75,285.7,287.85,285.6,286.9,286.9,0.15,0.15,223516.0,6413709.16,275262.0,
AU.SHF,20190111,286.9,286.9,286.35,286.45,284.55,284.95,285.4,-1.95,-1.5,204814.0,5845628.19,279370.0,
AU.SHF,20190114,284.95,285.4,284.95,285.45,283.8,285.05,284.6,-0.35,-0.8,171396.0,4877963.87,284726.0,
AU.SHF,20190115,285.05,284.6,285.65,285.95,284.15,284.3,284.75,-0.3,0.15,168666.0,4803285.11,286962.0,
AU.SHF,20190116,284.3,284.75,284.75,285.5,284.25,284.6,284.8,-0.15,0.05,159836.0,4552787.34,297494.0,
AU.SHF,20190117,284.6,284.8,284.3,285.25,284.2,285.1,284.85,0.3,0.05,120016.0,3418942.81,304476.0,
AU.SHF,20190118,285.1,284.85,285.55,285.65,284.7,285.05,285.15,0.2,0.3,147008.0,4192370.84,309930.0,
AU.SHF,20190121,285.05,285.15,284.15,284.2,282.7,283.2,283.3,-1.95,-1.85,193586.0,5484952.93,308690.0,
AU.SHF,20190122,283.2,283.3,282.55,283.45,282.3,283.25,282.8,-0.05,-0.5,124106.0,3510069.78,306182.0,
AU.SHF,20190123,283.25,282.8,283.9,284.65,283.3,283.6,283.9,0.8,1.1,138716.0,3938212.61,306032.0,
AU.SHF,20190124,283.6,283.9,283.9,284.1,282.9,283.3,283.45,-0.6,-0.45,137742.0,3904404.71,303132.0,
AU.SHF,20190125,283.3,283.45,283.0,283.85,282.65,282.9,283.15,-0.55,-0.3,142372.0,4031798.65,304550.0,
AU.SHF,20190128,282.9,283.15,283.05,285.95,282.75,285.6,284.85,2.45,1.7,223994.0,6381348.52,312142.0,
AU.SHF,20190129,285.6,284.85,285.45,286.75,285.0,286.6,286.05,1.75,1.2,164764.0,4713796.09,305716.0,
AU.SHF,20190130,286.6,286.05,287.25,287.95,286.7,287.55,287.25,1.5,1.2,207730.0,5967131.02,310816.0,
AU.SHF,20190131,287.55,287.25,287.0,288.0,286.35,287.85,287.1,0.6,-0.15,153858.0,4417674.74,297038.0,
AU.SHF,20190201,287.85,287.1,288.4,289.3,287.8,289.2,288.4,2.1,1.3,150578.0,4343109.91,292324.0,
AU.SHF,20190211,289.2,288.4,288.6,289.2,288.15,288.75,288.8,0.35,0.4,87420.0,2524738.14,296758.0,
AU.SHF,20190212,288.75,288.8,288.15,289.15,287.85,288.85,288.55,0.05,-0.25,130022.0,3752046.57,300710.0,
AU.SHF,20190213,288.85,288.55,289.0,289.3,287.9,288.25,288.4,-0.3,-0.15,121432.0,3502189.24,302158.0,
AU.SHF,20190214,288.25,288.4,287.85,289.75,287.5,287.6,288.35,-0.8,-0.05,171608.0,4948371.92,304386.0,
AU.SHF,20190215,287.6,288.35,287.05,289.7,287.05,289.6,288.45,1.25,0.1,188342.0,5433571.71,315622.0,
AU.SHF,20190218,289.6,288.45,289.8,291.2,289.2,290.95,290.3,2.5,1.85,182550.0,5299902.99,328372.0,
AU.SHF,20190219,290.95,290.3,291.5,292.1,291.1,291.35,291.65,1.05,1.35,106198.0,3097331.26,329976.0,
AU.SHF,20190220,291.35,291.65,292.6,294.25,292.5,293.35,293.45,1.7,1.8,187480.0,5501876.97,335852.0,
AU.SHF,20190221,293.35,293.45,293.5,293.95,291.4,291.5,292.65,-1.95,-0.8,163306.0,4779593.2,333688.0,
AU.SHF,20190222,291.5,292.65,291.25,291.9,289.35,289.6,290.5,-3.05,-2.15,160092.0,4650847.6,325464.0,
AU.SHF,20190225,289.6,290.5,289.05,290.75,288.65,289.3,289.55,-1.2,-0.95,179152.0,5187607.78,320880.0,
AU.SHF,20190226,289.3,289.55,289.1,289.55,287.95,289.0,288.9,-0.55,-0.65,152828.0,4415491.13,319390.0,
AU.SHF,20190227,289.0,288.9,288.2,289.2,288.1,288.65,288.65,-0.25,-0.25,119290.0,3443493.24,315712.0,
AU.SHF,20190228,288.65,288.65,288.15,288.85,285.9,286.85,287.2,-1.8,-1.45,173762.0,4990464.84,310530.0,
AU.SHF,20190301,286.85,287.2,287.7,288.0,285.55,285.85,286.55,-1.35,-0.65,179312.0,5138373.04,308794.0,
AU.SHF,20190304,285.85,286.55,285.0,286.15,281.45,281.8,283.6,-4.75,-2.95,275324.0,7808887.48,308826.0,
AU.SHF,20190305,281.8,283.6,280.45,281.6,280.1,280.8,280.8,-2.8,-2.8,161400.0,4532874.25,310166.0,
AU.SHF,20190306,280.8,280.8,280.75,282.35,280.0,282.35,281.0,1.55,0.2,177812.0,4997335.0,313180.0,
AU.SHF,20190307,282.35,281.0,281.5,282.0,280.75,280.9,281.4,-0.1,0.4,145488.0,4094305.27,312876.0,
AU.SHF,20190308,280.9,281.4,281.6,283.75,280.75,283.55,282.15,2.15,0.75,203048.0,5729353.59,324006.0,
AU.SHF,20190311,283.55,282.15,283.7,285.5,283.35,284.75,284.65,2.6,2.5,207238.0,5899714.61,325180.0,
AU.SHF,20190312,284.75,284.65,284.35,284.65,283.2,284.2,283.9,-0.45,-0.75,158734.0,4506680.59,321462.0,
AU.SHF,20190313,284.2,283.9,284.45,285.75,283.75,285.65,284.9,1.75,1.0,131632.0,3750713.2,324048.0,
AU.SHF,20190314,285.65,284.9,285.9,286.4,285.0,285.1,285.7,0.2,0.8,146008.0,4171594.12,322946.0,
AU.SHF,20190315,285.1,285.7,284.35,285.3,282.95,284.9,283.95,-0.8,-1.75,207268.0,5886054.94,318490.0,
AU.SHF,20190318,284.9,283.95,284.95,285.55,283.95,285.2,284.75,1.25,0.8,138202.0,3935400.04,318934.0,
AU.SHF,20190319,285.2,284.75,285.75,286.3,285.0,285.95,285.75,1.2,1.0,135022.0,3858655.06,319634.0,
AU.SHF,20190320,285.95,285.75,286.25,286.8,285.3,285.55,285.95,-0.2,0.2,121822.0,3484080.69,319172.0,
AU.SHF,20190321,285.55,285.95,285.6,287.55,283.9,287.4,286.0,1.45,0.05,225440.0,6448708.28,319406.0,
AU.SHF,20190322,287.4,286.0,287.5,287.6,285.3,286.35,286.3,0.35,0.3,177166.0,5072566.1,320804.0,
AU.SHF,20190325,286.35,286.3,286.85,288.1,286.4,288.05,287.35,1.75,1.05,175704.0,5049460.55,324094.0,
AU.SHF,20190326,288.05,287.35,288.6,289.5,288.1,288.3,288.65,0.95,1.3,166586.0,4808905.35,327326.0,
AU.SHF,20190327,288.3,288.65,288.1,288.7,287.6,288.25,288.15,-0.4,-0.5,157278.0,4532307.03,326820.0,
AU.SHF,20190328,288.25,288.15,288.25,288.55,286.95,287.45,287.55,-0.7,-0.6,203166.0,5842160.51,318474.0,
AU.SHF,20190329,287.45,287.55,285.8,285.8,281.85,282.0,283.5,-5.55,-4.05,345786.0,9803457.45,293466.0,
AU.SHF,20190401,282.0,283.5,283.6,284.0,281.9,282.1,282.9,-1.4,-0.6,208964.0,5911738.36,294862.0,
AU.SHF,20190402,282.1,282.9,283.75,283.75,282.1,282.15,282.7,-0.75,-0.2,155618.0,4399750.11,299452.0,
AU.SHF,20190403,282.15,282.7,282.7,283.35,282.5,282.9,282.95,0.2,0.25,143928.0,4072539.53,296286.0,
AU.SHF,20190404,282.9,282.95,282.85,283.15,282.0,282.95,282.55,0.0,-0.4,145032.0,4098117.7,288068.0,
AU.SHF,20190408,282.95,282.55,283.0,284.3,283.0,284.15,283.8,1.6,1.25,80336.0,2280320.96,286980.0,
AU.SHF,20190409,284.15,283.8,285.2,285.35,283.7,284.4,284.45,0.6,0.65,134752.0,3833428.23,286894.0,
AU.SHF,20190410,284.4,284.45,285.4,285.85,284.9,285.8,285.35,1.35,0.9,149918.0,4278291.89,281210.0,
AU.SHF,20190411,285.8,285.35,285.5,286.9,285.35,286.15,286.15,0.8,0.8,160374.0,4589568.14,288986.0,
AU.SHF,20190412,286.15,286.15,284.0,284.7,282.9,283.3,283.75,-2.85,-2.4,198178.0,5623407.03,276936.0,
AU.SHF,20190415,283.3,283.75,282.55,283.45,281.6,281.75,282.3,-2.0,-1.45,160802.0,4539927.85,277430.0,
AU.SHF,20190416,281.75,282.3,281.25,282.2,280.9,281.5,281.5,-0.8,-0.8,123516.0,3477012.3,277222.0,
AU.SHF,20190417,281.5,281.5,280.45,280.55,279.65,280.0,279.95,-1.5,-1.55,191974.0,5375172.45,278806.0,
AU.SHF,20190418,280.0,279.95,279.5,279.65,277.8,278.2,278.75,-1.75,-1.2,144252.0,4021261.96,277184.0,
AU.SHF,20190419,278.2,278.75,278.85,279.85,278.7,279.5,279.35,0.75,0.6,108638.0,3034850.09,267830.0,
AU.SHF,20190422,279.5,279.35,279.75,280.85,279.4,280.3,280.15,0.95,0.8,93824.0,2628643.33,258194.0,
AU.SHF,20190423,280.3,280.15,280.3,280.55,278.9,279.0,279.65,-1.15,-0.5,114824.0,3211332.06,255178.0,
AU.SHF,20190424,279.0,279.65,278.3,279.6,277.9,278.85,278.7,-0.8,-0.95,146590.0,4085801.85,243696.0,
AU.SHF,20190425,278.85,278.7,279.45,280.9,278.75,280.4,280.05,1.7,1.35,153468.0,4298085.9,236054.0,
AU.SHF,20190426,280.4,280.05,281.05,281.95,280.6,281.45,281.25,1.4,1.2,171400.0,4821414.06,216692.0,
AU.SHF,20190429,281.45,281.25,281.7,282.35,281.3,281.3,281.85,0.05,0.6,144702.0,4078640.51,191132.0,
AU.SHF,20190430,281.3,281.85,281.15,281.9,280.35,281.55,281.1,-0.3,-0.75,118136.0,3321128.93,170426.0,
AU.SHF,20190506,281.55,284.25,287.95,288.0,285.65,286.25,286.35,2.0,2.1,58918.0,1687331.58,221368.0,
AU.SHF,20190507,286.25,286.35,284.8,286.3,284.6,285.7,285.65,-0.65,-0.7,66876.0,1910509.28,239488.0,
AU.SHF,20190508,285.7,285.65,285.5,287.45,285.4,287.15,286.7,1.5,1.05,91326.0,2618530.91,261550.0,
AU.SHF,20190509,287.15,286.7,287.7,287.95,286.1,287.2,286.8,0.5,0.1,104546.0,2998651.35,277116.0,
AU.SHF,20190510,287.2,286.8,288.0,288.9,287.05,287.25,287.85,0.45,1.05,152548.0,4391329.55,291046.0,
AU.SHF,20190513,287.25,287.85,288.9,289.6,288.15,289.2,288.9,1.35,1.05,152284.0,4399766.13,305696.0,
AU.SHF,20190514,289.2,288.9,290.9,293.9,290.9,292.75,292.95,3.85,4.05,226070.0,6623248.38,326770.0,
AU.SHF,20190515,292.75,292.95,293.1,293.3,291.0,291.25,292.1,-1.7,-0.85,172078.0,5027200.27,334372.0,
AU.SHF,20190516,291.25,292.1,293.15,293.25,291.6,292.35,292.35,0.25,0.25,156062.0,4562785.6,338104.0,
AU.SHF,20190517,292.35,292.35,291.0,291.85,290.15,291.7,291.0,-0.65,-1.35,164084.0,4775496.89,335548.0,
AU.SHF,20190520,291.7,291.0,291.1,291.35,289.15,289.4,289.85,-1.6,-1.15,157110.0,4553970.09,335976.0,
AU.SHF,20190521,289.4,289.85,289.85,290.25,288.65,289.15,289.4,-0.7,-0.45,129642.0,3752140.3,337886.0,
AU.SHF,20190522,289.15,289.4,288.45,289.1,287.7,288.9,288.55,-0.5,-0.85,121064.0,3493877.16,347260.0,
AU.SHF,20190523,288.9,288.55,289.2,289.75,288.9,289.35,289.3,0.8,0.75,107242.0,3102873.02,355696.0,
AU.SHF,20190524,289.35,289.3,290.9,291.8,290.55,291.1,291.2,1.8,1.9,182408.0,5311978.96,360482.0,
AU.SHF,20190527,291.1,291.2,291.05,291.45,290.2,291.25,291.0,0.05,-0.2,108838.0,3167382.79,358108.0,
AU.SHF,20190528,291.25,291.0,291.1,291.25,290.55,291.0,290.85,0.0,-0.15,65916.0,1917233.03,358546.0,
AU.SHF,20190529,291.0,290.85,290.2,291.5,289.55,291.45,290.35,0.6,-0.5,144184.0,4186912.92,366816.0,
AU.SHF,20190530,291.45,290.35,291.15,291.55,289.65,290.1,290.6,-0.25,0.25,146190.0,4248559.46,370280.0,
AU.SHF,20190531,290.1,290.6,290.7,293.55,290.5,293.45,292.2,2.85,1.6,210680.0,6156487.42,389780.0,
AU.SHF,20190603,293.45,292.2,294.2,297.1,293.8,296.7,295.55,4.5,3.35,244464.0,7225648.81,402048.0,
AU.SHF,20190604,296.7,295.55,297.7,300.1,296.95,299.75,298.65,4.2,3.1,238932.0,7136685.46,414088.0,
AU.SHF,20190605,299.75,298.65,299.1,301.9,298.75,301.7,300.0,3.05,1.35,255926.0,7677949.24,428600.0,
AU.SHF,20190606,301.7,300.0,302.85,303.7,300.25,301.7,301.75,1.7,1.75,314902.0,9502305.6,426302.0,
AU.SHF,20190610,301.7,301.75,302.55,302.6,300.4,300.85,301.25,-0.9,-0.5,136076.0,4099479.11,426286.0,
AU.SHF,20190611,300.85,301.25,301.05,301.4,299.3,299.55,300.5,-1.7,-0.75,194824.0,5854747.32,423948.0,
AU.SHF,20190612,299.55,300.5,299.15,303.4,298.65,302.6,301.05,2.1,0.55,294244.0,8858854.39,439468.0,
AU.SHF,20190613,302.6,301.05,302.1,303.25,301.3,303.2,302.35,2.15,1.3,215912.0,6528968.45,439714.0,
AU.SHF,20190614,303.2,302.35,302.5,307.8,302.35,307.75,304.8,5.4,2.45,303908.0,9263550.73,459468.0,
AU.SHF,20190617,307.75,304.8,306.3,307.55,303.45,304.1,305.65,-0.7,0.85,384246.0,11745099.96,451926.0,
AU.SHF,20190618,304.1,305.65,304.55,306.65,304.15,306.15,305.2,0.5,-0.45,231638.0,7070302.14,454532.0,
AU.SHF,20190619,306.15,305.2,307.3,307.85,302.8,304.3,304.45,-0.9,-0.75,461924.0,14063850.68,438130.0,
AU.SHF,20190620,304.3,304.45,303.95,313.85,303.55,311.25,309.2,6.8,4.75,462906.0,14314941.44,446232.0,
AU.SHF,20190621,311.25,309.2,310.95,316.5,310.05,313.6,313.35,4.4,4.15,555740.0,17416200.0,456516.0,
AU.SHF,20190624,313.6,313.35,314.45,317.3,312.3,315.8,314.8,2.45,1.45,472448.0,14873715.95,455814.0,
AU.SHF,20190625,315.8,314.8,316.35,323.05,315.7,321.8,319.75,7.0,4.95,618906.0,19790004.58,469328.0,
AU.SHF,20190626,321.8,319.75,320.95,323.25,316.05,316.4,319.8,-3.35,0.05,735628.0,23527324.65,464460.0,
AU.SHF,20190627,316.4,319.8,317.0,318.3,315.35,315.6,316.8,-4.2,-3.0,527472.0,16712162.3,462088.0,
AU.SHF,20190628,315.6,316.8,315.15,320.8,314.1,316.85,317.55,0.05,0.75,570526.0,18119326.28,469296.0,
AU.SHF,20190701,316.85,317.55,317.2,317.4,308.55,308.85,312.9,-8.7,-4.65,553248.0,17311811.51,459596.0,
AU.SHF,20190702,308.85,312.9,310.8,312.75,309.7,312.05,311.1,-0.85,-1.8,406836.0,12657307.18,461428.0,
AU.SHF,20190703,312.05,311.1,312.35,323.5,311.75,321.1,318.15,10.0,7.05,833052.0,26504964.98,466190.0,
AU.SHF,20190704,321.1,318.15,319.2,319.85,317.0,317.65,318.55,-0.5,0.4,529756.0,16875534.25,454908.0,
AU.SHF,20190705,317.65,318.55,317.6,319.35,317.25,318.0,318.25,-0.55,-0.3,253758.0,8076131.98,452788.0,
AU.SHF,20190708,318.0,318.25,315.0,316.65,305.5,316.35,314.45,-1.9,-3.8,657334.0,20670796.9,441922.0,
AU.SHF,20190709,316.35,314.45,315.95,315.95,313.1,313.45,314.15,-1.0,-0.3,373548.0,11735200.78,431872.0,
AU.SHF,20190710,313.45,314.15,314.15,315.55,312.85,313.2,314.0,-0.95,-0.15,304398.0,9558124.96,425536.0,
AU.SHF,20190711,313.2,314.0,317.3,320.85,315.5,319.0,317.75,5.0,3.75,523114.0,16622228.86,441216.0,
AU.SHF,20190712,319.0,317.75,317.8,318.15,315.55,316.65,316.75,-1.1,-1.0,323508.0,10248176.6,441220.0,
AU.SHF,20190715,316.65,316.75,316.35,318.55,316.0,317.75,317.15,1.0,0.4,287420.0,9115867.7,448860.0,
AU.SHF,20190716,317.75,317.15,317.2,318.3,316.4,317.75,317.5,0.6,0.35,254618.0,8084638.89,449866.0,
AU.SHF,20190717,317.75,317.5,317.15,317.8,315.15,315.8,316.45,-1.7,-1.05,388820.0,12306122.6,432014.0,
AU.SHF,20190718,315.8,316.45,316.1,321.15,316.0,319.1,318.95,2.65,2.5,571732.0,18236842.74,453470.0,
AU.SHF,20190719,319.1,318.95,318.8,324.75,318.35,323.3,321.9,4.35,2.95,510780.0,16443065.69,467158.0,
AU.SHF,20190722,323.3,321.9,322.6,324.6,319.5,320.65,321.7,-1.25,-0.2,602472.0,19382538.57,467246.0,
AU.SHF,20190723,320.65,321.7,320.65,321.45,317.8,318.7,319.45,-3.0,-2.25,336826.0,10761059.24,454470.0,
AU.SHF,20190724,318.7,319.45,320.5,321.7,319.05,319.65,320.05,0.2,0.6,352292.0,11275981.37,452890.0,
AU.SHF,20190725,319.65,320.05,320.2,321.15,319.2,320.3,320.0,0.25,-0.05,281702.0,9015177.05,453178.0,
AU.SHF,20190726,320.3,320.0,320.05,320.3,317.05,319.1,318.55,-0.9,-1.45,399032.0,12711654.29,449482.0,
AU.SHF,20190729,319.1,318.55,319.2,320.6,318.75,319.6,319.7,1.05,1.15,331518.0,10599199.49,449182.0,
AU.SHF,20190730,319.6,319.7,319.75,321.1,318.75,320.85,320.1,1.15,0.4,230910.0,7392140.18,459236.0,
AU.SHF,20190731,320.85,320.1,321.05,322.5,320.55,322.25,321.5,2.15,1.4,265788.0,8545669.2,467768.0,
AU.SHF,20190801,322.25,321.5,322.0,322.25,316.25,316.6,319.5,-4.9,-2.0,533458.0,17045950.79,434012.0,
AU.SHF,20190802,316.6,319.5,316.95,326.6,315.6,324.25,321.2,4.75,1.7,682648.0,21929043.77,448220.0,
AU.SHF,20190805,324.25,321.2,324.45,334.0,323.4,334.0,329.2,12.8,8.0,798694.0,26293794.58,506224.0,
AU.SHF,20190806,334.0,329.2,336.9,339.95,334.35,335.55,337.05,6.35,7.85,816194.0,27511879.66,472302.0,
AU.SHF,20190807,335.55,337.05,336.0,343.3,335.55,341.8,339.7,4.75,2.65,791646.0,26894349.37,529980.0,
AU.SHF,20190808,341.8,339.7,344.6,349.5,342.7,344.35,346.25,4.65,6.55,1077880.0,37322715.19,520458.0,
AU.SHF,20190809,344.35,346.25,343.4,347.75,342.65,345.9,345.35,-0.35,-0.9,589716.0,20367252.26,527784.0,
AU.SHF,20190812,345.9,345.35,345.6,347.95,343.95,344.25,346.05,-1.1,0.7,585598.0,20265993.61,529336.0,
AU.SHF,20190813,344.25,346.05,346.65,352.9,346.1,352.3,349.45,6.25,3.4,706168.0,24678011.24,577742.0,
AU.SHF,20190814,352.3,349.45,351.55,352.0,340.05,342.95,344.9,-6.5,-4.55,1244366.0,42918411.14,515656.0,
AU.SHF,20190815,342.95,344.9,347.0,350.3,345.45,347.4,347.9,2.5,3.0,1055546.0,36726020.5,526904.0,
AU.SHF,20190816,347.4,347.9,346.9,350.9,346.7,347.75,348.55,-0.15,0.65,779522.0,27170853.06,518900.0,
AU.SHF,20190819,347.75,348.55,346.6,348.1,344.85,346.4,346.55,-2.15,-2.0,722720.0,25049045.92,521644.0,
AU.SHF,20190820,346.4,346.55,344.5,345.85,344.05,344.75,344.9,-1.8,-1.65,387210.0,13356484.39,520844.0,
AU.SHF,20190821,344.75,344.9,346.3,347.25,345.2,345.35,346.25,0.45,1.35,395370.0,13690934.95,518140.0,
AU.SHF,20190822,345.35,346.25,346.1,347.0,345.55,346.45,346.25,0.2,0.0,304902.0,10557544.38,522958.0,
AU.SHF,20190823,346.45,346.25,345.6,347.45,345.4,346.25,346.35,0.0,0.1,344700.0,11939817.44,531402.0,
AU.SHF,20190826,346.25,346.35,347.5,360.2,347.5,358.25,354.1,11.9,7.75,1147984.0,40651913.08,539744.0,
AU.SHF,20190827,358.25,354.1,355.7,359.25,355.4,358.7,357.6,4.6,3.5,631176.0,22573665.53,570862.0,
AU.SHF,20190828,358.7,357.6,357.7,362.15,357.4,358.85,359.6,1.25,2.0,915220.0,32913358.3,538322.0,
AU.SHF,20190829,358.85,359.6,360.0,363.4,358.35,362.8,360.55,3.2,0.95,673124.0,24271194.31,609586.0,
AU.SHF,20190830,362.8,360.55,359.75,361.35,354.5,356.7,357.95,-3.85,-2.6,832864.0,29812629.2,584212.0,
AU.SHF,20190902,356.7,357.95,357.0,357.7,353.75,355.8,355.8,-2.15,-2.15,700888.0,24939492.48,539112.0,
AU.SHF,20190903,355.8,355.8,355.8,359.05,355.75,357.45,357.2,1.65,1.4,392124.0,14007259.97,541180.0,
AU.SHF,20190904,357.45,357.2,358.65,363.85,358.25,359.0,361.15,1.8,3.95,1084804.0,39182034.93,566860.0,
AU.SHF,20190905,359.0,361.15,359.45,362.9,359.05,360.9,360.45,-0.25,-0.7,736108.0,26534317.17,580826.0,
AU.SHF,20190906,360.9,360.45,358.1,359.15,348.55,349.2,353.7,-11.25,-6.75,1155934.0,40888453.89,533758.0,
AU.SHF,20190909,349.2,353.7,351.1,354.85,347.0,350.6,351.4,-3.1,-2.3,1061678.0,37307925.15,537166.0,
AU.SHF,20190910,350.6,351.4,351.4,351.9,343.45,344.85,346.95,-6.55,-4.45,776900.0,26957265.78,520694.0,
AU.SHF,20190911,344.85,346.95,345.5,347.85,344.3,345.95,346.05,-1.0,-0.9,632320.0,21882812.92,514720.0,
AU.SHF,20190912,345.95,346.05,345.85,346.65,344.0,346.15,345.2,0.1,-0.85,471986.0,16294333.88,498864.0,
AU.SHF,20190916,346.15,345.2,346.2,347.65,345.4,346.25,346.4,1.05,1.2,226262.0,7838405.19,501570.0,
AU.SHF,20190917,346.25,346.4,345.9,346.8,344.05,344.95,345.45,-1.45,-0.95,387278.0,13378683.57,501394.0,
AU.SHF,20190918,344.95,345.45,346.95,347.8,345.65,346.5,346.85,1.05,1.4,392910.0,13629660.53,502388.0,
AU.SHF,20190919,346.5,346.85,346.9,348.6,343.3,346.0,346.25,-0.85,-0.6,506858.0,17550791.46,509122.0,
AU.SHF,20190920,346.0,346.25,347.15,347.5,345.7,346.7,346.6,0.45,0.35,282234.0,9783599.75,508214.0,
AU.SHF,20190923,346.7,346.6,346.5,352.1,345.85,350.3,349.25,3.7,2.65,462948.0,16168764.23,509192.0,
AU.SHF,20190924,350.3,349.25,351.65,353.45,351.25,352.05,352.3,2.8,3.05,402674.0,14186523.9,512140.0,
AU.SHF,20190925,352.05,352.3,352.05,355.4,350.35,353.85,353.1,1.55,0.8,583176.0,20593431.81,513966.0,
AU.SHF,20190926,353.85,353.1,353.6,354.45,347.5,349.55,350.95,-3.55,-2.15,584586.0,20517961.83,497734.0,
AU.SHF,20190927,349.55,350.95,349.0,350.4,345.6,346.35,348.55,-4.6,-2.4,423570.0,14765044.71,479086.0,
AU.SHF,20190930,346.35,348.55,345.75,348.3,342.85,345.05,345.25,-3.5,-3.3,493700.0,17046359.51,463288.0,
AU.SHF,20191008,345.05,345.25,343.9,345.8,343.8,344.5,344.6,-0.75,-0.65,130064.0,4482490.88,465598.0,
AU.SHF,20191009,344.5,344.6,348.1,349.9,347.35,349.5,348.85,4.9,4.25,396842.0,13844782.62,475860.0,
AU.SHF,20191010,349.5,348.85,348.45,350.0,346.6,347.7,348.35,-1.15,-0.5,374118.0,13034206.56,470308.0,
AU.SHF,20191011,347.7,348.35,347.3,347.7,343.45,345.85,345.1,-2.5,-3.25,400130.0,13810345.93,475936.0,
AU.SHF,20191014,345.85,345.1,341.85,342.85,338.55,340.7,340.7,-4.4,-4.4,613868.0,20916726.73,469720.0,
AU.SHF,20191015,340.7,340.7,341.75,343.1,341.0,341.65,341.85,0.95,1.15,279672.0,9561775.61,471926.0,
AU.SHF,20191016,341.65,341.85,342.1,342.5,338.9,340.2,340.45,-1.65,-1.4,376596.0,12822349.89,473484.0,
AU.SHF,20191017,340.2,340.45,342.45,343.15,340.85,342.7,341.95,2.25,1.5,300068.0,10262018.4,477778.0,
AU.SHF,20191018,342.7,341.95,341.6,343.1,341.35,342.0,342.0,0.05,0.05,297062.0,10160268.52,467908.0,
AU.SHF,20191021,342.0,342.0,341.85,342.4,340.7,341.75,341.65,-0.25,-0.35,277642.0,9486290.48,459112.0,
AU.SHF,20191022,341.75,341.65,341.7,342.55,339.4,340.45,340.85,-1.2,-0.8,291530.0,9937932.35,454612.0,
AU.SHF,20191023,340.45,340.85,340.75,342.0,339.75,341.95,340.9,1.1,0.05,234268.0,7987222.24,444474.0,
AU.SHF,20191024,341.95,340.9,341.75,342.35,341.1,341.5,341.65,0.6,0.75,206760.0,7064775.77,436136.0,
AU.SHF,20191025,341.5,341.65,341.65,345.0,341.45,344.65,343.75,3.0,2.1,417910.0,14367166.08,441630.0,
AU.SHF,20191028,344.65,343.75,346.65,347.75,342.9,344.6,345.1,0.85,1.35,403356.0,13920327.09,430334.0,
AU.SHF,20191029,344.6,345.1,342.9,343.45,340.65,340.9,341.65,-4.2,-3.45,347034.0,11857198.61,398052.0,
AU.SHF,20191030,340.9,341.65,340.85,341.5,339.2,340.55,340.45,-1.1,-1.2,342796.0,11670763.31,361044.0,
AU.SHF,20191031,340.55,340.45,340.95,341.85,340.05,341.1,341.2,0.65,0.75,317778.0,10843328.11,311040.0,
AU.SHF,20191101,341.1,341.2,343.4,344.85,343.0,344.05,344.0,2.85,2.8,330950.0,11385533.47,264376.0,
AU.SHF,20191104,344.05,344.0,343.35,345.3,343.1,343.7,343.85,-0.3,-0.15,265216.0,9120642.29,229250.0,
AU.SHF,20191105,343.7,343.85,344.25,344.45,341.0,341.4,342.8,-2.45,-1.05,204130.0,6998367.06,214128.0,
AU.SHF,20191106,341.4,342.8,339.75,339.9,335.3,336.55,337.15,-6.25,-5.65,389228.0,13124413.09,186948.0,
AU.SHF,20191107,336.55,337.15,336.5,338.9,336.05,338.35,337.4,1.2,0.25,213364.0,7199728.82,171208.0,
AU.SHF,20191108,338.35,337.4,335.0,335.95,328.85,332.1,332.4,-5.3,-5.0,387596.0,12883986.63,154008.0,
AU.SHF,20191111,332.1,332.4,329.65,332.45,329.2,331.5,330.7,-0.9,-1.7,259932.0,8597074.22,145636.0,
AU.SHF,20191112,331.5,330.7,331.65,331.75,327.6,328.3,329.6,-2.4,-1.1,236804.0,7805133.92,133752.0,
AU.SHF,20191113,328.3,334.1,333.25,336.35,332.1,336.1,334.45,2.0,0.35,72598.0,2428309.32,152588.0,
AU.SHF,20191114,336.1,334.45,337.0,337.25,335.5,337.05,336.45,2.6,2.0,57244.0,1926232.56,153984.0,
AU.SHF,20191115,337.05,336.45,337.7,338.9,335.85,336.2,337.1,-0.25,0.65,77582.0,2615294.5,156392.0,
AU.SHF,20191118,336.2,337.1,336.0,337.05,335.95,336.2,336.45,-0.9,-0.65,36040.0,1212594.28,158660.0,
AU.SHF,20191119,336.2,336.45,334.8,339.0,334.6,338.3,337.75,1.85,1.3,88464.0,2987948.55,163136.0,
AU.SHF,20191120,338.3,337.75,337.85,339.55,336.7,339.15,338.35,1.4,0.6,78028.0,2640273.71,169804.0,
AU.SHF,20191121,339.15,338.35,339.0,340.1,337.55,338.8,338.95,0.45,0.6,72420.0,2454838.84,173838.0,
AU.SHF,20191122,338.8,338.95,338.45,338.7,336.5,337.9,337.55,-1.05,-1.4,87048.0,2938331.1,172606.0,
AU.SHF,20191125,337.9,337.55,338.6,338.8,335.25,335.4,336.9,-2.15,-0.65,83864.0,2825628.43,181198.0,
AU.SHF,20191126,335.4,336.9,335.15,336.05,333.5,335.2,334.8,-1.7,-2.1,82884.0,2775070.82,182810.0,
AU.SHF,20191127,335.2,334.8,335.1,336.4,333.95,335.8,335.35,1.0,0.55,71360.0,2393164.67,187540.0,
AU.SHF,20191128,335.8,335.35,335.5,335.55,334.05,334.8,334.85,-0.55,-0.5,60260.0,2018038.05,187252.0,
AU.SHF,20191129,334.8,334.85,335.1,336.1,334.85,335.7,335.4,0.85,0.55,38100.0,1278048.36,190348.0,
AU.SHF,20191202,335.7,335.4,335.1,337.7,334.4,336.2,335.8,0.8,0.4,78480.0,2635508.21,189590.0,
AU.SHF,20191203,336.2,335.8,335.85,337.7,335.8,336.85,336.9,1.05,1.1,91672.0,3088542.99,193232.0,
AU.SHF,20191204,336.85,336.9,339.75,343.5,339.55,343.1,341.9,6.2,5.0,162032.0,5540322.85,207690.0,
AU.SHF,20191205,343.1,341.9,341.75,342.7,340.05,341.55,341.1,-0.35,-0.8,111058.0,3788646.68,204244.0,
AU.SHF,20191206,341.55,341.1,340.7,341.5,338.75,339.1,340.2,-2.0,-0.9,115956.0,3945098.63,192066.0,
AU.SHF,20191209,339.1,340.2,339.25,340.35,335.75,336.45,336.95,-3.75,-3.25,144790.0,4878905.55,188118.0,
AU.SHF,20191210,336.45,336.95,337.2,337.42,336.22,336.76,336.76,-0.19,-0.19,51368.0,1729948.344,185518.0,
AU.SHF,20191211,336.76,336.76,337.6,337.92,336.58,336.96,337.3,0.2,0.54,75588.0,2549728.948,186058.0,
AU.SHF,20191212,336.96,337.3,337.6,339.36,337.3,338.94,338.44,1.64,1.14,80928.0,2738962.484,191652.0,
AU.SHF,20191213,338.94,338.44,340.0,342.2,333.5,334.62,337.16,-3.82,-1.28,239826.0,8086236.404,188754.0,
AU.SHF,20191216,334.62,337.16,335.7,338.98,333.76,338.24,336.76,1.08,-0.4,183410.0,6176568.668,196398.0,
AU.SHF,20191217,338.24,336.76,338.76,338.88,337.28,338.06,338.02,1.3,1.26,65944.0,2229095.196,197414.0,
AU.SHF,20191218,338.06,338.02,338.28,338.7,337.34,338.58,338.06,0.56,0.04,59946.0,2026638.116,197632.0,
AU.SHF,20191219,338.58,338.06,338.12,338.68,336.8,338.04,337.7,-0.02,-0.36,85202.0,2877355.264,197104.0,
AU.SHF,20191220,338.04,337.7,337.58,339.16,337.54,339.1,338.48,1.4,0.78,63780.0,2158881.14,200004.0,
AU.SHF,20191223,339.1,338.48,338.92,340.4,337.88,340.16,339.14,1.68,0.66,94862.0,3217244.988,204228.0,
AU.SHF,20191224,340.16,339.14,339.9,342.12,339.56,341.72,340.92,2.58,1.78,93780.0,3197258.888,213174.0,
AU.SHF,20191225,341.72,340.92,341.72,344.4,341.58,343.78,343.06,2.86,2.14,88958.0,3051883.212,218198.0,
AU.SHF,20191226,343.78,343.06,343.6,347.5,342.62,344.12,343.78,1.06,0.72,72472.0,2491514.388,219286.0,
AU.SHF,20191227,344.12,343.78,345.04,346.74,344.54,345.3,345.52,1.52,1.74,198500.0,6858852.16,225266.0,
AU.SHF,20191230,345.3,345.52,345.92,346.56,345.12,345.46,345.76,-0.06,0.24,128800.0,4453476.48,228544.0,
AU.SHF,20191231,345.46,345.76,345.4,347.94,344.7,347.48,346.54,1.72,0.78,197576.0,6846918.612,255444.0,
AU.SHF,20200102,347.48,346.54,346.0,346.58,345.44,346.24,346.14,-0.3,-0.4,41087.0,1422208.092,129725.0,
AU.SHF,20200103,346.24,346.14,346.82,351.96,346.58,351.16,349.02,5.02,2.88,144392.0,5039732.778,140774.0,
AU.SHF,20200106,351.16,349.02,352.3,359.82,350.72,358.34,354.96,9.32,5.94,185964.0,6601293.536,142492.0,
AU.SHF,20200107,358.34,354.96,358.58,358.92,353.22,354.94,356.0,-0.02,1.04,200630.0,7142811.054,145032.0,
AU.SHF,20200108,354.94,356.0,354.6,364.44,354.52,360.68,359.36,4.68,3.36,253483.0,9109585.898,157344.0,
AU.SHF,20200109,360.68,359.36,356.66,357.32,346.82,348.04,353.26,-11.32,-6.1,291906.0,10311926.438,157456.0,
AU.SHF,20200110,348.04,353.26,350.7,350.86,348.56,349.3,349.72,-3.96,-3.54,144194.0,5042765.208,161353.0,
AU.SHF,20200113,349.3,349.72,349.48,351.48,348.4,349.42,349.94,-0.3,0.22,173686.0,6078030.584,164665.0,
AU.SHF,20200114,349.42,349.94,348.9,349.16,342.9,344.7,345.98,-5.24,-3.96,144966.0,5015717.964,171034.0,
AU.SHF,20200115,344.7,345.98,345.7,348.68,345.16,347.54,346.86,1.56,0.88,123625.0,4288290.562,176471.0,
AU.SHF,20200116,347.54,346.86,347.68,349.28,346.82,347.96,348.06,1.1,1.2,127605.0,4441515.754,176618.0,
AU.SHF,20200117,347.96,348.06,348.5,348.5,346.32,347.78,347.32,-0.28,-0.74,108652.0,3773720.274,176869.0,
AU.SHF,20200120,347.78,347.32,347.98,348.54,346.94,347.94,347.8,0.62,0.48,96285.0,3348969.928,180264.0,
AU.SHF,20200121,347.94,347.8,348.52,351.82,347.92,351.34,350.28,3.54,2.48,86646.0,3035049.776,186852.0,
AU.SHF,20200122,351.34,350.28,349.48,349.8,346.66,348.32,348.48,-1.96,-1.8,132216.0,4607643.014,182735.0,
AU.SHF,20200123,348.32,348.48,348.88,351.24,348.66,350.72,349.94,2.24,1.46,81197.0,2841466.372,185593.0,
AU.SHF,20200203,350.72,349.94,359.18,360.5,357.2,359.3,359.2,9.36,9.26,78891.0,2833862.376,185923.0,
AU.SHF,20200204,359.3,359.2,359.18,359.44,356.06,356.2,357.4,-3.0,-1.8,74093.0,2648125.734,188931.0,
AU.SHF,20200205,356.2,357.4,352.36,354.96,352.14,354.22,353.6,-3.18,-3.8,61136.0,2161824.456,188841.0,
AU.SHF,20200206,354.22,353.6,352.3,352.78,350.52,352.4,352.04,-1.2,-1.56,61641.0,2170017.414,188677.0,
AU.SHF,20200207,352.4,352.04,355.28,355.62,353.72,354.3,354.88,2.26,2.84,48697.0,1728197.282,188266.0,
AU.SHF,20200210,354.3,354.88,357.36,357.62,355.36,355.56,356.42,0.68,1.54,50977.0,1816931.418,187697.0,
AU.SHF,20200211,355.56,356.42,355.76,355.88,354.42,354.6,355.0,-1.82,-1.42,42388.0,1504834.818,187871.0,
AU.SHF,20200212,354.6,355.0,354.64,354.64,353.08,354.0,353.8,-1.0,-1.2,43088.0,1524471.146,185980.0,
AU.SHF,20200213,354.0,353.8,355.6,356.96,355.0,356.52,355.98,2.72,2.18,54165.0,1928243.716,188138.0,
AU.SHF,20200214,356.52,355.98,357.22,357.5,356.1,356.78,356.84,0.8,0.86,47751.0,1703949.828,190061.0,
AU.SHF,20200217,356.78,356.84,358.04,358.76,357.66,357.9,358.1,1.06,1.26,50160.0,1796246.392,192337.0,
AU.SHF,20200218,357.9,358.1,359.46,359.96,359.0,359.68,359.44,1.58,1.34,54774.0,1968827.312,197001.0,
AU.SHF,20200219,359.68,359.44,363.06,364.58,363.0,364.06,363.9,4.62,4.46,77534.0,2821465.876,200460.0,
AU.SHF,20200220,364.06,363.9,365.16,366.92,364.28,365.06,365.56,1.16,1.66,85991.0,3143605.594,201066.0,
AU.SHF,20200221,365.06,365.56,368.96,372.3,368.78,371.9,370.54,6.34,4.98,103882.0,3849243.82,207305.0,
AU.SHF,20200224,371.9,370.54,379.12,380.78,377.76,379.7,379.08,9.16,8.54,129984.0,4927563.748,206012.0,
AU.SHF,20200225,379.7,379.08,374.64,377.16,370.3,371.74,374.24,-7.34,-4.84,173863.0,6506865.204,195593.0,
AU.SHF,20200226,371.74,374.24,373.18,374.78,371.96,374.26,373.66,0.02,-0.58,116955.0,4370210.906,196977.0,
AU.SHF,20200227,374.26,373.66,373.88,375.68,373.62,374.3,374.7,0.64,1.04,101033.0,3785867.328,195757.0,
AU.SHF,20200228,374.3,374.7,373.34,373.96,355.96,369.98,371.0,-4.72,-3.7,183765.0,6817745.442,192303.0,
AU.SHF,20200302,369.98,371.0,360.0,362.88,358.48,361.24,360.94,-9.76,-10.06,175575.0,6337372.072,185701.0,
AU.SHF,20200303,361.24,360.94,358.72,361.0,358.5,360.26,360.3,-0.68,-0.64,91148.0,3284134.366,188288.0,
AU.SHF,20200304,360.26,360.3,369.5,371.0,367.78,368.54,368.8,8.24,8.5,118360.0,4365271.006,185782.0,
AU.SHF,20200305,368.54,368.8,366.92,368.8,366.88,368.62,367.68,-0.18,-1.12,55414.0,2037558.11,186879.0,
AU.SHF,20200306,368.62,367.68,375.38,377.96,374.66,376.08,375.84,8.4,8.16,134667.0,5061432.316,189357.0,
AU.SHF,20200309,376.08,375.84,381.1,381.12,370.64,373.42,376.08,-2.42,0.24,237196.0,8920881.92,187556.0,
AU.SHF,20200310,373.42,376.08,371.66,373.26,366.74,368.64,370.42,-7.44,-5.66,150891.0,5589391.202,188592.0,
AU.SHF,20200311,368.64,370.42,368.98,371.56,368.9,371.22,370.24,0.8,-0.18,99485.0,3683509.132,186852.0,
AU.SHF,20200312,371.22,370.24,368.0,369.96,365.6,367.26,367.36,-2.98,-2.88,156119.0,5735230.032,185959.0,
AU.SHF,20200313,367.26,367.36,355.0,357.96,349.1,356.4,353.9,-10.96,-13.46,238963.0,8457375.516,180870.0,
AU.SHF,20200316,356.4,353.9,348.5,349.3,342.92,347.18,346.44,-6.72,-7.46,193447.0,6702021.744,180029.0,
AU.SHF,20200317,347.18,346.44,341.0,341.0,330.12,330.88,334.12,-15.56,-12.32,240329.0,8030306.758,177085.0,
AU.SHF,20200318,330.88,334.12,342.0,344.78,336.6,339.08,341.04,4.96,6.92,193627.0,6603803.156,174965.0,
AU.SHF,20200319,339.08,341.04,335.58,337.42,330.74,336.62,334.42,-4.42,-6.62,179984.0,6019067.992,172272.0,
AU.SHF,20200320,336.62,334.42,335.82,341.62,335.56,339.78,337.82,5.36,3.4,165573.0,5593693.748,171370.0,
AU.SHF,20200323,339.78,337.82,340.0,341.0,336.96,339.62,339.16,1.8,1.34,121073.0,4106437.422,171605.0,
AU.SHF,20200324,339.62,339.16,359.5,359.5,354.7,358.46,357.7,19.3,18.54,161343.0,5771381.394,173582.0,
AU.SHF,20200325,358.46,357.7,376.0,376.2,363.0,364.4,366.28,6.7,8.58,157599.0,5772567.218,171798.0,
AU.SHF,20200326,364.4,366.28,363.0,364.94,361.88,363.34,363.5,-2.94,-2.78,96202.0,3497044.668,172741.0,
AU.SHF,20200327,363.34,363.5,365.08,368.48,364.8,367.58,367.02,4.08,3.52,97213.0,3568004.154,173934.0,
AU.SHF,20200330,367.58,367.02,367.88,368.0,363.12,364.7,365.4,-2.32,-1.62,106739.0,3900446.84,172851.0,
AU.SHF,20200331,364.7,365.4,363.9,365.28,363.4,364.9,364.66,-0.5,-0.74,58917.0,2148543.14,167955.0,
AU.SHF,20200401,364.9,364.66,357.0,359.76,355.8,358.62,357.68,-6.04,-6.98,79674.0,2849879.586,166727.0,
AU.SHF,20200402,358.62,357.68,358.64,360.96,357.86,360.7,359.22,3.02,1.54,66157.0,2376510.57,166956.0,
AU.SHF,20200403,360.7,359.22,364.0,365.18,362.7,363.48,363.92,4.26,4.7,57865.0,2105862.2,164213.0,
AU.SHF,20200407,363.48,363.92,376.98,378.0,373.26,373.88,374.62,9.96,10.7,99615.0,3731848.276,167278.0,
AU.SHF,20200408,373.88,374.62,367.9,371.54,367.0,370.2,370.34,-4.42,-4.28,61625.0,2282343.252,166048.0,
AU.SHF,20200409,370.2,370.34,370.5,371.66,370.0,371.46,370.72,1.12,0.38,42627.0,1580296.438,168552.0,
AU.SHF,20200410,371.46,370.72,376.44,376.48,372.88,373.74,374.22,3.02,3.5,44336.0,1659145.08,168261.0,
AU.SHF,20200413,373.74,374.22,374.94,375.22,371.8,373.26,372.92,-0.96,-1.3,75011.0,2797425.244,167514.0,
AU.SHF,20200414,373.26,372.92,375.28,380.0,374.38,377.6,377.42,4.68,4.5,122938.0,4640154.322,174120.0,
AU.SHF,20200415,377.6,377.42,377.16,379.34,376.06,376.32,377.9,-1.1,0.48,85028.0,3213354.048,170494.0,
AU.SHF,20200416,376.32,377.9,376.52,380.42,374.16,379.38,377.48,1.48,-0.42,88382.0,3336251.556,173337.0,
AU.SHF,20200417,379.38,377.48,376.52,377.7,369.08,372.18,373.16,-5.3,-4.32,136448.0,5091942.666,165229.0,
AU.SHF,20200420,372.18,373.16,367.2,371.6,366.2,370.8,369.76,-2.36,-3.4,93426.0,3454660.892,161395.0,
AU.SHF,20200421,370.8,369.76,372.5,374.66,372.12,374.42,373.4,4.66,3.64,76518.0,2857317.584,158271.0,
AU.SHF,20200422,374.42,373.4,373.0,374.96,371.82,373.18,373.62,-0.22,0.22,82597.0,3086096.696,154546.0,
AU.SHF,20200423,373.18,373.62,378.52,381.46,377.72,379.8,379.8,6.18,6.18,103203.0,3919699.96,151296.0,
AU.SHF,20200424,379.8,379.8,379.96,383.24,379.3,382.78,381.1,2.98,1.3,88675.0,3379531.722,148130.0,
AU.SHF,20200427,382.78,381.1,381.0,382.3,379.7,380.14,381.02,-0.96,-0.08,83253.0,3172123.356,130958.0,
AU.SHF,20200428,380.14,381.02,379.0,379.06,375.06,377.1,376.84,-3.92,-4.18,86653.0,3265489.704,121441.0,
AU.SHF,20200429,377.1,376.84,377.38,379.58,377.38,378.74,378.82,1.9,1.98,59792.0,2265085.116,114033.0,
AU.SHF,20200430,378.74,378.82,379.8,380.82,377.84,380.28,379.12,1.46,0.3,61419.0,2328587.562,105651.0,
AU.SHF,20200506,380.28,379.12,377.54,380.8,377.52,380.08,379.98,0.96,0.86,61232.0,2326802.482,96296.0,
AU.SHF,20200507,380.08,379.98,379.16,379.44,377.52,378.18,378.48,-1.8,-1.5,122800.0,4647750.37,83275.0,
AU.SHF,20200508,378.18,378.48,379.48,384.32,378.96,383.38,381.9,4.9,3.42,140961.0,5383444.284,74557.0,
AU.SHF,20200511,383.38,381.9,381.8,383.28,380.06,381.74,381.8,-0.16,-0.1,128624.0,4910942.946,61577.0,
AU.SHF,20200512,381.74,381.8,382.5,382.5,379.56,380.88,380.82,-0.92,-0.98,85711.0,3264138.484,54888.0,
AU.SHF,20200513,380.88,380.82,380.66,382.8,380.34,381.86,381.52,1.04,0.7,78816.0,3007045.362,50249.0,
AU.SHF,20200514,381.86,381.52,382.82,385.2,381.6,384.46,383.4,2.94,1.88,109731.0,4207241.52,44299.0,
AU.SHF,20200515,384.46,383.4,384.94,390.9,383.9,390.16,387.82,6.76,4.42,120787.0,4684379.264,37011.0,
AU.SHF,20200518,390.16,389.78,394.22,402.3,391.88,401.16,397.4,11.38,7.62,202819.0,8060151.078,176492.0,
AU.SHF,20200519,401.16,397.4,398.0,398.76,392.94,394.5,395.44,-2.9,-1.96,213814.0,8455119.57,176053.0,
AU.SHF,20200520,394.5,395.44,395.1,399.8,395.1,398.72,397.62,3.28,2.18,152314.0,6056558.636,184790.0,
AU.SHF,20200521,398.72,397.62,397.4,399.32,394.42,395.06,396.94,-2.56,-0.68,153227.0,6082198.542,183242.0,
AU.SHF,20200522,395.06,396.94,395.28,395.5,390.08,394.38,392.72,-2.56,-4.22,203925.0,8008723.354,183929.0,
AU.SHF,20200525,394.38,392.72,395.3,395.88,392.54,393.54,394.1,0.82,1.38,144174.0,5682076.232,188740.0,
AU.SHF,20200526,393.54,394.1,394.0,396.76,392.82,395.34,394.9,1.24,0.8,123499.0,4877198.45,191998.0,
AU.SHF,20200527,395.34,394.9,394.4,394.98,390.44,391.2,392.2,-3.7,-2.7,182530.0,7158904.466,191330.0,
AU.SHF,20200528,391.2,392.2,389.48,395.18,387.4,394.18,391.22,1.98,-0.98,214096.0,8375872.894,196283.0,
AU.SHF,20200529,394.18,391.22,394.5,395.56,391.72,394.42,394.08,3.2,2.86,165185.0,6509810.738,199847.0,
AU.SHF,20200601,394.42,394.08,396.32,399.06,395.52,398.0,397.16,3.92,3.08,185111.0,7351964.164,209162.0,
AU.SHF,20200602,398.0,397.16,396.86,398.22,395.6,396.96,397.06,-0.2,-0.1,138863.0,5513936.6,209108.0,
AU.SHF,20200603,396.96,397.06,397.02,398.0,392.0,393.04,394.86,-4.02,-2.2,197672.0,7805657.306,207622.0,
AU.SHF,20200604,393.04,394.86,389.5,391.44,387.54,389.74,389.54,-5.12,-5.32,211254.0,8229379.906,205972.0,
AU.SHF,20200605,389.74,389.54,392.86,393.3,389.5,390.18,391.52,0.64,1.98,181803.0,7118284.142,206555.0,
AU.SHF,20200608,390.18,391.52,385.0,386.96,382.28,386.28,384.32,-5.24,-7.2,204656.0,7865611.726,205333.0,
AU.SHF,20200609,386.28,384.32,385.3,387.66,384.34,386.3,385.84,1.98,1.52,140352.0,5415429.83,208235.0,
AU.SHF,20200610,386.3,385.84,390.4,390.92,389.66,390.4,390.34,4.56,4.5,121743.0,4752204.028,210286.0,
AU.SHF,20200611,390.4,390.34,391.2,393.88,388.26,393.7,391.58,3.36,1.24,174613.0,6837497.312,214450.0,
AU.SHF,20200612,393.7,391.58,393.2,395.7,392.0,393.62,393.78,2.04,2.2,189929.0,7479164.99,215262.0,
AU.SHF,20200615,393.62,393.78,394.78,395.5,391.5,392.54,393.86,-1.24,0.08,171433.0,6752186.308,217195.0,
AU.SHF,20200616,392.54,393.86,388.6,393.58,388.18,392.4,391.12,-1.46,-2.74,169341.0,6623507.428,216999.0,
AU.SHF,20200617,392.4,391.12,392.52,393.46,390.54,392.86,392.24,1.74,1.12,167628.0,6575126.122,217927.0,
AU.SHF,20200618,392.86,392.24,391.5,393.12,391.32,392.18,392.28,-0.06,0.04,109230.0,4284917.346,214968.0,
AU.SHF,20200619,392.18,392.28,391.7,393.64,390.96,392.94,392.26,0.66,-0.02,117755.0,4619281.946,216399.0,
AU.SHF,20200622,392.94,392.26,393.98,399.2,393.26,397.5,396.32,5.24,4.06,187422.0,7427919.874,224636.0,
AU.SHF,20200623,397.5,396.32,398.6,398.66,396.0,396.96,397.46,0.64,1.14,175086.0,6959106.876,226296.0,
AU.SHF,20200624,396.96,397.46,398.14,400.74,397.76,400.06,399.34,2.6,1.88,173695.0,6936354.836,234279.0,
AU.SHF,20200629,400.06,399.34,400.96,402.0,399.48,400.14,400.32,0.8,0.98,63418.0,2538778.316,232622.0,
AU.SHF,20200630,400.14,400.32,399.4,400.86,399.36,400.72,400.24,0.4,-0.08,99003.0,3962578.356,236254.0,
AU.SHF,20200701,400.72,400.24,399.94,403.54,399.72,403.1,402.06,2.86,1.82,161601.0,6497445.674,241080.0,
AU.SHF,20200702,403.1,402.06,401.74,401.96,397.78,399.06,399.42,-3.0,-2.64,213881.0,8543121.752,227620.0,
AU.SHF,20200703,399.06,399.42,397.8,401.3,397.08,400.54,400.0,1.12,0.58,142143.0,5685810.574,225974.0,
AU.SHF,20200706,400.54,400.0,400.78,400.98,398.8,399.66,399.96,-0.34,-0.04,79327.0,3172771.798,223795.0,
AU.SHF,20200707,399.66,399.96,401.0,401.28,399.7,400.32,400.4,0.36,0.44,93432.0,3741067.858,223484.0,
AU.SHF,20200708,400.32,400.4,399.04,402.92,399.02,402.36,401.9,1.96,1.5,133731.0,5374693.474,233558.0,
AU.SHF,20200709,402.36,401.9,404.1,406.3,403.8,404.94,405.12,3.04,3.22,156716.0,6348958.512,238744.0,
AU.SHF,20200710,404.94,405.12,404.5,405.06,401.1,401.88,402.96,-3.24,-2.16,168807.0,6802453.33,228827.0,
AU.SHF,20200713,401.88,402.96,403.9,404.24,401.5,403.74,403.06,0.78,0.1,132904.0,5356973.838,229806.0,
AU.SHF,20200714,403.74,403.06,404.0,405.16,401.52,403.02,403.36,-0.04,0.3,126903.0,5118889.604,226681.0,
AU.SHF,20200715,403.02,403.36,403.34,404.96,402.02,403.62,403.76,0.26,0.4,131170.0,5296366.214,228244.0,
AU.SHF,20200716,403.62,403.76,403.16,404.18,401.6,402.12,402.92,-1.64,-0.84,134444.0,5417283.524,224511.0,
AU.SHF,20200717,402.12,402.92,401.7,402.52,398.16,399.76,400.5,-3.16,-2.42,125658.0,5032853.368,222814.0,
AU.SHF,20200720,399.76,400.5,401.02,401.84,400.08,401.78,401.08,1.28,0.58,97008.0,3890923.152,220660.0,
AU.SHF,20200721,401.78,401.08,402.98,405.04,402.14,404.54,403.2,3.46,2.12,117223.0,4726634.068,228159.0,
AU.SHF,20200722,404.54,403.2,407.6,418.8,406.38,414.22,411.94,11.02,8.74,287998.0,11864057.4,231944.0,
AU.SHF,20200723,414.22,411.94,412.94,417.0,410.02,416.52,413.96,4.58,2.02,248556.0,10289527.844,233840.0,
AU.SHF,20200724,416.52,413.96,416.04,421.4,415.36,420.4,418.82,6.44,4.86,258059.0,10808390.972,234955.0,
AU.SHF,20200727,420.4,418.82,422.4,435.0,422.1,430.06,427.42,11.24,8.6,331972.0,14189310.852,236648.0,
AU.SHF,20200728,430.06,427.42,429.76,440.08,426.5,429.94,432.68,2.52,5.26,460734.0,19935821.238,223580.0,
AU.SHF,20200729,429.94,432.68,428.78,432.8,425.76,431.38,429.98,-1.3,-2.7,283360.0,12184218.932,221195.0,
AU.SHF,20200730,431.38,429.98,432.0,432.92,426.52,428.94,430.6,-1.04,0.62,238891.0,10287002.192,217702.0,
AU.SHF,20200731,428.94,430.6,427.0,433.52,424.84,432.86,428.66,2.26,-1.94,287925.0,12342318.732,228802.0,
AU.SHF,20200803,432.86,428.66,432.66,433.18,429.1,431.4,431.3,2.74,2.64,204419.0,8816906.052,226018.0,
AU.SHF,20200804,431.4,431.3,430.62,433.36,430.08,431.96,431.68,0.66,0.38,142798.0,6164354.58,229636.0,
AU.SHF,20200805,431.96,431.68,431.96,445.2,431.9,444.06,438.94,12.38,7.26,381406.0,16742087.31,248730.0,
AU.SHF,20200806,444.06,438.94,444.02,448.24,441.0,447.56,445.62,8.62,6.68,305325.0,13606090.124,244033.0,
AU.SHF,20200807,447.56,445.62,448.1,454.08,447.94,449.72,450.46,4.1,4.84,320402.0,14433262.804,245899.0,
AU.SHF,20200810,449.72,450.46,450.9,451.4,442.5,446.38,446.42,-4.08,-4.04,290951.0,12989081.768,241486.0,
AU.SHF,20200811,446.38,446.42,446.88,449.44,434.38,436.94,443.8,-9.48,-2.62,311559.0,13827362.706,242150.0,
AU.SHF,20200812,436.94,443.8,427.02,427.54,417.16,417.16,421.88,-26.64,-21.92,277064.0,11689316.706,237687.0,
AU.SHF,20200813,417.16,421.88,418.26,419.7,415.02,416.74,417.54,-5.14,-4.34,285203.0,11908501.506,236510.0,
AU.SHF,20200814,416.74,417.54,416.94,428.96,416.62,420.3,422.98,2.76,5.44,368224.0,15575282.93,240748.0,
AU.SHF,20200817,420.3,422.98,421.7,425.8,419.18,424.44,422.62,1.46,-0.36,288643.0,12199080.31,242365.0,
AU.SHF,20200818,424.44,422.62,425.66,434.92,425.66,433.94,430.96,11.32,8.34,348375.0,15013895.718,247333.0,
AU.SHF,20200819,433.94,430.96,436.44,437.06,425.68,429.16,431.76,-1.8,0.8,403441.0,17419764.532,246282.0,
AU.SHF,20200820,429.16,431.76,430.66,431.1,416.08,418.28,423.34,-13.48,-8.42,433563.0,18355293.102,241803.0,
AU.SHF,20200821,418.28,423.34,417.0,420.88,414.8,419.48,417.86,-3.86,-5.48,309753.0,12943886.264,240658.0,
AU.SHF,20200824,419.48,417.86,416.3,417.56,412.18,415.54,415.2,-2.32,-2.66,326923.0,13574475.602,238222.0,
AU.SHF,20200825,415.54,415.2,419.0,423.5,415.1,416.5,417.1,1.3,1.9,231252.0,9645584.63,235241.0,
AU.SHF,20200826,416.5,417.1,415.76,417.36,414.6,415.66,415.8,-1.44,-1.3,205680.0,8552231.674,233911.0,
AU.SHF,20200827,415.66,415.8,414.34,422.08,414.1,420.54,419.42,4.74,3.62,320475.0,13441970.3,232731.0,
AU.SHF,20200828,420.54,419.42,420.28,426.46,414.6,420.4,419.58,0.98,0.16,430007.0,18042718.994,229601.0,
AU.SHF,20200831,420.4,419.58,421.88,425.0,421.04,422.68,422.94,3.1,3.36,274835.0,11623958.436,231884.0,
AU.SHF,20200901,422.68,422.94,422.92,427.82,422.42,426.98,425.06,4.04,2.12,251530.0,10691894.142,232650.0,
AU.SHF,20200902,426.98,425.06,427.42,428.04,421.9,422.6,424.68,-2.46,-0.38,263522.0,11191704.256,228664.0,
AU.SHF,20200903,422.6,424.68,423.08,423.16,414.44,415.3,418.58,-9.38,-6.1,317316.0,13282406.334,224712.0,
AU.SHF,20200904,415.3,418.58,416.0,418.84,413.58,416.54,416.54,-2.04,-2.04,326578.0,13603311.75,218995.0,
AU.SHF,20200907,416.54,416.54,415.0,418.5,413.44,416.36,415.84,-0.18,-0.7,289410.0,12034957.218,215479.0,
AU.SHF,20200908,416.36,415.84,415.84,417.44,414.5,416.56,415.98,0.72,0.14,155836.0,6482519.016,214738.0,
AU.SHF,20200909,416.56,415.98,413.88,419.5,411.0,416.5,415.44,0.52,-0.54,337511.0,14021820.35,212770.0,
AU.SHF,20200910,416.5,415.44,417.74,420.48,417.4,419.46,419.32,4.02,3.88,221436.0,9285655.756,215314.0,
AU.SHF,20200911,419.46,419.32,421.76,422.9,416.58,418.34,420.36,-0.98,1.04,253280.0,10647253.416,211960.0,
AU.SHF,20200914,418.34,420.36,418.46,420.34,417.4,418.44,418.92,-1.92,-1.44,163104.0,6832762.138,211046.0,
AU.SHF,20200915,418.44,418.92,419.98,420.88,418.7,419.8,419.96,0.88,1.04,171699.0,7210938.964,208614.0,
AU.SHF,20200916,419.8,419.96,420.0,420.44,416.6,418.64,418.0,-1.32,-1.96,180576.0,7548121.654,209430.0,
AU.SHF,20200917,418.64,418.0,419.0,420.1,414.16,415.62,417.22,-2.38,-0.78,234764.0,9795058.112,213564.0,
AU.SHF,20200918,415.62,417.22,415.44,417.28,412.8,416.92,415.16,-0.3,-2.06,182221.0,7565358.026,210258.0,
AU.SHF,20200921,416.92,415.16,416.6,419.58,415.64,417.04,417.4,1.88,2.24,164172.0,6852674.42,209385.0,
AU.SHF,20200922,417.04,417.4,413.46,414.46,393.26,407.58,407.74,-9.82,-9.66,475584.0,19392162.028,211942.0,
AU.SHF,20200923,407.58,407.74,408.4,409.58,399.58,400.9,405.84,-6.84,-1.9,317889.0,12901241.1,210028.0,
AU.SHF,20200924,400.9,405.84,401.44,403.9,395.18,396.58,399.58,-9.26,-6.26,314778.0,12577938.742,209781.0,
AU.SHF,20200925,396.58,399.58,397.48,401.48,396.34,401.06,398.88,1.48,-0.7,243866.0,9727507.92,206242.0,
AU.SHF,20200928,401.06,398.88,399.22,402.0,398.18,400.14,399.78,1.26,0.9,184483.0,7375332.018,203539.0,
AU.SHF,20200929,400.14,399.78,401.46,406.06,401.32,405.9,403.96,6.12,4.18,175770.0,7100528.482,200956.0,
AU.SHF,20200930,405.9,403.96,406.1,408.0,405.16,406.1,406.6,2.14,2.64,137965.0,5609772.678,197342.0,
AU.SHF,20201009,406.1,406.6,404.4,407.0,404.02,405.36,405.5,-1.24,-1.1,71362.0,2893782.728,196479.0,
AU.SHF,20201012,405.36,405.5,407.38,411.6,406.94,410.02,409.32,4.52,3.82,175001.0,7163396.212,198166.0,
AU.SHF,20201013,410.02,409.32,410.86,411.24,407.84,408.54,409.72,-0.78,0.4,141066.0,5779924.912,195939.0,
AU.SHF,20201014,408.54,409.72,407.28,407.28,400.64,404.04,403.08,-5.68,-6.64,193310.0,7792127.138,188656.0,
AU.SHF,20201015,404.04,403.08,405.98,406.66,401.5,403.62,404.06,0.54,0.98,146674.0,5926597.7,187346.0,
AU.SHF,20201016,403.62,404.06,402.6,406.22,402.26,404.98,404.24,0.92,0.18,151010.0,6104464.64,186375.0,
AU.SHF,20201019,404.98,404.24,404.22,405.66,402.02,404.9,403.88,0.66,-0.36,155500.0,6280587.18,183367.0,
AU.SHF,20201020,404.9,403.88,405.1,405.36,401.86,403.58,403.56,-0.3,-0.32,136216.0,5497199.106,184294.0,
AU.SHF,20201021,403.58,403.56,403.9,406.28,402.62,404.66,404.66,1.1,1.1,151406.0,6127036.266,179446.0,
AU.SHF,20201022,404.66,404.66,406.4,407.44,403.58,404.86,405.6,0.2,0.94,153265.0,6216660.208,175557.0,
AU.SHF,20201023,404.86,405.6,403.88,404.36,401.3,403.58,402.8,-2.02,-2.8,145253.0,5850836.328,173923.0,
AU.SHF,20201026,403.58,402.8,403.58,404.1,400.28,401.56,402.02,-1.24,-0.78,167714.0,6742551.0,169399.0,
AU.SHF,20201027,401.56,402.02,402.86,405.5,402.84,405.3,404.5,3.28,2.48,151696.0,6136319.0,162159.0,
AU.SHF,20201028,405.3,404.5,404.8,406.52,404.36,405.36,405.44,0.86,0.94,120494.0,4885524.0,158003.0,
AU.SHF,20201029,405.36,405.44,401.04,401.3,398.26,399.78,399.7,-5.66,-5.74,212188.0,8481338.0,154496.0,
AU.SHF,20201030,399.78,399.7,396.88,399.5,394.92,397.1,397.4,-2.6,-2.3,198494.0,7888217.0,148505.0,
AU.SHF,20201102,397.1,397.4,399.88,401.12,397.78,400.68,399.64,3.28,2.24,151267.0,6045441.0,139201.0,
AU.SHF,20201103,400.68,399.64,401.2,402.96,400.56,402.6,401.78,2.96,2.14,109941.0,4417345.0,133519.0,
AU.SHF,20201104,402.6,401.78,403.6,405.88,402.98,404.28,404.44,2.5,2.66,165806.0,6705934.0,131109.0,
AU.SHF,20201105,404.28,404.44,404.16,404.7,399.22,404.22,402.68,-0.22,-1.76,146502.0,5899382.0,129696.0,
AU.SHF,20201106,404.22,402.68,406.04,410.68,405.52,408.3,407.94,5.62,5.26,188202.0,7677735.0,127093.0,
AU.SHF,20201109,408.3,407.94,409.0,410.96,406.98,407.42,409.22,-0.52,1.28,165871.0,6788024.0,120788.0,
AU.SHF,20201110,407.42,409.22,399.6,399.8,391.5,396.54,394.52,-12.68,-14.7,258061.0,10181402.0,113069.0,
AU.SHF,20201111,396.54,394.52,395.18,396.2,394.2,395.64,395.22,1.12,0.7,105185.0,4157190.0,108968.0,
AU.SHF,20201112,395.64,395.22,394.64,395.62,392.0,394.98,393.98,-0.24,-1.24,133699.0,5267632.0,101791.0,
AU.SHF,20201113,394.98,393.98,395.06,397.0,394.6,396.88,396.24,2.9,2.26,102837.0,4074905.0,95747.0,
AU.SHF,20201116,396.88,396.24,397.5,399.76,396.22,396.64,398.2,0.4,1.96,105185.0,4188517.526,89414.0,
AU.SHF,20201117,396.64,398.2,394.7,398.26,393.72,396.18,396.26,-2.02,-1.94,104315.0,4133664.0,81027.0,
AU.SHF,20201118,396.18,396.26,396.04,397.26,392.72,393.64,395.06,-2.62,-1.2,87655.0,3462922.0,76287.0,
AU.SHF,20201119,393.64,395.06,392.04,395.36,390.4,392.0,393.08,-3.06,-1.98,96342.0,3787076.56,70384.0,
AU.SHF,20201120,392.0,393.08,392.0,392.7,390.26,392.18,391.74,-0.9,-1.34,92438.0,3621271.0,60399.0,
AU.SHF,20201123,392.18,391.74,392.18,394.18,391.6,392.8,392.72,1.06,0.98,80667.0,3168091.0,51812.0,
AU.SHF,20201124,392.8,392.72,392.08,392.12,382.02,383.32,386.48,-9.4,-6.24,141810.0,5379752.0,43794.0,
AU.SHF,20201125,383.32,386.48,380.04,380.74,378.0,379.24,379.44,-7.24,-7.04,94687.0,3592930.0,33091.0,
AU.SHF,20201126,379.24,379.44,380.54,381.08,378.16,380.22,379.84,0.78,0.4,50264.0,1909272.176,24895.0,
AU.SHF,20201127,380.22,381.08,381.24,381.9,379.76,381.14,380.8,0.06,-0.28,87027.0,3314112.696,64699.0,
AU.SHF,20201130,381.14,380.8,380.28,380.78,368.28,371.34,373.48,-9.46,-7.32,197649.0,7381840.918,69429.0,
AU.SHF,20201201,371.34,373.48,369.78,375.08,369.46,374.2,372.28,0.72,-1.2,123297.0,4590214.97,67056.0,
AU.SHF,20201202,374.2,372.28,378.2,380.36,377.46,379.64,378.92,7.36,6.64,137644.0,5215779.774,63111.0,
AU.SHF,20201203,379.64,378.92,380.88,384.28,379.2,383.7,381.9,4.78,2.98,127570.0,4872100.918,61338.0,
AU.SHF,20201204,383.7,381.9,384.7,385.44,380.78,384.46,383.36,2.56,1.46,121286.0,4649756.0,59118.0,
AU.SHF,20201207,384.46,383.36,384.0,384.94,381.36,383.38,383.18,0.02,-0.18,134348.0,5148016.87,60892.0,
AU.SHF,20201208,383.38,383.18,382.22,390.18,381.8,389.18,387.16,6.0,3.98,146198.0,5660235.0,64088.0,
AU.SHF,20201209,389.18,387.16,388.78,390.82,386.16,387.0,388.74,-0.16,1.58,117553.0,4569764.0,61423.0,
AU.SHF,20201210,387.0,388.74,386.72,388.08,382.38,383.26,384.84,-5.48,-3.9,128810.0,4957227.0,62306.0,
AU.SHF,20201211,383.26,384.84,383.22,386.66,382.2,382.78,384.14,-2.06,-0.7,118041.0,4534621.0,60998.0,
AU.SHF,20201214,382.78,384.14,383.26,386.14,382.06,382.82,384.1,-1.32,-0.04,117407.0,4509614.0,51002.0,
AU.SHF,20201215,382.82,384.1,381.0,385.94,380.46,385.66,382.88,1.56,-1.22,118340.0,4531054.0,52312.0,
AU.SHF,20201216,385.66,382.88,386.12,389.06,385.76,388.4,387.4,5.52,4.52,103926.0,4026250.0,53332.0,
AU.SHF,20201217,388.4,387.4,387.98,391.22,386.32,390.5,388.38,3.1,0.98,109335.0,4246446.0,55690.0,
AU.SHF,20201218,390.5,388.38,392.94,395.48,391.44,393.58,393.64,5.2,5.26,129844.0,5111238.0,54600.0,
AU.SHF,20201221,393.58,393.64,393.96,400.8,392.0,398.36,395.84,4.72,2.2,133771.0,5295210.0,55273.0,
AU.SHF,20201222,398.36,395.84,394.96,395.58,392.14,392.76,394.3,-3.08,-1.54,135335.0,5336348.0,52384.0,
AU.SHF,20201223,392.76,394.3,393.06,395.14,390.74,391.44,392.64,-2.86,-1.66,121551.0,4772709.0,49200.0,
AU.SHF,20201224,391.44,392.64,390.5,394.32,390.26,393.04,392.8,0.4,0.16,103777.0,4076547.0,46772.0,
AU.SHF,20201225,393.04,392.8,393.0,395.24,391.26,395.0,393.22,2.2,0.42,91966.0,3616402.0,47708.0,
AU.SHF,20201228,395.0,393.22,395.0,399.2,387.96,395.78,396.36,2.56,3.14,96263.0,3815586.99,43411.0,
AU.SHF,20201229,395.78,396.36,394.4,398.44,393.38,393.86,395.62,-2.5,-0.74,160917.0,6366421.676,41610.0,
AU.SHF,20201230,393.86,395.62,394.16,395.28,392.14,393.7,393.94,-1.92,-1.68,111318.0,4385381.0,39178.0,
AU.SHF,20201231,393.7,393.94,393.4,397.68,392.64,394.98,395.1,1.04,1.16,117553.0,4644676.496,37201.0,
AU.SHF,20210104,394.98,395.1,398.98,400.8,398.9,400.04,400.1,4.94,5.0,57526.0,2301666.206,39504.0,
AU.SHF,20210105,400.04,400.1,401.88,404.6,401.0,402.32,402.92,2.22,2.82,120443.0,4852981.0,39174.0,
AU.SHF,20210106,402.32,402.92,404.0,404.96,401.66,402.88,403.5,-0.04,0.58,111744.0,4509055.0,37436.0,
AU.SHF,20210107,402.88,403.5,400.2,402.6,394.0,399.06,398.78,-4.44,-4.72,144477.0,5761496.0,33912.0,
AU.SHF,20210108,399.06,398.78,398.54,399.0,395.5,396.06,397.56,-2.72,-1.22,95356.0,3791089.0,29720.0,
AU.SHF,20210111,396.06,397.56,392.54,392.84,378.2,385.0,385.68,-12.56,-11.88,161329.0,6222365.0,28848.0,
AU.SHF,20210112,385.0,385.68,384.36,387.74,381.72,387.42,384.68,1.74,-1.0,90144.0,3467749.0,23586.0,
AU.SHF,20210113,387.42,384.68,387.54,388.68,384.02,387.54,386.18,2.86,1.5,80959.0,3126484.0,20228.0,
AU.SHF,20210114,387.54,386.18,387.18,388.96,383.0,385.3,386.92,-0.88,0.74,62634.0,2423447.0,20030.0,
AU.SHF,20210115,385.3,387.92,386.5,390.18,385.84,387.9,387.88,-0.02,-0.04,97553.0,3784010.0,110771.0,
AU.SHF,20210118,387.9,387.88,387.98,388.78,382.08,386.82,385.52,-1.06,-2.36,131706.0,5077602.0,114356.0,
AU.SHF,20210119,386.82,385.52,387.16,388.56,386.2,387.72,387.34,2.2,1.82,70338.0,2724542.0,117548.0,
AU.SHF,20210120,387.72,387.34,386.4,389.52,385.26,388.82,387.36,1.48,0.02,93863.0,3635997.0,120653.0,
AU.SHF,20210121,388.82,387.36,387.22,392.96,384.78,392.72,390.14,5.36,2.78,147688.0,5762008.0,123284.0,
AU.SHF,20210122,392.72,390.14,391.36,391.94,389.52,390.9,390.74,0.76,0.6,108894.0,4255074.0,118234.0,
AU.SHF,20210125,390.9,390.74,388.0,391.8,386.58,389.0,389.08,-1.74,-1.66,116924.0,4549445.0,115004.0,
AU.SHF,20210126,389.0,389.08,391.54,392.58,388.34,390.14,390.58,1.06,1.5,118060.0,4611250.996,115303.0,
AU.SHF,20210127,390.14,390.58,390.04,390.5,386.18,387.94,388.46,-2.64,-2.12,111222.0,4320726.57,118337.0,
AU.SHF,20210128,387.94,388.46,386.8,389.6,385.4,386.3,387.32,-2.16,-1.14,130181.0,5042346.284,118555.0,
AU.SHF,20210129,386.3,387.32,386.56,390.82,384.2,388.34,388.18,1.02,0.86,172434.0,6693598.0,118114.0,
AU.SHF,20210201,388.34,388.18,390.38,393.42,386.74,392.64,390.04,4.46,1.86,246138.0,9600838.0,114301.0,
AU.SHF,20210202,392.64,390.04,393.0,394.18,388.82,389.5,392.34,-0.54,2.3,174280.0,6837906.0,111539.0,
AU.SHF,20210203,389.5,392.34,387.36,387.36,383.46,385.1,385.1,-7.24,-7.24,180738.0,6960399.0,113267.0,
AU.SHF,20210204,385.1,385.1,384.76,385.76,379.68,382.26,382.94,-2.84,-2.16,153568.0,5880809.0,122865.0,
AU.SHF,20210205,382.26,382.94,381.3,381.5,375.04,377.86,377.44,-5.08,-5.5,183350.0,6920442.31,123703.0,
AU.SHF,20210208,377.86,377.44,378.8,381.56,376.46,381.0,379.38,3.56,1.94,155550.0,5901477.0,119965.0,
AU.SHF,20210209,381.0,379.38,382.56,385.84,381.5,385.6,384.04,6.22,4.66,117629.0,4517539.0,110073.0,
AU.SHF,20210210,385.6,384.04,385.16,386.44,383.12,385.66,384.9,1.62,0.86,99733.0,3838851.0,105125.0,
AU.SHF,20210218,385.66,384.9,374.98,374.98,372.44,374.18,373.64,-10.72,-11.26,70603.0,2638114.0,115294.0,
AU.SHF,20210219,374.18,373.64,374.5,376.46,370.64,372.46,373.5,-1.18,-0.14,162778.0,6080076.0,124132.0,
AU.SHF,20210222,372.46,373.5,372.7,377.82,372.1,376.66,375.24,3.16,1.74,176649.0,6628686.0,125451.0,
AU.SHF,20210223,376.66,375.24,377.1,381.88,377.1,380.66,380.0,5.42,4.76,147001.0,5586179.0,128558.0,
AU.SHF,20210224,380.66,380.0,380.66,380.92,377.08,379.6,379.34,-0.4,-0.66,132126.0,5012285.0,126672.0,
AU.SHF,20210225,379.6,379.34,378.62,379.12,373.8,375.94,376.08,-3.4,-3.26,184423.0,6935973.0,129150.0,
AU.SHF,20210226,375.94,376.08,374.06,375.18,368.5,369.5,372.18,-6.58,-3.9,234128.0,8713920.0,137827.0,
AU.SHF,20210301,369.5,372.18,369.02,370.84,360.2,367.94,365.4,-4.24,-6.78,271417.0,9918008.0,136648.0,
AU.SHF,20210302,367.94,365.4,365.0,366.34,358.44,361.74,362.66,-3.66,-2.74,205450.0,7451228.0,143591.0,
AU.SHF,20210303,361.74,362.66,364.2,365.0,361.66,363.5,363.32,0.84,0.66,141168.0,5129181.0,141477.0,
AU.SHF,20210304,363.5,363.32,362.02,362.14,357.26,360.34,359.78,-2.98,-3.54,209010.0,7520118.0,144283.0,
AU.SHF,20210305,360.34,359.78,360.76,361.84,354.58,356.6,358.48,-3.18,-1.3,207121.0,7425096.0,141913.0,
AU.SHF,20210308,356.6,358.48,357.72,361.98,355.74,360.36,359.1,1.88,0.62,179040.0,6429530.0,135418.0,
AU.SHF,20210309,360.36,359.1,358.64,359.5,355.42,359.04,357.52,-0.06,-1.58,150596.0,5384195.0,134384.0,
AU.SHF,20210310,359.04,357.52,360.54,364.86,360.38,362.9,363.02,5.38,5.5,172143.0,6249156.0,132288.0,
AU.SHF,20210311,362.9,363.02,362.28,366.96,362.16,365.88,364.36,2.86,1.34,146580.0,5340831.0,132572.0,
AU.SHF,20210312,365.88,364.36,366.12,366.3,360.4,360.76,363.18,-3.6,-1.18,151813.0,5513728.0,136810.0,
AU.SHF,20210315,360.76,363.18,360.12,366.16,358.5,363.86,362.02,0.68,-1.16,158017.0,5720846.0,133153.0,
AU.SHF,20210316,363.86,362.02,365.22,366.22,363.2,364.56,364.96,2.54,2.94,117957.0,4305144.0,131515.0,
AU.SHF,20210317,364.56,364.96,365.0,367.56,364.62,366.2,365.76,1.24,0.8,126259.0,4618265.0,129360.0,
AU.SHF,20210318,366.2,365.76,365.1,369.96,363.6,369.24,366.96,3.48,1.2,157390.0,5775791.0,132863.0,
AU.SHF,20210319,369.24,366.96,365.8,368.68,363.02,367.66,365.38,0.7,-1.58,169281.0,6185481.0,128668.0,
AU.SHF,20210322,367.66,365.38,367.22,368.36,365.02,365.7,366.76,0.32,1.38,143322.0,5256757.0,122918.0,
AU.SHF,20210323,365.7,366.76,365.8,367.5,364.9,366.8,366.16,0.04,-0.6,102751.0,3762478.0,120510.0,
AU.SHF,20210324,366.8,366.16,367.0,367.36,364.12,366.24,365.52,0.08,-0.64,131233.0,4796860.0,121185.0,
AU.SHF,20210325,366.24,365.52,366.54,368.72,365.78,367.22,367.16,1.7,1.64,105658.0,3879383.0,121302.0,
AU.SHF,20210326,367.22,367.16,366.5,370.6,365.12,366.24,367.68,-0.92,0.52,176151.0,6476821.0,122172.0,
AU.SHF,20210329,366.24,367.68,365.88,368.4,365.36,366.44,366.74,-1.24,-0.94,117453.0,4307568.0,122257.0,
AU.SHF,20210330,366.44,366.74,366.58,367.22,361.32,361.5,363.46,-5.24,-3.28,172559.0,6272009.0,130818.0,
AU.SHF,20210331,361.5,363.46,357.62,358.84,355.88,357.38,357.54,-6.08,-5.92,152998.0,5470489.154,135675.0,
AU.SHF,20210401,357.38,357.54,357.46,365.52,357.36,364.98,361.78,7.44,4.24,168693.0,6103165.188,128041.0,
AU.SHF,20210402,364.98,361.78,365.8,370.0,365.64,369.98,367.84,8.2,6.06,133687.0,4917783.46,129113.0,
AU.SHF,20210406,369.98,367.84,367.38,369.18,366.5,367.3,368.34,-0.54,0.5,63847.0,2351816.17,131597.0,
AU.SHF,20210407,367.3,368.34,368.36,370.2,367.9,369.1,369.0,0.76,0.66,115028.0,4244630.266,132516.0,
AU.SHF,20210408,369.1,369.0,368.92,371.5,367.5,370.08,369.08,1.08,0.08,134886.0,4978612.444,136015.0,
AU.SHF,20210409,370.08,369.08,370.88,373.96,370.88,371.96,372.72,2.88,3.64,152545.0,5685874.522,138525.0,
AU.SHF,20210412,371.96,372.72,369.72,370.96,367.76,369.18,369.48,-3.54,-3.24,148270.0,5478439.158,128696.0,
AU.SHF,20210413,369.18,369.48,369.02,369.02,365.54,365.8,367.08,-3.68,-2.4,137766.0,5057355.516,123476.0,
AU.SHF,20210414,365.8,367.08,367.88,370.56,367.88,369.54,369.44,2.46,2.36,128655.0,4753096.754,118943.0,
AU.SHF,20210415,369.54,369.44,369.38,369.6,366.3,369.54,367.62,0.1,-1.82,142833.0,5250853.812,119190.0,
AU.SHF,20210416,369.54,367.62,369.12,374.08,368.92,372.86,372.38,5.24,4.76,152801.0,5690247.122,125219.0,
AU.SHF,20210419,372.86,372.38,376.5,377.36,374.4,375.5,375.72,3.12,3.34,140592.0,5282329.554,123785.0,
AU.SHF,20210420,375.5,375.72,374.2,374.48,371.42,372.1,372.98,-3.62,-2.74,128949.0,4809554.59,118776.0,
AU.SHF,20210421,372.1,372.98,372.16,376.06,371.58,375.98,374.16,3.0,1.18,129375.0,4840907.194,120414.0,
AU.SHF,20210422,375.98,374.16,375.58,378.1,375.02,376.4,376.7,2.24,2.54,140175.0,5280490.678,117927.0,
AU.SHF,20210423,376.4,376.7,374.98,376.16,373.7,375.2,375.04,-1.5,-1.66,132908.0,4984687.56,114736.0,
AU.SHF,20210426,375.2,375.04,376.7,377.48,371.9,373.14,373.98,-1.9,-1.06,162815.0,6088974.95,110942.0,
AU.SHF,20210427,373.14,373.98,373.1,374.48,372.02,373.48,373.3,-0.5,-0.68,121133.0,4521919.024,110532.0,
AU.SHF,20210428,373.48,373.3,374.1,375.04,370.86,371.4,372.8,-1.9,-0.5,151022.0,5630321.58,106097.0,
AU.SHF,20210429,371.4,372.8,371.42,375.18,370.7,372.68,373.02,-0.12,0.22,138559.0,5168765.48,101949.0,
AU.SHF,20210430,372.68,373.02,373.18,373.18,367.82,370.76,370.08,-2.26,-2.94,156690.0,5798843.356,94403.0,
AU.SHF,20210506,370.76,370.08,373.5,376.66,373.08,376.28,375.18,6.2,5.1,69253.0,2598291.618,94003.0,
AU.SHF,20210507,376.28,375.18,376.28,381.22,375.48,380.4,379.42,5.22,4.24,156474.0,5936938.378,92635.0,
AU.SHF,20210510,380.4,379.42,383.8,384.22,380.36,381.76,381.88,2.34,2.46,161755.0,6177144.604,89242.0,
AU.SHF,20210511,381.76,381.88,382.68,383.34,380.56,381.54,382.08,-0.34,0.2,126642.0,4838762.932,83496.0,
AU.SHF,20210512,381.54,382.08,380.0,382.6,378.36,382.44,380.8,0.36,-1.28,136685.0,5205086.028,78686.0,
AU.SHF,20210513,382.44,380.8,383.5,384.44,379.5,380.68,381.52,-0.12,0.72,154721.0,5902974.014,74562.0,
AU.SHF,20210514,380.68,381.52,379.8,383.48,379.64,382.96,381.22,1.44,-0.3,135687.0,5172789.368,77192.0,
AU.SHF,20210517,382.96,381.22,383.42,388.5,382.96,387.3,385.68,6.08,4.46,134116.0,5172745.712,76304.0,
AU.SHF,20210518,387.3,385.68,385.82,391.64,385.6,389.96,389.46,4.28,3.78,153390.0,5974168.118,70070.0,
AU.SHF,20210519,389.96,389.46,390.0,390.54,387.72,390.3,389.02,0.84,-0.44,131065.0,5098931.262,57758.0,
AU.SHF,20210520,390.3,389.02,390.3,393.98,388.0,390.4,391.24,1.38,2.22,186338.0,7290393.516,51809.0,
AU.SHF,20210521,390.4,391.24,390.18,393.0,389.54,390.4,390.82,-0.84,-0.42,113414.0,4432547.262,45851.0,
AU.SHF,20210524,390.4,390.82,393.52,393.88,389.16,391.66,391.5,0.84,0.68,139920.0,5478073.394,40105.0,
AU.SHF,20210525,391.66,391.5,391.26,391.38,387.82,389.82,389.66,-1.68,-1.84,121975.0,4752888.086,28991.0,
AU.SHF,20210526,389.82,389.66,389.86,394.88,388.96,393.4,392.26,3.74,2.6,111268.0,4364717.418,22919.0,
AU.SHF,20210527,393.4,392.26,394.0,394.16,389.78,390.96,391.76,-1.3,-0.5,59720.0,2339709.256,16296.0,
AU.SHF,20210528,390.96,394.68,394.42,394.42,391.1,391.38,392.68,-3.3,-2.0,144120.0,5659436.928,137711.0,
AU.SHF,20210531,391.38,392.68,392.28,395.58,391.76,394.38,393.8,1.7,1.12,150667.0,5933523.136,145278.0,
AU.SHF,20210601,394.38,393.8,394.56,397.28,393.68,396.9,395.54,3.1,1.74,110920.0,4387375.398,152911.0,
AU.SHF,20210602,396.9,395.54,396.9,397.12,389.1,389.98,393.2,-5.56,-2.34,178012.0,6999643.828,153130.0,
AU.SHF,20210603,389.98,393.2,390.96,392.42,386.74,387.5,390.44,-5.7,-2.76,142308.0,5556377.158,156168.0,
AU.SHF,20210604,387.5,390.44,382.74,384.6,370.1,382.62,379.5,-7.82,-10.94,212575.0,8067569.318,155341.0,
AU.SHF,20210607,382.62,379.5,385.88,386.94,384.14,385.32,385.5,5.82,6.0,120489.0,4645069.268,159073.0,
AU.SHF,20210608,385.32,385.5,385.5,390.78,385.4,387.9,388.22,2.4,2.72,108998.0,4231570.016,158963.0,
AU.SHF,20210609,387.9,388.22,387.46,388.8,385.96,387.7,387.76,-0.52,-0.46,93176.0,3613172.8,160266.0,
AU.SHF,20210610,387.7,387.76,388.22,389.16,384.88,386.46,387.2,-1.3,-0.56,117279.0,4541219.752,161767.0,
AU.SHF,20210611,386.46,387.2,387.94,391.32,387.28,389.92,389.08,2.72,1.88,107043.0,4165036.112,161262.0,
AU.SHF,20210615,389.92,389.08,383.46,384.88,380.12,382.66,382.04,-6.42,-7.04,87850.0,3356269.028,166011.0,
AU.SHF,20210616,382.66,382.04,382.08,383.4,379.72,382.24,381.52,0.2,-0.52,101316.0,3865437.194,168335.0,
AU.SHF,20210617,382.24,381.52,381.84,384.0,374.38,375.66,378.62,-5.86,-2.9,149885.0,5674996.842,173596.0,
AU.SHF,20210618,375.66,378.62,370.22,372.5,369.5,371.62,371.14,-7.0,-7.48,167921.0,6232366.274,172151.0,
AU.SHF,20210621,371.62,371.14,370.92,372.3,368.7,371.94,370.48,0.8,-0.66,161977.0,6001178.048,172811.0,
AU.SHF,20210622,371.94,370.48,371.28,374.66,371.12,373.44,373.32,2.96,2.84,122215.0,4562584.024,166974.0,
AU.SHF,20210623,373.44,373.32,371.98,374.42,371.58,374.02,373.16,0.7,-0.16,76440.0,2852438.674,165722.0,
AU.SHF,20210624,374.02,373.16,373.88,376.16,371.8,371.94,373.72,-1.22,0.56,117978.0,4409209.802,168221.0,
AU.SHF,20210625,371.94,373.72,373.0,373.9,370.5,371.4,372.22,-2.32,-1.5,99429.0,3701006.086,168791.0,
AU.SHF,20210628,371.4,372.22,372.44,373.62,369.62,372.16,371.94,-0.06,-0.28,125440.0,4665798.346,167239.0,
AU.SHF,20210629,372.16,371.94,371.88,372.64,370.42,370.8,371.42,-1.14,-0.52,86764.0,3222729.66,170436.0,
AU.SHF,20210630,370.8,371.42,367.46,369.54,366.12,367.5,367.4,-3.92,-4.02,128592.0,4724574.144,174865.0,
AU.SHF,20210701,367.5,367.4,367.5,372.38,366.76,371.78,369.62,4.38,2.22,122028.0,4510576.276,169955.0,
AU.SHF,20210702,371.78,369.62,371.8,373.2,370.12,372.64,371.96,3.02,2.34,103477.0,3849099.046,167139.0,
AU.SHF,20210705,372.64,371.96,374.6,375.98,372.64,373.88,373.94,1.92,1.98,133466.0,4990918.862,165679.0,
AU.SHF,20210706,373.88,373.94,374.5,377.8,372.28,377.46,375.36,3.52,1.42,91273.0,3426162.78,167119.0,
AU.SHF,20210707,377.46,375.36,378.38,379.02,375.38,377.3,377.32,1.94,1.96,145870.0,5504253.448,163935.0,
AU.SHF,20210708,377.3,377.32,377.3,378.44,376.06,376.62,377.18,-0.7,-0.14,122603.0,4624581.966,164844.0,
AU.SHF,20210709,376.62,377.18,380.0,380.76,376.18,377.78,378.36,0.6,1.18,147647.0,5586478.832,166341.0,
AU.SHF,20210712,377.78,378.36,378.08,379.96,376.5,377.0,378.32,-1.36,-0.04,108697.0,4112385.716,169146.0,
AU.SHF,20210713,377.0,378.32,377.18,379.14,374.98,378.8,377.7,0.48,-0.62,117478.0,4437281.062,167895.0,
AU.SHF,20210714,378.8,377.7,377.28,380.06,376.82,379.5,379.0,1.8,1.3,120729.0,4575824.364,170881.0,
AU.SHF,20210715,379.5,379.0,381.5,382.66,379.96,382.48,381.34,3.48,2.34,115976.0,4422696.074,174985.0,
AU.SHF,20210716,382.48,381.34,381.28,383.08,380.08,381.48,381.5,0.14,0.16,103066.0,3931983.612,172415.0,
AU.SHF,20210719,381.48,381.5,381.48,382.3,377.8,377.84,380.02,-3.66,-1.48,141541.0,5378866.192,169375.0,
AU.SHF,20210720,377.84,380.02,379.52,381.38,378.12,380.68,379.98,0.66,-0.04,124603.0,4734803.664,170397.0,
AU.SHF,20210721,380.68,379.98,382.52,382.54,377.54,379.28,379.56,-0.7,-0.42,147174.0,5586331.768,167582.0,
AU.SHF,20210722,379.28,379.56,376.5,377.6,375.66,376.3,376.56,-3.26,-3.0,130983.0,4932453.274,169102.0,
AU.SHF,20210723,376.3,376.56,376.52,378.28,375.16,378.02,377.06,1.46,0.5,111409.0,4200815.172,167275.0,
AU.SHF,20210726,378.02,377.06,377.26,379.54,376.0,379.04,377.66,1.98,0.6,111773.0,4221227.038,167615.0,
AU.SHF,20210727,379.04,377.66,378.54,378.54,375.36,375.84,376.7,-1.82,-0.96,110121.0,4148378.87,169626.0,
AU.SHF,20210728,375.84,376.7,378.6,380.66,377.52,379.9,379.12,3.2,2.42,142958.0,5419955.584,172518.0,
AU.SHF,20210729,379.9,379.12,378.7,381.8,377.24,381.16,379.46,2.04,0.34,127838.0,4851178.19,172910.0,
AU.SHF,20210730,381.16,379.46,381.9,383.12,381.22,382.5,382.1,3.04,2.64,105481.0,4030562.748,174179.0,
AU.SHF,20210802,382.5,382.1,381.4,382.1,377.6,377.84,379.48,-4.26,-2.62,139682.0,5300929.646,163558.0,
AU.SHF,20210803,377.84,379.48,377.44,380.1,377.32,377.82,378.48,-1.66,-1.0,98232.0,3717919.206,161628.0,
AU.SHF,20210804,377.82,378.48,378.5,379.12,377.9,378.66,378.52,0.18,0.04,81068.0,3068737.896,161151.0,
AU.SHF,20210805,378.66,378.52,381.26,382.36,377.0,378.04,379.5,-0.48,0.98,151677.0,5756168.318,164130.0,
AU.SHF,20210806,378.04,379.5,377.78,378.38,375.6,375.9,376.5,-3.6,-3.0,117978.0,4441878.97,169075.0,
AU.SHF,20210809,375.9,376.5,371.52,371.64,362.1,365.6,367.46,-10.9,-9.04,216464.0,7954493.166,178597.0,
AU.SHF,20210810,365.6,367.46,364.88,365.94,362.16,363.92,364.0,-3.54,-3.46,140271.0,5105993.758,182514.0,
AU.SHF,20210811,363.92,364.0,362.82,364.18,360.8,363.52,362.64,-0.48,-1.36,128875.0,4673655.842,181145.0,
AU.SHF,20210812,363.52,362.64,365.3,367.8,364.58,367.16,366.14,4.52,3.5,125076.0,4579747.806,177641.0,
AU.SHF,20210813,367.16,366.14,366.34,368.48,365.12,368.04,366.96,1.9,0.82,101361.0,3719567.876,176218.0,
AU.SHF,20210816,368.04,366.96,369.0,372.98,369.0,371.24,371.32,4.28,4.36,123664.0,4592051.466,171907.0,
AU.SHF,20210817,371.24,371.32,372.02,375.46,371.84,375.02,373.72,3.7,2.4,106219.0,3969808.064,171740.0,
AU.SHF,20210818,375.02,373.72,374.46,375.72,373.14,375.4,374.52,1.68,0.8,116885.0,4377700.304,169026.0,
AU.SHF,20210819,375.4,374.52,374.9,375.14,372.2,374.28,373.68,-0.24,-0.84,132639.0,4956707.192,168500.0,
AU.SHF,20210820,374.28,373.68,374.88,376.16,372.7,375.5,374.48,1.82,0.8,115068.0,4309244.026,167847.0,
AU.SHF,20210823,375.5,374.48,374.52,375.34,372.34,374.88,374.16,0.4,-0.32,131472.0,4919393.836,166162.0,
AU.SHF,20210824,374.88,374.16,377.22,378.44,376.24,377.68,377.64,3.52,3.48,130830.0,4940832.364,166060.0,
AU.SHF,20210825,377.68,377.64,378.4,378.72,375.18,375.54,376.96,-2.1,-0.68,117951.0,4446351.41,164348.0,
AU.SHF,20210826,375.54,376.96,376.18,376.36,373.38,373.96,374.54,-3.0,-2.42,131542.0,4926964.41,162352.0,
AU.SHF,20210827,373.96,374.54,373.42,378.5,372.1,377.78,375.72,3.24,1.18,150179.0,5642632.992,166528.0,
AU.SHF,20210830,377.78,375.72,377.08,381.16,374.5,379.04,377.9,3.32,2.18,203739.0,7699437.274,165580.0,
AU.SHF,20210831,379.04,377.9,378.86,379.68,377.44,378.84,378.72,0.94,0.82,101798.0,3855417.41,166345.0,
AU.SHF,20210901,378.84,378.72,377.44,379.4,375.88,379.12,377.78,0.4,-0.94,137823.0,5206938.91,167142.0,
AU.SHF,20210902,379.12,377.78,379.64,380.82,377.36,378.92,378.66,1.14,0.88,104293.0,3949360.75,164443.0,
AU.SHF,20210903,378.92,378.66,378.48,378.88,376.56,378.54,377.88,-0.12,-0.78,102387.0,3869000.62,163961.0,
AU.SHF,20210906,378.54,377.88,379.88,382.04,378.88,380.96,380.64,3.08,2.76,143744.0,5471530.07,164582.0,
AU.SHF,20210907,380.96,380.64,380.4,381.24,378.84,379.42,380.12,-1.22,-0.52,78036.0,2966323.44,161407.0,
AU.SHF,20210908,379.42,380.12,378.04,379.26,374.22,374.96,375.98,-5.16,-4.14,167842.0,6310740.79,159303.0,
AU.SHF,20210909,374.96,375.98,374.96,375.36,371.88,373.2,373.62,-2.78,-2.36,127951.0,4780658.45,160372.0,
AU.SHF,20210910,373.2,373.62,373.52,375.68,372.0,375.5,374.12,1.88,0.5,132367.0,4952316.96,157040.0,
AU.SHF,20210913,375.5,374.12,373.08,374.16,371.6,373.3,373.22,-0.82,-0.9,127658.0,4764641.34,157853.0,
AU.SHF,20210914,373.3,373.22,372.86,375.0,372.46,373.82,373.8,0.6,0.58,98133.0,3668319.29,157861.0,
AU.SHF,20210915,373.82,373.8,374.14,376.58,372.92,374.82,375.04,1.02,1.24,130531.0,4895582.13,157109.0,
AU.SHF,20210916,374.82,375.04,374.1,374.46,370.94,371.76,372.94,-3.28,-2.1,133143.0,4965615.05,160777.0,
AU.SHF,20210917,371.76,372.94,367.24,368.3,364.28,367.86,366.42,-5.08,-6.52,154250.0,5652105.75,160573.0,
AU.SHF,20210922,367.86,366.42,371.08,373.18,371.08,372.52,372.28,6.1,5.86,57035.0,2123308.58,156988.0,
AU.SHF,20210923,372.52,372.28,371.66,373.92,368.64,369.26,370.8,-3.02,-1.48,109003.0,4042046.81,157597.0,
AU.SHF,20210924,369.26,370.8,368.28,368.94,365.2,366.78,366.56,-4.02,-4.24,137054.0,5024095.98,160962.0,
AU.SHF,20210927,366.78,366.56,365.78,368.38,364.4,367.86,366.32,1.3,-0.24,118307.0,4333823.33,158001.0,
AU.SHF,20210928,367.86,366.32,367.2,368.14,363.94,364.22,366.56,-2.1,0.24,112198.0,4112951.84,159165.0,
AU.SHF,20210929,364.22,366.56,362.6,367.08,362.4,364.48,364.06,-2.08,-2.5,129797.0,4725511.17,155242.0,
AU.SHF,20210930,364.48,364.06,364.26,364.64,361.76,362.78,363.32,-1.28,-0.74,140055.0,5088618.04,151679.0,
AU.SHF,20211008,362.78,363.32,366.78,368.28,365.6,367.54,367.7,4.22,4.38,56683.0,2084283.2,147243.0,
AU.SHF,20211011,367.54,367.7,370.88,372.2,365.98,366.16,368.9,-1.54,1.2,140192.0,5171753.59,146727.0,
AU.SHF,20211012,366.16,368.9,366.16,368.62,365.92,368.22,367.46,-0.68,-1.44,83906.0,3083311.92,145528.0,
AU.SHF,20211013,368.22,367.46,367.4,369.58,367.02,368.1,368.24,0.64,0.78,102254.0,3765417.49,144475.0,
AU.SHF,20211014,368.1,368.24,367.44,373.9,366.78,373.24,371.88,5.0,3.64,181822.0,6761635.12,143981.0,
AU.SHF,20211015,373.24,371.88,375.0,375.6,372.3,372.58,373.76,0.7,1.88,93779.0,3505089.3,142299.0,
AU.SHF,20211018,372.58,373.76,368.72,369.98,366.86,367.58,368.66,-6.18,-5.1,138360.0,5100859.63,137562.0,
AU.SHF,20211019,367.58,368.66,367.0,368.78,366.88,368.76,367.9,0.1,-0.76,94492.0,3476380.59,137915.0,
AU.SHF,20211020,368.76,367.9,368.5,369.18,364.94,367.66,366.9,-0.24,-1.0,137498.0,5044962.52,135049.0,
AU.SHF,20211021,367.66,366.9,370.06,370.2,367.6,369.54,369.22,2.64,2.32,122282.0,4514975.57,127037.0,
AU.SHF,20211022,369.54,369.22,369.18,371.32,368.08,371.08,369.38,1.86,0.16,101225.0,3739129.38,128332.0,
AU.SHF,20211025,371.08,369.38,372.94,374.38,368.44,370.14,371.34,0.76,1.96,182657.0,6783076.71,126939.0,
AU.SHF,20211026,370.14,371.34,372.0,372.8,371.36,371.64,372.02,0.3,0.68,94982.0,3533528.09,123028.0,
AU.SHF,20211027,371.64,372.02,371.0,371.18,367.0,368.92,368.52,-3.1,-3.5,149465.0,5508336.04,113356.0,
AU.SHF,20211028,368.92,368.52,369.58,372.88,368.16,372.56,370.58,4.04,2.06,146203.0,5418087.0,109421.0,
AU.SHF,20211029,372.56,370.58,371.68,373.96,370.04,370.48,371.76,-0.1,1.18,140767.0,5233166.34,103484.0,
AU.SHF,20211101,370.48,371.76,368.1,369.9,367.0,368.78,368.44,-2.98,-3.32,121484.0,4476109.19,94942.0,
AU.SHF,20211102,368.78,368.44,369.78,371.68,369.28,371.26,370.66,2.82,2.22,91075.0,3375794.76,93259.0,
AU.SHF,20211103,371.26,370.66,370.5,371.06,367.66,368.04,369.38,-2.62,-1.28,97502.0,3601601.89,89444.0,
AU.SHF,20211104,368.04,369.38,367.24,367.78,364.12,366.58,366.12,-2.8,-3.26,118253.0,4329505.2,87386.0,
AU.SHF,20211105,366.58,366.12,370.18,372.0,369.9,371.74,370.82,5.62,4.7,109957.0,4077642.6,88518.0,
AU.SHF,20211108,371.74,370.82,371.06,377.7,370.7,375.9,374.5,5.08,3.68,151422.0,5671039.26,95638.0,
AU.SHF,20211109,375.9,374.5,375.96,377.8,375.58,377.46,376.86,2.96,2.36,94669.0,3567883.44,96097.0,
AU.SHF,20211110,377.46,376.86,377.26,378.5,376.08,377.46,377.48,0.6,0.62,101229.0,3821338.47,88276.0,
AU.SHF,20211111,377.46,377.48,377.48,386.0,376.36,383.36,382.22,5.88,4.74,187007.0,7147883.66,83020.0,
AU.SHF,20211112,383.36,382.22,384.12,385.3,383.12,383.6,384.06,1.38,1.84,105561.0,4054196.58,80368.0,
AU.SHF,20211115,383.6,384.06,381.88,385.16,381.56,382.2,383.02,-1.86,-1.04,124417.0,4765420.89,76091.0,
AU.SHF,20211116,382.2,383.02,383.18,385.18,382.92,384.02,384.04,1.0,1.02,98838.0,3795827.97,73402.0,
AU.SHF,20211117,384.02,384.04,386.0,387.54,381.2,382.26,383.84,-1.78,-0.2,139112.0,5339692.23,66519.0,
AU.SHF,20211118,382.26,383.84,383.8,384.92,382.76,383.54,383.88,-0.3,0.04,88262.0,3388293.82,64764.0,
AU.SHF,20211119,383.54,383.88,384.08,384.46,381.8,382.74,383.3,-1.14,-0.58,91448.0,3505263.79,61137.0,
AU.SHF,20211122,382.74,383.3,383.46,384.72,378.8,379.14,381.94,-4.16,-1.36,117269.0,4479152.1,53275.0,
AU.SHF,20211123,379.14,381.94,378.48,379.06,371.58,371.78,374.8,-10.16,-7.14,144230.0,5405878.15,46648.0,
AU.SHF,20211124,371.78,374.8,370.02,370.28,367.88,369.76,369.22,-5.04,-5.58,109728.0,4051386.15,40440.0,
AU.SHF,20211125,369.76,369.22,368.26,370.2,367.42,369.78,368.82,0.56,-0.4,81274.0,2997552.12,33694.0,
AU.SHF,20211126,369.78,369.94,370.16,373.14,369.36,372.7,371.0,2.76,1.06,95881.0,3557306.43,67499.0,
AU.SHF,20211129,372.7,371.0,373.4,374.62,369.08,371.42,371.98,0.42,0.98,197528.0,7348008.08,71165.0,
AU.SHF,20211130,371.42,371.98,371.2,371.26,368.32,370.24,369.68,-1.74,-2.3,146617.0,5420429.92,73424.0,
AU.SHF,20211201,370.24,369.68,370.12,372.82,365.64,368.74,368.6,-0.94,-1.08,247908.0,9138015.07,78077.0,
AU.SHF,20211202,368.74,368.6,368.76,369.38,366.26,367.0,368.0,-1.6,-0.6,156382.0,5755141.1,82515.0,
AU.SHF,20211203,367.0,368.0,367.4,367.68,364.24,365.92,365.76,-2.08,-2.24,163294.0,5972646.99,85729.0,
AU.SHF,20211206,365.92,365.76,366.18,369.08,364.9,368.68,366.92,2.92,1.16,174000.0,6384456.43,84867.0,
AU.SHF,20211207,368.68,366.92,368.0,368.8,367.08,367.88,367.78,0.96,0.86,95419.0,3509339.46,85340.0,
AU.SHF,20211208,367.88,367.78,368.28,368.94,365.88,368.28,367.7,0.5,-0.08,120371.0,4426135.2,84263.0,
AU.SHF,20211209,368.28,367.7,367.28,367.5,366.02,366.72,366.72,-0.98,-0.98,108535.0,3980277.61,84599.0,
AU.SHF,20211210,366.72,366.72,366.66,368.36,365.1,365.62,367.0,-1.1,0.28,140358.0,5151197.53,86653.0,
AU.SHF,20211213,365.62,367.0,366.18,369.72,365.9,368.14,367.84,1.14,0.84,150454.0,5534457.99,83095.0,
AU.SHF,20211214,368.14,367.84,369.42,369.42,367.6,368.52,368.54,0.68,0.7,93707.0,3453497.27,81966.0,
AU.SHF,20211215,368.52,368.54,367.98,368.16,363.5,364.36,365.68,-4.18,-2.86,154840.0,5662245.07,92947.0,
AU.SHF,20211216,364.36,365.68,365.0,368.1,363.7,368.08,365.8,2.4,0.12,126793.0,4638242.38,84017.0,
AU.SHF,20211217,368.08,365.8,368.0,372.96,367.9,372.78,370.46,6.98,4.66,169339.0,6273483.41,80495.0,
AU.SHF,20211220,372.78,370.46,374.06,374.76,371.8,372.34,373.1,1.88,2.64,116091.0,4331492.41,76457.0,
AU.SHF,20211221,372.34,373.1,371.7,371.9,369.26,369.72,370.62,-3.38,-2.48,105785.0,3920685.94,74404.0,
AU.SHF,20211222,369.72,370.62,371.2,371.8,368.68,368.9,369.9,-1.72,-0.72,103517.0,3829227.73,74192.0,
AU.SHF,20211223,368.9,369.9,370.1,373.24,369.2,372.78,371.22,2.88,1.32,106970.0,3971094.7,72710.0,
AU.SHF,20211224,372.78,371.22,372.68,373.96,371.18,373.56,372.84,2.34,1.62,99060.0,3693356.69,73933.0,
AU.SHF,20211227,373.56,372.84,373.6,374.46,372.42,373.44,373.42,0.6,0.58,52289.0,1952638.77,65790.0,
AU.SHF,20211228,373.44,373.42,372.96,374.6,371.74,374.46,373.32,1.04,-0.1,81903.0,3057753.11,63166.0,
AU.SHF,20211229,374.46,373.32,374.7,375.4,371.82,372.58,373.54,-0.74,0.22,90308.0,3373516.01,59323.0,
AU.SHF,20211230,372.58,373.54,370.16,372.3,369.16,370.8,370.76,-2.74,-2.78,104329.0,3868226.85,54452.0,
AU.SHF,20211231,370.8,370.76,372.14,375.28,371.06,374.7,373.3,3.94,2.54,94384.0,3523407.66,55482.0,
AU.SHF,20220104,374.7,373.3,372.0,372.76,371.52,371.74,371.9,-1.56,-1.4,40002.0,1487748.04,50227.0,
AU.SHF,20220105,371.74,371.9,371.3,373.9,370.74,373.1,372.76,1.2,0.86,74806.0,2788594.52,48680.0,
AU.SHF,20220106,373.1,372.76,373.76,376.04,369.92,370.64,373.42,-2.12,0.66,96308.0,3596333.6,45808.0,
AU.SHF,20220107,370.64,373.42,369.0,369.84,368.02,368.14,368.72,-5.28,-4.7,87693.0,3233552.55,43436.0,
AU.SHF,20220110,368.14,368.72,368.3,369.76,367.12,368.56,368.62,-0.16,-0.1,89563.0,3301556.36,41458.0,
AU.SHF,20220111,368.56,368.62,368.6,372.34,368.28,371.94,370.14,3.32,1.52,74589.0,2760860.95,39839.0,
AU.SHF,20220112,371.94,370.14,371.72,374.6,370.92,373.92,372.62,3.78,2.48,63261.0,2357313.15,37307.0,
AU.SHF,20220113,373.92,372.62,373.98,375.4,373.54,374.92,374.26,2.3,1.64,65685.0,2458347.13,35778.0,
AU.SHF,20220114,374.92,374.26,374.68,375.04,372.2,374.58,373.7,0.32,-0.56,59010.0,2205216.84,33604.0,
AU.SHF,20220117,374.58,373.7,373.56,374.68,371.5,372.52,373.22,-1.18,-0.48,61879.0,2309474.42,30014.0,
AU.SHF,20220118,372.52,373.22,372.42,373.04,371.36,371.76,372.34,-1.46,-0.88,28301.0,1053770.9,26505.0,
AU.SHF,20220119,371.76,373.92,373.5,374.86,371.8,373.06,373.38,-0.86,-0.54,100350.0,3747037.38,109525.0,
AU.SHF,20220120,373.06,373.38,373.72,378.9,373.7,378.4,376.98,5.02,3.6,124632.0,4698541.65,121124.0,
AU.SHF,20220121,378.4,376.98,378.42,379.78,377.52,378.22,378.74,1.24,1.76,96909.0,3670452.57,124470.0,
AU.SHF,20220124,378.22,378.74,377.14,378.84,376.4,377.2,377.48,-1.54,-1.26,93706.0,3537396.19,125000.0,
AU.SHF,20220125,377.2,377.48,377.44,378.46,375.6,377.92,377.2,0.44,-0.28,103475.0,3903281.22,125384.0,
AU.SHF,20220126,377.92,377.2,377.7,380.2,377.42,378.58,378.72,1.38,1.52,107028.0,4053397.63,127411.0,
AU.SHF,20220127,378.58,378.72,378.5,378.8,371.3,371.58,374.58,-7.14,-4.14,139154.0,5212484.22,122231.0,
AU.SHF,20220128,371.58,374.58,371.72,372.56,369.36,370.1,370.8,-4.48,-3.78,105630.0,3916917.12,119198.0,
AU.SHF,20220207,370.1,370.8,372.76,373.08,371.9,372.14,372.4,1.34,1.6,38735.0,1442496.53,116476.0,
AU.SHF,20220208,372.14,372.4,372.82,375.34,372.82,374.8,374.1,2.4,1.7,69580.0,2603070.04,114128.0,
AU.SHF,20220209,374.8,374.1,374.52,376.82,374.52,376.58,376.02,2.48,1.92,65610.0,2467117.8,117233.0,
AU.SHF,20220210,376.58,376.02,376.48,377.92,375.68,377.4,377.02,1.38,1.0,73162.0,2758498.83,122922.0,
AU.SHF,20220211,377.4,377.02,377.12,378.5,374.92,375.24,376.5,-1.78,-0.52,123704.0,4657570.41,124883.0,
AU.SHF,20220214,375.24,376.5,376.48,383.24,375.24,381.7,379.34,5.2,2.84,129559.0,4914707.68,135136.0,
AU.SHF,20220215,381.7,379.34,381.94,385.92,381.24,385.58,383.72,6.24,4.38,135442.0,5197215.51,144132.0,
AU.SHF,20220216,385.58,383.72,379.5,380.2,378.22,379.84,379.22,-3.88,-4.5,120792.0,4580793.47,137278.0,
AU.SHF,20220217,379.84,379.22,379.5,384.16,379.16,383.54,381.7,4.32,2.48,103142.0,3937029.07,140114.0,
AU.SHF,20220218,383.54,381.7,385.6,388.3,385.56,386.64,386.98,4.94,5.28,152353.0,5895920.28,146060.0,
AU.SHF,20220221,386.64,386.98,386.88,388.8,385.74,386.0,386.96,-0.98,-0.02,133179.0,5153620.09,147102.0,
AU.SHF,20220222,386.0,386.96,387.62,391.42,386.8,390.72,389.16,3.76,2.2,103148.0,4014268.55,152155.0,
AU.SHF,20220223,390.72,389.16,387.9,389.04,386.6,387.58,387.86,-1.58,-1.3,108472.0,4207398.74,154116.0,
AU.SHF,20220224,387.58,387.86,386.72,397.36,386.72,396.04,391.56,8.18,3.7,169790.0,6648337.69,160094.0,
AU.SHF,20220225,396.04,391.56,400.24,401.58,389.0,391.42,394.7,-0.14,3.14,267276.0,10549455.75,158160.0,
AU.SHF,20220228,391.42,394.7,387.02,392.38,384.46,389.02,387.0,-5.68,-7.7,199335.0,7714389.18,148983.0,
AU.SHF,20220301,389.02,387.0,389.02,391.12,385.72,389.14,388.76,2.14,1.76,161636.0,6284010.19,151624.0,
AU.SHF,20220302,389.14,388.76,390.9,395.06,389.88,394.5,392.56,5.74,3.8,204677.0,8035161.82,153579.0,
AU.SHF,20220303,394.5,392.56,392.6,394.52,390.94,393.2,392.88,0.64,0.32,178150.0,6999511.21,152607.0,
AU.SHF,20220304,393.2,392.88,393.6,397.08,392.42,394.64,394.34,1.76,1.46,178195.0,7027235.23,153000.0,
AU.SHF,20220307,394.64,394.34,396.2,406.54,395.32,403.3,400.6,8.96,6.26,246146.0,9860885.6,157362.0,
AU.SHF,20220308,403.3,400.6,402.6,412.84,398.38,412.2,403.64,11.6,3.04,248842.0,10044343.0,160192.0,
AU.SHF,20220309,412.2,403.64,409.5,420.74,407.8,417.16,415.06,13.52,11.42,338749.0,14060211.68,155056.0,
AU.SHF,20220310,417.16,415.06,408.32,409.04,399.68,404.0,404.5,-11.06,-10.56,267975.0,10839975.59,145334.0,
AU.SHF,20220311,404.0,404.5,407.46,408.82,403.54,404.78,406.34,0.28,1.84,186460.0,7576716.78,143797.0,
AU.SHF,20220314,404.78,406.34,402.36,406.48,400.2,402.5,403.22,-3.84,-3.12,193134.0,7787558.19,139748.0,
AU.SHF,20220315,402.5,403.22,400.28,401.06,393.04,394.46,398.3,-8.76,-4.92,169348.0,6745382.72,133762.0,
AU.SHF,20220316,394.46,398.3,393.3,394.92,390.7,391.04,392.84,-7.26,-5.46,154667.0,6076179.43,131122.0,
AU.SHF,20220317,391.04,392.84,392.0,396.26,388.5,395.44,392.62,2.6,-0.22,160425.0,6298856.44,133249.0,
AU.SHF,20220318,395.44,392.62,396.38,398.58,395.32,395.9,397.14,3.28,4.52,124890.0,4959969.14,133459.0,
AU.SHF,20220321,395.9,397.14,396.88,396.98,393.74,394.76,395.58,-2.38,-1.56,121955.0,4824324.16,133301.0,
AU.SHF,20220322,394.76,395.58,394.88,398.06,393.22,397.16,396.16,1.58,0.58,104039.0,4121750.8,137886.0,
AU.SHF,20220323,397.16,396.16,396.18,396.18,392.78,394.72,394.42,-1.44,-1.74,108959.0,4297628.1,139376.0,
AU.SHF,20220324,394.72,394.42,396.5,400.96,396.3,399.02,398.32,4.6,3.9,111485.0,4440676.5,142185.0,
AU.SHF,20220325,399.02,398.32,400.32,403.7,399.82,401.7,402.18,3.38,3.86,131539.0,5290386.78,146137.0,
AU.SHF,20220328,401.7,402.18,401.5,403.04,397.46,397.68,400.68,-4.5,-1.5,135966.0,5447924.22,145537.0,
AU.SHF,20220329,397.68,400.68,398.34,399.16,394.76,395.54,397.1,-5.14,-3.58,97191.0,3859462.65,143417.0,
AU.SHF,20220330,395.54,397.1,390.0,395.54,388.8,394.74,392.22,-2.36,-4.88,141284.0,5541542.16,142204.0,
AU.SHF,20220331,394.74,392.22,394.96,397.2,392.6,394.34,395.38,2.12,3.16,101336.0,4006636.09,140897.0,
AU.SHF,20220401,394.34,395.38,395.88,398.28,395.08,396.26,396.66,0.88,1.28,106554.0,4226737.0,140830.0,
AU.SHF,20220406,396.26,396.66,394.1,395.74,393.48,394.5,394.8,-2.16,-1.86,46276.0,1827002.97,139966.0,
AU.SHF,20220407,394.5,394.8,395.18,395.96,393.5,394.94,394.94,0.14,0.14,86765.0,3426783.17,140573.0,
AU.SHF,20220408,394.94,394.94,395.3,397.32,395.3,396.04,396.32,1.1,1.38,95198.0,3773057.89,142163.0,
AU.SHF,20220411,396.04,396.32,396.72,400.18,396.46,399.6,398.98,3.28,2.66,128916.0,5143725.51,149299.0,
AU.SHF,20220412,399.6,398.98,403.44,403.5,398.78,401.78,401.38,2.8,2.4,125403.0,5033564.85,151812.0,
AU.SHF,20220413,401.78,401.38,404.34,404.74,402.02,403.7,403.56,2.32,2.18,134210.0,5416233.1,157387.0,
AU.SHF,20220414,403.7,403.56,405.7,406.08,403.92,404.32,405.06,0.76,1.5,96536.0,3910340.28,157758.0,
AU.SHF,20220415,404.32,405.06,404.96,406.28,402.78,405.82,404.8,0.76,-0.26,113478.0,4593809.32,161169.0,
AU.SHF,20220418,405.82,404.8,405.82,408.46,404.92,408.02,407.06,3.22,2.26,73708.0,3000434.23,160397.0,
AU.SHF,20220419,408.02,407.06,408.5,409.04,404.56,405.1,406.52,-1.96,-0.54,106332.0,4322746.83,155858.0,
AU.SHF,20220420,405.1,406.52,404.46,405.24,399.32,400.06,402.26,-6.46,-4.26,161069.0,6479223.57,143143.0,
AU.SHF,20220421,400.06,402.26,402.44,405.16,401.76,405.06,403.4,2.8,1.14,102896.0,4150909.69,142342.0,
AU.SHF,20220422,405.06,403.4,404.16,407.16,402.7,406.8,404.76,3.4,1.36,125149.0,5065684.59,148913.0,
AU.SHF,20220425,406.8,404.76,405.66,407.78,403.48,404.42,405.18,-0.34,0.42,181631.0,7359619.59,140109.0,
AU.SHF,20220426,404.42,405.18,399.88,402.56,399.6,401.3,400.86,-3.88,-4.32,153998.0,6173282.51,132594.0,
AU.SHF,20220427,401.3,400.86,401.0,403.2,400.78,400.9,401.86,0.04,1.0,128668.0,5170774.51,117602.0,
AU.SHF,20220428,400.9,401.86,400.8,401.1,397.66,400.82,399.08,-1.04,-2.78,152938.0,6103498.29,113128.0,
AU.SHF,20220429,400.82,399.08,401.52,407.06,401.32,405.82,404.04,6.74,4.96,136855.0,5529545.07,111709.0,
AU.SHF,20220505,405.82,404.04,402.78,405.04,402.36,404.52,404.34,0.48,0.3,49351.0,1995470.69,109650.0,
AU.SHF,20220506,404.52,404.34,406.54,406.88,401.2,403.6,403.88,-0.74,-0.46,145835.0,5890154.95,107145.0,
AU.SHF,20220509,403.6,403.88,404.22,406.58,403.44,405.36,405.14,1.48,1.26,114119.0,4623589.49,106773.0,
AU.SHF,20220510,405.36,405.14,403.56,405.76,402.04,402.3,403.58,-2.84,-1.56,129279.0,5217525.64,98089.0,
AU.SHF,20220511,402.3,403.58,403.58,404.16,398.08,399.94,400.82,-3.64,-2.76,128547.0,5152526.53,92201.0,
AU.SHF,20220512,399.94,400.82,399.94,404.58,399.62,404.24,402.16,3.42,1.34,130086.0,5231675.74,89191.0,
AU.SHF,20220513,404.24,402.16,403.2,404.34,399.22,399.66,401.42,-2.5,-0.74,126324.0,5070965.89,82247.0,
AU.SHF,20220516,399.66,401.42,396.62,398.06,394.82,395.84,396.38,-5.58,-5.04,132666.0,5258726.91,75447.0,
AU.SHF,20220517,395.84,396.38,396.1,398.44,394.56,397.98,396.68,1.6,0.3,97417.0,3864482.85,65894.0,
AU.SHF,20220518,397.98,396.68,396.98,396.98,393.04,393.32,394.8,-3.36,-1.88,94759.0,3741097.51,62145.0,
AU.SHF,20220519,393.32,394.8,393.48,396.36,393.3,394.96,394.94,0.16,0.14,84776.0,3348152.24,57132.0,
AU.SHF,20220520,394.96,394.94,398.42,398.94,396.48,397.18,397.5,2.24,2.56,97174.0,3862803.09,47535.0,
AU.SHF,20220523,397.18,397.5,396.7,399.08,394.82,397.16,396.88,-0.34,-0.62,85395.0,3389171.69,41831.0,
AU.SHF,20220524,397.16,396.88,397.6,398.48,395.8,398.08,397.14,1.2,0.26,65760.0,2611644.59,36863.0,
AU.SHF,20220525,398.08,397.14,399.08,400.0,398.46,398.84,399.24,1.7,2.1,70105.0,2798962.82,29442.0,
AU.SHF,20220526,398.84,399.24,399.22,400.58,397.8,400.36,399.12,1.12,-0.12,60911.0,2431113.46,24257.0,
AU.SHF,20220527,400.36,399.12,399.98,402.34,399.78,402.14,401.22,3.02,2.1,43290.0,1736895.88,19791.0,
AU.SHF,20220530,402.14,402.18,401.68,402.22,399.56,399.92,400.76,-2.26,-1.42,90840.0,3640537.09,68431.0,
AU.SHF,20220531,399.92,400.76,399.3,400.56,397.92,399.04,399.16,-1.72,-1.6,68298.0,2726227.9,70506.0,
AU.SHF,20220601,399.04,399.16,398.58,399.54,395.0,396.36,397.48,-2.8,-1.68,95514.0,3796655.63,71583.0,
AU.SHF,20220602,396.36,397.48,397.68,399.78,396.78,398.98,398.14,1.5,0.66,90356.0,3597586.77,70175.0,
AU.SHF,20220606,398.98,398.14,397.28,398.6,397.08,398.0,397.9,-0.14,-0.24,24065.0,957546.84,68402.0,
AU.SHF,20220607,398.0,397.9,397.28,397.46,395.16,396.0,396.22,-1.9,-1.68,67655.0,2680632.7,68849.0,
AU.SHF,20220608,396.0,396.22,397.18,398.76,396.9,398.02,397.94,1.8,1.72,66358.0,2640655.67,66977.0,
AU.SHF,20220609,398.02,397.94,399.46,400.5,398.72,398.82,399.68,0.88,1.74,60238.0,2407688.48,68632.0,
AU.SHF,20220610,398.82,399.68,398.74,399.12,397.14,397.54,398.04,-2.14,-1.64,65595.0,2610957.57,68174.0,
AU.SHF,20220613,397.54,398.04,397.72,406.12,396.46,404.22,401.6,6.18,3.56,162941.0,6543757.39,78049.0,
AU.SHF,20220614,404.22,401.6,401.0,402.22,396.3,396.9,398.52,-4.7,-3.08,135012.0,5380679.99,72780.0,
AU.SHF,20220615,396.9,398.52,395.86,396.0,393.52,394.46,394.64,-4.06,-3.88,104836.0,4137373.57,70940.0,
AU.SHF,20220616,394.46,394.64,396.22,397.12,393.32,395.76,395.08,1.12,0.44,101969.0,4028793.6,70145.0,
AU.SHF,20220617,395.76,395.08,395.48,398.8,395.28,398.58,397.2,3.5,2.12,102250.0,4061469.87,67768.0,
AU.SHF,20220620,398.58,397.2,399.68,400.1,396.72,397.0,398.2,-0.2,1.0,92530.0,3684575.27,68741.0,
AU.SHF,20220621,397.0,398.2,396.36,397.46,396.04,396.26,396.7,-1.94,-1.5,48969.0,1942621.33,69055.0,
AU.SHF,20220622,396.26,396.7,396.74,397.76,395.16,396.2,396.42,-0.5,-0.28,75377.0,2988189.94,68810.0,
AU.SHF,20220623,396.2,396.42,398.44,399.2,396.3,396.7,397.64,0.28,1.22,85445.0,3397760.52,67153.0,
AU.SHF,20220624,396.7,397.64,396.9,398.44,393.02,393.64,395.78,-4.0,-1.86,114804.0,4543826.8,67342.0,
AU.SHF,20220627,393.64,395.78,393.44,396.36,392.46,396.32,394.48,0.54,-1.3,81461.0,3213562.21,60854.0,
AU.SHF,20220628,396.32,394.48,395.2,396.0,393.1,393.86,394.36,-0.62,-0.12,91042.0,3590416.48,44398.0,
AU.SHF,20220629,393.86,394.36,394.38,395.24,393.14,393.34,394.02,-1.02,-0.34,68553.0,2701131.98,42209.0,
AU.SHF,20220630,393.34,394.02,395.38,395.78,392.26,392.7,393.62,-1.32,-0.4,87446.0,3442055.03,41009.0,
AU.SHF,20220701,392.7,393.62,393.9,394.36,388.44,388.94,391.14,-4.68,-2.48,98916.0,3869132.88,40811.0,
AU.SHF,20220704,388.94,391.14,387.38,391.34,386.7,390.92,389.4,-0.22,-1.74,89714.0,3493618.47,38131.0,
AU.SHF,20220705,390.92,389.4,389.9,391.18,389.9,390.52,390.52,1.12,1.12,39337.0,1536205.89,33312.0,
AU.SHF,20220706,390.52,390.52,390.0,390.1,381.7,382.86,384.76,-7.66,-5.76,100756.0,3876885.93,33505.0,
AU.SHF,20220707,382.86,384.76,382.18,382.68,375.06,377.44,378.22,-7.32,-6.54,112644.0,4260483.96,33934.0,
AU.SHF,20220708,377.44,378.22,376.6,378.0,375.2,377.04,376.86,-1.18,-1.36,62329.0,2348963.35,32501.0,
AU.SHF,20220711,377.04,376.86,375.9,378.56,375.5,377.0,376.82,0.14,-0.04,65924.0,2484219.06,30024.0,
AU.SHF,20220712,377.0,378.34,378.52,381.16,375.78,378.2,377.98,-0.14,-0.36,96671.0,3654139.73,121746.0,
AU.SHF,20220713,378.2,377.98,377.8,378.3,375.1,375.6,376.82,-2.38,-1.16,85788.0,3232715.05,128351.0,
AU.SHF,20220714,375.6,376.82,373.7,379.98,373.4,376.1,376.88,-0.72,0.06,139404.0,5253947.28,128926.0,
AU.SHF,20220715,376.1,376.88,374.98,375.6,372.16,373.38,373.78,-3.5,-3.1,123043.0,4599301.92,131170.0,
AU.SHF,20220718,373.38,373.78,373.7,375.58,371.8,374.98,373.96,1.2,0.18,108560.0,4059716.72,130622.0,
AU.SHF,20220719,374.98,373.96,374.94,376.0,373.02,373.84,374.32,-0.12,0.36,84271.0,3154528.14,137330.0,
AU.SHF,20220720,373.84,374.32,373.78,375.0,373.3,373.52,374.22,-0.8,-0.1,73963.0,2767864.95,138685.0,
AU.SHF,20220721,373.52,374.22,374.08,375.24,369.82,370.32,372.36,-3.9,-1.86,97555.0,3632631.58,146300.0,
AU.SHF,20220722,370.32,372.36,373.7,376.54,371.68,375.98,374.72,3.62,2.36,142536.0,5341254.9,137504.0,
AU.SHF,20220725,375.98,374.72,376.66,379.72,376.06,377.18,377.76,2.46,3.04,105493.0,3985265.9,138104.0,
AU.SHF,20220726,377.18,377.76,376.94,377.84,375.2,377.46,376.46,-0.3,-1.3,75446.0,2840309.92,139027.0,
AU.SHF,20220727,377.46,376.46,376.4,377.1,375.8,376.64,376.54,0.18,0.08,66567.0,2506574.23,142175.0,
AU.SHF,20220728,376.64,376.54,376.1,380.76,375.0,380.72,378.06,4.18,1.52,105414.0,3985454.0,142439.0,
AU.SHF,20220729,380.72,378.06,381.7,386.48,380.84,386.1,383.72,8.04,5.66,132826.0,5096984.41,144045.0,
AU.SHF,20220801,386.1,383.72,384.06,386.6,383.7,385.8,385.36,2.08,1.64,106224.0,4093607.21,142865.0,
AU.SHF,20220802,385.8,385.36,388.0,391.1,387.2,389.16,388.86,3.8,3.5,101254.0,3937487.49,146991.0,
AU.SHF,20220803,389.16,388.86,391.4,391.5,384.52,387.3,388.34,-1.56,-0.52,147045.0,5710358.61,147914.0,
AU.SHF,20220804,387.3,388.34,388.16,388.52,384.64,387.9,386.66,-0.44,-1.68,98142.0,3794928.45,144753.0,
AU.SHF,20220805,387.9,386.66,389.66,392.0,388.1,391.1,390.22,4.44,3.56,91461.0,3569023.65,145024.0,
AU.SHF,20220808,391.1,390.22,387.08,389.52,386.62,388.7,388.16,-1.52,-2.06,80162.0,3111602.19,143959.0,
AU.SHF,20220809,388.7,388.16,389.72,391.42,389.6,390.46,390.52,2.3,2.36,63863.0,2494046.82,145258.0,
AU.SHF,20220810,390.46,390.52,391.8,393.24,391.0,391.18,392.06,0.66,1.54,68684.0,2692921.66,147290.0,
AU.SHF,20220811,391.18,392.06,392.3,392.46,389.08,389.56,390.7,-2.5,-1.36,77324.0,3021117.49,147851.0,
AU.SHF,20220812,389.56,390.7,391.04,391.88,389.78,391.22,390.74,0.52,0.04,61410.0,2399544.34,148698.0,
AU.SHF,20220815,391.22,390.74,391.22,393.24,390.8,392.0,392.06,1.26,1.32,81211.0,3184020.51,151634.0,
AU.SHF,20220816,392.0,392.06,390.54,391.76,389.42,391.52,390.58,-0.54,-1.48,67453.0,2634613.56,150845.0,
AU.SHF,20220817,391.52,390.58,390.02,390.84,389.52,389.9,390.18,-0.68,-0.4,65455.0,2554015.24,151262.0,
AU.SHF,20220818,389.9,390.18,389.64,389.64,386.7,387.76,388.02,-2.42,-2.16,72769.0,2823711.14,151912.0,
AU.SHF,20220819,387.76,388.02,388.6,388.96,386.5,387.56,387.54,-0.46,-0.48,77205.0,2992122.49,152629.0,
AU.SHF,20220822,387.56,387.54,387.9,388.66,386.02,386.26,387.16,-1.28,-0.38,68649.0,2657922.04,152993.0,
AU.SHF,20220823,386.26,387.16,385.32,387.82,385.0,387.32,386.66,0.16,-0.5,61676.0,2384831.15,154056.0,
AU.SHF,20220824,387.32,386.66,386.58,389.6,386.5,389.54,388.28,2.88,1.62,62855.0,2440534.92,153425.0,
AU.SHF,20220825,389.54,388.28,389.0,391.06,388.6,390.82,390.04,2.54,1.76,55400.0,2160920.58,153126.0,
AU.SHF,20220826,390.82,390.04,390.82,391.6,389.62,391.28,390.62,1.24,0.58,56434.0,2204507.07,153994.0,
AU.SHF,20220829,391.28,390.62,389.02,391.12,387.4,387.94,388.88,-2.68,-1.74,103273.0,4016166.48,150076.0,
AU.SHF,20220830,387.94,388.88,389.74,390.82,389.22,389.3,389.94,0.42,1.06,60243.0,2349187.73,150886.0,
AU.SHF,20220831,389.3,389.94,388.6,389.2,386.6,386.92,387.86,-3.02,-2.08,68549.0,2658847.9,152579.0,
AU.SHF,20220901,386.92,387.86,385.02,386.8,382.96,383.7,384.68,-4.16,-3.18,97678.0,3757604.37,153021.0,
AU.SHF,20220902,383.7,384.68,382.84,383.28,381.08,383.02,382.22,-1.66,-2.46,81362.0,3109937.04,152378.0,
AU.SHF,20220905,383.02,382.22,384.5,387.58,383.5,386.86,385.32,4.64,3.1,76187.0,2935749.5,148539.0,
AU.SHF,20220906,386.86,385.32,387.54,389.1,386.34,388.98,387.86,3.66,2.54,48930.0,1897805.92,146233.0,
AU.SHF,20220907,388.98,387.86,387.8,388.38,385.0,386.36,386.76,-1.5,-1.1,71015.0,2746576.29,145708.0,
AU.SHF,20220908,386.36,386.76,386.66,389.72,386.18,389.46,388.32,2.7,1.56,68825.0,2672648.18,143980.0,
AU.SHF,20220909,389.46,388.32,388.46,389.52,386.7,389.52,388.12,1.2,-0.2,75842.0,2943589.9,144703.0,
AU.SHF,20220913,389.52,388.12,389.46,390.22,388.78,389.66,389.28,1.54,1.16,30917.0,1203594.84,147143.0,
AU.SHF,20220914,389.66,389.28,387.14,388.6,386.66,387.2,387.58,-2.08,-1.7,83661.0,3242593.6,146422.0,
AU.SHF,20220915,387.2,387.58,388.02,388.56,385.0,385.24,386.9,-2.34,-0.68,74428.0,2879743.48,150165.0,
AU.SHF,20220916,385.24,386.9,386.22,386.72,382.92,383.6,384.3,-3.3,-2.6,105207.0,4043218.88,153193.0,
AU.SHF,20220919,383.6,384.3,383.82,386.06,383.48,384.7,384.8,0.4,0.5,81940.0,3153137.19,151930.0,
AU.SHF,20220920,384.7,384.8,384.58,387.0,384.0,385.84,385.46,1.04,0.66,68849.0,2653931.04,150312.0,
AU.SHF,20220921,385.84,385.46,385.48,387.36,384.14,386.98,385.38,1.52,-0.08,71320.0,2748554.69,149144.0,
AU.SHF,20220922,386.98,385.38,387.08,387.18,384.26,386.04,385.9,0.66,0.52,74938.0,2891957.82,147751.0,
AU.SHF,20220923,386.04,385.9,388.2,388.2,386.5,387.64,387.56,1.74,1.66,77093.0,2987871.53,145614.0,
AU.SHF,20220926,387.64,387.56,385.0,386.56,382.88,384.38,384.84,-3.18,-2.72,116323.0,4476789.14,143474.0,
AU.SHF,20220927,384.38,384.84,384.94,385.44,382.3,384.88,384.26,0.04,-0.58,85615.0,3289873.63,143327.0,
AU.SHF,20220928,384.88,384.26,385.1,386.0,384.26,385.9,385.32,1.64,1.06,87178.0,3359162.15,140837.0,
AU.SHF,20220929,385.9,385.32,387.76,390.0,387.44,389.66,388.68,4.34,3.36,117404.0,4563333.11,144035.0,
AU.SHF,20220930,389.66,388.68,387.98,391.0,387.34,390.82,389.06,2.14,0.38,89474.0,3481190.27,146605.0,
AU.SHF,20221010,390.82,389.06,398.0,398.0,392.92,393.24,394.74,4.18,5.68,59687.0,2356152.22,147560.0,
AU.SHF,20221011,393.24,394.74,392.6,393.0,391.28,392.72,392.34,-2.02,-2.4,66393.0,2604889.04,147396.0,
AU.SHF,20221012,392.72,392.34,392.1,393.86,391.5,393.04,392.64,0.7,0.3,70108.0,2752847.71,147003.0,
AU.SHF,20221013,393.04,392.64,393.38,394.0,392.58,393.0,393.1,0.36,0.46,52091.0,2047743.46,147080.0,
AU.SHF,20221014,393.0,393.1,391.5,393.0,390.16,392.42,391.64,-0.68,-1.46,111854.0,4380852.98,147554.0,
AU.SHF,20221017,392.42,391.64,391.7,392.08,389.52,390.28,390.76,-1.36,-0.88,79885.0,3121646.28,143075.0,
AU.SHF,20221018,390.28,390.76,392.68,392.82,389.96,390.78,391.3,0.02,0.54,68304.0,2672803.0,142008.0,
AU.SHF,20221019,390.78,391.3,391.5,391.5,389.84,390.18,390.8,-1.12,-0.5,56600.0,2212014.32,143312.0,
AU.SHF,20221020,390.18,390.8,389.96,390.3,387.8,388.1,388.88,-2.7,-1.92,73576.0,2861344.22,139419.0,
AU.SHF,20221021,388.1,388.88,388.68,389.46,387.08,387.46,388.3,-1.42,-0.58,64585.0,2507878.34,135755.0,
AU.SHF,20221024,387.46,388.3,389.74,392.82,388.3,392.72,390.42,4.42,2.12,112181.0,4379827.51,131608.0,
AU.SHF,20221025,392.72,390.42,393.24,394.92,392.62,393.82,393.56,3.4,3.14,72933.0,2870369.56,132127.0,
AU.SHF,20221026,393.82,393.56,393.5,395.0,393.2,393.62,394.0,0.06,0.44,72139.0,2842396.01,127192.0,
AU.SHF,20221027,393.62,394.0,391.7,393.0,391.5,392.7,392.44,-1.3,-1.56,73381.0,2879869.4,119135.0,
AU.SHF,20221028,392.7,392.44,392.7,393.8,392.52,392.78,393.14,0.34,0.7,58869.0,2314387.46,117808.0,
AU.SHF,20221031,392.78,393.14,391.06,391.92,390.28,391.66,391.2,-1.48,-1.94,67523.0,2641577.22,111118.0,
AU.SHF,20221101,391.66,391.2,391.36,392.14,390.26,391.46,391.32,0.26,0.12,61577.0,2409739.95,105950.0,
AU.SHF,20221102,391.46,391.32,392.18,393.0,390.8,392.1,391.84,0.78,0.52,58395.0,2288255.53,103430.0,
AU.SHF,20221103,392.1,391.84,393.26,394.0,390.7,390.88,391.98,-0.96,0.14,70630.0,2768623.66,97790.0,
AU.SHF,20221104,390.88,391.98,389.08,391.28,388.78,390.8,390.02,-1.18,-1.96,63961.0,2494617.77,94019.0,
AU.SHF,20221107,390.8,390.02,390.62,394.74,390.24,394.0,392.6,3.98,2.58,79427.0,3118424.71,92241.0,
AU.SHF,20221108,394.0,392.6,394.42,395.58,393.82,394.82,394.74,2.22,2.14,55222.0,2179886.1,90021.0,
AU.SHF,20221109,394.82,394.74,394.86,403.36,394.86,403.26,400.1,8.52,5.36,92727.0,3710066.95,87033.0,
AU.SHF,20221110,403.26,400.1,402.5,404.32,401.9,403.54,403.08,3.44,2.98,65784.0,2651686.18,83584.0,
AU.SHF,20221111,403.54,403.08,403.3,435.28,403.3,406.72,407.8,3.64,4.72,113887.0,4644393.28,79325.0,
AU.SHF,20221114,406.72,407.8,407.4,407.78,402.88,403.44,405.66,-4.36,-2.14,62777.0,2546643.96,73879.0,
AU.SHF,20221115,403.44,405.86,404.0,407.0,403.78,404.96,405.4,-0.9,-0.46,83648.0,3391253.38,142435.0,
AU.SHF,20221116,404.96,405.4,406.0,407.84,404.64,407.12,406.2,1.72,0.8,106622.0,4331156.81,149572.0,
AU.SHF,20221117,407.12,406.2,408.54,408.96,406.88,407.7,407.82,1.5,1.62,96880.0,3950965.2,151907.0,
AU.SHF,20221118,407.7,407.82,408.36,408.44,406.82,407.42,407.48,-0.4,-0.34,88918.0,3623286.65,155916.0,
AU.SHF,20221121,407.42,407.48,406.6,407.0,404.02,405.2,405.28,-2.28,-2.2,101950.0,4131904.48,155516.0,
AU.SHF,20221122,405.2,405.28,404.74,405.58,403.88,404.86,404.76,-0.42,-0.52,94354.0,3819128.6,155423.0,
AU.SHF,20221123,404.86,404.76,404.9,405.5,404.04,404.66,404.66,-0.1,-0.1,85143.0,3445447.95,156873.0,
AU.SHF,20221124,404.66,404.66,404.8,407.36,402.7,406.4,405.7,1.74,1.04,129248.0,5243848.94,160764.0,
AU.SHF,20221125,406.4,405.7,407.1,408.16,406.74,407.6,407.38,1.9,1.68,93404.0,3805218.38,167140.0,
AU.SHF,20221128,407.6,407.38,407.3,409.96,406.62,408.02,407.84,0.64,0.46,123275.0,5027808.09,167282.0,
AU.SHF,20221129,408.02,407.84,408.56,409.04,405.82,406.56,407.3,-1.28,-0.54,120432.0,4905394.44,163720.0,
AU.SHF,20221130,406.56,407.3,406.7,407.4,404.6,406.12,405.84,-1.18,-1.46,111763.0,4535870.14,163566.0,
AU.SHF,20221201,406.12,405.84,404.34,407.36,401.22,407.1,404.78,1.26,-1.06,148311.0,6003344.62,162109.0,
AU.SHF,20221202,407.1,404.78,407.7,410.12,407.64,409.72,409.12,4.94,4.34,126780.0,5186970.09,169115.0,
AU.SHF,20221205,409.72,409.12,408.04,409.02,405.48,405.72,407.68,-3.4,-1.44,123776.0,5046265.4,159256.0,
AU.SHF,20221206,405.72,407.68,404.42,404.46,401.36,401.78,402.58,-5.9,-5.1,128772.0,5184240.43,158153.0,
AU.SHF,20221207,401.78,402.58,403.44,403.68,400.8,401.1,401.98,-1.48,-0.6,85143.0,3422739.92,155150.0,
AU.SHF,20221208,401.1,401.98,401.4,403.0,401.22,402.44,402.24,0.46,0.26,82213.0,3307050.31,154121.0,
AU.SHF,20221209,402.44,402.24,402.84,404.4,402.4,403.46,403.3,1.22,1.06,100719.0,4062070.04,150310.0,
AU.SHF,20221212,403.46,403.3,404.58,406.56,403.0,403.3,404.48,0.0,1.18,108687.0,4396345.75,148210.0,
AU.SHF,20221213,403.3,404.48,403.58,403.92,402.56,403.54,403.26,-0.94,-1.22,78634.0,3171089.93,146433.0,
AU.SHF,20221214,403.54,403.26,404.3,409.3,403.92,408.1,407.36,4.84,4.1,154569.0,6296816.1,153039.0,
AU.SHF,20221215,408.1,407.36,406.98,408.22,404.08,404.86,406.2,-2.5,-1.16,92213.0,3745795.17,151275.0,
AU.SHF,20221216,404.86,406.2,402.02,403.42,401.44,402.9,402.34,-3.3,-3.86,105956.0,4263055.33,146476.0,
AU.SHF,20221219,402.9,402.34,403.7,406.36,403.08,405.3,404.58,2.96,2.24,99517.0,4026334.04,140301.0,
AU.SHF,20221220,405.3,404.58,404.86,405.68,403.5,405.42,404.76,0.84,0.18,84321.0,3413125.58,134573.0,
AU.SHF,20221221,405.42,404.76,406.5,410.3,406.42,409.5,408.68,4.74,3.92,103246.0,4219516.36,141855.0,
AU.SHF,20221222,409.5,408.68,410.0,411.38,409.58,409.86,410.46,1.18,1.78,77926.0,3198696.42,141571.0,
AU.SHF,20221223,409.86,410.46,410.3,411.2,405.68,406.8,408.14,-3.66,-2.32,102230.0,4172477.56,133967.0,
AU.SHF,20221226,406.8,408.14,407.44,408.58,406.8,407.24,407.4,-0.9,-0.74,90355.0,3681199.4,92944.0,
AU.SHF,20221227,407.24,407.4,406.44,408.0,406.44,407.96,407.26,0.56,-0.14,48226.0,1964057.05,84451.0,
AU.SHF,20221228,407.96,407.26,408.86,412.48,407.48,408.6,409.4,1.34,2.14,78312.0,3206244.34,76278.0,
AU.SHF,20221229,408.6,409.4,408.58,409.68,407.62,408.36,408.72,-1.04,-0.68,56145.0,2294845.81,69937.0,
AU.SHF,20221230,408.36,408.72,408.68,410.72,408.3,410.72,409.4,2.0,0.68,56463.0,2311604.12,63537.0,
AU.SHF,20230103,410.72,410.2,412.0,412.34,409.84,411.2,410.98,1.0,0.78,58029.0,2384883.59,138424.0,
AU.SHF,20230104,411.2,410.98,411.26,413.88,410.7,413.26,412.62,2.28,1.64,120196.0,4959565.11,149575.0,
AU.SHF,20230105,413.26,412.62,414.38,415.92,412.4,412.5,414.54,-0.12,1.92,124302.0,5152951.54,156299.0,
AU.SHF,20230106,412.5,414.54,411.52,412.78,408.5,409.54,410.38,-5.0,-4.16,126762.0,5202285.51,152078.0,
AU.SHF,20230109,409.54,410.38,409.32,414.62,409.0,414.0,412.28,3.62,1.9,144195.0,5944910.87,159731.0,
AU.SHF,20230110,414.0,412.28,414.06,414.24,412.14,413.7,413.3,1.42,1.02,101239.0,4184390.6,163399.0,
AU.SHF,20230111,413.7,413.3,413.78,415.18,413.5,414.8,414.32,1.5,1.02,89422.0,3705006.28,167599.0,
AU.SHF,20230112,414.8,414.32,414.2,414.92,411.38,414.58,413.68,0.26,-0.64,103031.0,4262302.08,167155.0,
AU.SHF,20230113,414.58,413.68,415.28,416.28,413.0,415.22,415.02,1.54,1.34,139230.0,5778392.7,166790.0,
AU.SHF,20230116,415.22,415.02,415.22,419.36,414.8,417.28,417.06,2.26,2.04,129913.0,5418370.71,168405.0,
AU.SHF,20230117,417.28,417.06,418.2,419.66,417.82,419.0,418.94,1.94,1.88,91941.0,3851893.71,173400.0,
AU.SHF,20230118,419.0,418.94,419.76,420.94,417.04,418.4,419.44,-0.54,0.5,131047.0,5496693.81,174445.0,
AU.SHF,20230119,418.4,419.44,420.0,421.48,417.58,419.66,419.76,0.22,0.32,133678.0,5611525.6,174369.0,
AU.SHF,20230120,419.66,419.76,420.28,424.3,419.88,423.5,422.28,3.74,2.52,118571.0,5007231.45,174298.0,
AU.SHF,20230130,423.5,422.28,421.48,422.88,421.14,422.68,421.92,0.4,-0.36,52184.0,2201830.48,173023.0,
AU.SHF,20230131,422.68,421.92,421.84,422.3,419.08,419.48,421.12,-2.44,-0.8,104552.0,4403002.208,171875.0,
AU.SHF,20230201,419.48,421.12,417.96,422.5,417.96,421.58,420.74,0.46,-0.38,101480.0,4269746.11,173729.0,
AU.SHF,20230202,421.58,420.74,421.7,425.68,420.44,424.86,423.02,4.12,2.28,109719.0,4641335.36,178222.0,
AU.SHF,20230203,424.86,423.02,425.76,425.98,418.06,419.34,421.3,-3.68,-1.72,155328.0,6544250.8,170202.0,
AU.SHF,20230206,419.34,421.3,419.34,419.34,412.8,413.8,414.68,-7.5,-6.62,191854.0,7956104.75,161566.0,
AU.SHF,20230207,413.8,414.68,413.18,413.78,412.22,412.62,412.94,-2.06,-1.74,107868.0,4454388.44,157363.0,
AU.SHF,20230208,412.62,412.94,412.32,414.22,411.42,412.7,412.58,-0.24,-0.36,118069.0,4871458.1,154103.0,
AU.SHF,20230209,412.7,412.58,413.5,414.16,411.4,413.52,412.98,0.94,0.4,108221.0,4469476.71,152758.0,
AU.SHF,20230210,413.52,412.98,413.4,414.68,409.74,410.76,411.98,-2.22,-1.0,130010.0,5356197.82,145344.0,
AU.SHF,20230213,410.76,411.98,412.5,413.52,411.12,413.08,412.18,1.1,0.2,91353.0,3765416.95,141491.0,
AU.SHF,20230214,413.08,412.18,412.3,412.94,410.18,412.74,411.58,0.56,-0.6,92246.0,3796783.53,138685.0,
AU.SHF,20230215,412.74,411.58,412.32,414.0,410.86,411.66,412.6,0.08,1.02,167137.0,6896183.87,137670.0,
AU.SHF,20230216,411.66,412.6,410.4,411.66,410.1,411.48,410.76,-1.12,-1.84,98258.0,4036076.71,136191.0,
AU.SHF,20230217,411.48,410.76,411.7,412.5,409.92,410.26,410.94,-0.5,0.18,119229.0,4899744.89,135692.0,
AU.SHF,20230220,410.26,410.94,410.68,413.02,410.22,412.3,411.72,1.36,0.78,104084.0,4285453.78,133851.0,
AU.SHF,20230221,412.3,411.72,412.44,412.96,411.64,411.7,412.26,-0.02,0.54,60697.0,2502302.07,133958.0,
AU.SHF,20230222,411.7,412.26,411.5,413.28,411.3,412.94,412.4,0.68,0.14,94793.0,3909287.29,130244.0,
AU.SHF,20230223,412.94,412.4,413.72,414.22,411.2,411.94,412.62,-0.46,0.22,88063.0,3633714.85,127262.0,
AU.SHF,20230224,411.94,412.62,411.62,413.5,410.46,413.14,411.88,0.52,-0.74,120010.0,4943094.83,115265.0,
AU.SHF,20230227,413.14,411.88,412.1,413.26,411.94,412.2,412.5,0.32,0.62,83014.0,3424351.7,107333.0,
AU.SHF,20230228,412.2,412.5,412.04,413.4,412.04,412.64,412.6,0.14,0.1,92781.0,3828178.5,73840.0,
AU.SHF,20230301,412.64,412.6,411.46,414.64,411.18,414.04,413.28,1.44,0.68,88817.0,3670731.31,70774.0,
AU.SHF,20230302,414.04,413.28,412.98,413.9,412.58,413.62,413.22,0.34,-0.06,81946.0,3386240.74,67693.0,
AU.SHF,20230303,413.62,413.22,413.84,415.7,413.78,415.58,414.7,2.36,1.48,68066.0,2822810.19,66796.0,
AU.SHF,20230306,415.58,414.7,416.4,418.64,415.54,418.44,416.98,3.74,2.28,64803.0,2702219.16,64044.0,
AU.SHF,20230307,418.44,416.98,419.52,419.52,418.12,418.82,418.82,1.84,1.84,42751.0,1790525.1,61962.0,
AU.SHF,20230308,418.82,418.82,417.56,417.62,413.8,414.08,415.5,-4.74,-3.32,77655.0,3226667.84,56424.0,
AU.SHF,20230309,414.08,415.5,413.96,414.62,413.26,414.02,413.98,-1.48,-1.52,45268.0,1874051.79,53561.0,
AU.SHF,20230310,414.02,413.98,414.96,417.14,414.4,416.76,416.1,2.78,2.12,53450.0,2224155.75,50636.0,
AU.SHF,20230313,416.76,416.1,416.92,422.74,416.1,420.42,419.36,4.32,3.26,94695.0,3971229.97,48149.0,
AU.SHF,20230314,420.42,420.36,423.9,426.74,423.0,426.36,424.7,6.0,4.34,133043.0,5650482.13,154711.0,
AU.SHF,20230315,426.36,424.7,426.38,426.98,424.56,426.54,426.02,1.84,1.32,96764.0,4122472.96,164756.0,
AU.SHF,20230316,426.54,426.02,432.88,434.48,428.44,430.48,431.54,4.46,5.52,165066.0,7123339.88,165886.0,
AU.SHF,20230317,430.48,431.54,432.58,433.68,429.5,432.44,431.76,0.9,0.22,139787.0,6035487.89,174190.0,
AU.SHF,20230320,432.44,431.76,435.18,445.94,435.08,445.02,440.18,13.26,8.42,234497.0,10322227.26,184872.0,
AU.SHF,20230321,445.02,440.18,441.5,444.22,439.9,441.56,442.16,1.38,1.98,163544.0,7231425.86,183728.0,
AU.SHF,20230322,441.56,442.16,439.08,439.58,433.3,435.42,436.26,-6.74,-5.9,193003.0,8420218.84,174208.0,
AU.SHF,20230323,435.42,436.26,434.08,439.9,433.84,438.36,437.18,2.1,0.92,156312.0,6833783.24,178980.0,
AU.SHF,20230324,438.36,437.18,437.88,442.36,437.4,440.7,439.84,3.52,2.66,159741.0,7026208.05,180777.0,
AU.SHF,20230327,440.7,439.84,443.7,444.34,438.0,438.14,441.24,-1.7,1.4,163748.0,7225373.64,175346.0,
AU.SHF,20230328,438.14,441.24,434.24,437.28,434.0,436.18,435.94,-5.06,-5.3,120749.0,5264158.95,166728.0,
AU.SHF,20230329,436.18,435.94,437.88,440.18,436.32,437.76,438.02,1.82,2.08,110786.0,4852710.63,167148.0,
AU.SHF,20230330,437.76,438.02,438.1,439.7,437.06,438.9,438.38,0.88,0.36,103888.0,4554345.23,167592.0,
AU.SHF,20230331,438.9,438.38,438.92,441.5,437.66,441.2,439.68,2.82,1.3,116913.0,5140432.77,170940.0,
AU.SHF,20230403,441.2,439.68,440.8,441.2,434.6,435.62,438.0,-4.06,-1.68,139362.0,6104215.45,160589.0,
AU.SHF,20230404,435.62,438.0,440.48,441.84,438.7,440.7,440.42,2.7,2.42,135008.0,5946074.22,163791.0,
AU.SHF,20230406,440.7,440.42,447.56,448.0,446.12,447.18,447.04,6.76,6.62,57806.0,2584252.11,165653.0,
AU.SHF,20230407,447.18,447.04,446.8,447.44,444.76,447.32,446.34,0.28,-0.7,94427.0,4214832.19,168655.0,
AU.SHF,20230410,447.32,446.34,446.48,446.82,441.64,442.8,444.06,-3.54,-2.28,83936.0,3727379.42,165314.0,
AU.SHF,20230411,442.8,444.06,442.02,445.12,441.12,444.84,442.98,0.78,-1.08,107590.0,4766084.61,165807.0,
AU.SHF,20230412,444.84,442.98,444.44,450.2,444.04,448.84,447.36,5.86,4.38,129654.0,5800245.22,174723.0,
AU.SHF,20230413,448.84,447.36,449.96,450.0,445.46,448.82,447.52,1.46,0.16,129532.0,5796955.15,174862.0,
AU.SHF,20230414,448.82,447.52,452.96,453.28,449.88,451.0,451.94,3.48,4.42,148264.0,6700813.33,176001.0,
AU.SHF,20230417,451.0,451.94,448.74,449.56,442.2,446.08,445.44,-5.86,-6.5,206577.0,9201802.88,164440.0,
AU.SHF,20230418,446.08,445.44,444.3,444.8,440.7,444.26,443.26,-1.18,-2.18,125647.0,5569673.88,157994.0,
AU.SHF,20230419,444.26,443.26,444.7,446.94,443.04,443.98,445.16,0.72,1.9,133379.0,5937577.16,151238.0,
AU.SHF,20230420,443.98,445.16,441.9,445.18,441.02,444.54,443.46,-0.62,-1.7,139017.0,6164991.62,143699.0,
AU.SHF,20230421,444.54,443.46,445.5,446.56,441.64,442.5,444.64,-0.96,1.18,128761.0,5725330.02,137660.0,
AU.SHF,20230424,442.5,444.64,442.22,444.66,439.56,441.16,441.46,-3.48,-3.18,169080.0,7464456.13,123763.0,
AU.SHF,20230425,441.16,441.46,441.5,445.24,440.06,444.98,442.9,3.52,1.44,121581.0,5385034.39,117526.0,
AU.SHF,20230426,444.98,442.9,445.42,448.56,444.02,446.34,445.64,3.44,2.74,107214.0,4778037.64,114524.0,
AU.SHF,20230427,446.34,445.64,446.26,448.9,444.5,447.28,446.94,1.64,1.3,122132.0,5458662.03,112794.0,
AU.SHF,20230428,447.28,446.94,444.18,445.5,442.62,444.04,444.06,-2.9,-2.88,116208.0,5160485.63,104642.0,
AU.SHF,20230504,444.04,445.24,458.26,459.98,454.72,455.26,456.4,10.02,11.16,104705.0,4778737.03,181965.0,
AU.SHF,20230505,455.26,456.4,455.5,459.96,455.14,457.92,457.74,1.52,1.34,187837.0,8598416.32,194220.0,
AU.SHF,20230508,457.92,457.74,451.34,452.38,447.62,452.36,450.22,-5.38,-7.52,201777.0,9084786.94,184004.0,
AU.SHF,20230509,452.36,450.22,452.84,454.1,451.38,453.18,452.8,2.96,2.58,142035.0,6431453.43,188589.0,
AU.SHF,20230510,453.18,452.8,453.56,455.74,452.94,454.9,454.2,2.1,1.4,140134.0,6365136.28,192028.0,
AU.SHF,20230511,454.9,454.2,457.48,457.48,453.26,454.82,455.32,0.62,1.12,170738.0,7774247.09,195037.0,
AU.SHF,20230512,454.82,455.32,456.72,457.18,450.5,451.5,453.2,-3.82,-2.12,218450.0,9900391.88,189274.0,
AU.SHF,20230515,451.5,453.2,452.64,454.56,452.08,453.42,453.4,0.22,0.2,186261.0,8445300.85,194528.0,
AU.SHF,20230516,453.42,453.4,453.8,454.68,451.28,452.26,453.42,-1.14,0.02,163253.0,7402279.73,188413.0,
AU.SHF,20230517,452.26,453.42,453.8,453.92,448.6,450.24,451.4,-3.18,-2.02,217667.0,9825592.74,184116.0,
AU.SHF,20230518,450.24,451.4,449.64,450.18,447.42,449.4,449.06,-2.0,-2.34,180446.0,8103269.1,185855.0,
AU.SHF,20230519,449.4,449.06,448.7,448.7,446.1,447.62,447.3,-1.44,-1.76,203726.0,9112857.05,179045.0,
AU.SHF,20230522,447.62,447.3,445.76,450.9,445.24,449.54,448.38,2.24,1.08,230236.0,10323477.77,187340.0,
AU.SHF,20230523,449.54,448.38,449.6,450.46,447.26,447.62,448.72,-0.76,0.34,161127.0,7230122.35,185611.0,
AU.SHF,20230524,447.62,448.72,447.04,451.34,447.04,449.9,449.62,1.18,0.9,192522.0,8656445.09,187177.0,
AU.SHF,20230525,449.9,449.62,450.9,451.08,447.08,448.0,448.58,-1.62,-1.04,212054.0,9512422.46,181895.0,
AU.SHF,20230526,448.0,448.58,445.26,447.28,444.6,445.5,445.82,-3.08,-2.76,217222.0,9684423.22,169726.0,
AU.SHF,20230529,445.5,445.82,445.4,446.3,443.62,445.66,445.16,-0.16,-0.66,170564.0,7592925.79,171217.0,
AU.SHF,20230530,445.66,445.16,446.24,446.4,443.92,444.62,445.2,-0.54,0.04,125731.0,5597553.02,170541.0,
AU.SHF,20230531,444.62,445.2,448.36,451.72,447.26,450.86,449.16,5.66,3.96,198417.0,8912249.42,185105.0,
AU.SHF,20230601,450.86,449.16,451.72,453.76,450.56,450.98,452.12,1.82,2.96,172141.0,7783004.25,186510.0,
AU.SHF,20230602,450.98,452.12,452.2,454.38,451.82,452.3,453.06,0.18,0.94,134947.0,6114065.49,190399.0,
AU.SHF,20230605,452.3,453.06,451.1,452.34,446.5,447.26,449.14,-5.8,-3.92,183974.0,8263123.65,180046.0,
AU.SHF,20230606,447.26,449.14,447.12,450.86,447.12,450.28,449.48,1.14,0.34,122413.0,5502271.69,183120.0,
AU.SHF,20230607,450.28,449.48,451.54,452.42,450.1,451.1,451.44,1.62,1.96,121200.0,5471666.5,187812.0,
AU.SHF,20230608,451.1,451.44,450.34,452.46,447.92,448.46,449.96,-2.98,-1.48,186657.0,8399076.29,182768.0,
AU.SHF,20230609,448.46,449.96,450.7,452.38,450.38,452.34,451.58,2.38,1.62,134045.0,6053235.84,190876.0,
AU.SHF,20230612,452.34,451.58,452.12,453.22,451.04,452.5,452.08,0.92,0.5,136954.0,6191506.19,191169.0,
AU.SHF,20230613,452.5,452.08,452.52,453.96,450.5,453.68,452.16,1.6,0.08,134095.0,6063363.04,195839.0,
AU.SHF,20230614,453.68,452.16,453.16,453.7,449.9,450.9,451.4,-1.26,-0.76,163017.0,7358703.29,189090.0,
AU.SHF,20230615,450.9,451.4,452.28,452.58,447.02,447.14,450.04,-4.26,-1.36,171681.0,7726551.88,181646.0,
AU.SHF,20230616,447.14,450.04,446.8,451.54,446.8,450.5,449.84,0.46,-0.2,155087.0,6976732.94,177996.0,
AU.SHF,20230619,450.5,449.84,451.54,451.88,449.66,451.24,450.84,1.4,1.0,133052.0,5998776.17,176077.0,
AU.SHF,20230620,451.24,450.84,451.18,451.98,450.48,451.76,451.22,0.92,0.38,81965.0,3698471.71,173751.0,
AU.SHF,20230621,451.76,451.22,450.98,450.98,448.02,449.84,449.34,-1.38,-1.88,144371.0,6487361.89,161951.0,
AU.SHF,20230626,449.84,449.34,448.3,449.54,448.28,449.14,448.88,-0.2,-0.46,53739.0,2412258.19,158358.0,
AU.SHF,20230627,449.14,448.88,451.16,451.3,448.1,448.86,449.74,-0.02,0.86,120398.0,5414786.64,153334.0,
AU.SHF,20230628,448.86,449.74,448.4,449.32,446.04,447.1,447.44,-2.64,-2.3,176469.0,7896082.74,116750.0,
AU.SHF,20230629,447.1,447.44,447.16,448.44,446.8,447.5,447.58,0.06,0.14,124723.0,5582566.88,109632.0,
AU.SHF,20230630,447.5,447.58,446.04,448.98,445.84,448.6,447.9,1.02,0.32,138260.0,6192690.7,99794.0,
AU.SHF,20230703,448.6,447.9,449.7,451.18,449.1,449.52,450.0,1.62,2.1,119485.0,5376852.55,93487.0,
AU.SHF,20230704,449.52,450.0,450.34,451.58,449.44,449.94,450.58,-0.06,0.58,88874.0,4004656.27,90508.0,
AU.SHF,20230705,449.94,450.58,450.36,451.0,449.6,450.7,450.3,0.12,-0.28,49959.0,2249735.75,85789.0,
AU.SHF,20230706,450.7,451.32,453.26,453.84,450.94,451.66,452.16,0.34,0.84,148454.0,6712615.12,171663.0,
AU.SHF,20230707,451.66,452.16,448.8,450.98,448.7,450.82,449.9,-1.34,-2.26,193374.0,8700041.58,176654.0,
AU.SHF,20230710,450.82,449.9,451.66,452.98,451.04,452.08,451.92,2.18,2.02,175905.0,7949722.89,183553.0,
AU.SHF,20230711,452.08,451.92,450.28,452.78,450.2,452.2,451.66,0.28,-0.26,187560.0,8471427.64,184856.0,
AU.SHF,20230712,452.2,451.66,451.98,452.96,451.78,452.12,452.32,0.46,0.66,167710.0,7586080.8,191378.0,
AU.SHF,20230713,452.12,452.32,453.28,456.58,452.4,456.32,454.86,4.0,2.54,241639.0,10991457.35,210249.0,
AU.SHF,20230714,456.32,454.86,455.6,456.36,453.34,454.0,455.02,-0.86,0.16,218412.0,9938500.01,209338.0,
AU.SHF,20230717,454.0,455.02,454.44,456.14,453.5,455.34,454.7,0.32,-0.32,204571.0,9302164.77,209437.0,
AU.SHF,20230718,455.34,454.7,454.48,457.0,454.24,456.94,455.48,2.24,0.78,170294.0,7756774.61,215470.0,
AU.SHF,20230719,456.94,455.48,458.3,463.18,457.78,462.48,460.48,7.0,5.0,258530.0,11904949.57,227159.0,
AU.SHF,20230720,462.48,460.48,462.98,463.68,461.12,461.96,462.64,1.48,2.16,194080.0,8979026.87,231248.0,
AU.SHF,20230721,461.96,462.64,459.94,461.0,458.96,459.3,459.72,-3.34,-2.92,200703.0,9227119.2,229079.0,
AU.SHF,20230724,459.3,459.72,458.78,459.28,457.58,459.1,458.44,-0.62,-1.28,196798.0,9022059.11,225606.0,
AU.SHF,20230725,459.1,458.44,459.9,459.96,456.66,456.8,458.2,-1.64,-0.24,216924.0,9939785.21,222844.0,
AU.SHF,20230726,456.8,458.2,455.9,458.8,455.24,458.68,456.88,0.48,-1.32,182892.0,8356245.06,221741.0,
AU.SHF,20230727,458.68,456.88,459.2,460.36,457.52,459.76,458.8,2.88,1.92,194289.0,8914220.19,223323.0,
AU.SHF,20230728,459.76,458.8,457.5,458.0,455.22,456.3,456.24,-2.5,-2.56,286816.0,13085921.12,215865.0,
AU.SHF,20230731,456.3,456.24,457.3,457.5,455.5,455.98,456.54,-0.26,0.3,186783.0,8527633.15,211841.0,
AU.SHF,20230801,455.98,456.54,458.2,458.62,457.3,457.58,457.88,1.04,1.34,152582.0,6986571.84,209774.0,
AU.SHF,20230802,457.58,457.88,455.84,457.44,455.22,457.18,456.2,-0.7,-1.68,164609.0,7509773.69,209074.0,
AU.SHF,20230803,457.18,456.2,456.5,456.86,454.96,455.04,455.62,-1.16,-0.58,161217.0,7345506.91,207551.0,
AU.SHF,20230804,455.04,455.62,453.76,455.36,453.62,454.4,454.52,-1.22,-1.1,160981.0,7317024.95,204259.0,
AU.SHF,20230807,454.4,454.52,455.4,456.82,454.88,455.64,455.74,1.12,1.22,171277.0,7805861.1,200039.0,
AU.SHF,20230808,455.64,455.74,455.58,456.14,454.44,455.64,455.5,-0.1,-0.24,110788.0,5046577.77,199723.0,
AU.SHF,20230809,455.64,455.5,454.96,456.22,454.66,455.36,455.38,-0.14,-0.12,147298.0,6707796.22,198669.0,
AU.SHF,20230810,455.36,455.38,454.7,455.44,453.08,453.62,454.12,-1.76,-1.26,156507.0,7107582.61,201894.0,
AU.SHF,20230811,453.62,454.12,454.58,455.82,453.76,455.56,454.56,1.44,0.44,169611.0,7709984.64,201635.0,
AU.SHF,20230814,455.56,454.56,455.88,456.28,455.04,455.74,455.66,1.18,1.1,116013.0,5286450.53,200427.0,
AU.SHF,20230815,455.74,455.66,455.82,456.0,454.68,455.86,455.46,0.2,-0.2,124451.0,5668472.98,199820.0,
AU.SHF,20230816,455.86,455.46,456.02,457.34,455.9,457.1,456.66,1.64,1.2,138953.0,6345685.93,203581.0,
AU.SHF,20230817,457.1,456.66,457.0,457.58,455.52,456.86,456.78,0.2,0.12,120772.0,5516760.39,200472.0,
AU.SHF,20230818,456.86,456.78,456.6,457.0,454.8,455.1,455.82,-1.68,-0.96,135693.0,6185183.53,194838.0,
AU.SHF,20230821,455.1,455.82,455.12,457.48,454.5,457.08,455.88,1.26,0.06,127984.0,5834616.2,194884.0,
AU.SHF,20230822,457.08,455.88,456.98,456.98,455.4,456.5,456.14,0.62,0.26,112821.0,5146402.03,188078.0,
AU.SHF,20230823,456.5,456.14,456.66,458.26,455.86,457.88,457.0,1.74,0.86,121657.0,5559928.48,189995.0,
AU.SHF,20230824,457.88,457.0,458.26,460.62,457.94,460.04,459.4,3.04,2.4,130300.0,5986110.09,188754.0,
AU.SHF,20230825,460.04,459.4,459.12,459.9,458.44,458.5,459.18,-0.9,-0.22,120951.0,5553846.87,163763.0,
AU.SHF,20230828,458.5,459.18,459.06,459.48,457.4,458.62,458.44,-0.56,-0.74,135152.0,6195959.45,143677.0,
AU.SHF,20230829,458.62,458.44,459.02,460.72,458.3,460.14,459.5,1.7,1.06,88464.0,4064998.09,132728.0,
AU.SHF,20230830,460.14,459.5,459.5,462.02,459.48,461.48,460.62,1.98,1.12,143858.0,6626518.79,88397.0,
AU.SHF,20230831,461.48,460.62,462.6,463.24,461.66,463.16,462.48,2.54,1.86,86609.0,4005635.0,79700.0,
AU.SHF,20230901,463.16,462.48,461.82,462.86,461.1,462.46,461.84,-0.02,-0.64,88338.0,4079920.88,69182.0,
AU.SHF,20230904,462.46,461.84,463.68,465.48,461.48,464.38,463.26,2.54,1.42,88789.0,4113381.17,65184.0,
AU.SHF,20230905,464.38,464.06,463.96,465.46,463.12,464.98,464.34,0.92,0.28,66963.0,3109444.87,190823.0,
AU.SHF,20230906,464.98,464.34,464.8,465.06,463.6,464.24,464.22,-0.1,-0.12,83041.0,3854957.8,191966.0,
AU.SHF,20230907,464.24,464.22,463.98,464.72,463.38,464.12,464.08,-0.1,-0.14,92595.0,4297253.35,197251.0,
AU.SHF,20230908,464.12,464.08,465.0,467.58,463.96,466.84,465.74,2.76,1.66,106633.0,4966475.48,205721.0,
AU.SHF,20230911,466.84,465.74,466.22,467.94,465.88,466.54,466.86,0.8,1.12,117227.0,5473023.89,205222.0,
AU.SHF,20230912,466.54,466.86,466.82,467.24,465.94,466.76,466.62,-0.1,-0.24,83468.0,3894929.8,205639.0,
AU.SHF,20230913,466.76,466.62,465.52,468.74,465.5,467.66,466.94,1.04,0.32,108723.0,5076895.06,206913.0,
AU.SHF,20230914,467.66,466.94,468.02,472.98,466.86,472.0,469.86,5.06,2.92,162409.0,7631154.66,216794.0,
AU.SHF,20230915,472.0,469.86,471.9,480.26,466.96,469.72,473.86,-0.14,4.0,301876.0,14305270.63,210228.0,
AU.SHF,20230918,469.72,473.86,470.2,473.12,465.88,467.32,469.56,-6.54,-4.3,208045.0,9769240.26,202374.0,
AU.SHF,20230919,467.32,469.56,467.32,470.36,466.48,469.8,468.28,0.24,-1.28,98489.0,4612214.96,202205.0,
AU.SHF,20230920,469.8,468.28,470.24,472.76,469.54,471.38,471.16,3.1,2.88,101713.0,4792341.77,203158.0,
AU.SHF,20230921,471.38,471.16,471.5,473.0,470.16,470.88,471.68,-0.28,0.52,107823.0,5085999.84,202379.0,
AU.SHF,20230922,470.88,471.68,469.22,472.02,468.02,470.48,470.12,-1.2,-1.56,142986.0,6722329.55,204284.0,
AU.SHF,20230925,470.48,470.12,470.88,471.78,469.62,471.48,470.76,1.36,0.64,75993.0,3577569.18,204002.0,
AU.SHF,20230926,471.48,470.76,472.0,472.2,470.3,470.6,471.08,-0.16,0.32,95477.0,4497734.99,204379.0,
AU.SHF,20230927,470.6,471.08,470.2,470.7,465.16,466.9,468.3,-4.18,-2.78,150432.0,7044818.35,195417.0,
AU.SHF,20230928,466.9,468.3,465.04,465.74,455.0,459.5,460.92,-8.8,-7.38,217875.0,10042586.62,195595.0,
AU.SHF,20231009,459.5,460.92,454.0,456.0,451.74,454.8,454.48,-6.12,-6.44,93951.0,4270023.47,188401.0,
AU.SHF,20231010,454.8,454.48,453.04,454.4,450.06,450.58,451.86,-3.9,-2.62,152411.0,6886914.14,185579.0,
AU.SHF,20231011,450.58,451.86,450.7,451.44,449.32,450.4,450.36,-1.46,-1.5,104754.0,4717774.46,178091.0,
AU.SHF,20231012,450.4,450.36,451.92,454.04,450.94,453.66,452.3,3.3,1.94,98888.0,4472731.4,173726.0,
AU.SHF,20231013,453.66,452.3,453.64,455.28,452.5,454.92,453.76,2.62,1.46,84889.0,3852014.78,167411.0,
AU.SHF,20231016,454.92,453.76,461.4,465.76,459.72,461.2,462.36,7.44,8.6,179577.0,8302981.19,159552.0,
AU.SHF,20231017,461.2,462.36,462.02,463.42,461.6,463.4,462.68,1.04,0.32,77915.0,3605102.72,155999.0,
AU.SHF,20231018,463.4,462.68,465.04,468.18,463.88,467.94,466.1,5.26,3.42,116649.0,5437127.84,152948.0,
AU.SHF,20231019,467.94,466.1,470.0,472.18,468.2,471.26,470.28,5.16,4.18,149768.0,7043461.09,154367.0,
AU.SHF,20231020,471.26,470.28,472.46,477.56,471.44,476.68,474.54,6.4,4.26,170199.0,8076767.67,157375.0,
AU.SHF,20231023,476.68,474.54,475.78,479.44,473.56,476.0,476.58,1.46,2.04,174064.0,8295591.65,155737.0,
AU.SHF,20231024,476.0,476.58,476.0,476.7,474.5,475.2,475.44,-1.38,-1.14,103453.0,4918728.01,152349.0,
AU.SHF,20231025,475.2,475.44,473.52,475.36,472.22,473.92,473.76,-1.52,-1.68,116511.0,5519826.32,146892.0,
AU.SHF,20231026,473.92,473.76,474.66,477.22,472.6,476.66,475.74,2.9,1.98,150524.0,7161241.75,144170.0,
AU.SHF,20231027,476.66,475.74,475.46,477.58,474.24,476.98,475.98,1.24,0.24,129089.0,6144554.3,135504.0,
AU.SHF,20231030,476.98,475.98,475.98,482.34,475.62,478.12,478.38,2.14,2.4,135419.0,6478387.45,125881.0,
AU.SHF,20231031,478.12,478.38,478.36,480.12,478.12,478.94,478.98,0.56,0.6,111271.0,5329697.07,114676.0,
AU.SHF,20231101,478.94,478.98,478.7,481.3,476.24,477.18,478.58,-1.8,-0.4,120723.0,5777616.12,106686.0,
AU.SHF,20231102,477.18,479.26,478.78,479.56,477.06,478.72,478.42,-0.54,-0.84,114608.0,5483241.32,183499.0,
AU.SHF,20231103,478.72,478.42,479.0,479.28,477.08,478.2,477.88,-0.22,-0.54,121323.0,5797834.77,183840.0,
AU.SHF,20231106,478.2,477.88,480.5,480.5,475.44,475.96,478.46,-1.92,0.58,211131.0,10102046.24,184269.0,
AU.SHF,20231107,475.96,478.46,475.8,476.76,473.66,474.0,475.12,-4.46,-3.34,123570.0,5871109.96,185431.0,
AU.SHF,20231108,474.0,475.12,471.5,473.28,470.38,471.84,471.92,-3.28,-3.2,153684.0,7252804.57,183809.0,
AU.SHF,20231109,471.84,471.92,471.44,472.38,468.44,468.9,470.4,-3.02,-1.52,161457.0,7595027.75,183936.0,
AU.SHF,20231110,468.9,470.4,468.48,472.38,467.84,471.36,470.62,0.96,0.22,167802.0,7897389.98,183277.0,
AU.SHF,20231113,471.36,470.62,469.44,470.12,467.3,469.98,469.08,-0.64,-1.54,154240.0,7235111.61,186537.0,
AU.SHF,20231114,469.98,469.08,468.86,471.7,468.34,471.52,469.98,2.44,0.9,127375.0,5986408.95,187768.0,
AU.SHF,20231115,471.52,469.98,471.26,474.24,470.48,472.98,472.84,3.0,2.86,169300.0,8005477.83,189569.0,
AU.SHF,20231116,472.98,472.84,473.38,473.38,471.04,471.86,472.12,-0.98,-0.72,139289.0,6576174.3,190893.0,
AU.SHF,20231117,471.86,472.12,471.76,474.44,471.28,473.44,473.12,1.32,1.0,157391.0,7446569.66,196056.0,
AU.SHF,20231120,473.44,473.12,472.22,472.96,467.94,468.0,470.74,-5.12,-2.38,169359.0,7972540.75,197106.0,
AU.SHF,20231121,468.0,470.74,466.7,467.34,463.82,466.98,465.68,-3.76,-5.06,176755.0,8231164.08,196248.0,
AU.SHF,20231122,466.98,465.68,466.64,469.7,465.48,466.1,467.88,0.42,2.2,210209.0,9835460.33,201731.0,
AU.SHF,20231123,466.1,467.88,467.0,468.1,464.46,465.46,466.34,-2.42,-1.54,156914.0,7317726.44,199626.0,
AU.SHF,20231124,465.46,466.34,465.08,465.96,464.86,465.9,465.38,-0.44,-0.96,82652.0,3846587.44,198939.0,
AU.SHF,20231127,465.9,465.38,466.16,471.2,466.16,470.08,468.28,4.7,2.9,174440.0,8168883.93,191754.0,
AU.SHF,20231128,470.08,468.28,470.86,472.12,469.74,471.6,470.94,3.32,2.66,133867.0,6304559.74,193020.0,
AU.SHF,20231129,471.6,470.94,471.6,477.0,471.22,475.46,474.42,4.52,3.48,204742.0,9713441.26,200916.0,
AU.SHF,20231130,475.46,474.42,475.16,476.48,474.72,475.72,475.66,1.3,1.24,141553.0,6733348.73,203317.0,
AU.SHF,20231201,475.72,475.66,475.4,476.7,474.32,475.78,475.26,0.12,-0.4,140499.0,6677433.24,204166.0,
AU.SHF,20231204,475.78,475.26,475.2,486.48,474.46,481.62,480.14,6.36,4.88,220202.0,10572934.3,206229.0,
AU.SHF,20231205,481.62,480.14,480.52,481.38,472.38,475.0,475.92,-5.14,-4.22,244094.0,11617400.26,198339.0,
AU.SHF,20231206,475.0,475.92,473.74,474.7,471.38,474.08,473.36,-1.84,-2.56,148771.0,7042240.44,197578.0,
AU.SHF,20231207,474.08,473.36,474.0,475.94,474.0,474.88,475.0,1.52,1.64,127302.0,6047026.38,197216.0,
AU.SHF,20231208,474.88,475.0,475.28,476.58,473.28,475.2,475.0,0.2,0.0,120772.0,5736833.2,194309.0,
AU.SHF,20231211,475.2,475.0,475.0,475.18,469.92,471.6,472.0,-3.4,-3.0,171635.0,8101409.68,190295.0,
AU.SHF,20231212,471.6,472.0,470.78,470.78,467.7,469.9,469.4,-2.1,-2.6,121372.0,5697323.74,185592.0,
AU.SHF,20231213,469.9,469.4,469.86,471.52,468.58,469.02,469.62,-0.38,0.22,129229.0,6069052.25,177187.0,
AU.SHF,20231214,469.02,469.62,469.72,477.94,468.74,476.2,473.06,6.58,3.44,118460.0,5603946.39,177733.0,
AU.SHF,20231215,476.2,473.06,476.54,477.16,474.34,475.46,475.68,2.4,2.62,123606.0,5879877.69,172647.0,
AU.SHF,20231218,475.46,475.68,476.52,476.6,473.0,474.9,475.02,-0.78,-0.66,117349.0,5574424.69,171748.0,
AU.SHF,20231219,474.9,475.02,475.04,476.92,474.64,475.9,475.52,0.88,0.5,69023.0,3282227.62,169353.0,
AU.SHF,20231220,475.9,475.52,476.3,477.86,475.56,476.92,476.8,1.4,1.28,86361.0,4117833.79,172115.0,
AU.SHF,20231221,476.92,476.8,476.1,477.46,475.46,477.02,476.48,0.22,-0.32,88478.0,4215871.5,169432.0,
AU.SHF,20231222,477.02,476.48,477.06,480.9,476.3,479.54,478.62,3.06,2.14,123188.0,5896106.01,167366.0,
AU.SHF,20231225,479.54,478.62,481.22,482.92,479.36,480.8,481.1,2.18,2.48,126682.0,6094838.02,159260.0,
AU.SHF,20231226,480.8,481.1,481.0,481.78,480.5,481.4,481.1,0.3,0.0,60716.0,2921130.58,152602.0,
AU.SHF,20231227,481.4,481.1,481.06,483.12,479.6,482.6,481.52,1.5,0.42,78178.0,3764429.22,144614.0,
AU.SHF,20231228,482.6,481.52,483.42,485.38,482.82,483.6,484.18,2.08,2.66,94297.0,4565730.34,137197.0,
AU.SHF,20231229,483.6,484.18,481.6,482.68,479.86,481.7,481.42,-2.48,-2.76,112640.0,5422875.18,106807.0,
AU.SHF,20240102,481.7,481.42,481.24,483.8,480.82,483.32,482.4,1.9,0.98,37149.0,1792116.72,102542.0,
AU.SHF,20240103,483.32,483.06,483.7,484.26,482.0,483.58,483.46,0.52,0.4,103087.0,4983891.69,159693.0,
AU.SHF,20240104,483.58,483.46,480.8,482.12,478.9,481.64,480.34,-1.82,-3.12,153003.0,7349570.93,162541.0,
AU.SHF,20240105,481.64,480.34,481.74,483.18,480.86,482.38,482.04,2.04,1.7,94913.0,4575188.04,164224.0,
AU.SHF,20240108,482.38,482.04,481.5,484.52,480.06,481.72,482.32,-0.32,0.28,195026.0,9406523.74,166978.0,
AU.SHF,20240109,481.72,482.32,479.68,482.0,478.82,481.02,480.5,-1.3,-1.82,130398.0,6265627.16,166784.0,
AU.SHF,20240110,481.02,480.5,481.2,482.26,479.76,479.86,481.1,-0.64,0.6,126122.0,6067780.69,169229.0,
AU.SHF,20240111,479.86,481.1,480.62,481.48,479.48,480.24,480.42,-0.86,-0.68,115386.0,5543488.09,167979.0,
AU.SHF,20240112,480.24,480.42,480.28,482.3,477.68,480.78,479.94,0.36,-0.48,206543.0,9912877.94,171505.0,
AU.SHF,20240115,480.78,479.94,482.7,484.4,482.04,483.58,483.34,3.64,3.4,183843.0,8885995.89,178695.0,
AU.SHF,20240116,483.58,483.34,483.58,484.0,482.92,483.34,483.34,0.0,0.0,79238.0,3830044.9,180945.0,
AU.SHF,20240117,483.34,483.34,482.0,483.18,479.42,479.66,481.62,-3.68,-1.72,194971.0,9390317.67,177231.0,
AU.SHF,20240118,479.66,481.62,480.94,480.98,478.06,478.72,479.44,-2.9,-2.18,154120.0,7389197.06,173928.0,
AU.SHF,20240119,478.72,479.44,479.2,480.74,478.46,480.36,479.64,0.92,0.2,102473.0,4915205.66,171230.0,
AU.SHF,20240122,480.36,479.64,481.7,482.24,478.64,478.88,480.7,-0.76,1.06,152765.0,7343444.01,169402.0,
AU.SHF,20240123,478.88,480.7,480.3,480.3,477.22,479.18,478.82,-1.52,-1.88,119090.0,5702290.95,167077.0,
AU.SHF,20240124,479.18,478.82,478.52,478.84,477.74,478.66,478.38,-0.16,-0.44,89558.0,4284309.26,163942.0,
AU.SHF,20240125,478.66,478.38,478.96,479.16,476.32,476.84,477.46,-1.54,-0.92,158471.0,7566403.45,165828.0,
AU.SHF,20240126,476.84,477.46,476.84,478.98,476.4,478.72,477.9,1.26,0.44,135260.0,6464223.03,161770.0,
AU.SHF,20240129,478.72,477.9,478.72,480.44,477.96,480.04,479.14,2.14,1.24,125295.0,6003577.31,162194.0,
AU.SHF,20240130,480.04,479.14,480.08,481.32,479.12,481.0,480.32,1.86,1.18,121527.0,5837424.09,163600.0,
AU.SHF,20240131,481.0,480.32,481.42,482.74,480.58,481.58,481.5,1.26,1.18,145507.0,7006344.49,166590.0,
AU.SHF,20240201,481.58,481.5,482.0,483.72,481.58,482.84,482.64,1.34,1.14,124204.0,5994767.36,170301.0,
AU.SHF,20240202,482.84,482.64,481.5,484.9,480.84,484.82,483.18,2.18,0.54,154979.0,7488381.99,177788.0,
AU.SHF,20240205,484.82,483.18,484.56,485.18,481.0,481.44,482.54,-1.74,-0.64,155373.0,7497648.3,167263.0,
AU.SHF,20240206,481.44,482.54,480.38,481.86,479.76,480.66,480.68,-1.88,-1.86,86678.0,4166590.51,162750.0,
AU.SHF,20240207,480.66,480.68,480.1,482.78,480.1,482.1,481.9,1.42,1.22,81489.0,3927075.23,162905.0,
AU.SHF,20240208,482.1,481.9,482.86,484.28,482.36,483.54,483.42,1.64,1.52,68874.0,3329585.7,162056.0,
AU.SHF,20240219,483.54,483.42,480.96,481.48,479.66,480.7,480.52,-2.72,-2.9,48395.0,2325572.56,157903.0,
AU.SHF,20240220,480.7,480.52,480.2,481.06,480.08,480.42,480.46,-0.1,-0.06,50524.0,2427548.43,148828.0,
AU.SHF,20240221,480.42,480.46,481.4,482.08,480.3,480.42,481.2,-0.04,0.74,77555.0,3732007.27,145169.0,
AU.SHF,20240222,480.42,481.2,480.7,481.02,479.32,480.06,480.16,-1.14,-1.04,53842.0,2585290.2,143293.0,
AU.SHF,20240223,480.06,480.16,480.08,480.54,478.52,478.96,479.64,-1.2,-0.52,75190.0,3606544.76,142763.0,
AU.SHF,20240226,478.96,479.64,479.96,481.8,479.74,481.54,480.9,1.9,1.26,84933.0,4084450.05,137700.0,
AU.SHF,20240227,481.54,480.9,481.22,481.7,480.22,481.42,481.1,0.52,0.2,74016.0,3561052.12,123074.0,
AU.SHF,20240228,481.42,481.1,482.1,482.3,481.12,481.28,481.66,0.18,0.56,90141.0,4341881.0,83882.0,
AU.SHF,20240229,481.28,481.66,481.16,482.2,481.04,481.82,481.74,0.16,0.08,56471.0,2720461.88,75837.0,
AU.SHF,20240301,481.82,481.74,480.8,484.04,480.8,483.8,483.08,2.06,1.34,82921.0,4005883.72,73095.0,
AU.SHF,20240304,483.8,483.08,485.1,490.86,483.54,490.1,487.76,7.02,4.68,115112.0,5614912.38,71784.0,
AU.SHF,20240305,490.1,488.76,490.44,498.24,490.44,497.36,495.48,8.6,6.72,223914.0,11094935.63,217027.0,
AU.SHF,20240306,497.36,495.48,498.64,502.56,498.1,500.7,499.7,5.22,4.22,230223.0,11504359.15,226577.0,
AU.SHF,20240307,500.7,499.7,501.9,507.0,500.6,505.88,503.2,6.18,3.5,242473.0,12201325.29,232372.0,
AU.SHF,20240308,505.88,503.2,506.12,507.54,503.3,506.28,505.4,3.08,2.2,188923.0,9548373.95,230787.0,
AU.SHF,20240311,506.28,505.4,507.0,511.66,505.06,508.3,508.48,2.9,3.08,304482.0,15482772.35,233524.0,
AU.SHF,20240312,508.3,508.48,507.4,509.26,506.22,506.74,508.02,-1.74,-0.46,143399.0,7285149.42,232204.0,
AU.SHF,20240313,506.74,508.02,505.92,506.2,503.94,505.62,504.98,-2.4,-3.04,181051.0,9142768.03,224985.0,
AU.SHF,20240314,505.62,504.98,506.3,509.86,505.94,506.34,507.62,1.36,2.64,165628.0,8407636.97,226692.0,
AU.SHF,20240315,506.34,507.62,505.08,508.4,504.74,508.16,506.4,0.54,-1.22,136994.0,6937547.74,231111.0,
AU.SHF,20240318,508.16,506.4,506.46,508.16,503.36,504.04,505.92,-2.36,-0.48,161567.0,8174068.95,224743.0,
AU.SHF,20240319,504.04,505.92,506.2,506.78,504.28,505.22,505.66,-0.7,-0.26,126762.0,6410048.11,223609.0,
AU.SHF,20240320,505.22,505.66,505.38,506.32,504.44,505.74,505.5,0.08,-0.16,92479.0,4674917.4,224869.0,
AU.SHF,20240321,505.74,505.5,505.24,516.0,504.9,515.7,510.76,10.2,5.26,238295.0,12171548.22,234834.0,
AU.SHF,20240322,515.7,510.76,515.5,515.94,508.82,512.48,511.76,1.72,1.0,253868.0,12992005.52,228361.0,
AU.SHF,20240325,512.48,511.76,513.54,516.66,511.56,513.42,514.04,1.66,2.28,230031.0,11824632.06,232983.0,
AU.SHF,20240326,513.42,514.04,514.56,515.54,513.42,514.2,514.5,0.16,0.46,127396.0,6554572.58,226697.0,
AU.SHF,20240327,514.2,514.5,517.02,519.24,514.34,516.42,516.54,1.92,2.04,231783.0,11972705.81,222000.0,
AU.SHF,20240328,516.42,516.54,518.0,520.0,516.54,520.0,518.04,3.46,1.5,199172.0,10318214.5,229199.0,
AU.SHF,20240329,520.0,518.04,523.12,532.54,519.6,531.3,525.16,13.26,7.12,324507.0,17041954.41,235163.0,
AU.SHF,20240401,531.3,525.16,530.2,535.16,528.22,534.04,532.34,8.88,7.18,254438.0,13544888.17,232639.0,
AU.SHF,20240402,534.04,532.34,532.92,534.92,528.26,534.74,531.58,2.4,-0.76,319259.0,16971276.31,226252.0,
AU.SHF,20240403,534.74,531.58,534.96,541.8,533.74,541.52,537.58,9.94,6.0,381323.0,20499687.2,221474.0,
AU.SHF,20240408,541.52,537.58,545.58,560.78,543.28,554.74,553.32,17.16,15.74,388087.0,21474162.95,218577.0,
AU.SHF,20240409,554.74,553.32,553.8,559.2,550.96,556.92,555.38,3.6,2.06,367778.0,20425748.18,211408.0,
AU.SHF,20240410,556.92,555.38,558.02,560.88,555.14,558.78,558.4,3.4,3.02,414953.0,23171587.88,203451.0,
AU.SHF,20240411,558.78,558.4,556.34,558.64,552.14,555.22,555.54,-3.18,-2.86,455540.0,25307956.9,195800.0,
AU.SHF,20240412,555.22,555.54,556.2,570.56,555.3,570.5,562.32,14.96,6.78,367618.0,20672484.23,201747.0,
AU.SHF,20240415,570.5,562.32,570.42,588.28,559.5,563.88,571.74,1.56,9.42,838531.0,47942429.44,182620.0,
AU.SHF,20240416,563.88,571.74,563.96,571.5,555.5,567.0,563.28,-4.74,-8.46,537914.0,30299852.01,177218.0,
AU.SHF,20240417,567.0,563.28,567.02,572.96,564.44,567.78,568.3,4.5,5.02,487229.0,27689565.61,176633.0,
AU.SHF,20240418,567.78,568.3,568.2,570.96,558.82,565.52,565.72,-2.78,-2.58,387539.0,21924092.25,166054.0,
AU.SHF,20240419,565.52,565.72,566.56,576.12,562.06,568.3,567.7,2.58,1.98,451771.0,25647589.47,161989.0,
AU.SHF,20240422,568.3,567.7,566.48,570.36,557.52,558.42,564.84,-9.28,-2.86,235816.0,13320257.72,163006.0,
AU.SHF,20240423,558.42,564.84,553.9,556.18,543.72,544.84,550.62,-20.0,-14.22,241289.0,13286052.15,149695.0,
AU.SHF,20240424,544.84,550.62,546.8,552.34,546.02,551.0,549.84,0.38,-0.78,194167.0,10676407.77,147224.0,
AU.SHF,20240425,551.0,549.84,550.64,554.5,546.5,550.28,550.58,0.44,0.74,168167.0,9259009.17,134439.0,
AU.SHF,20240426,550.28,550.58,552.0,555.2,547.78,554.58,551.58,4.0,1.0,167016.0,9212319.5,128613.0,
AU.SHF,20240429,554.58,551.58,555.58,557.18,550.38,551.46,553.26,-0.12,1.68,129272.0,7152181.66,117838.0,
AU.SHF,20240430,551.46,553.26,551.48,553.5,548.04,549.5,551.16,-3.76,-2.1,80825.0,4454762.21,109406.0,
AU.SHF,20240506,549.5,552.8,542.56,548.46,542.2,548.32,546.28,-4.48,-6.52,88686.0,4844829.3,145249.0,
AU.SHF,20240507,548.32,546.28,549.6,552.12,548.86,549.82,550.28,3.54,4.0,134427.0,7397260.85,152555.0,
AU.SHF,20240508,549.82,550.28,548.96,550.98,547.1,549.0,549.32,-1.28,-0.96,139701.0,7674235.09,158101.0,
AU.SHF,20240509,549.0,549.32,549.3,550.24,547.52,548.1,548.82,-1.22,-0.5,132501.0,7272181.82,161484.0,
AU.SHF,20240510,548.1,548.82,550.04,561.58,548.44,561.4,554.02,12.58,5.2,221130.0,12251176.07,175824.0,
AU.SHF,20240513,561.4,554.02,560.14,562.36,557.06,557.62,559.6,3.6,5.58,218976.0,12254117.83,176328.0,
AU.SHF,20240514,557.62,559.6,557.24,557.9,554.38,554.62,556.06,-4.98,-3.54,150091.0,8346104.2,174412.0,
AU.SHF,20240515,554.62,556.06,556.98,559.9,556.14,559.02,558.18,2.96,2.12,155143.0,8659772.97,179472.0,
AU.SHF,20240516,559.02,558.18,561.5,567.16,557.38,564.42,562.88,6.24,4.7,244803.0,13779556.3,184417.0,
AU.SHF,20240517,564.42,562.88,563.16,564.96,561.32,564.86,563.0,1.98,0.12,143240.0,8064680.91,184510.0,
AU.SHF,20240520,564.86,563.0,566.86,582.44,566.4,578.84,574.5,15.84,11.5,352510.0,20252311.86,201747.0,
AU.SHF,20240521,578.84,574.5,572.92,581.22,571.0,572.22,575.42,-2.28,0.92,288222.0,16585422.55,195252.0,
AU.SHF,20240522,572.22,575.42,575.52,577.66,571.82,573.32,574.7,-2.1,-0.72,193737.0,11134223.5,194102.0,
AU.SHF,20240523,573.32,574.7,572.16,572.76,556.88,559.72,564.2,-14.98,-10.5,298603.0,16847696.19,182550.0,
AU.SHF,20240524,559.72,564.2,559.54,560.9,550.46,554.48,555.14,-9.72,-9.06,250531.0,13908337.18,181506.0,
AU.SHF,20240527,554.48,555.14,554.3,557.76,553.44,555.78,555.42,0.64,0.28,157096.0,8725727.17,180776.0,
AU.SHF,20240528,555.78,555.42,557.5,560.38,555.82,555.96,558.58,0.54,3.16,162654.0,9085694.49,180724.0,
AU.SHF,20240529,555.96,558.58,558.5,561.98,557.16,559.7,559.58,1.12,1.0,197437.0,11048369.22,182283.0,
AU.SHF,20240530,559.7,559.58,555.96,558.52,551.54,554.2,555.58,-5.38,-4.0,179983.0,9999539.42,180798.0,
AU.SHF,20240531,554.2,555.58,555.68,557.96,554.36,556.86,556.34,1.28,0.76,142963.0,7953662.98,180458.0,
AU.SHF,20240603,556.86,556.34,559.24,560.62,548.82,551.56,554.2,-4.78,-2.14,219911.0,12187877.98,177030.0,
AU.SHF,20240604,551.56,554.2,553.98,557.68,552.48,556.24,555.22,2.04,1.02,143303.0,7956740.72,174072.0,
AU.SHF,20240605,556.24,555.22,553.44,555.54,549.4,553.62,552.24,-1.6,-2.98,166558.0,9198028.38,171999.0,
AU.SHF,20240606,553.62,552.24,556.0,564.4,554.2,562.14,559.3,9.9,7.06,198820.0,11120225.17,181560.0,
AU.SHF,20240607,562.14,559.3,560.1,565.62,558.56,562.3,562.42,3.0,3.12,187056.0,10520630.64,183009.0,
AU.SHF,20240611,562.3,562.42,548.84,548.86,543.9,544.78,545.7,-17.64,-16.72,114009.0,6221528.42,171918.0,
AU.SHF,20240612,544.78,545.7,548.08,548.82,545.52,548.04,547.44,2.34,1.74,114508.0,6268787.14,167965.0,
AU.SHF,20240613,548.04,547.44,552.76,553.7,545.86,548.44,549.8,1.0,2.36,172406.0,9478882.05,166473.0,
AU.SHF,20240614,548.44,549.8,549.32,549.8,543.52,548.48,546.82,-1.32,-2.98,154506.0,8449003.14,164110.0,
AU.SHF,20240617,548.48,546.82,552.4,553.44,548.9,549.46,551.5,2.64,4.68,151503.0,8355607.51,162957.0,
AU.SHF,20240618,549.46,551.5,549.6,551.56,548.12,550.08,550.2,-1.42,-1.3,102515.0,5640409.78,159256.0,
AU.SHF,20240619,550.08,550.2,548.7,552.92,548.68,552.4,551.34,2.2,1.14,112158.0,6183720.03,162498.0,
AU.SHF,20240620,552.4,551.34,552.16,557.54,551.4,557.16,554.12,5.82,2.78,113593.0,6294488.38,166218.0,
AU.SHF,20240621,557.16,554.12,556.0,561.96,555.82,559.74,559.66,5.62,5.54,138885.0,7773069.62,165287.0,
AU.SHF,20240624,559.74,559.66,560.26,561.66,550.5,551.18,554.16,-8.48,-5.5,179860.0,9967353.84,156262.0,
AU.SHF,20240625,551.18,554.16,552.1,554.3,551.3,552.16,552.44,-2.0,-1.72,95922.0,5299279.82,150594.0,
AU.SHF,20240626,552.16,552.44,551.9,552.76,546.8,548.7,550.1,-3.74,-2.34,173933.0,9568092.42,118974.0,
AU.SHF,20240627,548.7,550.1,548.48,548.48,544.0,545.4,545.26,-4.7,-4.84,124778.0,6803706.93,116018.0,
AU.SHF,20240628,545.4,545.26,550.22,551.84,549.04,551.52,550.44,6.26,5.18,112648.0,6200779.22,110091.0,
AU.SHF,20240701,551.52,550.44,553.3,554.1,549.4,551.42,551.62,0.98,1.18,104127.0,5743947.56,104969.0,
AU.SHF,20240702,551.42,551.62,552.22,553.16,550.18,552.48,552.04,0.86,0.42,89881.0,4961953.31,102440.0,
AU.SHF,20240703,552.48,552.04,552.08,556.12,550.9,555.7,552.72,3.66,0.68,115409.0,6379088.18,99858.0,
AU.SHF,20240704,555.7,552.72,557.88,560.26,556.76,558.34,558.72,5.62,6.0,109938.0,6142588.68,97547.0,
AU.SHF,20240705,558.34,558.72,558.38,560.12,557.64,559.66,558.94,0.94,0.22,62181.0,3475579.55,96114.0,
AU.SHF,20240708,559.66,558.94,561.18,565.36,560.6,560.74,563.1,1.8,4.16,124643.0,7018666.03,93697.0,
AU.SHF,20240709,560.74,563.1,560.12,561.94,555.38,558.66,558.92,-4.44,-4.18,89396.0,4996694.4,91030.0,
AU.SHF,20240710,558.66,558.92,557.92,561.2,555.9,561.1,558.78,2.18,-0.14,85974.0,4804088.45,88171.0,
AU.SHF,20240711,561.1,561.22,564.8,566.48,563.06,565.46,564.74,4.24,3.52,119991.0,6776491.4,149987.0,
AU.SHF,20240712,565.46,564.74,570.7,572.68,566.8,568.54,569.68,3.8,4.94,208248.0,11863607.56,160414.0,
AU.SHF,20240715,568.54,569.68,566.8,571.44,566.24,568.34,569.2,-1.34,-0.48,151999.0,8652073.45,166090.0,
AU.SHF,20240716,568.34,569.2,570.16,574.98,569.54,574.94,572.76,5.74,3.56,202686.0,11609206.77,182460.0,
AU.SHF,20240717,574.94,572.76,574.86,585.84,574.4,581.56,580.72,8.8,7.96,308940.0,17940960.38,189097.0,
AU.SHF,20240718,581.56,580.72,582.08,584.22,575.72,581.48,580.08,0.76,-0.64,282721.0,16400606.84,188199.0,
AU.SHF,20240719,581.48,580.08,580.0,580.54,563.82,565.94,573.38,-14.14,-6.7,307286.0,17619286.65,175466.0,
AU.SHF,20240722,565.94,573.38,562.2,567.22,559.7,565.4,563.76,-7.98,-9.62,246819.0,13914681.22,170775.0,
AU.SHF,20240723,565.4,563.76,563.76,566.92,561.32,562.6,563.72,-1.16,-0.04,214986.0,12119329.4,169409.0,
AU.SHF,20240724,562.6,563.72,565.24,569.82,564.12,569.64,566.74,5.92,3.02,203989.0,11561221.12,177103.0,
AU.SHF,20240725,569.64,566.74,570.52,571.48,554.4,555.68,563.24,-11.06,-3.5,342097.0,19268516.73,177651.0,
AU.SHF,20240726,555.68,563.24,554.86,559.28,551.16,557.38,554.88,-5.86,-8.36,267377.0,14836221.56,178847.0,
AU.SHF,20240729,557.38,554.88,559.58,564.6,557.84,561.24,560.62,6.36,5.74,224332.0,12576615.59,176731.0,
AU.SHF,20240730,561.24,560.62,561.8,562.5,555.5,562.02,559.66,1.4,-0.96,230894.0,12922239.09,173237.0,
AU.SHF,20240731,562.02,559.66,560.86,568.3,559.34,566.28,563.36,6.62,3.7,263948.0,14870073.26,175987.0,
AU.SHF,20240801,566.28,563.36,566.52,573.48,565.5,570.9,569.12,7.54,5.76,228522.0,13006016.55,178178.0,
AU.SHF,20240802,570.9,569.12,572.42,574.3,568.18,574.04,571.66,4.92,2.54,263385.0,15057026.57,180478.0,
AU.SHF,20240805,574.04,571.66,574.42,575.38,554.78,559.94,563.12,-11.72,-8.54,489030.0,27538848.72,174392.0,
AU.SHF,20240806,559.94,563.12,546.0,559.16,545.44,554.18,552.86,-8.94,-10.26,349865.0,19342683.86,167620.0,
AU.SHF,20240807,554.18,552.86,552.6,556.96,551.8,556.06,554.12,3.2,1.26,256432.0,14209603.69,166657.0,
AU.SHF,20240808,556.06,554.12,557.82,558.08,552.8,556.1,555.7,1.98,1.58,181575.0,10090133.99,165949.0,
AU.SHF,20240809,556.1,555.7,558.8,563.1,557.32,560.7,560.38,5.0,4.68,207332.0,11618812.83,164266.0,
AU.SHF,20240812,560.7,560.38,562.3,565.48,560.0,565.3,562.58,4.92,2.2,172725.0,9717337.28,162861.0,
AU.SHF,20240813,565.3,562.58,566.54,572.8,565.96,569.46,569.26,6.88,6.68,201710.0,11482809.65,166111.0,
AU.SHF,20240814,569.46,569.26,569.7,570.5,565.06,568.22,568.16,-1.04,-1.1,177542.0,10087425.02,163666.0,
AU.SHF,20240815,568.22,568.16,568.2,568.28,561.32,566.98,564.7,-1.18,-3.46,200643.0,11330561.26,160343.0,
AU.SHF,20240816,566.98,564.7,565.18,569.56,563.0,567.74,567.1,3.04,2.4,196532.0,11145411.49,161705.0,
AU.SHF,20240819,567.74,567.1,574.0,576.38,570.4,573.7,573.18,6.6,6.08,282788.0,16209160.76,164144.0,
AU.SHF,20240820,573.7,573.18,571.66,575.16,570.7,574.24,573.14,1.06,-0.04,190591.0,10923692.11,165080.0,
AU.SHF,20240821,574.24,573.14,578.0,578.88,571.74,576.2,575.82,3.06,2.68,228314.0,13147151.9,165001.0,
AU.SHF,20240822,576.2,575.82,575.2,576.78,572.08,574.46,574.14,-1.36,-1.68,191513.0,10995676.34,161858.0,
AU.SHF,20240823,574.46,574.14,573.98,574.0,567.76,572.58,571.02,-1.56,-3.12,205112.0,11712309.61,155674.0,
AU.SHF,20240826,572.58,571.02,574.2,576.34,572.22,576.2,574.52,5.18,3.5,218021.0,12526035.17,155282.0,
AU.SHF,20240827,576.2,574.52,577.34,578.1,573.8,575.94,575.78,1.42,1.26,193436.0,11137693.01,133783.0,
AU.SHF,20240828,575.94,575.78,575.2,577.7,574.0,575.16,575.86,-0.62,0.08,177033.0,10194697.03,126012.0,
AU.SHF,20240829,575.16,575.86,574.0,577.1,572.84,575.06,575.48,-0.8,-0.38,178399.0,10266759.48,122234.0,
AU.SHF,20240830,575.06,575.48,573.3,576.98,572.88,574.06,574.8,-1.42,-0.68,208353.0,11976519.22,115051.0,
AU.SHF,20240902,574.06,574.8,574.4,574.4,569.22,570.82,571.56,-3.98,-3.24,208531.0,11919053.63,107238.0,
AU.SHF,20240903,570.82,571.56,572.38,572.88,570.1,572.12,571.82,0.56,0.26,109032.0,6234674.36,104324.0,
AU.SHF,20240904,572.12,571.82,571.5,572.3,567.12,568.22,569.44,-3.6,-2.38,194110.0,11053748.85,95910.0,
AU.SHF,20240905,568.22,569.44,569.0,572.36,567.42,572.04,570.0,2.6,0.56,168500.0,9604615.81,90347.0,
AU.SHF,20240906,572.04,570.0,574.0,574.3,571.4,573.68,573.0,3.68,3.0,142148.0,8145125.51,89056.0,
AU.SHF,20240909,573.68,573.0,574.4,574.5,567.04,569.22,570.78,-3.78,-2.22,252306.0,14401441.68,82376.0,
AU.SHF,20240910,569.22,570.78,572.02,573.62,570.2,573.24,572.08,2.46,1.3,121401.0,6945288.73,81092.0,
AU.SHF,20240911,573.24,572.08,575.16,576.56,571.88,576.12,574.44,4.04,2.36,145026.0,8331004.75,78225.0,
AU.SHF,20240912,576.12,574.44,573.62,575.78,572.0,575.22,573.86,0.78,-0.58,136237.0,7818196.11,71303.0,
AU.SHF,20240913,575.22,573.86,577.24,585.2,576.12,583.58,581.48,9.72,7.62,185281.0,10773879.77,72187.0,
AU.SHF,20240918,583.58,581.48,584.88,585.88,582.62,582.98,583.86,1.5,2.38,50534.0,2950565.37,66725.0,
AU.SHF,20240919,582.98,583.86,583.42,587.38,579.62,582.2,582.78,-1.66,-1.08,127570.0,7434717.66,61048.0,
AU.SHF,20240920,582.2,584.32,584.82,591.0,584.54,590.62,587.0,6.3,2.68,157150.0,9224797.0,219641.0,
AU.SHF,20240923,590.62,587.0,592.58,596.32,589.68,595.14,593.08,8.14,6.08,219129.0,12996257.69,223747.0,
AU.SHF,20240924,595.14,593.08,595.36,597.36,593.0,594.24,595.72,1.16,2.64,215966.0,12865891.72,220257.0,
AU.SHF,20240925,594.24,595.72,594.2,601.88,593.78,598.36,597.62,2.64,1.9,229488.0,13714681.36,220984.0,
AU.SHF,20240926,598.36,597.62,599.72,601.96,598.84,599.9,600.3,2.28,2.68,167856.0,10076539.46,219750.0,
AU.SHF,20240927,599.9,600.3,601.84,602.3,597.02,599.42,599.68,-0.88,-0.62,210996.0,12653367.44,213171.0,
AU.SHF,20240930,599.42,599.68,600.02,600.2,593.82,596.72,596.62,-2.96,-3.06,218851.0,13057473.46,206127.0,
AU.SHF,20241008,596.72,596.62,598.0,599.8,595.8,596.22,597.9,-0.4,1.28,104048.0,6221197.85,206129.0,
AU.SHF,20241009,596.22,597.9,597.94,598.2,588.02,588.56,591.52,-9.34,-6.38,244379.0,14455968.25,198181.0,
AU.SHF,20241010,588.56,591.52,590.54,591.18,587.32,590.7,589.5,-0.82,-2.02,157441.0,9281361.87,190664.0,
AU.SHF,20241011,590.7,589.5,592.28,599.46,591.48,597.38,595.12,7.88,5.62,192063.0,11430195.85,187991.0,
AU.SHF,20241014,597.38,595.12,597.38,604.4,597.18,603.3,600.34,8.18,5.22,170494.0,10235608.56,196568.0,
AU.SHF,20241015,603.3,600.34,601.0,603.96,599.3,603.64,601.74,3.3,1.4,165111.0,9935473.46,194569.0,
AU.SHF,20241016,603.64,601.74,603.46,612.0,603.18,611.98,607.52,10.24,5.78,230572.0,14008152.77,200322.0,
AU.SHF,20241017,611.98,607.52,612.8,615.16,610.24,614.26,612.8,6.74,5.28,216396.0,13261178.47,200204.0,
AU.SHF,20241018,614.26,612.8,613.88,622.88,613.18,619.06,618.26,6.26,5.46,322031.0,19910327.24,195366.0,
AU.SHF,20241021,619.06,618.26,619.14,626.08,617.72,625.82,622.12,7.56,3.86,250464.0,15582063.68,196470.0,
AU.SHF,20241022,625.82,622.12,627.34,628.38,621.0,626.5,625.3,4.38,3.18,254333.0,15903726.53,187431.0,
AU.SHF,20241023,626.5,625.3,627.42,630.44,625.54,629.96,627.92,4.66,2.62,227818.0,14305503.4,190448.0,
AU.SHF,20241024,629.96,627.92,628.72,628.72,617.84,624.54,622.52,-3.38,-5.4,351695.0,21893925.56,174608.0,
AU.SHF,20241025,624.54,622.52,625.14,626.66,620.84,624.72,623.76,2.2,1.24,238915.0,14902883.51,165430.0,
AU.SHF,20241028,624.72,623.76,624.3,627.8,621.88,626.58,624.92,2.82,1.16,238811.0,14924080.25,155368.0,
AU.SHF,20241029,626.58,624.92,625.14,631.88,624.7,631.8,628.82,6.88,3.9,196824.0,12376907.5,158500.0,
AU.SHF,20241030,631.8,628.82,630.8,639.48,630.04,638.62,635.04,9.8,6.22,238598.0,15152193.14,158293.0,
AU.SHF,20241031,638.62,635.04,637.6,639.3,633.72,635.66,636.54,0.62,1.5,263617.0,16780319.27,145778.0,
AU.SHF,20241101,635.66,636.54,633.86,634.0,624.18,629.72,628.72,-6.82,-7.82,323563.0,20343129.62,134619.0,
AU.SHF,20241104,629.72,628.72,630.38,632.76,623.22,625.38,627.82,-3.34,-0.9,258488.0,16228896.86,124428.0,
AU.SHF,20241105,625.38,627.82,625.5,626.78,621.4,625.02,624.58,-2.8,-3.24,175810.0,10980995.51,118123.0,
AU.SHF,20241106,625.02,624.58,624.8,630.94,622.1,624.06,626.96,-0.52,2.38,291828.0,18296564.21,114179.0,
AU.SHF,20241107,624.06,626.96,621.66,622.0,610.7,611.32,614.4,-15.64,-12.56,362522.0,22273842.5,106837.0,
AU.SHF,20241108,611.32,614.4,613.2,619.6,613.0,615.48,616.28,1.08,1.88,254000.0,15653771.36,102813.0,
AU.SHF,20241111,615.48,616.28,617.72,621.9,614.3,615.78,618.18,-0.5,1.9,236935.0,14646928.21,94600.0,
AU.SHF,20241112,615.78,618.18,613.0,613.98,604.62,605.66,608.0,-12.52,-10.18,249456.0,15167343.18,89060.0,
AU.SHF,20241113,605.66,608.0,604.1,607.16,602.54,604.46,604.9,-3.54,-3.1,188002.0,11372512.8,86327.0,
AU.SHF,20241114,604.46,604.9,604.9,606.1,592.22,593.1,600.4,-11.8,-4.5,252658.0,15169824.64,82258.0,
AU.SHF,20241115,593.1,600.4,592.48,597.18,592.12,593.3,594.64,-7.1,-5.76,190670.0,11338055.08,80118.0,
AU.SHF,20241118,593.3,594.64,594.6,602.42,593.1,600.6,597.44,5.96,2.8,214624.0,12822892.5,78846.0,
AU.SHF,20241119,600.6,597.44,602.14,610.12,601.7,609.84,605.78,12.4,8.34,156382.0,9473402.19,74960.0,
AU.SHF,20241120,609.84,605.78,612.54,613.56,608.22,610.6,611.16,4.82,5.38,172759.0,10558350.33,67253.0,
AU.SHF,20241121,610.6,611.16,611.7,618.06,611.36,617.7,615.0,6.54,3.84,152087.0,9353506.38,62917.0,
AU.SHF,20241122,617.7,617.32,620.24,627.96,619.52,627.88,623.0,10.56,5.68,243349.0,15160827.82,180353.0,
AU.SHF,20241125,627.88,623.0,630.0,631.14,616.84,619.16,625.72,-3.84,2.72,405143.0,25351389.47,174508.0,
AU.SHF,20241126,619.16,625.72,622.0,623.34,607.6,610.84,613.76,-14.88,-11.96,395721.0,24288329.91,166451.0,
AU.SHF,20241127,610.84,613.76,612.6,616.86,609.3,616.46,612.78,2.7,-0.98,318560.0,19521217.68,168097.0,
AU.SHF,20241128,616.46,612.78,617.02,618.48,608.6,613.2,613.66,0.42,0.88,358088.0,21974890.92,172214.0,
AU.SHF,20241129,613.2,613.66,615.0,619.24,611.42,618.8,615.34,5.14,1.68,279763.0,17215243.44,176302.0,
AU.SHF,20241202,618.8,615.34,618.14,619.46,610.34,613.28,615.34,-2.06,0.0,312505.0,19229870.31,173499.0,
AU.SHF,20241203,613.28,615.34,617.04,620.52,615.22,619.32,617.76,3.98,2.42,253047.0,15632581.31,174879.0,
AU.SHF,20241204,619.32,617.76,617.7,621.18,616.88,618.22,618.84,0.46,1.08,256109.0,15849095.49,170305.0,
AU.SHF,20241205,618.22,618.84,616.0,620.4,614.74,618.4,618.38,-0.44,-0.46,247844.0,15326448.64,171666.0,
AU.SHF,20241206,618.4,618.38,619.2,619.74,610.72,615.94,615.28,-2.44,-3.1,312138.0,19205650.56,163056.0,
AU.SHF,20241209,615.94,615.28,615.78,620.88,612.82,619.12,616.66,3.84,1.38,294562.0,18164809.142,162414.0,
AU.SHF,20241210,619.12,616.66,620.7,624.88,619.94,621.44,622.34,4.78,5.68,261386.0,16267283.1,164398.0,
AU.SHF,20241211,621.44,622.34,624.2,629.4,622.7,627.06,626.0,4.72,3.66,299505.0,18749094.09,174105.0,
AU.SHF,20241212,627.06,626.0,627.4,632.06,626.28,631.38,629.26,5.38,3.26,260864.0,16415600.47,176609.0,
AU.SHF,20241213,631.38,629.26,628.6,630.0,622.7,625.6,625.94,-3.66,-3.32,297976.0,18651694.49,171425.0,
AU.SHF,20241216,625.6,625.94,622.38,623.0,617.68,619.72,620.2,-6.22,-5.74,215352.0,13356172.61,163861.0,
AU.SHF,20241217,619.72,620.2,621.1,622.7,618.36,619.14,620.78,-1.06,0.58,175582.0,10899842.93,153307.0,
AU.SHF,20241218,619.14,620.78,617.5,620.12,615.26,618.5,617.68,-2.28,-3.1,170427.0,10527112.954,152072.0,
AU.SHF,20241219,618.5,617.68,618.1,619.58,608.88,613.52,614.7,-4.16,-2.98,232966.0,14320659.07,151916.0,
AU.SHF,20241220,613.52,614.7,613.0,614.4,609.4,613.94,611.56,-0.76,-3.14,238580.0,14590825.91,151390.0,
AU.SHF,20241223,613.94,611.56,613.3,620.38,612.68,620.14,617.16,8.58,5.6,238867.0,14742351.62,150296.0,
AU.SHF,20241224,620.14,617.16,617.16,618.44,615.6,617.58,617.18,0.42,0.02,166109.0,10252236.24,142939.0,
AU.SHF,20241225,617.58,617.18,616.56,619.78,615.84,619.0,617.42,1.82,0.24,121378.0,7494338.87,143306.0,
AU.SHF,20241226,619.0,617.42,619.32,621.2,617.2,619.74,619.56,2.32,2.14,86289.0,5346231.35,141497.0,
AU.SHF,20241227,619.74,619.56,619.74,621.92,618.6,620.22,620.46,0.66,0.9,152084.0,9436220.98,139590.0,
AU.SHF,20241230,620.22,620.46,618.9,619.42,615.66,617.66,617.6,-2.8,-2.86,193424.0,11946095.68,116790.0,
AU.SHF,20241231,617.66,617.6,618.78,619.2,614.92,617.6,616.68,0.0,-0.92,185333.0,11429222.81,104047.0,
AU.SHF,20250102,617.6,616.68,621.84,624.14,621.32,622.4,622.48,5.72,5.8,86999.0,5415610.68,103372.0,
AU.SHF,20250103,622.4,622.48,625.7,628.8,623.38,627.96,626.36,5.48,3.88,175468.0,10990780.85,102944.0,
AU.SHF,20250106,627.96,626.36,628.4,629.08,624.48,624.92,627.26,-1.44,0.9,178204.0,11178301.11,95625.0,
AU.SHF,20250107,624.92,627.26,626.66,626.94,619.08,625.02,623.14,-2.24,-4.12,224570.0,13993936.43,85017.0,
AU.SHF,20250108,625.02,623.14,627.16,628.6,624.84,627.96,626.98,4.82,3.84,168121.0,10541153.38,85502.0,
AU.SHF,20250109,627.96,626.98,628.68,631.48,626.66,631.3,629.2,4.32,2.22,172065.0,10826559.31,80559.0,
AU.SHF,20250110,631.3,629.2,633.0,635.62,631.24,635.46,633.24,6.26,4.04,140465.0,8894996.69,77668.0,
AU.SHF,20250113,635.46,633.24,635.0,639.36,631.26,637.14,636.68,3.9,3.44,236278.0,15043425.2,70408.0,
AU.SHF,20250114,637.14,636.68,633.5,633.68,630.7,632.1,632.24,-4.58,-4.44,143080.0,9046340.27,62258.0,
AU.SHF,20250115,632.1,633.74,633.24,637.46,631.16,636.84,633.86,3.1,0.12,187460.0,11882396.4,172863.0,
AU.SHF,20250116,636.84,633.86,637.86,640.66,635.18,639.12,638.04,5.26,4.18,230185.0,14687013.58,175681.0,
AU.SHF,20250117,639.12,638.04,640.36,643.92,639.6,640.68,642.0,2.64,3.96,239089.0,15349963.89,185487.0,
AU.SHF,20250120,640.68,642.0,641.3,641.6,634.22,639.8,638.54,-2.2,-3.46,242354.0,15475473.02,186005.0,
AU.SHF,20250121,639.8,638.54,638.6,640.26,633.56,639.78,637.3,1.24,-1.24,262165.0,16708061.47,189041.0,
AU.SHF,20250122,639.78,637.3,639.92,648.86,639.3,645.46,643.56,8.16,6.26,288931.0,18594767.69,208119.0,
AU.SHF,20250123,645.46,643.56,646.8,647.62,645.1,646.2,646.16,2.64,2.6,214608.0,13867435.75,207871.0,
AU.SHF,20250124,646.2,646.16,644.66,649.96,642.44,648.9,646.4,2.74,0.24,258223.0,16691951.31,206235.0,
AU.SHF,20250127,648.9,646.4,649.52,651.9,645.06,647.54,648.88,1.14,2.48,224576.0,14572378.74,199780.0,
AU.SHF,20250205,647.54,648.88,668.0,671.12,666.24,670.64,668.94,21.76,20.06,118435.0,7922797.64,205925.0,
AU.SHF,20250206,670.64,668.94,672.42,674.2,668.28,668.46,671.8,-0.48,2.86,227629.0,15292349.78,205601.0,
AU.SHF,20250207,668.46,671.8,670.48,671.72,664.46,669.9,669.02,-1.9,-2.78,232702.0,15568496.95,199458.0,
AU.SHF,20250210,669.9,669.02,670.5,679.5,668.2,679.08,673.66,10.06,4.64,371683.0,25038963.73,201630.0,
AU.SHF,20250211,679.08,673.66,682.22,691.76,679.84,685.74,684.58,12.08,10.92,411552.0,28174498.73,193613.0,
AU.SHF,20250212,685.74,684.58,680.0,685.12,677.0,681.22,681.42,-3.36,-3.16,354674.0,24168688.76,184048.0,
AU.SHF,20250213,681.22,681.42,679.72,686.48,675.12,684.56,681.68,3.14,0.26,359775.0,24525298.52,186368.0,
AU.SHF,20250214,684.56,681.68,685.72,688.66,683.86,688.4,686.22,6.72,4.54,254382.0,17456533.4,190906.0,
AU.SHF,20250217,688.4,686.22,686.02,686.56,674.34,677.1,679.44,-9.12,-6.78,444374.0,30193366.86,174667.0,
AU.SHF,20250218,677.1,679.44,678.0,683.88,677.2,682.82,679.72,3.38,0.28,200401.0,13621719.03,177308.0,
AU.SHF,20250219,682.82,679.72,684.36,690.24,683.6,687.8,686.72,8.08,7.0,261476.0,17956383.54,179507.0,
AU.SHF,20250220,687.8,686.72,688.5,690.46,684.18,690.0,688.14,3.28,1.42,289045.0,19890379.08,178648.0,
AU.SHF,20250221,690.0,688.14,688.0,689.0,681.82,684.44,685.74,-3.7,-2.4,384739.0,26383857.08,170792.0,
AU.SHF,20250224,684.44,685.74,684.8,686.9,682.2,685.98,684.68,0.24,-1.06,310621.0,21267797.47,167268.0,
AU.SHF,20250225,685.98,684.68,688.04,689.66,683.88,685.58,686.94,0.9,2.26,294200.0,20209982.31,157700.0,
AU.SHF,20250226,685.58,686.94,683.78,686.54,674.6,679.42,681.02,-7.52,-5.92,436901.0,29754490.38,128515.0,
AU.SHF,20250227,679.42,681.02,681.0,682.44,675.4,677.0,678.7,-4.02,-2.32,354469.0,24058041.42,120024.0,
AU.SHF,20250228,677.0,678.7,675.0,677.98,671.6,672.12,675.06,-6.58,-3.64,346238.0,23373326.96,110653.0,
AU.SHF,20250303,672.12,675.06,670.0,672.94,665.34,672.4,668.96,-2.66,-6.1,380464.0,25452098.31,94069.0,
AU.SHF,20250304,672.4,668.96,674.88,678.72,672.9,676.82,675.78,7.86,6.82,251185.0,16974681.62,91834.0,
AU.SHF,20250305,676.82,675.78,682.4,682.94,678.0,682.16,680.58,6.38,4.8,318450.0,21673581.23,84095.0,
AU.SHF,20250306,682.16,680.58,681.56,681.9,675.76,680.64,679.44,0.06,-1.14,303315.0,20608809.37,75770.0,
AU.SHF,20250307,680.64,679.44,677.14,680.84,676.66,679.48,678.52,0.04,-0.92,268127.0,18193333.59,70875.0,
AU.SHF,20250310,679.48,678.52,680.32,682.12,677.1,681.5,679.84,2.98,1.32,302314.0,20552787.61,71086.0,
AU.SHF,20250311,681.5,679.84,680.0,680.46,674.34,677.56,677.76,-2.28,-2.08,254007.0,17215692.79,67706.0,
AU.SHF,20250312,677.56,677.76,678.98,680.44,677.14,679.56,678.82,1.8,1.06,192822.0,13089517.67,64124.0,
AU.SHF,20250313,679.56,678.82,680.4,685.58,678.52,684.5,682.46,5.68,3.64,222190.0,15163982.87,64132.0,
AU.SHF,20250314,684.5,682.46,686.02,697.6,685.46,694.96,692.28,12.5,9.82,278638.0,19289985.21,63787.0,
AU.SHF,20250317,694.96,692.28,696.04,697.08,693.02,695.94,695.04,3.66,2.76,194491.0,13518054.34,61147.0,
AU.SHF,20250318,695.94,695.04,695.0,701.26,694.68,700.7,697.5,5.66,2.46,184143.0,12844024.9,59911.0,
AU.SHF,20250319,700.7,697.5,704.34,708.48,702.3,707.34,704.62,9.84,7.12,189910.0,13381790.68,55549.0,
AU.SHF,20250320,707.34,704.62,705.72,710.12,703.12,708.5,706.3,3.88,1.68,172384.0,12175489.95,52092.0,
AU.SHF,20250321,708.5,708.56,709.8,711.24,705.9,706.96,708.7,-1.6,0.14,237974.0,16865365.08,207301.0,
AU.SHF,20250324,706.96,708.7,708.0,708.7,701.32,707.14,704.9,-1.56,-3.8,283887.0,20011677.73,208073.0,
AU.SHF,20250325,707.14,704.9,706.48,707.82,703.72,706.76,705.7,1.86,0.8,234643.0,16558807.38,206973.0,
AU.SHF,20250326,706.76,705.7,707.0,710.02,706.84,709.02,708.24,3.32,2.54,238342.0,16880732.83,211694.0,
AU.SHF,20250327,709.02,708.24,709.52,711.22,706.5,710.3,708.88,2.06,0.64,243137.0,17235796.39,211040.0,
AU.SHF,20250328,710.3,708.88,714.66,722.88,711.82,722.8,717.5,13.92,8.62,413254.0,29651116.19,220712.0,
AU.SHF,20250331,722.8,717.5,721.48,732.1,719.28,729.8,723.86,12.3,6.36,462428.0,33473509.07,223123.0,
AU.SHF,20250401,729.8,723.86,731.74,739.8,726.14,736.3,733.06,12.44,9.2,510074.0,37392185.37,219054.0,
AU.SHF,20250402,736.3,733.06,737.1,738.5,731.1,733.6,735.44,0.54,2.38,434172.0,31931270.38,213334.0,
AU.SHF,20250403,733.6,735.44,735.88,747.98,731.9,739.04,739.22,3.6,3.78,537550.0,39737227.43,207567.0,
AU.SHF,20250407,739.04,739.22,701.8,728.0,701.0,718.18,716.58,-21.04,-22.64,559347.0,40082677.57,191317.0,
AU.SHF,20250408,718.18,716.58,718.6,720.38,710.04,719.22,715.8,2.64,-0.78,559659.0,40060523.94,186814.0,
AU.SHF,20250409,719.22,715.8,718.26,728.5,716.56,728.14,721.32,12.34,5.52,527616.0,38058859.25,193197.0,
AU.SHF,20250410,728.14,721.32,729.0,744.88,728.6,744.48,737.3,23.16,15.98,703287.0,51854692.38,200633.0,
AU.SHF,20250411,744.48,737.3,743.14,763.62,740.68,757.3,752.74,20.0,15.44,769599.0,57930945.27,194428.0,
AU.SHF,20250414,757.3,752.74,763.0,766.5,757.18,763.64,762.62,10.9,9.88,610748.0,46577380.77,198620.0,
AU.SHF,20250415,763.64,762.62,759.4,765.16,757.32,764.44,761.18,1.82,-1.44,447203.0,34040618.58,200994.0,
AU.SHF,20250416,764.44,761.18,763.94,782.38,762.3,781.6,772.36,20.42,11.18,449355.0,34706798.1,205198.0,
AU.SHF,20250417,781.6,772.36,783.5,796.7,781.6,789.22,788.72,16.86,16.36,703879.0,55517090.7,197638.0,
AU.SHF,20250418,789.22,788.72,788.1,791.9,778.14,791.02,785.44,2.3,-3.28,595905.0,46805722.08,196309.0,
AU.SHF,20250421,791.02,785.44,790.12,805.56,788.22,805.06,798.46,19.62,13.02,385994.0,30820480.08,198115.0,
AU.SHF,20250422,805.06,798.46,810.3,836.3,808.4,831.42,821.66,32.96,23.2,872580.0,71697983.74,204671.0,
AU.SHF,20250423,831.42,821.66,820.58,828.74,783.06,784.28,810.22,-37.38,-11.44,1365212.0,110614681.13,185566.0,
AU.SHF,20250424,784.28,810.22,786.28,804.84,774.48,792.2,788.42,-18.02,-21.8,1125865.0,88767696.51,173030.0,
AU.SHF,20250425,792.2,788.42,795.06,801.36,782.4,787.2,791.42,-1.22,3.0,662672.0,52446436.12,166311.0,
AU.SHF,20250428,787.2,791.42,784.5,790.68,777.16,780.04,781.44,-11.38,-9.98,543425.0,42466419.89,151572.0,
AU.SHF,20250429,780.04,781.44,782.9,794.66,780.52,785.14,787.28,3.7,5.84,433745.0,34148732.48,143824.0,
AU.SHF,20250430,785.14,787.28,784.0,788.34,780.02,780.3,783.92,-6.98,-3.36,246636.0,19334519.67,127440.0,
AU.SHF,20250506,780.3,783.92,784.36,799.56,783.5,794.8,794.08,10.88,10.16,197963.0,15719938.23,127407.0,
AU.SHF,20250507,794.8,796.52,802.0,809.36,795.6,803.5,802.1,6.98,5.58,413639.0,33178476.85,188308.0,
AU.SHF,20250508,803.5,802.1,803.1,809.88,788.78,790.78,800.94,-11.32,-1.16,565698.0,45309872.43,198555.0,
AU.SHF,20250509,790.78,800.94,795.86,797.5,777.1,788.42,788.16,-12.52,-12.78,663192.0,52270662.4,205859.0,
AU.SHF,20250512,788.42,788.16,790.16,792.64,767.5,772.28,780.38,-15.88,-7.78,608130.0,47457545.3,210772.0,
AU.SHF,20250513,772.28,780.38,760.8,768.66,756.02,767.68,762.54,-12.7,-17.84,625489.0,47696499.65,214581.0,
AU.SHF,20250514,767.68,762.54,764.0,768.28,760.78,761.72,764.28,-0.82,1.74,497536.0,38025698.06,214778.0,
AU.SHF,20250515,761.72,764.28,750.0,752.74,732.64,739.82,745.22,-24.46,-19.06,744074.0,55450695.02,211188.0,
AU.SHF,20250516,739.82,745.22,747.8,759.2,746.44,751.8,751.84,6.58,6.62,481303.0,36186815.37,211481.0,
AU.SHF,20250519,751.8,751.84,743.7,761.04,743.04,755.86,750.74,4.02,-1.1,354299.0,26599134.02,209904.0,
AU.SHF,20250520,755.86,750.74,757.0,759.56,753.12,754.38,756.24,3.64,5.5,268945.0,20338760.65,211353.0,
AU.SHF,20250521,754.38,756.24,760.6,779.2,758.68,778.78,770.66,22.54,14.42,396470.0,30555128.12,222494.0,
AU.SHF,20250522,778.78,770.66,775.16,785.36,773.66,780.1,779.32,9.44,8.66,307544.0,23967825.0,224053.0,
AU.SHF,20250523,780.1,779.32,775.22,780.58,770.0,780.1,775.04,0.78,-4.28,330158.0,25588594.46,220512.0,
AU.SHF,20250526,780.1,775.04,785.0,786.82,777.1,777.3,781.54,2.26,6.5,296331.0,23159662.58,216132.0,
AU.SHF,20250527,777.3,781.54,777.9,780.98,770.38,771.6,776.86,-9.94,-4.68,228706.0,17767399.46,204795.0,
AU.SHF,20250528,771.6,776.86,769.1,773.8,767.2,772.28,770.58,-4.58,-6.28,210848.0,16247595.27,199056.0,
AU.SHF,20250529,772.28,770.58,772.7,773.74,759.3,764.32,766.46,-6.26,-4.12,250594.0,19207374.77,195076.0,
AU.SHF,20250530,764.32,766.46,773.58,776.16,768.6,771.8,772.26,5.34,5.8,236013.0,18226605.39,181246.0,
AU.SHF,20250603,771.8,772.26,789.4,790.0,781.6,783.1,785.68,10.84,13.42,131022.0,10294298.56,180833.0,
AU.SHF,20250604,783.1,785.68,783.1,785.78,777.5,782.42,781.96,-3.26,-3.72,191944.0,15009500.43,180310.0,
AU.SHF,20250605,782.42,781.96,782.4,787.96,780.72,783.72,784.38,1.76,2.42,198422.0,15564104.74,182808.0,
AU.SHF,20250606,783.72,784.38,785.92,786.9,776.68,783.24,782.68,-1.14,-1.7,272195.0,21304580.29,178314.0,
AU.SHF,20250609,783.24,782.68,781.12,783.08,767.08,774.72,775.26,-7.96,-7.42,255991.0,19846298.06,173184.0,
AU.SHF,20250610,774.72,775.26,774.0,777.16,769.42,775.06,773.22,-0.2,-2.04,179960.0,13915214.29,170163.0,
AU.SHF,20250611,775.06,773.22,777.7,779.76,774.02,777.54,777.06,4.32,3.84,165488.0,12859517.78,168745.0,
AU.SHF,20250612,777.54,777.06,777.0,786.5,774.98,785.16,780.96,8.1,3.9,218198.0,17040535.7,172351.0,
AU.SHF,20250613,785.16,780.96,786.98,801.14,785.16,794.36,792.96,13.4,12.0,294538.0,23355920.02,176354.0,
AU.SHF,20250616,794.36,792.96,798.4,800.3,791.1,792.3,796.72,-0.66,3.76,228842.0,18232418.39,176263.0,
AU.SHF,20250617,792.3,796.72,792.68,792.68,782.1,785.08,787.04,-11.64,-9.68,192889.0,15181476.4,168935.0,
AU.SHF,20250618,785.08,787.04,785.36,787.48,781.54,785.42,785.1,-1.62,-1.94,164233.0,12893933.97,162421.0,
AU.SHF,20250619,785.42,785.1,786.5,789.1,779.26,781.24,784.92,-3.86,-0.18,190490.0,14952069.06,161031.0,
AU.SHF,20250620,781.24,784.92,783.1,784.98,777.22,778.58,781.08,-6.34,-3.84,149695.0,11692638.84,156301.0,
AU.SHF,20250623,778.58,781.08,777.26,784.48,776.46,781.3,781.74,0.22,0.66,158979.0,12428270.41,152462.0,
AU.SHF,20250624,781.3,781.74,782.0,787.96,769.66,771.86,779.78,-9.88,-1.96,248445.0,19373478.36,147344.0,
AU.SHF,20250625,771.86,779.78,769.86,774.42,764.98,773.94,769.98,-5.84,-9.8,159583.0,12287880.81,145732.0,
AU.SHF,20250626,773.94,769.98,771.9,775.68,770.22,775.28,773.16,5.3,3.18,128026.0,9898579.33,135267.0,
AU.SHF,20250627,775.28,773.16,772.0,774.7,764.96,766.4,770.14,-6.76,-3.02,169217.0,13032285.882,129822.0,
AU.SHF,20250630,766.4,772.44,764.1,768.58,760.58,767.58,764.86,-4.86,-7.58,211285.0,16160688.34,155821.0,
AU.SHF,20250701,767.58,764.86,766.18,776.64,765.4,776.1,770.64,11.24,5.78,171739.0,13235042.23,167465.0,
AU.SHF,20250702,776.1,770.64,780.8,781.0,775.02,776.04,777.62,5.4,6.98,202457.0,15743591.82,168596.0,
AU.SHF,20250703,776.04,777.62,779.02,782.24,776.22,781.28,778.78,3.66,1.16,189582.0,14764416.51,175461.0,
AU.SHF,20250704,781.28,778.78,774.02,777.88,773.5,777.06,775.52,-1.72,-3.26,213782.0,16579401.81,175040.0,
AU.SHF,20250707,777.06,775.52,775.38,777.2,769.34,771.3,772.92,-4.22,-2.6,190256.0,14705482.71,175760.0,
AU.SHF,20250708,771.3,772.92,771.66,777.28,770.74,776.22,774.54,3.3,1.62,187574.0,14528442.9,179131.0,
AU.SHF,20250709,776.22,774.54,774.98,775.3,765.22,766.82,769.52,-7.72,-5.02,310838.0,23919863.86,181258.0,
AU.SHF,20250710,766.82,769.52,767.5,774.08,767.08,773.3,771.16,3.78,1.64,205604.0,15855371.44,184003.0,
AU.SHF,20250711,773.3,771.16,773.3,775.88,770.46,773.56,773.18,2.4,2.02,217649.0,16828343.05,181932.0,
AU.SHF,20250714,773.56,773.18,777.62,781.46,776.24,781.4,778.44,8.22,5.26,249578.0,19428344.31,191083.0,
AU.SHF,20250715,781.4,778.44,777.0,781.52,775.84,780.4,778.22,1.96,-0.22,216294.0,16832505.99,198270.0,
AU.SHF,20250716,780.4,778.22,778.0,779.4,773.84,776.66,776.5,-1.56,-1.72,259450.0,20146756.15,200708.0,
AU.SHF,20250717,776.66,776.5,776.22,782.84,773.64,776.28,777.66,-0.22,1.16,375362.0,29190723.69,203084.0,
AU.SHF,20250718,776.28,777.66,772.0,777.66,771.9,777.02,775.34,-0.64,-2.32,221277.0,17156640.01,202287.0,
AU.SHF,20250721,777.02,775.34,780.1,782.58,778.08,781.7,779.84,6.36,4.5,216188.0,16859247.67,211239.0,
AU.SHF,20250722,781.7,779.84,784.7,787.8,784.2,784.84,785.8,5.0,5.96,215395.0,16926151.24,216722.0,
AU.SHF,20250723,784.84,785.8,788.5,794.0,787.6,792.9,791.4,7.1,5.6,286795.0,22697461.88,222387.0,
AU.SHF,20250724,792.9,791.4,790.98,791.22,777.66,778.74,784.22,-12.66,-7.18,331217.0,25975294.58,213456.0,
AU.SHF,20250725,778.74,784.22,774.88,779.24,774.32,777.32,777.34,-6.9,-6.88,190255.0,14789388.52,211851.0,
AU.SHF,20250728,777.32,777.34,772.82,775.84,770.58,774.78,773.26,-2.56,-4.08,256019.0,19797203.67,209675.0,
AU.SHF,20250729,774.78,773.26,772.66,773.3,767.68,771.44,770.56,-1.82,-2.7,219932.0,16947193.73,212407.0,
AU.SHF,20250730,771.44,770.56,772.7,775.08,770.84,773.78,773.12,3.22,2.56,206379.0,15955751.19,214105.0,
AU.SHF,20250731,773.78,773.12,771.3,772.44,766.86,770.28,769.96,-2.84,-3.16,260701.0,20073002.21,217080.0,
AU.SHF,20250801,770.28,769.96,772.5,773.16,768.5,770.72,770.9,0.76,0.94,189185.0,14584534.36,218768.0,
AU.SHF,20250804,770.72,770.9,778.5,781.78,778.42,781.42,780.48,10.52,9.58,271828.0,21216116.7,217696.0,
AU.SHF,20250805,781.42,780.48,782.4,786.18,782.3,782.5,784.32,2.02,3.84,193353.0,15165115.59,218652.0,
AU.SHF,20250806,782.5,784.32,782.8,785.82,782.58,783.68,784.26,-0.64,-0.06,191341.0,15006141.31,215212.0,
AU.SHF,20250807,783.68,784.26,782.28,785.5,781.08,785.02,783.38,0.76,-0.88,187081.0,14655667.89,217630.0,
AU.SHF,20250808,785.02,783.38,784.18,788.36,783.34,787.8,785.82,4.42,2.44,251828.0,19789583.95,220321.0,
AU.SHF,20250811,787.8,785.82,787.02,788.92,778.74,779.48,784.8,-6.34,-1.02,278074.0,21823664.11,211644.0,
AU.SHF,20250812,779.48,784.8,777.52,778.78,775.52,776.04,777.1,-8.76,-7.7,194063.0,15080928.64,204736.0,
AU.SHF,20250813,776.04,777.1,777.28,777.82,773.8,777.72,776.26,0.62,-0.84,206809.0,16053936.96,201477.0,
AU.SHF,20250814,777.72,776.26,778.12,780.58,777.02,778.7,778.8,2.44,2.54,149006.0,11604602.43,199577.0,
AU.SHF,20250815,778.7,778.8,776.9,777.32,773.22,775.8,775.18,-3.0,-3.62,160609.0,12450214.54,197655.0,
AU.SHF,20250818,775.8,775.18,775.92,777.84,774.52,777.66,776.06,2.48,0.88,129189.0,10025911.07,194004.0,
AU.SHF,20250819,777.66,776.06,776.98,776.98,773.84,775.06,775.36,-1.0,-0.7,121675.0,9434265.84,191435.0,
AU.SHF,20250820,775.06,775.36,774.72,775.54,770.38,772.68,772.8,-2.68,-2.56,153091.0,11831072.66,191474.0,
AU.SHF,20250821,772.68,772.8,776.5,777.5,774.32,775.12,776.16,2.32,3.36,128755.0,9993659.37,183215.0,
AU.SHF,20250822,775.12,776.16,776.0,777.22,772.74,773.4,775.62,-2.76,-0.54,139379.0,10810615.98,181769.0,
AU.SHF,20250825,773.4,775.62,772.6,781.88,772.12,779.18,778.94,3.56,3.32,226253.0,17624011.14,180151.0,
AU.SHF,20250826,779.18,778.94,778.44,782.4,778.26,781.12,780.24,2.18,1.3,118442.0,9241445.46,174588.0,
AU.SHF,20250827,781.12,780.24,780.68,783.28,780.0,781.16,781.56,0.92,1.32,135834.0,10616453.56,166596.0,
AU.SHF,20250828,781.16,781.56,782.0,784.58,781.4,783.22,782.74,1.66,1.18,148309.0,11608835.67,144469.0,
AU.SHF,20250829,783.22,782.74,783.0,785.4,782.18,785.12,784.26,2.38,1.52,145863.0,11439620.67,136691.0,
AU.SHF,20250901,785.12,784.26,786.1,802.38,785.7,800.56,794.72,16.3,10.46,313792.0,24938096.91,140691.0,
AU.SHF,20250902,800.56,794.72,799.54,809.98,799.08,804.32,804.32,9.6,9.6,199052.0,16010280.06,138624.0,
AU.SHF,20250903,804.32,804.32,804.42,816.78,802.5,814.88,810.36,10.56,6.04,265502.0,21515529.91,142330.0,
AU.SHF,20250904,814.88,810.36,817.5,823.24,807.18,812.98,816.1,2.62,5.74,302967.0,24725307.9,136664.0,
AU.SHF,20250905,812.98,816.1,815.06,817.76,811.36,815.6,814.56,-0.5,-1.54,183319.0,14932591.62,132985.0,
AU.SHF,20250908,815.6,814.56,822.1,824.42,818.04,822.86,821.36,8.3,6.8,258829.0,21259197.08,129838.0,
AU.SHF,20250909,822.86,821.36,827.5,836.96,827.36,834.48,831.68,13.12,10.32,262249.0,21811075.9,124881.0,
AU.SHF,20250910,834.48,831.68,834.06,840.82,827.26,833.42,833.38,1.74,1.7,297857.0,24823003.68,119424.0,
AU.SHF,20250911,833.42,833.38,833.38,836.62,828.5,830.78,833.38,-2.6,0.0,165360.0,13780848.94,114423.0,
AU.SHF,20250912,830.78,833.38,829.52,835.28,826.64,834.22,830.74,0.84,-2.64,170217.0,14140796.15,109267.0,
AU.SHF,20250915,834.22,830.74,833.82,835.34,828.42,831.6,832.56,0.86,1.82,131159.0,10919934.57,104349.0,
AU.SHF,20250916,831.6,832.56,833.48,842.4,833.14,842.08,838.12,9.52,5.56,152819.0,12808162.01,104060.0,
AU.SHF,20250917,842.08,838.12,841.16,843.42,834.16,835.08,839.0,-3.04,0.88,164311.0,13785765.84,96007.0,
AU.SHF,20250918,835.08,839.0,835.34,839.0,823.96,824.1,831.8,-14.9,-7.2,192704.0,16029155.66,87731.0,
AU.SHF,20250919,824.1,833.96,832.12,833.16,826.86,830.56,829.78,-3.4,-4.18,210003.0,17425977.12,240177.0,
AU.SHF,20250922,830.56,829.78,831.02,847.26,829.86,846.5,838.74,16.72,8.96,230847.0,19362392.03,260256.0,
AU.SHF,20250923,846.5,838.74,847.5,856.3,845.04,855.44,851.2,16.7,12.46,258495.0,22003110.91,271554.0,
AU.SHF,20250924,855.44,851.2,861.34,862.1,853.74,860.0,858.6,8.8,7.4,285621.0,24523704.26,274765.0,
AU.SHF,20250925,860.0,858.6,860.0,861.22,852.08,854.72,855.96,-3.88,-2.64,270576.0,23160739.75,266629.0,
AU.SHF,20250926,854.72,855.96,854.0,859.04,850.74,856.06,855.0,0.1,-0.96,270430.0,23122263.71,264305.0,
AU.SHF,20250929,856.06,855.0,857.7,867.0,855.56,866.52,861.66,11.52,6.66,333591.0,28744472.08,263220.0,
AU.SHF,20250930,866.52,861.66,866.88,880.0,865.08,874.4,872.3,12.74,10.64,226548.0,19761872.17,256876.0,
AU.SHF,20251009,874.4,872.3,909.96,918.88,903.4,914.32,912.96,42.02,40.66,196141.0,17907124.34,251137.0,
AU.SHF,20251010,914.32,912.96,918.06,921.4,898.06,901.56,909.44,-11.4,-3.52,434566.0,39521514.53,238522.0,
AU.SHF,20251013,901.56,909.44,904.88,928.88,901.8,927.56,914.3,18.12,4.86,446705.0,40842241.1,239996.0,
AU.SHF,20251014,927.56,914.3,929.5,958.1,929.14,938.98,940.64,24.68,26.34,555171.0,52221802.83,228459.0,
AU.SHF,20251015,938.98,940.64,937.5,960.42,934.5,960.34,948.92,19.7,8.28,420246.0,39878109.11,230686.0,
AU.SHF,20251016,960.34,948.92,958.0,971.58,956.38,966.42,963.0,17.5,14.08,459193.0,44220366.134,225159.0,
AU.SHF,20251017,966.42,963.0,968.56,1001.0,968.56,999.8,986.38,36.8,23.38,640615.0,63189863.072,222192.0,
AU.SHF,20251020,999.8,986.38,989.7,989.8,960.06,970.32,974.4,-16.06,-11.98,728228.0,70959799.44,207916.0,
AU.SHF,20251021,970.32,974.4,990.0,1001.96,982.28,994.06,991.44,19.66,17.04,496445.0,49219816.06,205110.0,
AU.SHF,20251022,994.06,991.44,962.82,966.64,933.08,952.56,949.58,-38.88,-41.86,728934.0,69218964.966,192803.0,
AU.SHF,20251023,952.56,949.58,927.66,948.0,923.62,942.28,934.08,-7.3,-15.5,555735.0,51910955.43,189131.0,
AU.SHF,20251024,942.28,934.08,945.02,951.86,935.56,938.1,945.84,4.02,11.76,370912.0,35082340.77,185813.0,
AU.SHF,20251027,938.1,945.84,936.16,948.46,931.2,934.14,940.86,-11.7,-4.98,386272.0,36343252.654,180815.0,
AU.SHF,20251028,934.14,940.86,926.92,928.56,900.62,901.38,915.88,-39.48,-24.98,474483.0,43457153.22,175916.0,
AU.SHF,20251029,901.38,915.88,895.12,911.98,893.64,910.88,904.72,-5.0,-11.16,363239.0,32863248.43,168691.0,
AU.SHF,20251030,910.88,904.72,919.7,920.24,896.0,912.16,910.32,7.44,5.6,412100.0,37514426.16,163611.0,
AU.SHF,20251031,912.16,910.32,910.0,926.3,908.8,921.92,918.3,11.6,7.98,395964.0,36362124.29,156891.0,
AU.SHF,20251103,921.92,918.3,924.6,927.28,911.18,922.58,920.22,4.28,1.92,341261.0,31403790.55,151373.0,
AU.SHF,20251104,922.58,920.22,921.9,925.86,912.08,915.58,919.38,-4.64,-0.84,332993.0,30615269.67,144602.0,
AU.SHF,20251105,915.58,919.38,915.42,918.7,903.86,912.26,910.6,-7.12,-8.78,338110.0,30788877.54,141428.0,
AU.SHF,20251106,912.26,910.6,913.5,917.8,911.68,917.8,914.68,7.2,4.08,238433.0,21809269.9,137883.0,
AU.SHF,20251107,917.8,914.68,920.3,922.84,912.0,921.26,917.64,6.58,2.96,274053.0,25148650.84,136660.0,
AU.SHF,20251110,921.26,917.64,918.74,937.08,916.28,935.98,924.18,18.34,6.54,320688.0,29637709.54,136657.0,
AU.SHF,20251111,935.98,924.18,940.18,952.9,936.2,948.88,944.28,24.7,20.1,282349.0,26661894.42,131045.0,
AU.SHF,20251112,948.88,944.28,949.84,952.08,940.78,945.76,946.48,1.48,2.2,260377.0,24644178.45,124540.0,
AU.SHF,20251113,945.76,946.48,947.6,963.96,945.96,961.22,955.94,14.74,9.46,307850.0,29428926.34,124239.0,
AU.SHF,20251114,961.22,955.94,967.2,967.96,952.0,953.2,959.12,-2.74,3.18,307687.0,29510926.54,113597.0,
AU.SHF,20251117,953.2,959.12,940.88,940.88,921.38,929.46,930.86,-29.66,-28.26,402784.0,37493814.22,101723.0,
AU.SHF,20251118,929.46,930.86,932.26,935.52,917.58,918.52,926.9,-12.34,-3.96,236915.0,21959791.88,90872.0,
AU.SHF,20251119,918.52,926.9,922.54,938.32,922.54,937.0,930.52,10.1,3.62,239515.0,22287566.93,82838.0,
AU.SHF,20251120,937.0,930.52,941.98,945.8,929.2,932.56,937.34,2.04,6.82,223736.0,20971885.42,73837.0,
AU.SHF,20251121,932.56,940.12,938.54,942.94,926.12,926.94,935.2,-13.18,-4.92,352583.0,32973728.86,160310.0,
AU.SHF,20251124,926.94,935.2,933.98,940.08,927.52,930.32,932.7,-4.88,-2.5,314958.0,29376591.33,164620.0,
AU.SHF,20251125,930.32,932.7,935.6,949.78,933.38,946.5,941.52,13.8,8.82,299689.0,28216588.2,181169.0,
AU.SHF,20251126,946.5,941.52,942.56,950.8,939.04,946.72,945.8,5.2,4.28,341225.0,32273234.06,188763.0,
AU.SHF,20251127,946.72,945.8,947.0,949.94,943.2,947.16,946.74,1.36,0.94,273359.0,25880427.94,195755.0,
AU.SHF,20251128,947.16,946.74,947.02,955.5,945.74,953.92,950.62,7.18,3.88,189713.0,18034755.33,202129.0,
AU.SHF,20251201,953.92,950.62,951.92,968.16,948.14,963.28,958.36,12.66,7.74,342979.0,32870076.91,205325.0,
AU.SHF,20251202,963.28,958.36,964.82,968.26,955.22,958.42,962.02,0.06,3.66,313720.0,30180563.574,202038.0,
AU.SHF,20251203,958.42,962.02,958.0,962.18,948.18,956.7,956.78,-5.32,-5.24,300096.0,28713020.424,197799.0,
AU.SHF,20251204,956.7,956.78,958.0,964.12,949.78,953.42,957.64,-3.36,0.86,310489.0,29733818.422,197638.0,
AU.SHF,20251205,953.42,957.64,954.5,962.3,952.62,961.04,957.3,3.4,-0.34,237697.0,22755111.494,196953.0,
AU.SHF,20251208,961.04,957.3,962.34,967.88,954.5,958.7,960.42,1.4,3.12,298231.0,28642867.058,197193.0,
AU.SHF,20251209,958.7,960.42,958.04,958.5,949.0,951.54,953.92,-8.88,-6.5,229564.0,21898868.148,194493.0,
AU.SHF,20251210,951.54,953.92,955.7,959.02,952.22,956.4,955.94,2.48,2.02,222609.0,21280230.892,192659.0,
AU.SHF,20251211,956.4,955.94,954.48,966.6,953.2,957.9,957.96,1.96,2.02,242710.0,23250837.756,192178.0,
AU.SHF,20251212,957.9,957.96,958.9,970.88,955.5,970.66,964.62,12.7,6.66,291736.0,28141997.738,203874.0,
AU.SHF,20251215,970.66,964.62,980.62,985.78,963.5,983.16,977.28,18.54,12.66,439762.0,42977622.478,203038.0,
AU.SHF,20251216,983.16,977.28,983.34,983.8,967.08,971.42,975.6,-5.86,-1.68,293904.0,28673383.522,196206.0,
AU.SHF,20251217,971.42,975.6,972.5,982.78,971.72,979.72,977.3,4.12,1.7,275889.0,26962893.536,197105.0,
AU.SHF,20251218,979.72,977.3,977.0,982.92,976.54,980.5,979.96,3.2,2.66,241116.0,23628723.08,196752.0,
AU.SHF,20251219,980.5,979.96,977.6,988.8,975.14,979.9,980.24,-0.06,0.28,328878.0,32238515.594,189662.0,
AU.SHF,20251222,979.9,980.24,979.9,1000.86,978.32,1000.86,987.32,20.62,7.08,278793.0,27526105.664,202290.0,
AU.SHF,20251223,1000.86,987.32,999.36,1018.68,998.0,1014.24,1008.36,26.92,21.04,276418.0,27873266.048,199893.0,
AU.SHF,20251224,1014.24,1008.36,1015.0,1022.88,1000.5,1014.68,1012.66,6.32,4.3,351301.0,35575393.426,186798.0,
AU.SHF,20251225,1014.68,1012.66,1013.94,1014.28,1003.12,1008.76,1008.76,-3.9,-3.9,220136.0,22206526.37,182179.0,
AU.SHF,20251226,1008.76,1008.76,1007.0,1023.96,1007.0,1016.3,1016.4,7.54,7.64,224588.0,22827465.05,180712.0,
AU.SHF,20251229,1016.3,1016.4,1015.38,1024.0,1006.0,1007.18,1016.46,-9.22,0.06,345222.0,35090745.14,166024.0,
AU.SHF,20251230,1007.18,1016.46,1004.72,1007.12,970.02,984.84,985.94,-31.62,-30.52,391541.0,38603892.16,144462.0,
AU.SHF,20251231,984.84,985.94,993.76,993.76,964.0,977.56,981.22,-8.38,-4.72,284555.0,27921590.32,136303.0,
AU.SHF,20260105,977.56,981.22,991.0,997.22,988.52,995.0,992.38,13.78,11.16,115296.0,11441791.53,132523.0,
AU.SHF,20260106,995.0,992.38,994.02,1007.42,991.6,1004.98,1000.64,12.6,8.26,192491.0,19261757.21,130227.0,
AU.SHF,20260107,1004.98,1000.64,1006.0,1011.0,997.64,998.9,1005.28,-1.74,4.64,200100.0,20116035.32,126147.0,
AU.SHF,20260108,998.9,1005.28,999.4,1004.94,993.58,997.94,999.7,-7.34,-5.58,193114.0,19305614.95,119995.0,
AU.SHF,20260109,997.94,999.7,996.7,1007.0,993.0,1006.48,1000.56,6.78,0.86,161188.0,16128126.44,119286.0,
AU.SHF,20260112,1006.48,1000.56,1004.48,1031.3,1003.38,1026.28,1016.9,25.72,16.34,238327.0,24235528.44,116450.0,
AU.SHF,20260113,1026.28,1016.9,1026.86,1035.34,1025.1,1027.18,1029.58,10.28,12.68,197421.0,20326458.28,103633.0,
AU.SHF,20260114,1027.18,1029.58,1028.82,1041.0,1028.24,1040.62,1035.0,11.04,5.42,201087.0,20812672.55,100679.0,
AU.SHF,20260115,1040.62,1035.0,1041.0,1042.94,1028.7,1035.2,1035.54,0.2,0.54,190102.0,19686032.42,93351.0,
AU.SHF,20260116,1035.2,1035.54,1035.22,1037.0,1027.0,1032.32,1033.0,-3.22,-2.54,123247.0,12731644.43,87298.0,
AU.SHF,20260119,1032.32,1033.0,1032.64,1050.4,1018.78,1048.88,1035.54,15.88,2.54,155786.0,16132516.7,84463.0,
AU.SHF,20260120,1048.88,1039.44,1050.16,1061.16,1047.8,1060.16,1053.38,20.72,13.94,168464.0,17745848.96,185964.0,
AU.SHF,20260121,1060.16,1053.38,1063.0,1101.92,1060.1,1092.3,1080.08,38.92,26.7,350273.0,37832687.86,207266.0,
AU.SHF,20260122,1092.3,1080.08,1097.0,1099.62,1074.0,1087.58,1087.9,7.5,7.82,369271.0,40173475.73,201382.0,
AU.SHF,20260123,1087.58,1087.9,1087.0,1119.12,1084.8,1115.64,1102.86,27.74,14.96,288050.0,31768130.38,206580.0,
AU.SHF,20260126,1115.64,1102.86,1113.0,1151.7,1108.5,1143.32,1131.24,40.46,28.38,395962.0,44793247.07,215820.0,
AU.SHF,20260127,1143.32,1131.24,1145.94,1154.46,1112.78,1148.38,1145.24,17.14,14.0,401545.0,45987223.16,217484.0,
AU.SHF,20260128,1148.38,1145.24,1146.8,1186.76,1134.7,1186.2,1157.88,40.96,12.64,430617.0,49860944.39,222473.0,
AU.SHF,20260129,1186.2,1157.88,1189.6,1258.72,1180.0,1249.12,1218.88,91.24,61.0,521258.0,63535338.48,211820.0,
AU.SHF,20260130,1249.12,1218.88,1246.0,1251.28,1140.0,1161.42,1196.92,-57.46,-21.96,894024.0,107008927.34,187299.0,
AU.SHF,20260202,1161.42,1196.92,1140.0,1154.78,1005.4,1008.6,1086.94,-188.32,-109.98,893317.0,97099013.27,178401.0,
AU.SHF,20260203,1008.6,1086.94,1068.46,1098.3,1033.5,1093.78,1064.1,6.84,-22.84,726056.0,77260517.68,179295.0,
AU.SHF,20260204,1093.78,1064.1,1100.02,1143.36,1098.68,1141.7,1120.94,77.6,56.84,462718.0,51868457.85,178544.0,
AU.SHF,20260205,1141.7,1120.94,1131.84,1139.8,1077.02,1105.76,1112.6,-15.18,-8.34,631419.0,70252256.62,172503.0,
AU.SHF,20260206,1105.76,1112.6,1089.0,1105.6,1050.02,1090.12,1083.92,-22.48,-28.68,494742.0,53626287.87,163840.0,
AU.SHF,20260209,1090.12,1083.92,1104.0,1133.16,1098.38,1125.94,1115.86,42.02,31.94,331307.0,36969743.47,158759.0,
AU.SHF,20260210,1125.94,1115.86,1122.92,1134.46,1116.4,1121.22,1124.06,5.36,8.2,218097.0,24515474.7,156910.0,
AU.SHF,20260211,1121.22,1124.06,1122.68,1132.6,1117.0,1130.4,1125.78,6.34,1.72,217933.0,24534494.17,160510.0,
AU.SHF,20260212,1130.4,1125.78,1133.8,1135.94,1118.2,1126.12,1128.26,0.34,2.48,246621.0,27825367.26,154552.0,
AU.SHF,20260213,1126.12,1128.26,1123.94,1130.38,1087.32,1110.1,1111.36,-18.16,-16.9,303568.0,33737635.98,153140.0,
AU.SHF,20260224,1110.1,1111.36,1160.0,1162.32,1142.0,1150.5,1151.54,39.14,40.18,126903.0,14613423.29,157411.0,
AU.SHF,20260225,1150.5,1151.54,1144.8,1154.98,1134.0,1151.06,1146.44,-0.48,-5.1,198537.0,22761415.4,155075.0,
AU.SHF,20260226,1151.06,1146.44,1148.68,1154.46,1144.08,1146.48,1148.88,0.04,2.44,169407.0,19462876.85,151642.0,
AU.SHF,20260227,1146.48,1148.88,1144.5,1150.2,1136.02,1147.9,1144.96,-0.98,-3.92,194710.0,22293810.73,150146.0,
AU.SHF,20260302,1147.9,1144.96,1150.16,1197.36,1148.62,1197.22,1171.5,52.26,26.54,319930.0,37479851.39,154593.0,
AU.SHF,20260303,1197.22,1171.5,1199.52,1205.78,1175.06,1182.0,1190.0,10.5,18.5,392785.0,46741594.54,139773.0,
AU.SHF,20260304,1182.0,1190.0,1163.2,1165.0,1124.14,1153.06,1146.78,-36.94,-43.22,418498.0,47992827.71,126419.0,
AU.SHF,20260305,1153.06,1146.78,1153.56,1159.92,1141.54,1152.0,1151.04,5.22,4.26,233912.0,26924585.22,125041.0,
AU.SHF,20260306,1152.0,1151.04,1151.4,1151.8,1131.22,1140.8,1140.96,-10.24,-10.08,272430.0,31083344.34,113842.0,
AU.SHF,20260309,1140.8,1140.96,1136.0,1152.88,1120.0,1140.0,1140.92,-0.96,-0.04,312400.0,35642536.91,110867.0,
AU.SHF,20260310,1140.0,1140.92,1139.0,1153.74,1134.0,1150.0,1143.68,9.08,2.76,203619.0,23287809.55,111758.0,
AU.SHF,20260311,1150.0,1143.68,1150.4,1161.02,1146.42,1151.98,1155.72,8.3,12.04,179567.0,20753022.76,107728.0,
AU.SHF,20260312,1151.98,1155.72,1148.0,1153.5,1142.6,1148.1,1148.28,-7.62,-7.44,163830.0,18812395.68,105803.0,
AU.SHF,20260313,1148.1,1148.28,1150.94,1151.52,1132.1,1133.0,1141.6,-15.28,-6.68,178365.0,20362480.36,102674.0,
AU.SHF,20260316,1133.0,1141.6,1140.7,1140.7,1110.58,1118.34,1125.12,-23.26,-16.48,214294.0,24110861.21,94528.0,
AU.SHF,20260317,1118.34,1125.12,1120.0,1122.0,1109.2,1116.2,1116.18,-8.92,-8.94,146932.0,16400415.35,90930.0,
AU.SHF,20260318,1116.2,1116.18,1115.7,1119.2,1107.8,1113.52,1113.68,-2.66,-2.5,130531.0,14537067.56,85832.0,
AU.SHF,20260319,1113.52,1113.68,1089.0,1091.7,1057.2,1062.0,1080.66,-51.68,-33.02,244568.0,26429728.5,78537.0,
AU.SHF,20260320,1062.0,1080.66,1020.0,1056.14,1002.14,1039.22,1028.66,-41.44,-52.0,343231.0,35307318.42,68993.0,
AU.SHF,20260323,1039.22,1028.66,1041.78,1042.0,926.48,940.0,992.9,-88.66,-35.76,386422.0,38367967.09,62764.0,
AU.SHF,20260324,940.0,992.9,992.8,998.38,956.66,977.28,977.24,-15.62,-15.66,282408.0,27598410.29,54345.0,
AU.SHF,20260325,977.28,979.24,977.0,1027.88,970.26,1013.96,998.74,34.72,19.5,317182.0,31678303.49,169532.0,
AU.SHF,20260326,1013.96,998.74,1014.5,1022.64,986.02,995.98,1008.62,-2.76,9.88,291301.0,29381271.41,170696.0,
AU.SHF,20260327,995.98,1008.62,991.18,1002.76,978.1,998.66,992.24,-9.96,-16.38,316403.0,31394812.75,169083.0,
AU.SHF,20260330,998.66,992.24,993.46,1019.5,988.1,1014.88,1005.42,22.64,13.18,393515.0,39565213.18,180953.0,
AU.SHF,20260331,1014.88,1005.42,1023.8,1034.2,1011.0,1020.1,1020.68,14.68,15.26,335355.0,34229505.76,180433.0,
AU.SHF,20260401,1020.1,1020.68,1022.92,1053.5,1021.1,1053.18,1036.98,32.5,16.3,315640.0,32731243.48,187601.0,
AU.SHF,20260402,1053.18,1036.98,1052.78,1065.3,1013.72,1023.78,1044.32,-13.2,7.34,463035.0,48356414.03,176413.0,
AU.SHF,20260403,1023.78,1044.32,1024.64,1047.44,1019.12,1033.0,1035.68,-11.32,-8.64,306760.0,31770978.06,174544.0,
AU.SHF,20260407,1033.0,1035.68,1035.0,1037.7,1027.76,1034.28,1032.76,-1.4,-2.92,124206.0,12827608.632,174903.0,359.0
AU.SHF,20260408,1034.28,1032.76,1032.98,1070.0,1023.0,1062.0,1047.0,29.24,14.24,311307.0,32594341.574,187085.0,12182.0
AU.SHF,20260409,1062.0,1047.0,1059.7,1060.0,1038.78,1041.32,1048.58,-5.68,1.58,265623.0,27852955.71,182700.0,-4385.0
AU.SHF,20260410,1041.32,1048.58,1048.5,1059.0,1046.18,1048.36,1052.78,-0.22,4.2,221263.0,23294375.444,182266.0,-434.0
AU.SHF,20260413,1048.36,1052.78,1053.42,1056.86,1036.8,1043.4,1048.12,-9.38,-4.66,227711.0,23867144.798,182565.0,299.0
AU.SHF,20260414,1043.4,1048.12,1043.02,1053.0,1038.34,1052.82,1046.08,4.7,-2.04,216470.0,22644577.554,184072.0,1507.0
AU.SHF,20260415,1052.82,1046.08,1050.0,1070.92,1050.0,1058.24,1059.7,12.16,13.62,250768.0,26573900.024,188609.0,4537.0
AU.SHF,20260416,1058.24,1059.7,1058.96,1064.3,1052.0,1061.5,1059.94,1.8,0.24,173059.0,18343432.418,186942.0,-1667.0
AU.SHF,20260417,1061.5,1059.94,1060.0,1061.62,1050.06,1054.02,1055.78,-5.92,-4.16,204155.0,21554339.436,181300.0,-5642.0
AU.SHF,20260420,1054.02,1055.78,1065.0,1074.44,1047.22,1054.96,1063.22,-0.82,7.44,308208.0,32769366.764,183295.0,1995.0
AU.SHF,20260421,1054.96,1063.22,1056.0,1060.66,1051.1,1051.7,1056.26,-11.52,-6.96,186441.0,19693203.802,180050.0,-3245.0
AU.SHF,20260422,1051.7,1056.26,1051.86,1055.46,1037.32,1051.4,1047.26,-4.86,-9.0,258135.0,27033960.558,178517.0,-1533.0
AU.SHF,20260423,1051.4,1047.26,1048.0,1050.0,1036.0,1040.06,1043.58,-7.2,-3.68,209677.0,21881840.368,181016.0,2499.0
AU.SHF,20260424,1040.06,1043.58,1045.0,1045.54,1030.7,1032.12,1038.72,-11.46,-4.86,232408.0,24140980.184,179211.0,-1805.0
AU.SHF,20260427,1032.12,1038.72,1036.8,1045.42,1035.1,1039.42,1040.38,0.7,1.66,182039.0,18939147.026,173811.0,-5400.0
AU.SHF,20260428,1039.42,1040.38,1036.24,1036.86,1020.08,1022.1,1029.54,-18.28,-10.84,210036.0,21624345.104,166178.0,-7633.0
AU.SHF,20260429,1022.1,1029.54,1015.18,1016.76,1007.24,1011.88,1012.1,-17.66,-17.44,223967.0,22667850.1,159022.0,-7156.0
AU.SHF,20260430,1011.88,1012.1,1005.0,1016.38,996.12,1016.12,1005.62,4.02,-6.48,230115.0,23141271.004,153650.0,-5372.0
AU.SHF,20260506,1016.12,1005.62,1018.64,1028.68,1015.88,1028.48,1022.84,22.86,17.22,90326.0,9238992.858,154376.0,726.0
AU.SHF,20260507,1028.48,1022.84,1031.1,1043.74,1028.72,1040.98,1035.38,18.14,12.54,191181.0,19794561.65,157066.0,2690.0
AU.SHF,20260508,1040.98,1035.38,1043.28,1046.36,1031.4,1038.22,1039.42,2.84,4.04,210748.0,21905606.432,156060.0,-1006.0
AU.SHF,20260511,1038.22,1039.42,1038.0,1042.58,1020.16,1026.8,1031.78,-12.62,-7.64,228085.0,23533605.202,152540.0,-3520.0
AU.SHF,20260512,1026.8,1031.78,1031.58,1042.9,1029.46,1030.12,1035.98,-1.66,4.2,199947.0,20714318.178,146394.0,-6146.0
AU.SHF,20260513,1030.12,1035.98,1032.56,1034.42,1018.0,1030.56,1028.12,-5.42,-7.86,181642.0,18675115.924,141285.0,-5109.0
AU.SHF,20260514,1030.56,1028.12,1027.0,1032.44,1024.08,1029.6,1027.82,1.48,-0.3,165276.0,16987592.692,138738.0,-2547.0
AU.SHF,20260515,1029.6,1027.82,1030.0,1031.34,1000.76,1004.38,1014.96,-23.44,-12.86,240014.0,24360858.542,127211.0,-11527.0
AU.SHF,20260518,1004.38,1014.96,999.62,1004.5,987.7,999.8,997.68,-15.16,-17.28,243427.0,24286445.1,117961.0,-9250.0
AU.SHF,20260519,999.8,997.68,1003.26,1006.6,995.84,999.58,1000.6,1.9,2.92,178598.0,17870650.204,109808.0,-8153.0
AU.SHF,20260520,999.58,1000.6,998.74,998.74,830.52,983.92,987.22,-16.68,-13.38,216716.0,21394813.736,99130.0,-10678.0
AU.SHF,20260521,983.92,987.22,987.86,1002.78,981.7,992.74,993.36,5.52,6.14,168120.0,16700458.432,89779.0,-9351.0
AU.SHF,20260522,992.74,993.36,988.98,999.5,986.0,993.34,991.64,-0.02,-1.72,125657.0,12460664.262,82798.0,-6981.0
AU.SHF,20260525,993.34,991.64,992.16,1002.76,985.34,998.7,994.0,7.06,2.36,111305.0,11063865.504,75592.0,-7206.0
AU.SHF,20260526,1001.4,997.16,1003.86,1005.22,993.02,995.0,999.34,-2.16,2.18,132467.0,13238030.092,176674.0,14776.0
AU.SHF,20260527,995.0,999.34,991.86,995.08,982.6,983.56,989.24,-15.78,-10.1,178157.0,17624347.156,188353.0,11679.0
AU.SHF,20260528,983.56,989.24,973.82,976.98,959.08,961.18,968.38,-28.06,-20.86,280818.0,27194258.914,192817.0,4464.0
AU.SHF,20260529,961.18,968.38,969.86,989.96,967.82,989.4,980.5,21.02,12.12,273149.0,26782330.842,191808.0,-1009.0
AU.SHF,20260601,989.4,980.5,987.92,1003.22,983.5,983.58,993.08,3.08,12.58,240345.0,23868225.864,193569.0,1761.0
AU.SHF,20260602,983.58,993.08,982.6,990.96,972.58,990.6,979.76,-2.48,-13.32,206219.0,20204667.154,190813.0,-2756.0
AU.SHF,20260603,990.6,979.76,986.48,988.2,974.58,977.08,980.68,-2.68,0.92,153332.0,15037008.47,192532.0,1719.0
AU.SHF,20260604,977.08,980.68,976.7,980.2,969.0,977.94,975.66,-2.74,-5.02,165956.0,16191721.116,191537.0,-995.0
AU.SHF,20260605,977.94,975.66,985.18,987.96,968.88,974.02,978.08,-1.64,2.42,196978.0,19266157.82,191132.0,-405.0
AU.SHF,20260608,974.02,978.08,964.96,967.18,934.8,942.2,951.42,-35.88,-26.66,320792.0,30520937.604,188517.0,-2615.0
AU.SHF,20260609,942.2,951.42,947.48,952.62,945.62,947.04,949.08,-4.38,-2.34,190012.0,18033792.796,181455.0,-7062.0
AU.SHF,20260610,947.04,949.08,949.62,954.5,911.8,919.32,930.28,-29.76,-18.8,346135.0,32200439.474,181124.0,-331.0
AU.SHF,20260611,919.32,930.28,906.94,915.5,885.5,895.0,899.84,-35.28,-30.44,398186.0,35831158.556,182214.0,1090.0
AU.SHF,20260612,895.0,899.84,892.0,918.44,885.44,911.62,900.9,11.78,1.06,323359.0,29131795.108,178261.0,-3953.0
AU.SHF,20260615,911.62,900.9,912.9,945.5,910.8,938.94,926.46,38.04,25.56,262444.0,24314391.53,172994.0,-5267.0
AU.SHF,20260616,938.94,926.46,947.0,951.54,938.62,941.72,945.28,15.26,18.82,193146.0,18257885.366,171507.0,-1487.0
AU.SHF,20260617,941.72,945.28,948.38,948.68,939.1,942.94,943.26,-2.34,-2.02,176370.0,16636580.742,171271.0,-236.0
AU.SHF,20260618,942.94,943.26,943.4,953.8,932.24,937.96,942.98,-5.3,-0.28,258473.0,24373634.152,167662.0,-3609.0
AU.SHF,20260622,937.96,942.98,917.0,922.32,910.92,916.92,916.56,-26.06,-26.42,110330.0,10112545.812,167026.0,-636.0
AU.SHF,20260623,916.92,916.56,915.88,919.68,897.04,897.9,909.48,-18.66,-7.08,212566.0,19332865.47,169010.0,1984.0
AU.SHF,20260624,897.9,909.48,898.82,906.48,886.34,896.04,897.14,-13.44,-12.34,241146.0,21634248.322,159725.0,-9285.0
AU.SHF,20260625,896.04,897.14,877.0,887.34,868.34,872.0,876.34,-25.14,-20.8,341068.0,29889234.122,156619.0,-3106.0
AU.SHF,20260626,872.0,876.34,878.5,886.62,872.86,883.3,880.6,6.96,4.26,272086.0,23960196.2,148354.0,-8265.0
AU.SHF,20260629,883.3,880.6,888.12,896.92,884.0,888.72,891.16,8.12,10.56,233900.0,20844393.332,145195.0,-3159.0
AU.SHF,20260630,888.72,891.16,885.1,887.16,863.1,881.24,875.02,-9.92,-16.14,257048.0,22492232.806,139909.0,-5286.0
AU.SHF,20260701,881.24,875.02,877.0,888.56,867.62,869.82,877.28,-5.2,2.26,212970.0,18683678.594,137368.0,-2541.0
AU.SHF,20260702,869.82,877.28,881.0,899.66,878.34,890.66,890.4,13.38,13.12,284908.0,25368282.112,134093.0,-3275.0
AU.SHF,20260703,890.66,890.4,900.0,916.5,896.08,911.4,905.48,21.0,15.08,271945.0,24624545.464,135048.0,955.0
AU.SHF,20260706,911.4,905.48,911.56,918.5,906.3,907.82,911.3,2.34,5.82,158114.0,14408957.238,134180.0,-868.0
AU.SHF,20260707,907.82,911.3,906.0,910.6,900.34,903.76,905.44,-7.54,-5.86,155508.0,14080350.946,133556.0,-624.0
AU.SHF,20260708,903.76,905.44,911.54,913.68,896.52,902.76,905.58,-2.68,0.14,188949.0,17110909.91,128436.0,-5120.0
AU.SHF,20260709,902.76,905.58,892.5,899.22,882.0,898.86,890.7,-6.72,-14.88,243897.0,21724022.438,123492.0,-4944.0
AU.SHF,20260710,898.86,890.7,899.74,905.2,897.42,897.94,901.42,7.24,10.72,159989.0,14421747.976,122208.0,-1284.0
AU.SHF,20260713,897.94,901.42,895.0,898.48,884.28,885.94,892.2,-15.48,-9.22,185696.0,16567972.034,118036.0,-4172.0
AU.SHF,20260714,885.94,892.2,887.5,887.88,871.58,880.26,878.06,-11.94,-14.14,209039.0,18355000.802,115731.0,-2305.0
AU.SHF,20260715,880.26,878.06,890.0,894.9,877.14,880.1,887.16,2.04,9.1,195411.0,17336133.208,112745.0,-2986.0
AU.SHF,20260716,880.1,887.16,887.8,888.66,877.3,879.18,882.8,-7.98,-4.36,177790.0,15695324.812,107178.0,-5567.0
AU.SHF,20260717,879.18,882.8,870.64,877.56,866.72,873.72,871.9,-9.08,-10.9,227207.0,19810557.492,101172.0,-6006.0
AU.SHF,20260720,873.72,871.9,866.7,879.5,865.7,874.24,874.14,2.34,2.24,192507.0,16827914.306,91219.0,-9953.0
AU.SHF,20260721,874.24,874.14,874.84,890.9,872.3,889.66,879.22,15.52,5.08,169410.0,14895095.406,86574.0,-4645.0
AU.SHF,20260722,889.66,879.22,884.94,904.64,883.0,899.16,893.78,19.94,14.56,162942.0,14563589.172,78714.0,-7860.0
AU.SHF,20260723,899.16,893.78,898.48,910.08,897.5,899.08,903.92,5.3,10.14,146508.0,13243282.362,71562.0,-7152.0
AU.SHF,20260724,899.08,903.92,888.0,888.38,878.24,881.18,883.44,-22.74,-20.48,155207.0,13711898.444,64308.0,-7254.0
AU.SHF,20260727,881.18,883.44,884.0,897.18,882.68,893.12,889.82,9.68,6.38,113544.0,10103515.112,53133.0,-11175.0
AU.SHF,20260728,895.78,892.76,893.92,894.54,882.08,885.1,888.34,-7.66,-4.42,175293.0,15572247.432,165227.0,6356.0
AU.SHF,20260729,885.1,888.34,881.12,885.38,877.5,884.2,881.76,-4.14,-6.58,189457.0,16705761.318,167723.0,2496.0
AU.SHF,20260730,884.2,881.76,880.26,894.88,874.5,881.4,884.1,-0.36,2.34,282457.0,24972066.426,171281.0,3558.0
AU.SHF,20260731,881.4,884.1,888.26,897.5,886.58,888.3,891.92,4.2,7.82,279829.0,24958977.372,182150.0,10869.0
