ts_code,trade_date,pre_close,pre_settle,open,high,low,close,settle,change1,change2,vol,amount,oi,oi_chg
AU.SHF,20160104,226.05,226.3,226.7,228.5,226.2,228.2,227.3,1.9,1.0,115918.0,2635229.81,271686.0,
AU.SHF,20160105,228.2,227.3,229.05,230.85,228.45,230.3,229.7,3.0,2.4,262396.0,6027416.78,285116.0,
AU.SHF,20160106,230.3,229.7,230.5,231.75,229.05,231.4,230.25,1.7,0.55,269668.0,6210049.35,298044.0,
AU.SHF,20160107,231.4,230.25,233.05,237.4,231.65,236.6,234.35,6.35,4.1,475962.0,11154572.01,315870.0,
AU.SHF,20160108,236.6,234.35,236.7,238.15,235.95,236.8,237.05,2.45,2.7,378540.0,8974274.81,306860.0,
AU.SHF,20160111,236.8,237.05,236.8,238.3,235.0,237.45,236.7,0.4,-0.35,353852.0,8377384.64,312682.0,
AU.SHF,20160112,237.45,236.7,236.6,236.95,233.95,234.6,235.25,-2.1,-1.45,295580.0,6953639.63,287788.0,
AU.SHF,20160113,234.6,235.25,232.85,233.25,232.05,232.25,232.55,-3.0,-2.7,237332.0,5519804.51,279594.0,
AU.SHF,20160114,232.25,232.55,232.0,234.8,231.35,234.05,233.15,1.5,0.6,316336.0,7376052.87,279494.0,
AU.SHF,20160115,234.05,233.15,233.05,233.8,231.2,232.6,232.65,-0.55,-0.5,263662.0,6134744.55,275630.0,
AU.SHF,20160118,232.6,232.65,232.8,234.75,232.75,233.5,233.8,0.85,1.15,334226.0,7814746.33,278082.0,
AU.SHF,20160119,233.5,233.8,233.55,234.0,232.5,233.2,233.25,-0.6,-0.55,148870.0,3473134.5,275074.0,
AU.SHF,20160120,233.2,233.25,232.5,234.1,232.35,233.8,233.2,0.55,-0.05,178390.0,4160689.49,278754.0,
AU.SHF,20160121,233.8,233.2,235.8,237.25,235.0,236.25,235.8,3.05,2.6,299478.0,7062232.89,282528.0,
AU.SHF,20160122,236.25,235.8,235.5,235.85,234.35,235.2,235.1,-0.6,-0.7,239830.0,5638528.29,273946.0,
AU.SHF,20160125,235.2,235.1,235.1,236.15,234.55,235.8,235.35,0.7,0.25,199426.0,4693830.75,270582.0,
AU.SHF,20160126,235.8,235.35,236.25,239.05,236.0,238.9,237.35,3.55,2.0,248890.0,5908372.31,289828.0,
AU.SHF,20160127,238.9,237.35,238.3,240.1,237.8,239.35,239.0,2.0,1.65,238910.0,5710168.36,290040.0,
AU.SHF,20160128,239.35,239.0,239.4,240.1,238.65,238.8,239.25,-0.2,0.25,201368.0,4817997.76,288210.0,
AU.SHF,20160129,238.8,239.25,239.1,239.75,237.8,238.3,238.5,-0.95,-0.75,232398.0,5543845.75,285544.0,
AU.SHF,20160201,238.3,238.5,238.4,240.1,237.5,239.9,238.8,1.4,0.3,199550.0,4766196.62,296222.0,
AU.SHF,20160202,239.9,238.8,240.25,241.35,239.4,240.55,240.6,1.75,1.8,184274.0,4434549.85,303304.0,
AU.SHF,20160203,240.55,240.6,240.55,241.85,240.2,241.45,241.15,0.85,0.55,197552.0,4764851.47,305490.0,
AU.SHF,20160204,241.45,241.15,242.0,244.2,240.8,243.95,242.55,2.8,1.4,268622.0,6516765.11,295142.0,
AU.SHF,20160205,243.95,242.55,244.6,246.25,244.4,245.9,245.6,3.35,3.05,225544.0,5539725.38,280014.0,
AU.SHF,20160215,245.9,245.6,258.5,259.9,255.6,256.15,257.25,10.55,11.65,190718.0,4906580.4,276240.0,
AU.SHF,20160216,256.15,257.25,254.8,255.3,251.5,253.1,253.3,-4.15,-3.95,309996.0,7853607.24,283638.0,
AU.SHF,20160217,253.1,253.3,255.4,255.85,252.15,255.05,254.65,1.75,1.35,397254.0,10117433.42,288710.0,
AU.SHF,20160218,255.05,254.65,255.0,255.75,253.8,254.85,254.9,0.2,0.25,310824.0,7922991.18,289972.0,
AU.SHF,20160219,254.85,254.9,254.5,259.5,254.3,258.0,256.8,3.1,1.9,369542.0,9489909.55,302822.0,
AU.SHF,20160222,258.0,256.8,258.95,259.6,255.9,256.2,258.15,-0.6,1.35,468326.0,12090172.09,303564.0,
AU.SHF,20160223,256.2,258.15,254.35,257.0,254.35,256.3,255.55,-1.85,-2.6,374288.0,9565386.19,300378.0,
AU.SHF,20160224,256.3,255.55,256.95,259.25,256.6,258.45,257.95,2.9,2.4,449322.0,11592486.47,312306.0,
AU.SHF,20160225,258.45,257.95,260.25,264.6,259.4,261.5,262.2,3.55,4.25,797662.0,20916001.47,330980.0,
AU.SHF,20160226,261.5,262.2,261.3,262.5,259.15,261.85,261.2,-0.35,-1.0,608646.0,15898002.76,331884.0,
AU.SHF,20160229,261.85,261.2,261.65,261.7,256.25,259.4,258.9,-1.8,-2.3,756284.0,19581576.04,329216.0,
AU.SHF,20160301,259.4,258.9,260.1,263.65,259.0,263.05,261.2,4.15,2.3,552970.0,14446311.48,351736.0,
AU.SHF,20160302,263.05,261.2,263.0,263.9,259.1,259.85,260.9,-1.35,-0.3,637386.0,16631845.55,329022.0,
AU.SHF,20160303,259.85,260.9,260.5,262.55,259.7,262.05,261.4,1.15,0.5,520756.0,13614881.56,338906.0,
AU.SHF,20160304,262.05,261.4,262.7,265.95,261.6,265.6,264.05,4.2,2.65,627072.0,16559485.94,351182.0,
AU.SHF,20160307,265.6,264.05,265.95,268.7,263.25,265.65,266.25,1.6,2.2,896440.0,23868530.31,335068.0,
AU.SHF,20160308,265.65,266.25,267.25,267.8,265.2,266.7,266.7,0.45,0.45,535820.0,14292728.15,342884.0,
AU.SHF,20160309,266.7,266.7,267.65,267.95,263.0,264.05,265.65,-2.65,-1.05,513264.0,13636404.5,332420.0,
AU.SHF,20160310,264.05,265.65,263.95,264.35,261.1,261.9,262.75,-3.75,-2.9,530230.0,13933538.04,319344.0,
AU.SHF,20160311,261.9,262.75,261.0,268.85,260.15,265.75,265.25,3.0,2.5,868980.0,23051189.94,326228.0,
AU.SHF,20160314,265.75,265.25,265.3,265.9,262.1,262.5,264.0,-2.75,-1.25,544586.0,14378951.37,318588.0,
AU.SHF,20160315,262.5,264.0,263.0,263.75,257.05,257.85,260.05,-6.15,-3.95,586332.0,15250325.63,318154.0,
AU.SHF,20160316,257.85,260.05,259.15,259.55,257.35,259.45,258.25,-0.6,-1.8,402560.0,10397884.2,319314.0,
AU.SHF,20160317,259.45,258.25,258.75,264.35,257.65,263.3,260.6,5.05,2.35,500638.0,13047844.02,316900.0,
AU.SHF,20160318,263.3,260.6,263.8,264.85,262.55,263.35,263.7,2.75,3.1,403442.0,10639219.95,308886.0,
AU.SHF,20160321,263.35,263.7,261.1,262.5,259.15,259.7,261.0,-4.0,-2.7,340072.0,8877286.36,303776.0,
AU.SHF,20160322,259.7,261.0,259.6,261.45,259.25,261.4,260.35,0.4,-0.65,263124.0,6850782.55,305662.0,
AU.SHF,20160323,261.4,260.35,262.4,262.95,258.15,258.35,260.75,-2.0,0.4,331106.0,8634874.4,304448.0,
AU.SHF,20160324,258.35,260.75,256.35,256.85,255.0,255.1,255.85,-5.65,-4.9,380646.0,9739556.35,294312.0,
AU.SHF,20160325,255.1,255.85,256.3,256.75,255.65,256.1,256.15,0.25,0.3,164146.0,4205035.75,293992.0,
AU.SHF,20160328,256.1,256.15,255.95,256.65,254.0,255.05,255.05,-1.1,-1.1,147416.0,3760369.55,297086.0,
AU.SHF,20160329,255.05,255.05,255.75,256.6,255.25,255.75,255.8,0.7,0.75,185942.0,4756957.8,290892.0,
AU.SHF,20160330,255.75,255.8,256.15,259.8,255.85,258.6,257.95,2.8,2.15,378770.0,9771062.68,285732.0,
AU.SHF,20160331,258.6,257.95,258.0,258.1,255.35,256.15,256.6,-1.8,-1.35,269920.0,6926683.14,279210.0,
AU.SHF,20160401,256.15,256.6,257.5,257.8,256.1,257.2,256.85,0.6,0.25,232786.0,5979371.69,272338.0,
AU.SHF,20160405,257.2,256.85,255.05,256.35,254.2,256.05,255.65,-0.8,-1.2,95420.0,2439885.69,270088.0,
AU.SHF,20160406,256.05,255.65,257.5,257.7,256.1,256.75,256.85,1.1,1.2,194794.0,5003601.2,273552.0,
AU.SHF,20160407,256.75,256.85,255.2,257.1,255.0,256.45,256.05,-0.4,-0.8,227246.0,5819479.85,279408.0,
AU.SHF,20160408,256.45,256.05,258.4,259.35,257.65,258.0,258.4,1.95,2.35,257602.0,6657093.09,283298.0,
AU.SHF,20160411,258.0,258.4,257.7,261.15,257.4,260.55,259.3,2.15,0.9,245542.0,6367604.45,287684.0,
AU.SHF,20160412,260.55,259.3,260.95,262.0,260.4,261.8,261.25,2.5,1.95,189268.0,4945138.15,291346.0,
AU.SHF,20160413,261.8,261.25,262.05,262.65,260.0,260.4,261.45,-0.85,0.2,268234.0,7013208.34,282358.0,
AU.SHF,20160414,260.4,261.45,260.5,261.05,257.0,257.8,259.0,-3.65,-2.45,273610.0,7086644.04,278694.0,
AU.SHF,20160415,257.8,259.0,257.6,258.25,256.05,257.2,257.1,-1.8,-1.9,236076.0,6070294.03,265642.0,
AU.SHF,20160418,257.2,257.1,257.15,258.7,256.2,257.35,257.55,0.25,0.45,217164.0,5593115.67,259854.0,
AU.SHF,20160419,257.35,257.55,258.55,260.0,256.55,259.85,257.95,2.3,0.4,239320.0,6173920.64,260238.0,
AU.SHF,20160420,259.85,257.95,261.0,262.5,259.65,260.65,261.15,2.7,3.2,325448.0,8499737.11,258636.0,
AU.SHF,20160421,260.65,261.15,261.0,264.15,260.0,264.0,261.85,2.85,0.7,350660.0,9183069.4,274058.0,
AU.SHF,20160422,264.0,261.85,265.7,266.5,260.0,260.6,262.15,-1.25,0.3,401306.0,10520380.78,242932.0,
AU.SHF,20160425,260.6,262.15,260.7,261.3,256.95,258.65,259.2,-3.5,-2.95,372910.0,9667565.3,221956.0,
AU.SHF,20160426,258.65,259.2,258.75,260.0,258.0,258.1,259.2,-1.1,0.0,172382.0,4468171.86,208928.0,
AU.SHF,20160427,258.1,259.2,258.55,261.45,258.25,261.3,260.3,2.1,1.1,253034.0,6587509.9,193114.0,
AU.SHF,20160428,261.3,260.3,261.9,262.75,259.3,262.25,261.1,1.95,0.8,342874.0,8953471.89,177568.0,
AU.SHF,20160429,262.25,261.1,262.15,267.95,261.75,266.45,265.0,5.35,3.9,347256.0,9202931.79,177698.0,
AU.SHF,20160503,266.45,265.0,269.5,271.65,269.1,271.5,270.25,6.5,5.25,152216.0,4114077.71,161770.0,
AU.SHF,20160504,271.5,272.65,273.65,273.65,270.3,270.65,271.5,-2.0,-1.15,166064.0,4509435.36,217452.0,
AU.SHF,20160505,270.65,271.5,271.55,272.7,269.3,270.25,271.05,-1.25,-0.45,168280.0,4561399.7,223004.0,
AU.SHF,20160506,270.25,271.05,271.75,272.0,267.65,270.75,269.95,-0.3,-1.1,257778.0,6959658.79,229060.0,
AU.SHF,20160509,270.75,269.95,272.8,273.45,269.7,270.05,271.65,0.1,1.7,364526.0,9902580.94,244720.0,
AU.SHF,20160510,270.05,271.65,268.75,268.95,266.2,267.6,267.3,-4.05,-4.35,269504.0,7204337.26,232556.0,
AU.SHF,20160511,267.6,267.3,267.25,269.45,265.35,268.9,267.4,1.6,0.1,252092.0,6741265.05,238998.0,
AU.SHF,20160512,268.9,267.4,269.45,270.0,267.65,268.1,268.8,0.7,1.4,195620.0,5258376.06,240004.0,
AU.SHF,20160513,268.1,268.8,268.25,270.7,267.3,270.1,268.8,1.3,0.0,309730.0,8326464.23,251788.0,
AU.SHF,20160516,270.1,268.8,267.9,272.4,267.8,272.05,270.0,3.25,1.2,297706.0,8039316.67,281686.0,
AU.SHF,20160517,272.05,270.0,272.7,273.15,269.2,270.1,270.85,0.1,0.85,278192.0,7535151.2,270764.0,
AU.SHF,20160518,270.1,270.85,269.65,271.55,269.5,270.2,270.55,-0.65,-0.3,236438.0,6397720.44,276598.0,
AU.SHF,20160519,270.2,270.55,269.95,271.2,265.9,265.95,268.55,-4.6,-2.0,362390.0,9733290.39,279720.0,
AU.SHF,20160520,265.95,268.55,264.1,266.85,264.1,266.1,265.4,-2.45,-3.15,229012.0,6078881.33,285308.0,
AU.SHF,20160523,266.1,265.4,266.8,267.45,264.75,265.45,265.75,0.05,0.35,237010.0,6299080.57,296306.0,
AU.SHF,20160524,265.45,265.75,264.55,265.75,263.3,263.6,264.5,-2.15,-1.25,244742.0,6474442.8,302680.0,
AU.SHF,20160525,263.6,264.5,262.8,263.6,259.5,259.7,261.4,-4.8,-3.1,318086.0,8316276.53,311778.0,
AU.SHF,20160526,259.7,261.4,259.2,261.75,258.35,260.7,259.95,-0.7,-1.45,236722.0,6154612.61,307562.0,
AU.SHF,20160527,260.7,259.95,260.9,261.55,257.15,259.5,259.25,-0.45,-0.7,282392.0,7322285.91,304944.0,
AU.SHF,20160530,259.5,259.25,258.8,258.95,255.15,256.45,256.85,-2.8,-2.4,298804.0,7675279.24,311692.0,
AU.SHF,20160531,256.45,256.85,256.75,259.0,256.5,258.95,257.95,2.1,1.1,207452.0,5351232.87,280976.0,
AU.SHF,20160601,258.95,257.95,258.2,260.45,258.15,259.35,259.3,1.4,1.35,224472.0,5820953.75,282330.0,
AU.SHF,20160602,259.35,259.3,259.8,259.8,257.3,259.65,258.65,0.35,-0.65,206500.0,5341236.44,285598.0,
AU.SHF,20160603,259.65,258.65,259.5,259.5,257.9,258.65,258.5,0.0,-0.15,148472.0,3838347.01,283090.0,
AU.SHF,20160606,258.65,258.5,263.25,264.75,262.95,264.4,263.8,5.9,5.3,298338.0,7870456.32,269594.0,
AU.SHF,20160607,264.4,263.8,264.9,265.5,263.9,264.85,264.85,1.05,1.05,183862.0,4869977.8,266688.0,
AU.SHF,20160608,264.85,264.85,264.0,266.7,263.8,266.55,265.15,1.7,0.3,161948.0,4294505.73,269490.0,
AU.SHF,20160613,266.55,265.15,272.0,274.4,271.45,274.15,272.75,9.0,7.6,181804.0,4959040.15,283924.0,
AU.SHF,20160614,274.15,272.75,275.0,275.25,272.75,273.35,273.8,0.6,1.05,210538.0,5765260.07,279248.0,
AU.SHF,20160615,273.35,273.8,274.5,275.8,273.8,275.2,274.85,1.4,1.05,253134.0,6958644.47,297362.0,
AU.SHF,20160616,275.2,274.85,274.4,280.4,273.65,279.95,276.9,5.1,2.05,363092.0,10055249.87,324660.0,
AU.SHF,20160617,279.95,276.9,279.95,281.15,272.1,273.2,276.5,-3.7,-0.4,546056.0,15099845.79,320060.0,
AU.SHF,20160620,273.2,276.5,274.6,276.35,272.8,273.75,274.45,-2.75,-2.05,327082.0,8978079.15,318602.0,
AU.SHF,20160621,273.75,274.45,273.65,275.05,272.55,273.2,273.7,-1.25,-0.75,252118.0,6901059.83,317422.0,
AU.SHF,20160622,273.2,273.7,271.0,271.6,268.8,269.6,270.4,-4.1,-3.3,275022.0,7436749.42,314488.0,
AU.SHF,20160623,269.6,270.4,269.1,271.2,269.0,269.75,269.9,-0.65,-0.5,240326.0,6486505.33,311720.0,
AU.SHF,20160624,269.75,269.9,268.4,283.35,268.2,282.25,276.25,12.35,6.35,997696.0,27564212.58,351222.0,
AU.SHF,20160627,282.25,276.25,283.5,285.2,280.35,284.65,282.8,8.4,6.55,580666.0,16423856.53,336628.0,
AU.SHF,20160628,284.65,282.8,285.1,285.65,282.8,283.35,284.15,0.55,1.35,325764.0,9257754.34,337380.0,
AU.SHF,20160629,283.35,284.15,282.85,284.8,282.2,284.3,283.5,0.15,-0.65,300974.0,8533600.05,339374.0,
AU.SHF,20160630,284.3,283.5,284.5,285.5,282.7,283.0,283.9,-0.5,0.4,287436.0,8160733.78,333492.0,
AU.SHF,20160701,283.0,283.9,283.55,288.65,283.1,287.15,285.45,3.25,1.55,445956.0,12730999.43,356164.0,
AU.SHF,20160704,287.15,285.45,288.05,293.7,287.5,292.15,290.55,6.7,5.1,558068.0,16215651.86,391306.0,
AU.SHF,20160705,292.15,290.55,292.6,292.85,288.6,290.8,291.05,0.25,0.5,344286.0,10020670.81,368924.0,
AU.SHF,20160706,290.8,291.05,291.75,297.7,289.75,296.7,293.9,5.65,2.85,542390.0,15943368.82,381340.0,
AU.SHF,20160707,296.7,293.9,296.95,297.4,295.1,295.7,296.2,1.8,2.3,341338.0,10110910.48,374042.0,
AU.SHF,20160708,295.7,296.2,294.6,294.6,291.75,292.8,293.1,-3.4,-3.1,337310.0,9887447.73,356062.0,
AU.SHF,20160711,292.8,293.1,291.05,297.0,290.9,295.0,294.35,1.9,1.25,434348.0,12786842.21,361060.0,
AU.SHF,20160712,295.0,294.35,293.0,294.75,292.55,293.6,293.7,-0.75,-0.65,252080.0,7403633.42,367662.0,
AU.SHF,20160713,293.6,293.7,291.8,292.35,287.65,290.8,290.0,-2.9,-3.7,450672.0,13069811.93,372344.0,
AU.SHF,20160714,290.8,290.0,290.55,291.85,288.55,288.85,290.25,-1.15,0.25,304580.0,8840580.72,367140.0,
AU.SHF,20160715,288.85,290.25,286.3,289.2,285.75,288.95,287.65,-1.3,-2.6,277810.0,7992342.27,370190.0,
AU.SHF,20160718,288.95,287.65,288.25,289.2,286.75,288.15,287.95,0.5,0.3,303768.0,8747816.71,368142.0,
AU.SHF,20160719,288.15,287.95,288.4,290.25,287.65,288.7,288.8,0.75,0.85,239612.0,6920583.09,372068.0,
AU.SHF,20160720,288.7,288.8,288.8,289.7,287.5,287.55,288.7,-1.25,-0.1,219452.0,6336655.56,373546.0,
AU.SHF,20160721,287.55,288.7,284.85,285.6,283.5,284.6,284.5,-4.1,-4.2,263726.0,7503069.98,362946.0,
AU.SHF,20160722,284.6,284.5,284.9,288.0,284.15,286.3,286.35,1.8,1.85,284348.0,8142458.87,359946.0,
AU.SHF,20160725,286.3,286.35,286.2,286.5,284.05,284.8,285.3,-1.55,-1.05,194602.0,5552171.18,358870.0,
AU.SHF,20160726,284.8,285.3,284.7,286.25,283.65,285.2,285.0,-0.1,-0.3,197578.0,5631306.55,358204.0,
AU.SHF,20160727,285.2,285.0,285.5,285.95,284.3,285.0,285.15,0.0,0.15,170012.0,4848386.48,362740.0,
AU.SHF,20160728,285.0,285.15,285.6,289.8,285.6,289.25,287.7,4.1,2.55,282092.0,8115990.35,367096.0,
AU.SHF,20160729,289.25,287.7,289.8,289.8,287.15,287.45,288.35,-0.25,0.65,218240.0,6293263.74,359396.0,
AU.SHF,20160801,287.45,288.35,290.0,290.7,287.9,289.65,289.6,1.3,1.25,263120.0,7620650.58,364264.0,
AU.SHF,20160802,289.65,289.6,289.95,291.4,289.65,291.15,290.4,1.55,0.8,186350.0,5412156.95,368132.0,
AU.SHF,20160803,291.15,290.4,292.7,293.35,292.1,292.6,292.75,2.2,2.35,182442.0,5341115.37,369418.0,
AU.SHF,20160804,292.6,292.75,292.55,292.55,289.65,289.75,291.05,-3.0,-1.7,229126.0,6669649.92,363464.0,
AU.SHF,20160805,289.75,291.05,292.65,293.55,291.8,293.3,292.6,2.25,1.55,189834.0,5555173.68,367134.0,
AU.SHF,20160808,293.3,292.6,290.0,290.1,286.9,287.05,288.55,-5.55,-4.05,260816.0,7526164.88,362960.0,
AU.SHF,20160809,287.05,288.55,287.65,288.2,286.7,286.8,287.45,-1.75,-1.1,133298.0,3831952.22,361456.0,
AU.SHF,20160810,286.8,287.45,287.15,291.4,287.0,290.9,289.3,3.45,1.85,208638.0,6036340.39,361804.0,
AU.SHF,20160811,290.9,289.3,291.15,291.25,287.9,288.5,289.2,-0.8,-0.1,218884.0,6330463.39,364760.0,
AU.SHF,20160812,288.5,289.2,289.25,290.6,287.0,288.25,288.95,-0.95,-0.25,207452.0,5995054.45,361684.0,
AU.SHF,20160815,288.25,288.95,290.7,291.05,283.8,287.7,288.65,-1.25,-0.3,276634.0,7985353.8,354846.0,
AU.SHF,20160816,287.7,288.65,287.2,289.6,287.05,289.0,288.3,0.35,-0.35,168358.0,4854573.38,358256.0,
AU.SHF,20160817,289.0,288.3,288.85,289.35,287.3,287.6,288.15,-0.7,-0.15,220036.0,6340451.6,355932.0,
AU.SHF,20160818,287.6,288.15,288.15,290.25,286.15,289.3,288.85,1.15,0.7,202202.0,5840628.22,357676.0,
AU.SHF,20160819,289.3,288.85,289.3,289.9,288.45,289.3,289.1,0.45,0.25,159760.0,4619316.7,357870.0,
AU.SHF,20160822,289.3,289.1,287.3,289.5,286.3,286.7,287.7,-2.4,-1.4,230778.0,6640152.51,363330.0,
AU.SHF,20160823,286.7,287.7,287.35,287.65,286.8,287.25,287.25,-0.45,-0.45,105430.0,3028568.3,358476.0,
AU.SHF,20160824,287.25,287.25,288.15,288.45,287.0,287.4,287.5,0.15,0.25,134914.0,3878878.09,358384.0,
AU.SHF,20160825,287.4,287.5,286.65,286.65,284.3,284.75,285.2,-2.75,-2.3,192890.0,5501450.43,361324.0,
AU.SHF,20160826,284.75,285.2,283.75,285.15,283.15,284.8,284.2,-0.4,-1.0,118746.0,3374870.63,355384.0,
AU.SHF,20160829,284.8,284.2,286.3,288.8,283.2,283.9,285.45,-0.3,1.25,418364.0,11943487.24,355204.0,
AU.SHF,20160830,283.9,285.45,284.5,285.65,284.35,284.65,284.9,-0.8,-0.55,143950.0,4101769.27,346096.0,
AU.SHF,20160831,284.65,284.9,284.25,284.75,282.8,283.4,283.85,-1.5,-1.05,197694.0,5612018.36,337940.0,
AU.SHF,20160901,283.4,283.85,282.4,283.6,282.15,282.75,282.95,-1.1,-0.9,166752.0,4718363.56,327980.0,
AU.SHF,20160902,282.75,282.95,282.1,284.05,282.0,283.15,283.35,0.2,0.4,214742.0,6084921.79,320942.0,
AU.SHF,20160905,283.15,283.35,285.85,287.0,284.85,286.65,285.85,3.3,2.5,227614.0,6507371.88,321394.0,
AU.SHF,20160906,286.65,285.85,286.75,287.0,286.4,286.95,286.7,1.1,0.85,77624.0,2225553.8,318452.0,
AU.SHF,20160907,286.95,286.7,288.25,291.7,288.05,290.85,289.85,4.15,3.15,237860.0,6894783.72,317164.0,
AU.SHF,20160908,290.85,289.85,290.95,291.0,289.15,290.45,290.0,0.6,0.15,131246.0,3806516.47,315700.0,
AU.SHF,20160909,290.45,290.0,290.0,290.15,288.45,288.65,289.2,-1.35,-0.8,179550.0,5193191.67,317912.0,
AU.SHF,20160912,288.65,289.2,288.6,289.2,286.6,287.5,287.9,-1.7,-1.3,183842.0,5293078.15,320156.0,
AU.SHF,20160913,287.5,287.9,286.65,288.1,285.85,287.45,286.9,-0.45,-1.0,190612.0,5469415.09,318016.0,
AU.SHF,20160914,287.45,286.9,286.5,287.1,284.8,286.0,285.95,-0.9,-0.95,173902.0,4973538.67,320806.0,
AU.SHF,20160919,286.0,285.95,283.55,284.85,283.05,284.55,284.2,-1.4,-1.75,84438.0,2399919.73,321814.0,
AU.SHF,20160920,284.55,284.2,284.1,284.9,284.1,284.85,284.55,0.65,0.35,103348.0,2941197.69,323364.0,
AU.SHF,20160921,284.85,284.55,284.55,285.75,283.65,285.35,284.8,0.8,0.25,152780.0,4351505.56,324646.0,
AU.SHF,20160922,285.35,284.8,287.0,288.25,284.85,287.7,287.2,2.9,2.4,208376.0,5984628.58,314404.0,
AU.SHF,20160923,287.7,287.2,288.3,289.7,287.8,288.15,288.6,0.95,1.4,169772.0,4900207.93,310996.0,
AU.SHF,20160926,288.15,288.6,288.7,288.9,287.5,288.1,288.3,-0.5,-0.3,126784.0,3655662.96,306600.0,
AU.SHF,20160927,288.1,288.3,288.65,289.3,287.6,287.7,288.5,-0.6,0.2,135572.0,3911611.07,307978.0,
AU.SHF,20160928,287.7,288.5,287.45,287.5,285.3,285.45,286.05,-3.05,-2.45,173412.0,4960755.18,304024.0,
AU.SHF,20160929,285.45,286.05,285.6,285.95,284.4,284.75,285.2,-1.3,-0.85,133208.0,3799748.69,298064.0,
AU.SHF,20160930,284.75,285.2,283.9,285.55,283.9,285.3,284.75,0.1,-0.45,125074.0,3561667.35,292310.0,
AU.SHF,20161010,285.3,284.75,273.6,274.2,272.35,274.0,273.35,-10.75,-11.4,151026.0,4128766.5,282202.0,
AU.SHF,20161011,274.0,273.35,273.3,274.1,273.05,273.9,273.55,0.55,0.2,180290.0,4931836.52,294926.0,
AU.SHF,20161012,273.9,273.55,273.05,274.05,272.95,273.3,273.35,-0.25,-0.2,142370.0,3892274.78,295548.0,
AU.SHF,20161013,273.3,273.35,273.05,274.7,272.5,274.2,273.4,0.85,0.05,211380.0,5779925.29,295356.0,
AU.SHF,20161014,274.2,273.4,273.75,274.9,273.25,273.45,273.9,0.05,0.5,156426.0,4285204.93,296788.0,
AU.SHF,20161017,273.45,273.9,272.8,274.25,272.6,273.7,273.3,-0.2,-0.6,194610.0,5318854.1,299380.0,
AU.SHF,20161018,273.7,273.3,273.65,275.4,273.45,275.2,274.3,1.9,1.0,150702.0,4134248.26,298968.0,
AU.SHF,20161019,275.2,274.3,275.05,275.75,274.15,275.2,275.05,0.9,0.75,136832.0,3763956.05,296264.0,
AU.SHF,20161020,275.2,275.05,276.8,277.7,276.5,277.25,277.05,2.2,2.0,156082.0,4324946.7,295204.0,
AU.SHF,20161021,277.25,277.05,277.25,277.95,275.7,276.3,276.4,-0.75,-0.65,165012.0,4561662.65,284304.0,
AU.SHF,20161024,276.3,276.4,277.1,277.4,276.5,277.05,276.9,0.65,0.5,130816.0,3622437.76,281088.0,
AU.SHF,20161025,277.05,276.9,278.25,278.8,276.6,277.9,277.5,1.0,0.6,170374.0,4728681.6,278640.0,
AU.SHF,20161026,277.9,277.5,278.15,279.9,277.9,279.2,279.05,1.7,1.55,186498.0,5204831.54,259932.0,
AU.SHF,20161027,279.2,279.05,278.6,279.1,277.4,278.25,278.1,-0.8,-0.95,154518.0,4297623.38,241346.0,
AU.SHF,20161028,278.25,278.1,279.1,279.45,277.95,278.5,278.45,0.4,0.35,146162.0,4070553.55,226468.0,
AU.SHF,20161031,278.5,278.45,277.45,281.35,277.45,279.65,279.35,1.2,0.9,231556.0,6468954.99,208032.0,
AU.SHF,20161101,279.65,279.35,279.2,280.75,278.75,280.25,279.65,0.9,0.3,122000.0,3412267.52,196426.0,
AU.SHF,20161102,280.25,279.65,281.55,283.1,281.35,282.95,281.95,3.3,2.3,142370.0,4014170.82,191694.0,
AU.SHF,20161103,282.95,281.95,283.4,285.0,283.0,283.75,283.95,1.8,2.0,153342.0,4354522.1,179110.0,
AU.SHF,20161104,283.75,283.95,282.4,284.55,282.1,282.4,283.25,-1.55,-0.7,135836.0,3848221.51,165716.0,
AU.SHF,20161107,282.4,283.25,284.05,284.75,281.6,281.85,283.05,-1.4,-0.2,134896.0,3818817.71,152006.0,
AU.SHF,20161108,281.85,283.05,281.75,281.8,279.65,281.2,280.85,-1.85,-2.2,98046.0,2753723.99,146142.0,
AU.SHF,20161109,281.2,283.7,283.3,293.0,281.75,291.65,287.3,7.95,3.6,270780.0,7780284.66,179558.0,
AU.SHF,20161110,291.65,287.3,288.0,289.6,283.3,286.15,286.45,-1.15,-0.85,217030.0,6217735.92,199378.0,
AU.SHF,20161111,286.15,286.45,285.05,286.0,279.25,281.75,282.4,-4.7,-4.05,248716.0,7024610.77,217910.0,
AU.SHF,20161114,281.75,282.4,280.9,282.0,269.8,272.95,275.2,-9.45,-7.2,360232.0,9914513.11,228372.0,
AU.SHF,20161115,272.95,275.2,273.95,276.45,272.8,275.95,274.5,0.75,-0.7,245686.0,6745201.88,229724.0,
AU.SHF,20161116,275.95,274.5,275.85,277.65,275.0,277.05,276.35,2.55,1.85,180050.0,4976364.36,233816.0,
AU.SHF,20161117,277.05,276.35,276.55,277.5,276.25,276.5,276.85,0.15,0.5,136938.0,3791293.79,235730.0,
AU.SHF,20161118,276.5,276.85,277.0,277.15,273.05,273.45,274.95,-3.4,-1.9,216120.0,5942395.47,241806.0,
AU.SHF,20161121,273.45,274.95,273.85,275.6,273.0,275.55,274.25,0.6,-0.7,189682.0,5202074.83,248640.0,
AU.SHF,20161122,275.55,274.25,275.6,276.95,274.5,276.25,276.0,2.0,1.75,179428.0,4952520.12,253582.0,
AU.SHF,20161123,276.25,276.0,276.2,276.95,275.05,276.6,276.0,0.6,0.0,177860.0,4909799.11,255416.0,
AU.SHF,20161124,276.6,276.0,276.0,276.0,272.7,273.7,273.8,-2.3,-2.2,340644.0,9327114.07,266746.0,
AU.SHF,20161125,273.7,273.8,273.4,273.65,268.45,271.4,271.25,-2.4,-2.55,253516.0,6877429.03,272100.0,
AU.SHF,20161128,271.4,271.25,272.5,275.3,271.25,273.8,273.2,2.55,1.95,256832.0,7016963.55,272312.0,
AU.SHF,20161129,273.8,273.2,273.6,274.55,272.4,272.75,273.5,-0.45,0.3,204490.0,5593173.84,275378.0,
AU.SHF,20161130,272.75,273.5,271.5,272.3,270.55,271.05,271.3,-2.45,-2.2,200036.0,5427586.05,278538.0,
AU.SHF,20161201,271.05,271.3,270.15,270.9,266.6,269.25,269.05,-2.05,-2.25,318392.0,8566597.02,296638.0,
AU.SHF,20161202,269.25,269.05,267.95,269.4,266.6,268.85,268.0,-0.2,-1.05,206838.0,5543737.25,301358.0,
AU.SHF,20161205,268.85,268.0,268.1,270.9,267.05,268.75,269.1,0.75,1.1,289230.0,7784438.76,302008.0,
AU.SHF,20161206,268.75,269.1,268.3,269.5,267.1,268.15,268.25,-0.95,-0.85,234960.0,6303009.08,315832.0,
AU.SHF,20161207,268.15,268.25,268.6,268.65,267.45,267.7,268.0,-0.55,-0.25,170588.0,4572323.51,326816.0,
AU.SHF,20161208,267.7,268.0,268.6,270.95,268.35,269.75,269.75,1.75,1.75,244680.0,6600334.66,329794.0,
AU.SHF,20161209,269.75,269.75,269.35,270.2,268.3,269.5,269.3,-0.25,-0.45,177508.0,4781128.06,331766.0,
AU.SHF,20161212,269.5,269.3,268.35,269.35,267.2,267.95,268.25,-1.35,-1.05,203912.0,5470542.09,344840.0,
AU.SHF,20161213,267.95,268.25,267.7,269.35,267.25,268.2,268.4,-0.05,0.15,173102.0,4646850.15,349590.0,
AU.SHF,20161214,268.2,268.4,268.15,269.9,267.65,269.65,268.75,1.25,0.35,247566.0,6653676.55,366272.0,
AU.SHF,20161215,269.65,268.75,269.6,270.6,264.8,266.95,267.9,-1.8,-0.85,312470.0,8371549.15,366840.0,
AU.SHF,20161216,266.95,267.9,265.0,265.85,264.3,265.35,265.3,-2.55,-2.6,235872.0,6257733.17,357144.0,
AU.SHF,20161219,265.35,265.3,265.45,266.95,265.1,266.6,266.05,1.3,0.75,172448.0,4588087.19,356986.0,
AU.SHF,20161220,266.6,266.05,266.45,266.9,264.55,265.25,266.15,-0.8,0.1,157024.0,4179699.09,353076.0,
AU.SHF,20161221,265.25,266.15,263.8,265.45,262.1,264.85,263.55,-1.3,-2.6,208540.0,5496788.54,354770.0,
AU.SHF,20161222,264.85,263.55,264.45,264.85,262.8,263.3,263.85,-0.25,0.3,119052.0,3141313.96,360090.0,
AU.SHF,20161223,263.3,263.85,262.8,264.3,262.45,263.55,263.55,-0.3,-0.3,155500.0,4098482.27,366702.0,
AU.SHF,20161226,263.55,263.55,263.75,265.1,263.3,264.75,264.05,1.2,0.5,127840.0,3376136.11,359872.0,
AU.SHF,20161227,264.75,264.05,264.85,266.1,264.4,266.1,265.35,2.05,1.3,132016.0,3503441.09,367772.0,
AU.SHF,20161228,266.1,265.35,266.15,267.85,265.35,267.3,266.55,1.95,1.2,172420.0,4596667.99,368704.0,
AU.SHF,20161229,267.3,266.55,266.5,269.15,266.0,268.75,267.7,2.2,1.15,217154.0,5813509.14,370722.0,
AU.SHF,20161230,268.75,267.7,268.05,272.15,268.0,271.35,270.35,3.65,2.65,257682.0,6967713.85,383078.0,
AU.SHF,20170103,271.35,270.35,269.7,271.15,269.45,269.75,270.3,-0.6,-0.05,134748.0,3642465.21,391396.0,
AU.SHF,20170104,269.75,270.3,268.5,271.25,268.35,270.4,269.95,0.1,-0.35,237240.0,6405315.59,403990.0,
AU.SHF,20170105,270.4,269.95,270.3,270.6,268.15,269.5,269.2,-0.45,-0.75,281262.0,7571912.96,401602.0,
AU.SHF,20170106,269.5,269.2,269.0,269.85,268.7,268.85,269.3,-0.35,0.1,231806.0,6242967.62,394922.0,
AU.SHF,20170109,268.85,269.3,268.65,270.4,268.65,269.75,269.5,0.45,0.2,175304.0,4725011.64,395864.0,
AU.SHF,20170110,269.75,269.5,270.35,272.1,270.2,271.5,271.15,2.0,1.65,201672.0,5468907.49,401688.0,
AU.SHF,20170111,271.5,271.15,271.25,272.4,270.9,271.85,271.65,0.7,0.5,183268.0,4979190.94,396044.0,
AU.SHF,20170112,271.85,271.65,271.7,272.55,268.65,272.25,270.7,0.6,-0.95,342304.0,9266620.06,388946.0,
AU.SHF,20170113,272.25,270.7,272.3,272.5,270.5,271.25,271.35,0.55,0.65,185390.0,5031206.09,379636.0,
AU.SHF,20170116,271.25,271.35,271.6,273.45,270.45,272.95,271.7,1.6,0.35,215196.0,5847313.56,382384.0,
AU.SHF,20170117,272.95,271.7,272.5,274.9,272.25,274.6,273.55,2.9,1.85,158070.0,4324263.42,383002.0,
AU.SHF,20170118,274.6,273.55,274.1,274.95,272.45,273.5,274.1,-0.05,0.55,194254.0,5325077.57,373502.0,
AU.SHF,20170119,273.5,274.1,273.15,273.6,270.2,270.7,271.7,-3.4,-2.4,176830.0,4804616.13,365152.0,
AU.SHF,20170120,270.7,271.7,271.2,271.75,270.1,271.4,270.95,-0.3,-0.75,159596.0,4324900.33,364202.0,
AU.SHF,20170123,271.4,270.95,270.85,273.7,270.55,272.75,272.15,1.8,1.2,175522.0,4777220.49,362246.0,
AU.SHF,20170124,272.75,272.15,272.7,273.3,272.1,272.35,272.7,0.2,0.55,119818.0,3267458.9,358716.0,
AU.SHF,20170125,272.35,272.7,272.15,272.8,267.85,269.6,270.9,-3.1,-1.8,149430.0,4048332.76,338086.0,
AU.SHF,20170126,269.6,270.9,269.6,270.05,266.65,267.6,267.95,-3.3,-2.95,142822.0,3827611.24,318662.0,
AU.SHF,20170203,267.6,267.95,270.1,271.95,270.1,271.6,271.3,3.65,3.35,82082.0,2227258.92,306362.0,
AU.SHF,20170206,271.6,271.3,271.3,274.4,270.25,274.3,272.7,3.0,1.4,190770.0,5202506.39,318510.0,
AU.SHF,20170207,274.3,272.7,275.15,276.7,274.6,276.5,275.55,3.8,2.85,160366.0,4419537.53,321182.0,
AU.SHF,20170208,276.5,275.55,276.35,277.25,275.85,276.75,276.65,1.2,1.1,142374.0,3939429.7,324290.0,
AU.SHF,20170209,276.75,276.65,278.7,279.2,278.05,278.2,278.45,1.55,1.8,148408.0,4132992.14,319670.0,
AU.SHF,20170210,278.2,278.45,278.1,278.85,274.6,275.25,276.6,-3.2,-1.85,220922.0,6111473.71,307194.0,
AU.SHF,20170213,275.25,276.6,275.6,277.3,275.3,276.4,276.3,-0.2,-0.3,197398.0,5454669.43,299460.0,
AU.SHF,20170214,276.4,276.3,276.0,276.2,274.05,276.0,275.25,-0.3,-1.05,163040.0,4488022.46,296866.0,
AU.SHF,20170215,276.0,275.25,276.6,276.7,274.0,274.95,275.25,-0.3,0.0,188556.0,5190690.45,292854.0,
AU.SHF,20170216,274.95,275.25,275.0,277.15,273.5,276.35,275.4,1.1,0.15,224336.0,6178576.42,288304.0,
AU.SHF,20170217,276.35,275.4,277.25,277.9,276.8,277.45,277.35,2.05,1.95,155914.0,4324333.07,289940.0,
AU.SHF,20170220,277.45,277.35,278.2,278.6,276.2,276.85,277.35,-0.5,0.0,148746.0,4125778.27,286374.0,
AU.SHF,20170221,276.85,277.35,277.15,277.65,276.6,277.5,277.15,0.15,-0.2,99214.0,2749727.44,285070.0,
AU.SHF,20170222,277.5,277.15,276.5,278.15,275.75,277.2,277.05,0.05,-0.1,159914.0,4430630.43,284724.0,
AU.SHF,20170223,277.2,277.05,277.65,278.15,276.5,277.75,277.4,0.7,0.35,153238.0,4251437.24,283014.0,
AU.SHF,20170224,277.75,277.4,278.8,281.7,278.4,281.15,280.0,3.75,2.6,273622.0,7662110.89,311104.0,
AU.SHF,20170227,281.15,280.0,282.2,282.45,280.55,282.15,281.75,2.15,1.75,180334.0,5081214.52,300578.0,
AU.SHF,20170228,282.15,281.75,281.85,283.35,280.95,281.2,281.85,-0.55,0.1,160636.0,4527809.71,294068.0,
AU.SHF,20170301,281.2,281.85,281.15,281.95,278.65,279.15,280.15,-2.7,-1.7,209236.0,5862730.28,283306.0,
AU.SHF,20170302,279.15,280.15,279.1,280.4,278.15,279.45,279.25,-0.7,-0.9,170848.0,4770974.1,281422.0,
AU.SHF,20170303,279.45,279.25,278.9,279.25,276.9,277.4,278.0,-1.85,-1.25,238202.0,6622075.51,275322.0,
AU.SHF,20170306,277.4,278.0,276.9,278.55,276.5,277.45,277.3,-0.55,-0.7,182046.0,5048910.05,275560.0,
AU.SHF,20170307,277.45,277.3,277.45,277.9,276.1,276.4,276.85,-0.9,-0.45,137414.0,3804727.17,277758.0,
AU.SHF,20170308,276.4,276.85,276.0,276.0,274.5,274.55,275.05,-2.3,-1.8,174404.0,4797162.83,271694.0,
AU.SHF,20170309,274.55,275.05,273.95,274.7,272.6,273.25,273.65,-1.8,-1.4,213736.0,5848957.54,275000.0,
AU.SHF,20170310,273.25,273.65,273.4,273.85,271.0,271.05,272.35,-2.6,-1.3,200774.0,5468947.11,274928.0,
AU.SHF,20170313,271.05,272.35,271.15,273.65,270.75,273.65,272.25,1.3,-0.1,247398.0,6735694.73,267394.0,
AU.SHF,20170314,273.65,272.25,272.5,273.1,272.2,272.35,272.65,0.1,0.4,129460.0,3530056.44,270226.0,
AU.SHF,20170315,272.35,272.65,272.55,273.25,271.6,272.5,272.5,-0.15,-0.15,150980.0,4114513.84,270808.0,
AU.SHF,20170316,272.5,272.5,271.8,277.3,271.6,277.15,274.95,4.65,2.45,261416.0,7188209.47,274042.0,
AU.SHF,20170317,277.15,274.95,278.15,278.25,276.5,277.05,277.05,2.1,2.1,137970.0,3822611.99,267062.0,
AU.SHF,20170320,277.05,277.05,277.4,278.55,276.95,278.45,277.8,1.4,0.75,138722.0,3854314.33,277684.0,
AU.SHF,20170321,278.45,277.8,278.25,278.75,276.65,277.35,277.6,-0.45,-0.2,167944.0,4662406.63,267612.0,
AU.SHF,20170322,277.35,277.6,277.65,280.35,277.5,279.8,279.25,2.2,1.65,244648.0,6831988.88,273378.0,
AU.SHF,20170323,279.8,279.25,279.75,280.2,278.9,279.75,279.5,0.5,0.25,164432.0,4596296.09,266140.0,
AU.SHF,20170324,279.75,279.5,280.45,280.7,278.45,278.95,279.3,-0.55,-0.2,184200.0,5145108.88,262698.0,
AU.SHF,20170327,278.95,279.3,279.2,282.25,278.75,282.0,280.6,2.7,1.3,162888.0,4571209.81,270268.0,
AU.SHF,20170328,282.0,280.6,282.05,282.35,280.95,281.2,281.5,0.6,0.9,148832.0,4189908.66,262582.0,
AU.SHF,20170329,281.2,281.5,282.05,282.15,280.05,280.6,281.1,-0.9,-0.4,159592.0,4486520.63,257224.0,
AU.SHF,20170330,280.6,281.1,280.95,281.2,280.1,280.6,280.65,-0.5,-0.45,126756.0,3557599.09,256928.0,
AU.SHF,20170331,280.6,280.65,280.35,280.35,278.2,278.6,279.3,-2.05,-1.35,178510.0,4985998.07,247488.0,
AU.SHF,20170405,278.6,279.3,281.2,281.75,280.75,281.25,281.1,1.95,1.8,74992.0,2108114.87,249036.0,
AU.SHF,20170406,281.25,281.1,280.2,281.7,279.2,281.25,280.45,0.15,-0.65,198064.0,5555229.49,242570.0,
AU.SHF,20170407,281.25,280.45,281.05,285.45,280.4,283.5,283.05,3.05,2.6,294194.0,8327840.75,250516.0,
AU.SHF,20170410,283.5,283.05,284.45,285.05,281.15,282.2,283.0,-0.85,-0.05,254310.0,7198135.93,239110.0,
AU.SHF,20170411,282.2,283.0,281.25,282.95,280.9,282.75,281.95,-0.25,-1.05,169940.0,4792069.79,245826.0,
AU.SHF,20170412,282.75,281.95,283.4,287.1,283.25,285.85,285.2,3.9,3.25,316430.0,9024986.47,262642.0,
AU.SHF,20170413,285.85,285.2,286.1,288.0,285.1,287.15,286.6,1.95,1.4,242774.0,6958363.25,255082.0,
AU.SHF,20170414,287.15,286.6,287.55,288.05,286.75,287.7,287.55,1.1,0.95,152170.0,4376094.7,259634.0,
AU.SHF,20170417,287.7,287.55,288.05,290.05,286.95,287.2,288.15,-0.35,0.6,196830.0,5672365.98,241540.0,
AU.SHF,20170418,287.2,288.15,286.9,287.9,285.8,286.45,286.75,-1.7,-1.4,194112.0,5567083.68,234448.0,
AU.SHF,20170419,286.45,286.75,286.6,287.7,285.2,286.3,286.55,-0.45,-0.2,250222.0,7170661.23,226460.0,
AU.SHF,20170420,286.3,286.55,286.55,286.75,284.75,286.1,285.85,-0.45,-0.7,216358.0,6185573.05,218118.0,
AU.SHF,20170421,286.1,285.85,285.95,286.35,285.25,285.9,285.8,0.05,-0.05,170642.0,4877612.8,209336.0,
AU.SHF,20170424,285.9,285.8,286.35,287.95,283.5,283.9,285.8,-1.9,0.0,310052.0,8862540.81,189796.0,
AU.SHF,20170425,283.9,285.8,283.35,284.4,282.95,283.9,283.75,-1.9,-2.05,166292.0,4718841.38,179352.0,
AU.SHF,20170426,283.9,283.75,282.75,283.55,282.15,282.45,282.7,-1.3,-1.05,183112.0,5176886.47,165780.0,
AU.SHF,20170427,282.45,282.7,282.55,283.55,282.05,282.85,282.8,0.15,0.1,154594.0,4372371.86,153054.0,
AU.SHF,20170428,282.85,282.8,283.1,283.25,282.3,283.2,282.8,0.4,0.0,129946.0,3675302.64,140542.0,
AU.SHF,20170502,283.2,285.75,283.8,284.4,283.55,283.9,283.9,-1.85,-1.85,39920.0,1133475.11,163774.0,
AU.SHF,20170503,283.9,283.9,283.05,283.7,282.85,283.3,283.3,-0.6,-0.6,30714.0,870277.14,165456.0,
AU.SHF,20170504,283.3,283.3,283.0,283.25,278.7,279.65,281.05,-3.65,-2.25,92606.0,2603045.59,174724.0,
AU.SHF,20170505,279.65,281.05,278.05,280.0,277.4,278.8,278.3,-2.25,-2.75,102698.0,2858551.6,182136.0,
AU.SHF,20170508,278.8,278.3,278.3,279.35,278.05,278.5,278.6,0.2,0.3,86346.0,2405604.51,188964.0,
AU.SHF,20170509,278.5,278.6,278.65,279.4,277.5,278.45,278.5,-0.15,-0.1,128798.0,3587547.96,191426.0,
AU.SHF,20170510,278.45,278.5,277.35,277.4,275.65,277.05,276.75,-1.45,-1.75,118918.0,3291260.34,201004.0,
AU.SHF,20170511,277.05,276.75,277.25,277.55,276.3,277.35,277.05,0.6,0.3,92586.0,2565156.72,205942.0,
AU.SHF,20170512,277.35,277.05,277.0,278.5,276.95,278.1,277.75,1.05,0.7,119980.0,3332865.07,211756.0,
AU.SHF,20170515,278.1,277.75,278.75,279.55,277.75,279.4,278.65,1.65,0.9,124840.0,3478945.44,220070.0,
AU.SHF,20170516,279.4,278.65,280.15,280.65,279.0,280.0,279.75,1.35,1.1,118992.0,3329257.86,220422.0,
AU.SHF,20170517,280.0,279.75,280.05,281.3,279.5,280.95,280.55,1.2,0.8,133590.0,3747981.65,230274.0,
AU.SHF,20170518,280.95,280.55,282.5,284.75,282.35,283.25,283.4,2.7,2.85,230310.0,6527883.3,237936.0,
AU.SHF,20170519,283.25,283.4,283.55,284.2,281.6,282.65,282.95,-0.75,-0.45,186950.0,5289943.14,244610.0,
AU.SHF,20170522,282.65,282.95,283.3,283.6,282.15,283.3,282.9,0.35,-0.05,114482.0,3238730.36,249876.0,
AU.SHF,20170523,283.3,282.9,284.05,285.2,283.45,285.2,284.35,2.3,1.45,123256.0,3504904.61,262554.0,
AU.SHF,20170524,285.2,284.35,285.0,285.1,281.5,281.85,283.2,-2.5,-1.15,170178.0,4820207.21,267980.0,
AU.SHF,20170525,281.85,283.2,282.5,283.8,281.75,283.3,282.95,0.1,-0.25,136700.0,3867949.37,275156.0,
AU.SHF,20170526,283.3,282.95,282.75,283.5,282.0,283.35,282.5,0.4,-0.45,104532.0,2953332.58,275262.0,
AU.SHF,20170531,283.35,282.5,283.05,283.3,281.65,281.65,282.25,-0.85,-0.25,74258.0,2096198.54,281108.0,
AU.SHF,20170601,281.65,282.25,282.35,283.15,281.4,281.85,282.05,-0.4,-0.2,157458.0,4441868.44,283362.0,
AU.SHF,20170602,281.85,282.05,281.25,282.2,280.6,280.85,281.0,-1.2,-1.05,129192.0,3630923.11,288512.0,
AU.SHF,20170605,280.85,281.0,283.0,285.2,282.75,284.55,283.85,3.55,2.85,215452.0,6116195.69,304850.0,
AU.SHF,20170606,284.55,283.85,284.8,286.5,284.05,286.3,285.2,2.45,1.35,135910.0,3876595.38,316800.0,
AU.SHF,20170607,286.3,285.2,286.6,287.2,286.25,286.6,286.7,1.4,1.5,138618.0,3974388.79,325410.0,
AU.SHF,20170608,286.6,286.7,286.55,286.9,285.05,285.75,286.0,-0.95,-0.7,141700.0,4052982.37,326824.0,
AU.SHF,20170609,285.75,286.0,285.15,285.4,282.15,282.5,283.55,-3.5,-2.45,223770.0,6345226.82,332974.0,
AU.SHF,20170612,282.5,283.55,281.8,281.9,281.0,281.05,281.3,-2.5,-2.25,151544.0,4263532.89,339722.0,
AU.SHF,20170613,281.05,281.3,280.85,281.6,280.35,281.15,281.05,-0.15,-0.25,105884.0,2976348.17,340090.0,
AU.SHF,20170614,281.15,281.05,280.35,282.4,280.05,281.7,281.3,0.65,0.25,131122.0,3688784.35,334782.0,
AU.SHF,20170615,281.7,281.3,283.0,284.65,279.7,279.85,282.15,-1.45,0.85,238286.0,6723722.99,340830.0,
AU.SHF,20170616,279.85,282.15,278.5,279.8,278.3,279.35,279.1,-2.8,-3.05,147956.0,4129453.13,342074.0,
AU.SHF,20170619,279.35,279.1,279.65,279.8,278.5,278.85,279.1,-0.25,0.0,99854.0,2787346.72,343958.0,
AU.SHF,20170620,278.85,279.1,278.55,278.9,277.6,278.25,278.25,-0.85,-0.85,111782.0,3110340.99,344998.0,
AU.SHF,20170621,278.25,278.25,278.05,278.5,277.3,278.15,277.95,-0.1,-0.3,104238.0,2897306.76,344970.0,
AU.SHF,20170622,278.15,277.95,277.85,280.3,277.3,279.9,279.05,1.95,1.1,135198.0,3772856.13,341690.0,
AU.SHF,20170623,279.9,279.05,280.15,280.55,279.1,280.45,279.9,1.4,0.85,119404.0,3342389.18,337016.0,
AU.SHF,20170626,280.45,279.9,281.55,281.55,280.35,280.6,280.7,0.7,0.8,78260.0,2196872.13,333442.0,
AU.SHF,20170627,280.6,280.7,278.35,279.45,277.9,279.4,278.55,-1.3,-2.15,170412.0,4747593.94,326864.0,
AU.SHF,20170628,279.4,278.55,278.6,279.3,278.05,278.75,278.65,0.2,0.1,168850.0,4705428.09,332470.0,
AU.SHF,20170629,278.75,278.65,278.95,279.15,277.7,278.15,278.35,-0.5,-0.3,158992.0,4425584.89,337162.0,
AU.SHF,20170630,278.15,278.35,276.4,277.35,275.4,275.5,276.2,-2.85,-2.15,221690.0,6123246.21,338722.0,
AU.SHF,20170703,275.5,276.2,275.3,276.3,274.35,274.6,275.1,-1.6,-1.1,142246.0,3913769.8,343202.0,
AU.SHF,20170704,274.6,275.1,273.25,273.35,271.6,272.6,272.45,-2.5,-2.65,190506.0,5190612.39,346746.0,
AU.SHF,20170705,272.6,272.45,272.7,273.3,272.05,272.4,272.6,-0.05,0.15,102604.0,2797166.34,345904.0,
AU.SHF,20170706,272.4,272.6,271.1,273.2,271.05,272.85,272.3,0.25,-0.3,129270.0,3520572.88,346032.0,
AU.SHF,20170707,272.85,272.3,272.9,273.25,271.6,272.2,272.3,-0.1,0.0,115020.0,3132004.7,347806.0,
AU.SHF,20170710,272.2,272.3,272.25,272.35,268.0,268.8,269.75,-3.5,-2.55,241862.0,6525096.64,349336.0,
AU.SHF,20170711,268.8,269.75,269.35,270.7,268.95,270.0,269.9,0.25,0.15,139294.0,3760237.02,347824.0,
AU.SHF,20170712,270.0,269.9,270.1,271.65,269.25,271.0,270.75,1.1,0.85,156136.0,4227387.37,348784.0,
AU.SHF,20170713,271.0,270.75,272.35,272.45,271.05,271.75,271.6,1.0,0.85,154644.0,4200891.47,352132.0,
AU.SHF,20170714,271.75,271.6,271.5,271.5,269.85,270.65,270.6,-0.95,-1.0,113550.0,3072761.63,353988.0,
AU.SHF,20170717,270.65,270.6,273.15,273.45,272.3,273.0,272.85,2.4,2.25,163458.0,4460600.23,350286.0,
AU.SHF,20170718,273.0,272.85,273.7,274.4,273.5,273.7,273.9,0.85,1.05,125924.0,3449202.37,341346.0,
AU.SHF,20170719,273.7,273.9,274.3,274.75,273.85,274.05,274.15,0.15,0.25,113988.0,3125235.02,336326.0,
AU.SHF,20170720,274.05,274.15,274.55,274.75,273.9,274.2,274.2,0.05,0.05,100138.0,2746034.51,343990.0,
AU.SHF,20170721,274.2,274.2,274.3,275.85,273.5,275.8,274.95,1.6,0.75,173552.0,4772101.28,349878.0,
AU.SHF,20170724,275.8,274.95,276.7,277.45,276.05,276.45,276.7,1.5,1.75,124830.0,3454501.39,348868.0,
AU.SHF,20170725,276.45,276.7,277.35,277.4,276.15,276.8,276.65,0.1,-0.05,99046.0,2740129.96,346342.0,
AU.SHF,20170726,276.8,276.65,276.1,276.5,274.15,274.4,275.35,-2.25,-1.3,142662.0,3928255.71,350512.0,
AU.SHF,20170727,274.4,275.35,274.8,278.05,274.6,277.6,276.75,2.25,1.4,164112.0,4541847.77,342962.0,
AU.SHF,20170728,277.6,276.75,277.9,277.95,276.6,277.25,277.3,0.5,0.55,149302.0,4140851.02,338706.0,
AU.SHF,20170731,277.25,277.3,277.95,278.95,277.65,278.05,278.35,0.75,1.05,147076.0,4094454.07,339218.0,
AU.SHF,20170801,278.05,278.35,278.3,278.5,277.75,278.0,278.15,-0.35,-0.2,92472.0,2572266.46,345998.0,
AU.SHF,20170802,278.0,278.15,278.0,279.05,277.55,277.95,278.25,-0.2,0.1,160750.0,4473550.48,349628.0,
AU.SHF,20170803,277.95,278.25,277.6,278.8,276.6,276.9,277.65,-1.35,-0.6,147540.0,4096947.01,351140.0,
AU.SHF,20170804,276.9,277.65,277.55,278.55,277.4,278.45,278.0,0.8,0.35,143116.0,3978841.1,359734.0,
AU.SHF,20170807,278.45,278.0,277.0,277.25,275.65,275.95,276.25,-2.05,-1.75,175064.0,4836562.29,353954.0,
AU.SHF,20170808,275.95,276.25,275.85,276.5,275.35,275.7,275.95,-0.55,-0.3,112310.0,3099280.15,353302.0,
AU.SHF,20170809,275.7,275.95,276.2,277.6,274.15,276.45,275.7,0.5,-0.25,186480.0,5141824.09,353536.0,
AU.SHF,20170810,276.45,275.7,278.1,278.8,277.4,278.45,278.0,2.75,2.3,187428.0,5210566.27,350424.0,
AU.SHF,20170811,278.45,278.0,279.35,280.3,278.85,279.85,279.6,1.85,1.6,222826.0,6230685.91,355820.0,
AU.SHF,20170814,279.85,279.6,279.75,280.3,278.55,279.75,279.6,0.15,0.0,175078.0,4895459.71,355662.0,
AU.SHF,20170815,279.75,279.6,278.9,279.75,277.0,277.85,278.2,-1.75,-1.4,182520.0,5078304.66,348620.0,
AU.SHF,20170816,277.85,278.2,276.55,277.9,276.35,276.95,277.15,-1.25,-1.05,119916.0,3323497.97,347326.0,
AU.SHF,20170817,276.95,277.15,277.1,280.45,276.65,279.95,278.9,2.8,1.75,192184.0,5360161.15,352070.0,
AU.SHF,20170818,279.95,278.9,279.45,280.5,278.75,280.5,279.75,1.6,0.85,144594.0,4045713.05,360176.0,
AU.SHF,20170821,280.5,279.75,281.8,282.6,278.75,279.7,280.5,-0.05,0.75,238136.0,6680697.57,361748.0,
AU.SHF,20170822,279.7,280.5,279.8,280.95,279.0,279.1,280.05,-1.4,-0.45,149470.0,4185978.74,358624.0,
AU.SHF,20170823,279.1,280.05,279.65,280.4,278.35,279.15,279.15,-0.9,-0.9,148734.0,4151927.66,354190.0,
AU.SHF,20170824,279.15,279.15,279.75,279.9,279.05,279.25,279.5,0.1,0.35,119042.0,3327273.04,355920.0,
AU.SHF,20170825,279.25,279.5,279.3,279.75,278.6,279.05,279.05,-0.45,-0.45,111830.0,3120827.54,358560.0,
AU.SHF,20170828,279.05,279.05,278.95,280.9,276.5,280.45,279.2,1.4,0.15,263900.0,7368201.64,358164.0,
AU.SHF,20170829,280.45,279.2,280.3,283.8,279.75,283.8,282.25,4.6,3.05,215014.0,6068990.91,369830.0,
AU.SHF,20170830,283.8,282.25,283.8,284.3,280.25,280.35,282.2,-1.9,-0.05,220274.0,6216554.88,358480.0,
AU.SHF,20170831,280.35,282.2,280.35,281.3,279.2,279.9,280.3,-2.3,-1.9,141360.0,3962580.14,358378.0,
AU.SHF,20170901,279.9,280.3,280.9,282.65,280.7,281.8,281.9,1.5,1.6,173324.0,4886238.16,357650.0,
AU.SHF,20170904,281.8,281.9,282.25,285.0,281.2,284.2,283.0,2.3,1.1,248002.0,7019227.01,358922.0,
AU.SHF,20170905,284.2,283.0,283.2,284.05,282.75,283.65,283.4,0.65,0.4,118342.0,3353946.8,359688.0,
AU.SHF,20170906,283.65,283.4,282.9,284.45,282.85,284.1,283.75,0.7,0.35,167572.0,4755585.88,356580.0,
AU.SHF,20170907,284.1,283.75,283.9,284.1,282.4,283.05,283.2,-0.7,-0.55,171472.0,4856644.22,354744.0,
AU.SHF,20170908,283.05,283.2,283.65,283.95,282.75,283.7,283.4,0.5,0.2,234876.0,6657098.41,346738.0,
AU.SHF,20170911,283.7,283.4,283.25,283.85,281.75,282.4,282.95,-1.0,-0.45,205840.0,5824621.97,346546.0,
AU.SHF,20170912,282.4,282.95,282.3,282.75,280.9,281.1,281.8,-1.85,-1.15,138828.0,3912773.72,337000.0,
AU.SHF,20170913,281.1,281.8,281.2,282.05,281.05,281.5,281.6,-0.3,-0.2,105588.0,2973675.59,340730.0,
AU.SHF,20170914,281.5,281.6,281.8,282.05,280.55,281.15,281.15,-0.45,-0.45,152354.0,4283662.72,340358.0,
AU.SHF,20170915,281.15,281.15,281.75,282.9,281.4,282.45,282.15,1.3,1.0,148056.0,4178065.9,339532.0,
AU.SHF,20170918,282.45,282.15,281.8,281.95,279.75,279.85,280.85,-2.3,-1.3,166142.0,4666579.99,335756.0,
AU.SHF,20170919,279.85,280.85,279.65,280.3,278.85,279.8,279.7,-1.05,-1.15,146266.0,4091528.38,320598.0,
AU.SHF,20170920,279.8,279.7,279.65,280.35,279.45,280.05,280.05,0.35,0.35,93828.0,2627875.04,319206.0,
AU.SHF,20170921,280.05,280.05,280.05,280.95,277.5,277.5,279.0,-2.55,-1.05,196020.0,5469604.82,315744.0,
AU.SHF,20170922,277.5,279.0,276.7,278.0,276.55,277.95,277.2,-1.05,-1.8,152812.0,4236186.73,303544.0,
AU.SHF,20170925,277.95,277.2,277.2,277.85,277.0,277.6,277.4,0.4,0.2,101102.0,2804917.52,305276.0,
AU.SHF,20170926,277.6,277.4,278.0,282.15,277.75,281.8,280.6,4.4,3.2,209918.0,5890921.29,298340.0,
AU.SHF,20170927,281.8,280.6,280.15,281.2,279.05,279.2,280.05,-1.4,-0.55,177298.0,4965763.36,302816.0,
AU.SHF,20170928,279.2,280.05,278.55,278.95,277.35,277.7,278.05,-2.35,-2.0,157036.0,4366754.29,289274.0,
AU.SHF,20170929,277.7,278.05,278.05,279.05,277.75,278.9,278.4,0.85,0.35,99056.0,2757733.71,286592.0,
AU.SHF,20171009,278.9,278.4,276.4,277.6,276.1,276.75,277.05,-1.65,-1.35,96730.0,2680307.21,294948.0,
AU.SHF,20171010,276.75,277.05,276.65,277.3,276.4,276.65,276.75,-0.4,-0.3,89448.0,2475768.76,297970.0,
AU.SHF,20171011,276.65,276.75,276.65,277.3,275.85,276.1,276.5,-0.65,-0.25,102690.0,2839766.79,301148.0,
AU.SHF,20171012,276.1,276.5,276.35,277.5,275.5,277.1,276.6,0.6,0.1,106566.0,2948100.35,301212.0,
AU.SHF,20171013,277.1,276.6,276.75,277.5,276.3,277.2,276.9,0.6,0.3,81608.0,2259847.32,298044.0,
AU.SHF,20171016,277.2,276.9,277.75,278.85,277.3,278.7,278.0,1.8,1.1,122152.0,3395963.96,296106.0,
AU.SHF,20171017,278.7,278.0,279.0,279.05,277.0,277.25,277.75,-0.75,-0.25,132882.0,3691276.04,283332.0,
AU.SHF,20171018,277.25,277.75,276.75,276.95,276.1,276.15,276.55,-1.6,-1.2,109406.0,3025939.43,278086.0,
AU.SHF,20171019,276.15,276.55,275.95,276.45,275.2,275.7,275.7,-0.85,-0.85,108490.0,2991134.59,269550.0,
AU.SHF,20171020,275.7,275.7,276.2,276.9,275.8,276.05,276.25,0.35,0.55,116690.0,3223899.39,265528.0,
AU.SHF,20171023,276.05,276.25,276.0,276.05,274.8,274.9,275.3,-1.35,-0.95,123402.0,3397330.24,262902.0,
AU.SHF,20171024,274.9,275.3,274.7,276.25,274.45,275.8,275.5,0.5,0.2,102460.0,2823036.85,256802.0,
AU.SHF,20171025,275.8,275.5,275.35,275.45,274.5,274.55,274.9,-0.95,-0.6,105748.0,2907323.31,250284.0,
AU.SHF,20171026,274.55,274.9,274.4,275.85,274.4,275.8,275.35,0.9,0.45,127364.0,3507507.19,244458.0,
AU.SHF,20171027,275.8,275.35,275.2,275.65,273.65,273.95,274.4,-1.4,-0.95,146570.0,4022459.42,237496.0,
AU.SHF,20171030,273.95,274.4,273.65,274.8,273.65,274.3,274.3,-0.1,-0.1,132546.0,3635898.79,220844.0,
AU.SHF,20171031,274.3,274.3,274.25,275.15,274.15,274.5,274.6,0.2,0.3,129702.0,3562114.12,197174.0,
AU.SHF,20171101,274.5,274.6,273.9,274.15,273.1,273.9,273.55,-0.7,-1.05,107352.0,2936741.16,184966.0,
AU.SHF,20171102,273.9,273.55,273.8,274.2,273.0,274.0,273.75,0.45,0.2,82780.0,2266236.46,180296.0,
AU.SHF,20171103,274.0,273.75,273.7,274.8,273.5,274.0,274.05,0.25,0.3,81612.0,2236762.78,180534.0,
AU.SHF,20171106,274.0,274.05,274.1,274.65,272.8,273.4,273.6,-0.65,-0.45,95554.0,2614593.27,174718.0,
AU.SHF,20171107,273.4,273.6,273.75,275.4,273.55,274.75,274.45,1.15,0.85,81728.0,2243292.37,163132.0,
AU.SHF,20171108,274.75,274.45,274.8,275.05,273.9,274.8,274.65,0.35,0.2,63420.0,1741870.5,160210.0,
AU.SHF,20171109,274.8,274.65,275.1,276.15,275.05,275.75,275.55,1.1,0.9,82990.0,2287020.4,144354.0,
AU.SHF,20171110,275.75,279.75,280.9,281.2,280.3,280.85,280.8,1.1,1.05,58324.0,1637887.5,161310.0,
AU.SHF,20171113,280.85,280.8,281.1,281.15,279.3,279.65,279.9,-1.15,-0.9,43774.0,1225399.56,160978.0,
AU.SHF,20171114,279.65,279.9,279.8,280.15,279.2,279.3,279.5,-0.6,-0.4,36148.0,1010408.81,163660.0,
AU.SHF,20171115,279.3,279.5,278.85,280.3,278.25,279.8,279.45,0.3,-0.05,82062.0,2293575.86,167836.0,
AU.SHF,20171116,279.8,279.45,280.2,280.65,278.85,279.15,279.7,-0.3,0.25,109230.0,3055219.91,170206.0,
AU.SHF,20171117,279.15,279.7,279.35,280.1,279.05,280.1,279.6,0.4,-0.1,83458.0,2333806.95,177048.0,
AU.SHF,20171120,280.1,279.6,280.0,284.15,279.9,281.65,281.15,2.05,1.55,124816.0,3509348.38,198364.0,
AU.SHF,20171121,281.65,281.15,281.6,282.0,279.1,279.9,280.35,-1.25,-0.8,125686.0,3523757.62,194856.0,
AU.SHF,20171122,279.9,280.35,279.35,280.6,279.25,279.95,279.8,-0.4,-0.55,98470.0,2755622.6,197390.0,
AU.SHF,20171123,279.95,279.8,280.15,280.95,279.85,280.1,280.3,0.3,0.5,92712.0,2599057.27,200858.0,
AU.SHF,20171124,280.1,280.3,280.15,280.45,279.5,280.45,280.05,0.15,-0.25,61598.0,1725257.52,203922.0,
AU.SHF,20171127,280.45,280.05,280.05,280.5,279.65,280.45,280.1,0.4,0.05,75548.0,2116120.63,208924.0,
AU.SHF,20171128,280.45,280.1,281.25,282.4,281.0,281.55,281.55,1.45,1.45,141338.0,3979982.7,234998.0,
AU.SHF,20171129,281.55,281.55,281.75,282.05,280.65,281.75,281.5,0.2,-0.05,89514.0,2520049.58,235040.0,
AU.SHF,20171130,281.75,281.5,281.55,281.6,279.3,279.55,280.25,-1.95,-1.25,160322.0,4493376.32,219304.0,
AU.SHF,20171201,279.55,280.25,279.35,279.35,277.4,277.75,278.2,-2.5,-2.05,116132.0,3231250.95,223136.0,
AU.SHF,20171204,277.75,278.2,277.6,279.95,276.7,277.55,278.05,-0.65,-0.15,158454.0,4406010.28,228100.0,
AU.SHF,20171205,277.55,278.05,277.3,278.3,277.25,277.7,277.65,-0.35,-0.4,77562.0,2153550.8,232240.0,
AU.SHF,20171206,277.7,277.65,277.55,277.7,275.1,276.05,276.1,-1.6,-1.55,151124.0,4173057.53,239546.0,
AU.SHF,20171207,276.05,276.1,275.85,276.35,273.45,274.15,275.0,-1.95,-1.1,128306.0,3528834.09,251254.0,
AU.SHF,20171208,274.15,275.0,273.65,273.95,272.05,272.35,272.9,-2.65,-2.1,115350.0,3147986.82,264838.0,
AU.SHF,20171211,272.35,272.9,272.25,273.2,271.5,272.55,272.3,-0.35,-0.6,112536.0,3064864.49,265648.0,
AU.SHF,20171212,272.55,272.3,272.9,272.9,271.25,271.9,271.9,-0.4,-0.4,77378.0,2103991.52,269106.0,
AU.SHF,20171213,271.9,271.9,271.6,272.05,270.9,271.85,271.45,-0.05,-0.45,77742.0,2110667.1,267944.0,
AU.SHF,20171214,271.85,271.45,271.75,275.15,271.6,274.25,273.5,2.8,2.05,148848.0,4071306.9,262238.0,
AU.SHF,20171215,274.25,273.5,274.1,274.6,273.5,274.25,273.95,0.75,0.45,84622.0,2318595.72,264592.0,
AU.SHF,20171218,274.25,273.95,274.75,275.3,273.7,274.4,274.35,0.45,0.4,110138.0,3022008.7,265180.0,
AU.SHF,20171219,274.4,274.35,274.95,275.9,274.45,275.55,275.1,1.2,0.75,107556.0,2958880.23,264386.0,
AU.SHF,20171220,275.55,275.1,275.35,275.5,274.8,274.95,275.1,-0.15,0.0,73426.0,2020291.38,262544.0,
AU.SHF,20171221,274.95,275.1,275.15,275.3,274.35,274.7,274.75,-0.4,-0.35,87822.0,2412976.37,265840.0,
AU.SHF,20171222,274.7,274.75,274.5,275.05,274.25,274.9,274.65,0.15,-0.1,64172.0,1762789.1,266088.0,
AU.SHF,20171225,274.9,274.65,275.25,276.75,274.9,276.6,275.9,1.95,1.25,85190.0,2350667.74,262910.0,
AU.SHF,20171226,276.6,275.9,276.45,276.6,275.6,276.5,276.25,0.6,0.35,41718.0,1152615.24,262238.0,
AU.SHF,20171227,276.5,276.25,276.5,277.2,276.3,277.15,276.8,0.9,0.55,71938.0,1991375.06,255188.0,
AU.SHF,20171228,277.15,276.8,277.45,278.55,277.35,278.05,277.9,1.25,1.1,75412.0,2095758.85,253730.0,
AU.SHF,20171229,278.05,277.9,278.0,278.3,277.45,277.8,277.9,-0.1,0.0,70460.0,1958330.02,247600.0,
AU.SHF,20180102,277.8,277.9,279.55,279.9,278.95,279.4,279.2,1.5,1.3,54760.0,1529105.87,255972.0,
AU.SHF,20180103,279.4,279.2,279.8,281.45,279.45,280.35,280.4,1.15,1.2,120498.0,3379331.4,269758.0,
AU.SHF,20180104,280.35,280.4,280.25,280.5,278.35,279.0,279.3,-1.4,-1.1,115606.0,3229031.02,268078.0,
AU.SHF,20180105,279.0,279.3,279.3,280.5,278.4,279.85,279.7,0.55,0.4,131968.0,3691152.04,271418.0,
AU.SHF,20180108,279.85,279.7,279.55,280.8,279.05,280.2,279.95,0.5,0.25,122670.0,3434356.25,265332.0,
AU.SHF,20180109,280.2,279.95,280.35,281.0,280.0,280.55,280.5,0.6,0.55,97146.0,2725383.24,269750.0,
AU.SHF,20180110,280.55,280.5,280.6,280.85,279.75,279.95,280.15,-0.55,-0.35,100630.0,2819623.59,275136.0,
AU.SHF,20180111,279.95,280.15,281.7,281.85,280.5,280.85,281.1,0.7,0.95,107986.0,3035916.5,277640.0,
AU.SHF,20180112,280.85,281.1,280.95,281.8,280.55,281.55,281.15,0.45,0.05,107150.0,3013036.79,281512.0,
AU.SHF,20180115,281.55,281.15,281.7,282.6,280.05,282.05,281.75,0.9,0.6,154100.0,4342302.75,281200.0,
AU.SHF,20180116,282.05,281.75,282.25,282.35,281.5,281.65,281.9,-0.1,0.15,73686.0,2077222.23,278914.0,
AU.SHF,20180117,281.65,281.9,281.05,281.9,280.55,280.8,281.1,-1.1,-0.8,120036.0,3374587.39,277878.0,
AU.SHF,20180118,280.8,281.1,280.95,281.0,278.65,279.25,279.65,-1.85,-1.45,120704.0,3375661.71,275960.0,
AU.SHF,20180119,279.25,279.65,278.8,279.4,277.9,278.35,278.65,-1.3,-1.0,123998.0,3455389.51,275066.0,
AU.SHF,20180122,278.35,278.65,278.9,279.15,278.45,278.5,278.85,-0.15,0.2,91784.0,2559424.6,274708.0,
AU.SHF,20180123,278.5,278.85,278.9,279.6,278.6,279.4,279.1,0.55,0.25,106384.0,2969343.66,282894.0,
AU.SHF,20180124,279.4,279.1,279.65,280.7,279.15,280.7,279.8,1.6,0.7,129994.0,3637826.29,289142.0,
AU.SHF,20180125,280.7,279.8,281.25,282.1,280.75,281.75,281.4,1.95,1.6,147606.0,4154306.48,289750.0,
AU.SHF,20180126,281.75,281.4,280.65,281.25,279.15,279.95,280.2,-1.45,-1.2,160632.0,4501325.7,289436.0,
AU.SHF,20180129,279.95,280.2,279.4,280.0,278.55,278.7,279.25,-1.5,-0.95,116526.0,3254403.8,295796.0,
AU.SHF,20180130,278.7,279.25,278.25,278.75,276.2,276.35,277.45,-2.9,-1.8,142162.0,3944542.87,298672.0,
AU.SHF,20180131,276.35,277.45,277.55,278.05,276.45,276.6,277.1,-0.85,-0.35,130220.0,3608747.27,294800.0,
AU.SHF,20180201,276.6,277.1,276.1,276.8,275.6,276.05,276.15,-1.05,-0.95,107992.0,2982506.6,291744.0,
AU.SHF,20180202,276.05,276.15,275.85,276.85,275.6,276.4,276.25,0.25,0.1,95114.0,2627975.3,295254.0,
AU.SHF,20180205,276.4,276.25,276.15,276.5,273.75,274.0,274.65,-2.25,-1.6,179670.0,4935017.64,302310.0,
AU.SHF,20180206,274.0,274.65,274.3,277.4,273.8,276.0,275.7,1.35,1.05,165138.0,4552878.83,308226.0,
AU.SHF,20180207,276.0,275.7,274.95,274.95,271.65,272.3,273.05,-3.4,-2.65,173706.0,4743367.44,308076.0,
AU.SHF,20180208,272.3,273.05,271.65,272.15,270.35,271.7,271.25,-1.35,-1.8,169214.0,4590483.72,312778.0,
AU.SHF,20180209,271.7,271.25,272.3,274.5,271.8,273.05,272.95,1.8,1.7,153838.0,4199119.43,314210.0,
AU.SHF,20180212,273.05,272.95,271.85,273.1,270.85,272.9,272.0,-0.05,-0.95,165634.0,4505411.93,319818.0,
AU.SHF,20180213,272.9,272.0,272.7,274.35,272.65,274.25,273.5,2.25,1.5,106204.0,2904825.76,315230.0,
AU.SHF,20180214,274.25,273.5,274.65,276.15,273.55,276.1,275.0,2.6,1.5,101596.0,2793963.33,307424.0,
AU.SHF,20180222,276.1,275.0,274.7,274.8,273.3,273.65,273.85,-1.35,-1.15,69122.0,1893221.23,313768.0,
AU.SHF,20180223,273.65,273.85,274.0,275.0,274.0,274.6,274.45,0.75,0.6,89858.0,2466595.58,321220.0,
AU.SHF,20180226,274.6,274.45,275.05,275.95,274.1,275.85,275.05,1.4,0.6,105090.0,2890647.88,328434.0,
AU.SHF,20180227,275.85,275.05,275.25,275.6,274.05,274.4,274.7,-0.65,-0.35,109948.0,3020738.08,324142.0,
AU.SHF,20180228,274.4,274.7,274.35,274.4,271.7,272.05,272.75,-2.65,-1.95,164380.0,4484251.24,328194.0,
AU.SHF,20180301,272.05,272.75,272.35,272.75,271.35,271.7,272.05,-1.05,-0.7,96650.0,2629526.33,330226.0,
AU.SHF,20180302,271.7,272.05,270.95,273.05,270.7,272.7,271.9,0.65,-0.15,176954.0,4811713.03,336474.0,
AU.SHF,20180305,272.7,271.9,273.3,273.9,272.45,273.65,273.35,1.75,1.45,128004.0,3499444.62,333908.0,
AU.SHF,20180306,273.65,273.35,273.35,273.5,272.35,273.3,273.0,-0.05,-0.35,81380.0,2221775.56,334266.0,
AU.SHF,20180307,273.3,273.0,273.7,275.3,273.6,274.5,274.55,1.5,1.55,159050.0,4367158.06,328022.0,
AU.SHF,20180308,274.5,274.55,274.0,274.35,273.15,274.0,273.8,-0.55,-0.75,130368.0,3569692.5,333818.0,
AU.SHF,20180309,274.0,273.8,273.75,274.15,272.25,272.55,273.1,-1.25,-0.7,119300.0,3258362.0,334198.0,
AU.SHF,20180312,272.55,273.1,272.4,273.25,271.45,272.5,272.35,-0.6,-0.75,155822.0,4244461.54,331402.0,
AU.SHF,20180313,272.5,272.35,271.8,272.9,271.65,272.3,272.2,-0.05,-0.15,91312.0,2485678.59,336476.0,
AU.SHF,20180314,272.3,272.2,273.0,273.6,271.9,272.75,272.9,0.55,0.7,144588.0,3946290.13,334406.0,
AU.SHF,20180315,272.75,272.9,272.2,272.85,272.0,272.5,272.35,-0.4,-0.55,86940.0,2368103.74,334692.0,
AU.SHF,20180316,272.5,272.35,271.75,271.9,270.9,271.35,271.45,-1.0,-0.9,112028.0,3041103.8,335706.0,
AU.SHF,20180319,271.35,271.45,271.5,271.6,269.65,270.05,270.6,-1.4,-0.85,133874.0,3622746.52,339980.0,
AU.SHF,20180320,270.05,270.6,270.55,271.5,270.3,271.2,270.95,0.6,0.35,94422.0,2558391.59,339400.0,
AU.SHF,20180321,271.2,270.95,270.45,271.3,269.9,271.15,270.55,0.2,-0.4,104436.0,2825643.47,338814.0,
AU.SHF,20180322,271.15,270.55,271.6,274.25,271.55,273.5,272.75,2.95,2.2,214702.0,5856792.39,336210.0,
AU.SHF,20180323,273.5,272.75,274.2,276.55,273.3,276.5,275.05,3.75,2.3,222076.0,6108748.39,338094.0,
AU.SHF,20180326,276.5,275.05,276.9,277.25,275.85,276.15,276.65,1.1,1.6,176800.0,4891311.03,332560.0,
AU.SHF,20180327,276.15,276.65,275.45,276.65,275.35,275.8,275.9,-0.85,-0.75,132922.0,3667319.23,330844.0,
AU.SHF,20180328,275.8,275.9,274.3,275.15,273.95,274.2,274.55,-1.7,-1.35,137984.0,3788638.67,325736.0,
AU.SHF,20180329,274.2,274.55,273.45,273.7,270.95,271.05,272.2,-3.5,-2.35,197124.0,5366623.36,316296.0,
AU.SHF,20180330,271.05,272.2,271.0,271.6,270.85,271.55,271.2,-0.65,-1.0,77390.0,2099143.82,316812.0,
AU.SHF,20180402,271.55,271.2,271.65,272.35,271.3,271.75,271.7,0.55,0.5,73540.0,1998432.62,315638.0,
AU.SHF,20180403,271.75,271.7,272.5,274.6,272.3,273.75,273.35,2.05,1.65,159884.0,4370786.16,309224.0,
AU.SHF,20180404,273.75,273.35,273.35,273.5,271.6,273.4,272.65,0.05,-0.7,139306.0,3798768.99,308904.0,
AU.SHF,20180409,273.4,272.65,273.0,273.2,272.4,272.55,272.75,-0.1,0.1,63718.0,1738044.71,309468.0,
AU.SHF,20180410,272.55,272.75,273.35,274.15,272.4,272.7,273.1,-0.05,0.35,119642.0,3267949.39,309026.0,
AU.SHF,20180411,272.7,273.1,273.35,274.35,272.75,274.3,273.6,1.2,0.5,144666.0,3958098.94,317112.0,
AU.SHF,20180412,274.3,273.6,275.9,276.8,274.35,275.2,275.45,1.6,1.85,281170.0,7745979.86,313048.0,
AU.SHF,20180413,275.2,275.45,274.4,274.65,272.65,273.15,273.6,-2.3,-1.85,170916.0,4676394.09,305098.0,
AU.SHF,20180416,273.15,273.6,273.2,274.9,272.9,274.25,274.15,0.65,0.55,175852.0,4821265.64,306138.0,
AU.SHF,20180417,274.25,274.15,274.25,274.85,273.85,274.65,274.4,0.5,0.25,109886.0,3015510.66,304832.0,
AU.SHF,20180418,274.65,274.4,273.15,274.75,273.05,274.5,274.0,0.1,-0.4,123876.0,3394351.33,298582.0,
AU.SHF,20180419,274.5,274.0,275.6,275.8,274.55,275.2,275.05,1.2,1.05,155956.0,4289846.46,296316.0,
AU.SHF,20180420,275.2,275.05,274.35,274.75,273.5,273.85,274.1,-1.2,-0.95,142614.0,3909127.37,293800.0,
AU.SHF,20180423,273.85,274.1,273.65,273.65,272.0,272.55,272.75,-1.55,-1.35,185234.0,5052721.87,274708.0,
AU.SHF,20180424,272.55,272.75,271.5,272.2,271.05,271.85,271.7,-0.9,-1.05,154496.0,4198038.21,254386.0,
AU.SHF,20180425,271.85,271.7,271.65,272.65,271.5,271.6,272.0,-0.1,0.3,134470.0,3657827.15,239004.0,
AU.SHF,20180426,271.6,272.0,271.3,272.05,271.2,271.9,271.65,-0.1,-0.35,112116.0,3045954.57,216630.0,
AU.SHF,20180427,271.9,271.65,271.6,271.75,270.65,271.15,271.05,-0.5,-0.6,167128.0,4530830.44,188628.0,
AU.SHF,20180502,271.15,271.05,269.35,270.55,268.6,270.4,270.05,-0.65,-1.0,80522.0,2174704.87,164692.0,
AU.SHF,20180503,270.4,273.95,273.8,274.9,273.35,274.15,274.1,0.2,0.15,98418.0,2697969.3,234414.0,
AU.SHF,20180504,274.15,274.1,275.05,275.15,274.05,274.3,274.5,0.2,0.4,89614.0,2459996.16,265590.0,
AU.SHF,20180507,274.3,274.5,275.0,275.75,274.35,275.15,275.05,0.65,0.55,94876.0,2609567.02,276690.0,
AU.SHF,20180508,275.15,275.05,275.25,275.45,274.75,274.95,275.05,-0.1,0.0,89848.0,2471645.83,286166.0,
AU.SHF,20180509,274.95,275.05,274.6,275.95,273.95,274.6,274.75,-0.45,-0.3,145340.0,3993590.22,293528.0,
AU.SHF,20180510,274.6,274.75,275.1,275.55,274.65,274.8,275.0,0.05,0.25,112892.0,3104851.1,293762.0,
AU.SHF,20180511,274.8,275.0,275.7,275.75,274.75,275.2,275.2,0.2,0.2,98314.0,2705629.53,295562.0,
AU.SHF,20180514,275.2,275.2,275.7,275.7,275.0,275.15,275.2,-0.05,0.0,68000.0,1871682.96,298542.0,
AU.SHF,20180515,275.15,275.2,275.0,275.2,273.6,273.8,274.3,-1.4,-0.9,84694.0,2323463.73,305570.0,
AU.SHF,20180516,273.8,274.3,272.0,272.05,270.55,271.25,271.25,-3.05,-3.05,143926.0,3904037.73,312868.0,
AU.SHF,20180517,271.25,271.25,270.1,270.8,269.75,269.85,270.35,-1.4,-0.9,112742.0,3048241.38,319894.0,
AU.SHF,20180518,269.85,270.35,270.0,270.45,269.9,270.3,270.15,-0.05,-0.2,87276.0,2358085.8,321724.0,
AU.SHF,20180521,270.3,270.15,270.05,271.15,269.45,269.5,270.35,-0.65,0.2,131962.0,3568036.45,326826.0,
AU.SHF,20180522,269.5,270.35,270.15,270.8,270.0,270.25,270.35,-0.1,0.0,101034.0,2731615.15,325632.0,
AU.SHF,20180523,270.25,270.35,270.8,270.85,270.2,270.5,270.55,0.15,0.2,105426.0,2852490.81,331526.0,
AU.SHF,20180524,270.5,270.55,271.15,272.3,270.65,272.25,271.4,1.7,0.85,150568.0,4086732.7,335882.0,
AU.SHF,20180525,272.25,271.4,272.6,273.85,272.25,273.55,273.3,2.15,1.9,137342.0,3753775.34,332452.0,
AU.SHF,20180528,273.55,273.3,274.1,274.3,272.15,272.35,273.05,-0.95,-0.25,126806.0,3462936.37,330022.0,
AU.SHF,20180529,272.35,273.05,273.0,273.65,272.65,273.25,273.25,0.2,0.2,82968.0,2267382.57,334188.0,
AU.SHF,20180530,273.25,273.25,273.5,274.95,272.8,274.15,274.05,0.9,0.8,183800.0,5037608.25,339926.0,
AU.SHF,20180531,274.15,274.05,274.4,274.55,273.8,274.5,274.15,0.45,0.1,93610.0,2566781.47,336208.0,
AU.SHF,20180601,274.5,274.15,274.1,275.0,273.3,273.85,274.0,-0.3,-0.15,122792.0,3364857.91,336106.0,
AU.SHF,20180604,273.85,274.0,272.65,273.65,272.3,272.4,272.85,-1.6,-1.15,103898.0,2835195.43,338088.0,
AU.SHF,20180605,272.4,272.85,273.0,273.0,271.65,271.9,272.2,-0.95,-0.65,84728.0,2306361.88,343162.0,
AU.SHF,20180606,271.9,272.2,272.0,273.35,271.7,272.4,272.45,0.2,0.25,109980.0,2996891.94,345328.0,
AU.SHF,20180607,272.4,272.45,272.4,272.85,271.8,272.15,272.25,-0.3,-0.2,79982.0,2177581.8,344840.0,
AU.SHF,20180608,272.15,272.25,272.7,272.75,271.8,272.1,272.2,-0.15,-0.05,106106.0,2888387.62,348568.0,
AU.SHF,20180611,272.1,272.2,272.65,273.35,272.35,272.7,272.8,0.5,0.6,111914.0,3053087.54,356314.0,
AU.SHF,20180612,272.7,272.8,272.8,273.45,272.2,272.4,272.75,-0.4,-0.05,104024.0,2837583.31,357462.0,
AU.SHF,20180613,272.4,272.75,272.0,272.9,271.95,272.1,272.3,-0.65,-0.45,79628.0,2168525.51,360928.0,
AU.SHF,20180614,272.1,272.3,272.2,273.35,271.95,273.35,272.5,1.05,0.2,126162.0,3437947.73,364768.0,
AU.SHF,20180615,273.35,272.5,274.3,274.4,273.25,273.65,273.8,1.15,1.3,133752.0,3662684.17,363320.0,
AU.SHF,20180619,273.65,273.8,271.0,271.5,270.75,271.4,271.2,-2.4,-2.6,87632.0,2376663.3,367284.0,
AU.SHF,20180620,271.4,271.2,270.7,271.4,270.15,270.2,270.8,-1.0,-0.4,108996.0,2952073.9,366686.0,
AU.SHF,20180621,270.2,270.8,270.55,270.85,269.1,269.45,269.85,-1.35,-0.95,119712.0,3230430.44,375180.0,
AU.SHF,20180622,269.45,269.85,269.6,270.65,269.4,270.55,270.05,0.7,0.2,90424.0,2442074.48,370930.0,
AU.SHF,20180625,270.55,270.05,270.4,271.7,270.15,271.15,271.15,1.1,1.1,130972.0,3551320.21,365634.0,
AU.SHF,20180626,271.15,271.15,271.4,272.0,271.2,271.25,271.45,0.1,0.3,98760.0,2681155.93,365216.0,
AU.SHF,20180627,271.25,271.45,270.95,271.75,270.85,271.6,271.35,0.15,-0.1,111946.0,3038099.17,362252.0,
AU.SHF,20180628,271.6,271.35,271.5,271.9,270.9,270.9,271.5,-0.45,0.15,90456.0,2455886.66,361900.0,
AU.SHF,20180629,270.9,271.5,271.5,271.75,270.75,271.4,271.35,-0.1,-0.15,97584.0,2648164.88,363826.0,
AU.SHF,20180702,271.4,271.35,271.4,272.45,271.0,272.1,271.8,0.75,0.45,94590.0,2571137.43,361072.0,
AU.SHF,20180703,272.1,271.8,272.95,273.0,271.3,271.9,272.15,0.1,0.35,123536.0,3362623.57,352038.0,
AU.SHF,20180704,271.9,272.15,272.2,273.7,272.1,272.65,272.9,0.5,0.75,145476.0,3970670.36,351972.0,
AU.SHF,20180705,272.65,272.9,272.5,273.3,272.3,272.75,272.85,-0.15,-0.05,89982.0,2455281.5,343862.0,
AU.SHF,20180706,272.75,272.85,272.7,273.55,272.4,273.25,273.1,0.4,0.25,108998.0,2977086.45,346630.0,
AU.SHF,20180709,273.25,273.1,273.0,273.4,272.7,273.1,273.0,0.0,-0.1,88894.0,2427198.27,344640.0,
AU.SHF,20180710,273.1,273.0,273.2,273.3,271.55,272.0,272.35,-1.0,-0.65,95614.0,2604155.14,344388.0,
AU.SHF,20180711,272.0,272.35,272.15,273.05,271.85,272.85,272.55,0.5,0.2,101934.0,2778480.54,344000.0,
AU.SHF,20180712,272.85,272.55,273.1,273.3,271.75,271.9,272.45,-0.65,-0.1,94882.0,2585242.53,341722.0,
AU.SHF,20180713,271.9,272.45,271.8,272.35,271.6,271.7,271.9,-0.75,-0.55,68156.0,1853459.8,339684.0,
AU.SHF,20180716,271.7,271.9,272.1,272.45,271.7,272.05,272.05,0.15,0.15,69242.0,1883889.95,337846.0,
AU.SHF,20180717,272.05,272.05,271.55,271.75,270.75,271.55,271.15,-0.5,-0.9,99132.0,2688392.37,338666.0,
AU.SHF,20180718,271.55,271.15,271.25,271.4,268.6,269.05,269.65,-2.1,-1.5,181010.0,4881015.3,351572.0,
AU.SHF,20180719,269.05,269.65,269.5,270.35,269.2,270.3,269.75,0.65,0.1,105332.0,2841771.64,351492.0,
AU.SHF,20180720,270.3,269.75,269.3,271.1,269.2,270.65,270.3,0.9,0.55,132416.0,3579435.59,346960.0,
AU.SHF,20180723,270.65,270.3,271.5,272.3,271.45,271.9,271.8,1.6,1.5,107080.0,2910839.35,342204.0,
AU.SHF,20180724,271.9,271.8,272.1,272.2,271.5,271.7,271.9,-0.1,0.1,104896.0,2852346.54,336680.0,
AU.SHF,20180725,271.7,271.9,272.05,272.2,271.5,271.7,271.85,-0.2,-0.05,75446.0,2051355.22,333878.0,
AU.SHF,20180726,271.7,271.85,271.75,272.1,271.3,272.1,271.65,0.25,-0.2,94872.0,2577312.23,336058.0,
AU.SHF,20180727,272.1,271.65,271.65,272.1,271.3,271.5,271.65,-0.15,0.0,88686.0,2409175.84,330526.0,
AU.SHF,20180730,271.5,271.65,271.85,272.05,271.4,271.55,271.75,-0.1,0.1,77966.0,2118803.44,329178.0,
AU.SHF,20180731,271.55,271.75,271.7,271.9,271.3,271.65,271.6,-0.1,-0.15,67996.0,1846946.21,328600.0,
AU.SHF,20180801,271.65,271.6,271.35,271.55,270.15,271.45,271.05,-0.15,-0.55,122992.0,3333943.12,323160.0,
AU.SHF,20180802,271.45,271.05,270.85,271.55,270.5,270.75,270.8,-0.3,-0.25,93806.0,2540436.93,321780.0,
AU.SHF,20180803,270.75,270.8,271.3,271.4,269.9,270.2,270.4,-0.6,-0.4,86800.0,2347491.78,327244.0,
AU.SHF,20180806,270.2,270.4,270.25,271.2,270.0,270.25,270.45,-0.15,0.05,109278.0,2955612.49,326716.0,
AU.SHF,20180807,270.25,270.45,269.6,270.55,269.55,270.1,270.05,-0.35,-0.4,74168.0,2003211.43,326570.0,
AU.SHF,20180808,270.1,270.05,269.7,269.85,268.3,269.5,269.25,-0.55,-0.8,112194.0,3021015.28,327808.0,
AU.SHF,20180809,269.5,269.25,269.0,269.65,268.6,269.55,269.2,0.3,-0.05,87262.0,2349411.57,325766.0,
AU.SHF,20180810,269.55,269.2,269.35,269.75,269.1,269.4,269.45,0.2,0.25,81740.0,2202583.5,324408.0,
AU.SHF,20180813,269.4,269.45,270.15,270.7,269.95,270.1,270.25,0.65,0.8,113674.0,3072335.95,321382.0,
AU.SHF,20180814,270.1,270.25,269.05,269.15,267.5,267.65,268.2,-2.6,-2.05,148122.0,3972960.32,328546.0,
AU.SHF,20180815,267.65,268.2,268.0,268.4,267.0,267.4,267.65,-0.8,-0.55,97428.0,2607866.44,330308.0,
AU.SHF,20180816,267.4,267.65,267.25,267.45,262.7,264.0,264.95,-3.65,-2.7,237028.0,6280372.27,331350.0,
AU.SHF,20180817,264.0,264.95,264.0,264.65,263.25,263.4,263.8,-1.55,-1.15,130468.0,3442259.98,328950.0,
AU.SHF,20180820,263.4,263.8,263.55,265.15,263.4,265.15,264.2,1.35,0.4,91574.0,2419781.96,328496.0,
AU.SHF,20180821,265.15,264.2,265.1,266.45,264.8,266.35,265.6,2.15,1.4,94642.0,2513775.05,327710.0,
AU.SHF,20180822,266.35,265.6,265.9,266.55,265.0,266.25,265.75,0.65,0.15,103968.0,2763232.67,329224.0,
AU.SHF,20180823,266.25,265.75,267.0,267.2,266.15,266.2,266.55,0.45,0.8,89684.0,2390886.5,328654.0,
AU.SHF,20180824,266.2,266.55,266.7,266.8,265.55,266.3,266.2,-0.25,-0.35,82384.0,2193150.89,326320.0,
AU.SHF,20180827,266.3,266.2,265.9,267.65,265.8,267.45,267.0,1.25,0.8,125174.0,3342167.83,327476.0,
AU.SHF,20180828,267.45,267.0,267.5,268.35,267.25,268.3,267.8,1.3,0.8,79354.0,2125493.13,327890.0,
AU.SHF,20180829,268.3,267.8,268.05,268.15,266.05,267.05,267.15,-0.75,-0.65,93472.0,2497434.56,322534.0,
AU.SHF,20180830,267.05,267.15,267.5,267.85,267.05,267.45,267.45,0.3,0.3,77472.0,2071992.12,324556.0,
AU.SHF,20180831,267.45,267.45,268.05,268.1,266.6,267.8,267.4,0.35,-0.05,111716.0,2987721.2,324340.0,
AU.SHF,20180903,267.8,267.4,267.8,267.8,266.55,266.6,267.05,-0.8,-0.35,89258.0,2383892.12,322964.0,
AU.SHF,20180904,266.6,267.05,266.65,266.9,265.5,265.6,266.3,-1.45,-0.75,66944.0,1782809.02,324102.0,
AU.SHF,20180905,265.6,266.3,265.8,265.85,265.05,265.6,265.45,-0.7,-0.85,88146.0,2339966.52,323638.0,
AU.SHF,20180906,265.6,265.45,266.05,266.75,265.65,266.4,266.2,0.95,0.75,83454.0,2221725.74,326196.0,
AU.SHF,20180907,266.4,266.2,267.25,267.6,266.5,267.2,267.1,1.0,0.9,113874.0,3041907.89,325930.0,
AU.SHF,20180910,267.2,267.1,266.5,267.0,266.0,266.25,266.5,-0.85,-0.6,100898.0,2689272.06,325640.0,
AU.SHF,20180911,266.25,266.5,266.55,267.1,266.5,267.0,266.8,0.5,0.3,67076.0,1789735.57,326742.0,
AU.SHF,20180912,267.0,266.8,266.05,267.55,265.75,266.8,266.7,0.0,-0.1,99166.0,2644768.68,328944.0,
AU.SHF,20180913,266.8,266.7,266.85,268.2,266.7,268.1,267.5,1.4,0.8,116310.0,3111759.65,327278.0,
AU.SHF,20180914,268.1,267.5,268.35,269.05,267.1,268.65,268.15,1.15,0.65,142808.0,3829877.25,324634.0,
AU.SHF,20180917,268.65,268.15,268.15,268.15,267.1,267.35,267.5,-0.8,-0.65,105902.0,2833257.79,322062.0,
AU.SHF,20180918,267.35,267.5,267.8,268.5,267.6,267.65,268.0,0.15,0.5,91380.0,2449291.69,322214.0,
AU.SHF,20180919,267.65,268.0,268.25,268.45,267.2,267.95,267.8,-0.05,-0.2,77474.0,2074999.77,317102.0,
AU.SHF,20180920,267.95,267.8,268.5,268.65,267.75,268.2,268.2,0.4,0.4,87642.0,2350808.97,315952.0,
AU.SHF,20180921,268.2,268.2,268.45,269.35,267.95,269.05,268.5,0.85,0.3,95930.0,2576082.45,315608.0,
AU.SHF,20180925,269.05,268.5,267.9,268.0,267.35,267.95,267.7,-0.55,-0.8,56136.0,1502821.9,310406.0,
AU.SHF,20180926,267.95,267.7,268.2,268.7,268.0,268.35,268.35,0.65,0.65,70508.0,1892323.2,307950.0,
AU.SHF,20180927,268.35,268.35,267.65,268.5,267.15,267.4,267.6,-0.95,-0.75,107108.0,2866580.22,295658.0,
AU.SHF,20180928,267.4,267.6,266.2,266.2,264.85,264.9,265.55,-2.7,-2.05,132906.0,3529524.35,299278.0,
AU.SHF,20181008,264.9,265.55,269.7,269.95,268.0,268.65,268.6,3.1,3.05,77522.0,2082467.29,295844.0,
AU.SHF,20181009,268.65,268.6,267.4,268.25,267.2,267.9,267.85,-0.7,-0.75,106262.0,2846330.71,295220.0,
AU.SHF,20181010,267.9,267.85,267.55,268.2,267.2,267.9,267.8,0.05,-0.05,99802.0,2672974.53,296092.0,
AU.SHF,20181011,267.9,267.8,267.7,269.45,267.5,269.45,268.55,1.65,0.75,152014.0,4082425.18,304486.0,
AU.SHF,20181012,269.45,268.55,271.3,273.8,270.5,272.85,272.3,4.3,3.75,292244.0,7958756.37,303616.0,
AU.SHF,20181015,272.85,272.3,273.45,275.35,273.15,275.35,274.05,3.05,1.75,171490.0,4700137.58,305708.0,
AU.SHF,20181016,275.35,274.05,276.0,276.15,274.75,275.25,275.4,1.2,1.35,154004.0,4241737.11,299494.0,
AU.SHF,20181017,275.25,275.4,275.65,276.0,274.15,274.5,274.95,-0.9,-0.45,123992.0,3409345.72,286064.0,
AU.SHF,20181018,274.5,274.95,275.2,275.8,274.35,274.75,275.1,-0.2,0.15,135758.0,3735039.2,281456.0,
AU.SHF,20181019,274.75,275.1,275.4,277.2,275.1,276.05,276.2,0.95,1.1,185180.0,5114798.95,282884.0,
AU.SHF,20181022,276.05,276.2,276.2,276.35,275.6,275.85,275.9,-0.35,-0.3,110412.0,3046354.52,272184.0,
AU.SHF,20181023,275.85,275.9,275.65,277.0,275.0,276.95,275.75,1.05,-0.15,139484.0,3846827.8,270766.0,
AU.SHF,20181024,276.95,275.75,278.55,279.3,277.05,277.15,278.1,1.4,2.35,199308.0,5542865.81,260684.0,
AU.SHF,20181025,277.15,278.1,276.8,279.3,276.75,278.5,278.1,0.4,0.0,175852.0,4890769.8,261378.0,
AU.SHF,20181026,278.5,278.1,278.0,278.6,277.1,278.3,277.9,0.2,-0.2,148646.0,4130986.19,255512.0,
AU.SHF,20181029,278.3,277.9,278.4,280.45,277.85,277.85,278.8,-0.05,0.9,256378.0,7148521.32,243482.0,
AU.SHF,20181030,277.85,278.8,277.85,278.2,276.4,277.25,277.45,-1.55,-1.35,153456.0,4258329.91,231564.0,
AU.SHF,20181031,277.25,277.45,276.15,277.1,274.85,274.9,276.0,-2.55,-1.45,192764.0,5320462.58,204490.0,
AU.SHF,20181101,274.9,276.0,274.8,275.4,273.75,275.3,274.45,-0.7,-1.55,135758.0,3726219.49,183808.0,
AU.SHF,20181102,275.3,274.45,276.0,276.3,275.25,275.4,275.75,0.95,1.3,156600.0,4318743.02,170376.0,
AU.SHF,20181105,275.4,275.75,274.95,275.95,274.55,275.6,275.25,-0.15,-0.5,96254.0,2649730.42,161984.0,
AU.SHF,20181106,275.6,275.25,275.35,276.45,275.3,275.85,275.8,0.6,0.55,85740.0,2365036.43,154210.0,
AU.SHF,20181107,275.85,275.8,276.5,276.7,274.9,275.9,275.7,0.1,-0.1,104606.0,2884271.59,145810.0,
AU.SHF,20181108,275.9,280.25,280.5,280.55,279.2,279.4,279.7,-0.85,-0.55,58390.0,1633458.1,153170.0,
AU.SHF,20181109,279.4,279.7,279.4,279.75,278.6,278.7,279.15,-1.0,-0.55,65422.0,1826436.72,158670.0,
AU.SHF,20181112,278.7,279.15,278.8,278.8,276.4,276.55,277.1,-2.6,-2.05,119420.0,3309424.03,165534.0,
AU.SHF,20181113,276.55,277.1,276.5,276.6,275.35,275.45,275.95,-1.65,-1.15,96610.0,2666276.26,174342.0,
AU.SHF,20181114,275.45,275.95,275.1,275.85,274.95,275.5,275.4,-0.45,-0.55,115628.0,3184583.83,175884.0,
AU.SHF,20181115,275.5,275.4,275.15,277.1,274.55,277.05,275.85,1.65,0.45,108868.0,3003660.69,176682.0,
AU.SHF,20181116,277.05,275.85,276.65,277.55,276.05,277.5,277.1,1.65,1.25,124384.0,3446789.48,180530.0,
AU.SHF,20181119,277.5,277.1,277.75,279.0,277.7,278.25,278.45,1.15,1.35,148594.0,4137696.55,179998.0,
AU.SHF,20181120,278.25,278.45,278.5,279.4,278.45,279.3,278.9,0.85,0.45,102492.0,2858791.78,181606.0,
AU.SHF,20181121,279.3,278.9,279.9,280.35,278.75,279.0,279.35,0.1,0.45,124620.0,3481529.21,183092.0,
AU.SHF,20181122,279.0,279.35,279.2,280.15,278.7,279.65,279.5,0.3,0.15,103356.0,2889116.91,189156.0,
AU.SHF,20181123,279.65,279.5,279.9,280.1,279.5,279.65,279.8,0.15,0.3,64856.0,1814726.83,189188.0,
AU.SHF,20181126,279.65,279.8,279.25,279.8,278.8,279.5,279.3,-0.3,-0.5,103560.0,2892808.21,189378.0,
AU.SHF,20181127,279.5,279.3,279.55,279.75,278.75,278.9,279.1,-0.4,-0.2,87732.0,2448720.66,190296.0,
AU.SHF,20181128,278.9,279.1,279.35,279.65,277.25,277.55,278.15,-1.55,-0.95,146380.0,4071623.54,190172.0,
AU.SHF,20181129,277.55,278.15,277.45,279.7,277.1,279.55,278.55,1.4,0.4,153582.0,4278381.07,191218.0,
AU.SHF,20181130,279.55,278.55,279.9,280.2,279.2,279.45,279.65,0.9,1.1,107410.0,3003958.08,195186.0,
AU.SHF,20181203,279.45,279.65,279.0,279.45,278.2,278.35,278.65,-1.3,-1.0,156940.0,4373810.94,199242.0,
AU.SHF,20181204,278.35,278.65,278.6,279.45,278.3,278.35,278.85,-0.3,0.2,150018.0,4183521.06,201314.0,
AU.SHF,20181205,278.35,278.85,278.55,279.3,278.1,278.9,278.7,0.05,-0.15,107694.0,3001612.09,203354.0,
AU.SHF,20181206,278.9,278.7,279.0,280.55,278.75,279.9,279.9,1.2,1.2,147522.0,4129164.23,221702.0,
AU.SHF,20181207,279.9,279.9,279.95,281.4,279.85,280.25,280.6,0.35,0.7,173004.0,4855013.61,223782.0,
AU.SHF,20181210,280.25,280.6,280.8,283.15,280.4,283.1,281.85,2.5,1.25,235966.0,6650895.53,256096.0,
AU.SHF,20181211,283.1,281.85,282.65,283.1,282.2,282.65,282.55,0.8,0.7,124962.0,3530917.09,252018.0,
AU.SHF,20181212,282.65,282.55,282.3,282.45,281.1,281.2,281.7,-1.35,-0.85,122580.0,3453358.89,243264.0,
AU.SHF,20181213,281.2,281.7,281.4,281.85,280.55,280.8,281.1,-0.9,-0.6,94850.0,2666268.75,240564.0,
AU.SHF,20181214,280.8,281.1,280.5,281.05,280.1,280.35,280.6,-0.75,-0.5,96230.0,2700270.98,234402.0,
AU.SHF,20181217,280.35,280.6,280.25,280.85,279.7,280.2,280.15,-0.4,-0.45,99312.0,2782582.68,235298.0,
AU.SHF,20181218,280.2,280.15,280.6,282.4,280.55,281.9,281.55,1.75,1.4,100036.0,2816577.7,239150.0,
AU.SHF,20181219,281.9,281.55,281.95,282.8,281.85,282.55,282.35,1.0,0.8,98696.0,2786877.82,245630.0,
AU.SHF,20181220,282.55,282.35,282.3,284.35,281.65,282.15,282.8,-0.2,0.45,216128.0,6112665.1,253774.0,
AU.SHF,20181221,282.15,282.8,283.4,285.75,283.1,284.8,284.4,2.0,1.6,204216.0,5808363.66,263324.0,
AU.SHF,20181224,284.8,284.4,285.05,286.0,284.1,285.45,285.2,1.05,0.8,148724.0,4242223.38,261206.0,
AU.SHF,20181225,285.45,285.2,285.6,287.7,285.3,287.1,286.55,1.9,1.35,136042.0,3898679.69,264890.0,
AU.SHF,20181226,287.1,286.55,287.05,287.6,285.9,287.5,287.0,0.95,0.45,90834.0,2607212.68,263458.0,
AU.SHF,20181227,287.5,287.0,287.0,287.95,285.8,286.3,286.85,-0.7,-0.15,192058.0,5509877.76,253368.0,
AU.SHF,20181228,286.3,286.85,286.95,287.9,286.3,287.85,287.05,1.0,0.2,171054.0,4910448.11,251488.0,
AU.SHF,20190102,287.85,287.05,287.55,288.7,287.15,288.3,287.9,1.25,0.85,91402.0,2631719.51,254696.0,
AU.SHF,20190103,288.3,287.9,288.45,290.75,287.9,290.7,289.1,2.8,1.2,198374.0,5735943.44,264896.0,
AU.SHF,20190104,290.7,289.1,289.95,291.6,289.35,290.55,290.4,1.45,1.3,217562.0,6318682.25,265072.0,
AU.SHF,20190107,290.55,290.4,290.0,290.15,286.9,288.65,288.45,-1.75,-1.95,280434.0,8089133.62,259102.0,
AU.SHF,20190108,288.65,288.45,289.0,289.7,286.9,287.25,288.1,-1.2,-0.35,193804.0,5583961.37,262000.0,
AU.SHF,20190109,287.25,288.1,286.95,287.65,285.85,286.2,286.75,-1.9,-1.35,184668.0,5295495.65,264048.0,
AU.SHF,20190110,286.2,286.75,285.7,287.85,285.6,286.9,286.9,0.15,0.15,223516.0,6413709.16,275262.0,
AU.SHF,20190111,286.9,286.9,286.35,286.45,284.55,284.95,285.4,-1.95,-1.5,204814.0,5845628.19,279370.0,
AU.SHF,20190114,284.95,285.4,284.95,285.45,283.8,285.05,284.6,-0.35,-0.8,171396.0,4877963.87,284726.0,
AU.SHF,20190115,285.05,284.6,285.65,285.95,284.15,284.3,284.75,-0.3,0.15,168666.0,4803285.11,286962.0,
AU.SHF,20190116,284.3,284.75,284.75,285.5,284.25,284.6,284.8,-0.15,0.05,159836.0,4552787.34,297494.0,
AU.SHF,20190117,284.6,284.8,284.3,285.25,284.2,285.1,284.85,0.3,0.05,120016.0,3418942.81,304476.0,
AU.SHF,20190118,285.1,284.85,285.55,285.65,284.7,285.05,285.15,0.2,0.3,147008.0,4192370.84,309930.0,
AU.SHF,20190121,285.05,285.15,284.15,284.2,282.7,283.2,283.3,-1.95,-1.85,193586.0,5484952.93,308690.0,
AU.SHF,20190122,283.2,283.3,282.55,283.45,282.3,283.25,282.8,-0.05,-0.5,124106.0,3510069.78,306182.0,
AU.SHF,20190123,283.25,282.8,283.9,284.65,283.3,283.6,283.9,0.8,1.1,138716.0,3938212.61,306032.0,
AU.SHF,20190124,283.6,283.9,283.9,284.1,282.9,283.3,283.45,-0.6,-0.45,137742.0,3904404.71,303132.0,
AU.SHF,20190125,283.3,283.45,283.0,283.85,282.65,282.9,283.15,-0.55,-0.3,142372.0,4031798.65,304550.0,
AU.SHF,20190128,282.9,283.15,283.05,285.95,282.75,285.6,284.85,2.45,1.7,223994.0,6381348.52,312142.0,
AU.SHF,20190129,285.6,284.85,285.45,286.75,285.0,286.6,286.05,1.75,1.2,164764.0,4713796.09,305716.0,
AU.SHF,20190130,286.6,286.05,287.25,287.95,286.7,287.55,287.25,1.5,1.2,207730.0,5967131.02,310816.0,
AU.SHF,20190131,287.55,287.25,287.0,288.0,286.35,287.85,287.1,0.6,-0.15,153858.0,4417674.74,297038.0,
AU.SHF,20190201,287.85,287.1,288.4,289.3,287.8,289.2,288.4,2.1,1.3,150578.0,4343109.91,292324.0,
AU.SHF,20190211,289.2,288.4,288.6,289.2,288.15,288.75,288.8,0.35,0.4,87420.0,2524738.14,296758.0,
AU.SHF,20190212,288.75,288.8,288.15,289.15,287.85,288.85,288.55,0.05,-0.25,130022.0,3752046.57,300710.0,
AU.SHF,20190213,288.85,288.55,289.0,289.3,287.9,288.25,288.4,-0.3,-0.15,121432.0,3502189.24,302158.0,
AU.SHF,20190214,288.25,288.4,287.85,289.75,287.5,287.6,288.35,-0.8,-0.05,171608.0,4948371.92,304386.0,
AU.SHF,20190215,287.6,288.35,287.05,289.7,287.05,289.6,288.45,1.25,0.1,188342.0,5433571.71,315622.0,
AU.SHF,20190218,289.6,288.45,289.8,291.2,289.2,290.95,290.3,2.5,1.85,182550.0,5299902.99,328372.0,
AU.SHF,20190219,290.95,290.3,291.5,292.1,291.1,291.35,291.65,1.05,1.35,106198.0,3097331.26,329976.0,
AU.SHF,20190220,291.35,291.65,292.6,294.25,292.5,293.35,293.45,1.7,1.8,187480.0,5501876.97,335852.0,
AU.SHF,20190221,293.35,293.45,293.5,293.95,291.4,291.5,292.65,-1.95,-0.8,163306.0,4779593.2,333688.0,
AU.SHF,20190222,291.5,292.65,291.25,291.9,289.35,289.6,290.5,-3.05,-2.15,160092.0,4650847.6,325464.0,
AU.SHF,20190225,289.6,290.5,289.05,290.75,288.65,289.3,289.55,-1.2,-0.95,179152.0,5187607.78,320880.0,
AU.SHF,20190226,289.3,289.55,289.1,289.55,287.95,289.0,288.9,-0.55,-0.65,152828.0,4415491.13,319390.0,
AU.SHF,20190227,289.0,288.9,288.2,289.2,288.1,288.65,288.65,-0.25,-0.25,119290.0,3443493.24,315712.0,
AU.SHF,20190228,288.65,288.65,288.15,288.85,285.9,286.85,287.2,-1.8,-1.45,173762.0,4990464.84,310530.0,
AU.SHF,20190301,286.85,287.2,287.7,288.0,285.55,285.85,286.55,-1.35,-0.65,179312.0,5138373.04,308794.0,
AU.SHF,20190304,285.85,286.55,285.0,286.15,281.45,281.8,283.6,-4.75,-2.95,275324.0,7808887.48,308826.0,
AU.SHF,20190305,281.8,283.6,280.45,281.6,280.1,280.8,280.8,-2.8,-2.8,161400.0,4532874.25,310166.0,
AU.SHF,20190306,280.8,280.8,280.75,282.35,280.0,282.35,281.0,1.55,0.2,177812.0,4997335.0,313180.0,
AU.SHF,20190307,282.35,281.0,281.5,282.0,280.75,280.9,281.4,-0.1,0.4,145488.0,4094305.27,312876.0,
AU.SHF,20190308,280.9,281.4,281.6,283.75,280.75,283.55,282.15,2.15,0.75,203048.0,5729353.59,324006.0,
AU.SHF,20190311,283.55,282.15,283.7,285.5,283.35,284.75,284.65,2.6,2.5,207238.0,5899714.61,325180.0,
AU.SHF,20190312,284.75,284.65,284.35,284.65,283.2,284.2,283.9,-0.45,-0.75,158734.0,4506680.59,321462.0,
AU.SHF,20190313,284.2,283.9,284.45,285.75,283.75,285.65,284.9,1.75,1.0,131632.0,3750713.2,324048.0,
AU.SHF,20190314,285.65,284.9,285.9,286.4,285.0,285.1,285.7,0.2,0.8,146008.0,4171594.12,322946.0,
AU.SHF,20190315,285.1,285.7,284.35,285.3,282.95,284.9,283.95,-0.8,-1.75,207268.0,5886054.94,318490.0,
AU.SHF,20190318,284.9,283.95,284.95,285.55,283.95,285.2,284.75,1.25,0.8,138202.0,3935400.04,318934.0,
AU.SHF,20190319,285.2,284.75,285.75,286.3,285.0,285.95,285.75,1.2,1.0,135022.0,3858655.06,319634.0,
AU.SHF,20190320,285.95,285.75,286.25,286.8,285.3,285.55,285.95,-0.2,0.2,121822.0,3484080.69,319172.0,
AU.SHF,20190321,285.55,285.95,285.6,287.55,283.9,287.4,286.0,1.45,0.05,225440.0,6448708.28,319406.0,
AU.SHF,20190322,287.4,286.0,287.5,287.6,285.3,286.35,286.3,0.35,0.3,177166.0,5072566.1,320804.0,
AU.SHF,20190325,286.35,286.3,286.85,288.1,286.4,288.05,287.35,1.75,1.05,175704.0,5049460.55,324094.0,
AU.SHF,20190326,288.05,287.35,288.6,289.5,288.1,288.3,288.65,0.95,1.3,166586.0,4808905.35,327326.0,
AU.SHF,20190327,288.3,288.65,288.1,288.7,287.6,288.25,288.15,-0.4,-0.5,157278.0,4532307.03,326820.0,
AU.SHF,20190328,288.25,288.15,288.25,288.55,286.95,287.45,287.55,-0.7,-0.6,203166.0,5842160.51,318474.0,
AU.SHF,20190329,287.45,287.55,285.8,285.8,281.85,282.0,283.5,-5.55,-4.05,345786.0,9803457.45,293466.0,
AU.SHF,20190401,282.0,283.5,283.6,284.0,281.9,282.1,282.9,-1.4,-0.6,208964.0,5911738.36,294862.0,
AU.SHF,20190402,282.1,282.9,283.75,283.75,282.1,282.15,282.7,-0.75,-0.2,155618.0,4399750.11,299452.0,
AU.SHF,20190403,282.15,282.7,282.7,283.35,282.5,282.9,282.95,0.2,0.25,143928.0,4072539.53,296286.0,
AU.SHF,20190404,282.9,282.95,282.85,283.15,282.0,282.95,282.55,0.0,-0.4,145032.0,4098117.7,288068.0,
AU.SHF,20190408,282.95,282.55,283.0,284.3,283.0,284.15,283.8,1.6,1.25,80336.0,2280320.96,286980.0,
AU.SHF,20190409,284.15,283.8,285.2,285.35,283.7,284.4,284.45,0.6,0.65,134752.0,3833428.23,286894.0,
AU.SHF,20190410,284.4,284.45,285.4,285.85,284.9,285.8,285.35,1.35,0.9,149918.0,4278291.89,281210.0,
AU.SHF,20190411,285.8,285.35,285.5,286.9,285.35,286.15,286.15,0.8,0.8,160374.0,4589568.14,288986.0,
AU.SHF,20190412,286.15,286.15,284.0,284.7,282.9,283.3,283.75,-2.85,-2.4,198178.0,5623407.03,276936.0,
AU.SHF,20190415,283.3,283.75,282.55,283.45,281.6,281.75,282.3,-2.0,-1.45,160802.0,4539927.85,277430.0,
AU.SHF,20190416,281.75,282.3,281.25,282.2,280.9,281.5,281.5,-0.8,-0.8,123516.0,3477012.3,277222.0,
AU.SHF,20190417,281.5,281.5,280.45,280.55,279.65,280.0,279.95,-1.5,-1.55,191974.0,5375172.45,278806.0,
AU.SHF,20190418,280.0,279.95,279.5,279.65,277.8,278.2,278.75,-1.75,-1.2,144252.0,4021261.96,277184.0,
AU.SHF,20190419,278.2,278.75,278.85,279.85,278.7,279.5,279.35,0.75,0.6,108638.0,3034850.09,267830.0,
AU.SHF,20190422,279.5,279.35,279.75,280.85,279.4,280.3,280.15,0.95,0.8,93824.0,2628643.33,258194.0,
AU.SHF,20190423,280.3,280.15,280.3,280.55,278.9,279.0,279.65,-1.15,-0.5,114824.0,3211332.06,255178.0,
AU.SHF,20190424,279.0,279.65,278.3,279.6,277.9,278.85,278.7,-0.8,-0.95,146590.0,4085801.85,243696.0,
AU.SHF,20190425,278.85,278.7,279.45,280.9,278.75,280.4,280.05,1.7,1.35,153468.0,4298085.9,236054.0,
AU.SHF,20190426,280.4,280.05,281.05,281.95,280.6,281.45,281.25,1.4,1.2,171400.0,4821414.06,216692.0,
AU.SHF,20190429,281.45,281.25,281.7,282.35,281.3,281.3,281.85,0.05,0.6,144702.0,4078640.51,191132.0,
AU.SHF,20190430,281.3,281.85,281.15,281.9,280.35,281.55,281.1,-0.3,-0.75,118136.0,3321128.93,170426.0,
AU.SHF,20190506,281.55,284.25,287.95,288.0,285.65,286.25,286.35,2.0,2.1,58918.0,1687331.58,221368.0,
AU.SHF,20190507,286.25,286.35,284.8,286.3,284.6,285.7,285.65,-0.65,-0.7,66876.0,1910509.28,239488.0,
AU.SHF,20190508,285.7,285.65,285.5,287.45,285.4,287.15,286.7,1.5,1.05,91326.0,2618530.91,261550.0,
AU.SHF,20190509,287.15,286.7,287.7,287.95,286.1,287.2,286.8,0.5,0.1,104546.0,2998651.35,277116.0,
AU.SHF,20190510,287.2,286.8,288.0,288.9,287.05,287.25,287.85,0.45,1.05,152548.0,4391329.55,291046.0,
AU.SHF,20190513,287.25,287.85,288.9,289.6,288.15,289.2,288.9,1.35,1.05,152284.0,4399766.13,305696.0,
AU.SHF,20190514,289.2,288.9,290.9,293.9,290.9,292.75,292.95,3.85,4.05,226070.0,6623248.38,326770.0,
AU.SHF,20190515,292.75,292.95,293.1,293.3,291.0,291.25,292.1,-1.7,-0.85,172078.0,5027200.27,334372.0,
AU.SHF,20190516,291.25,292.1,293.15,293.25,291.6,292.35,292.35,0.25,0.25,156062.0,4562785.6,338104.0,
AU.SHF,20190517,292.35,292.35,291.0,291.85,290.15,291.7,291.0,-0.65,-1.35,164084.0,4775496.89,335548.0,
AU.SHF,20190520,291.7,291.0,291.1,291.35,289.15,289.4,289.85,-1.6,-1.15,157110.0,4553970.09,335976.0,
AU.SHF,20190521,289.4,289.85,289.85,290.25,288.65,289.15,289.4,-0.7,-0.45,129642.0,3752140.3,337886.0,
AU.SHF,20190522,289.15,289.4,288.45,289.1,287.7,288.9,288.55,-0.5,-0.85,121064.0,3493877.16,347260.0,
AU.SHF,20190523,288.9,288.55,289.2,289.75,288.9,289.35,289.3,0.8,0.75,107242.0,3102873.02,355696.0,
AU.SHF,20190524,289.35,289.3,290.9,291.8,290.55,291.1,291.2,1.8,1.9,182408.0,5311978.96,360482.0,
AU.SHF,20190527,291.1,291.2,291.05,291.45,290.2,291.25,291.0,0.05,-0.2,108838.0,3167382.79,358108.0,
AU.SHF,20190528,291.25,291.0,291.1,291.25,290.55,291.0,290.85,0.0,-0.15,65916.0,1917233.03,358546.0,
AU.SHF,20190529,291.0,290.85,290.2,291.5,289.55,291.45,290.35,0.6,-0.5,144184.0,4186912.92,366816.0,
AU.SHF,20190530,291.45,290.35,291.15,291.55,289.65,290.1,290.6,-0.25,0.25,146190.0,4248559.46,370280.0,
AU.SHF,20190531,290.1,290.6,290.7,293.55,290.5,293.45,292.2,2.85,1.6,210680.0,6156487.42,389780.0,
AU.SHF,20190603,293.45,292.2,294.2,297.1,293.8,296.7,295.55,4.5,3.35,244464.0,7225648.81,402048.0,
AU.SHF,20190604,296.7,295.55,297.7,300.1,296.95,299.75,298.65,4.2,3.1,238932.0,7136685.46,414088.0,
AU.SHF,20190605,299.75,298.65,299.1,301.9,298.75,301.7,300.0,3.05,1.35,255926.0,7677949.24,428600.0,
AU.SHF,20190606,301.7,300.0,302.85,303.7,300.25,301.7,301.75,1.7,1.75,314902.0,9502305.6,426302.0,
AU.SHF,20190610,301.7,301.75,302.55,302.6,300.4,300.85,301.25,-0.9,-0.5,136076.0,4099479.11,426286.0,
AU.SHF,20190611,300.85,301.25,301.05,301.4,299.3,299.55,300.5,-1.7,-0.75,194824.0,5854747.32,423948.0,
AU.SHF,20190612,299.55,300.5,299.15,303.4,298.65,302.6,301.05,2.1,0.55,294244.0,8858854.39,439468.0,
AU.SHF,20190613,302.6,301.05,302.1,303.25,301.3,303.2,302.35,2.15,1.3,215912.0,6528968.45,439714.0,
AU.SHF,20190614,303.2,302.35,302.5,307.8,302.35,307.75,304.8,5.4,2.45,303908.0,9263550.73,459468.0,
AU.SHF,20190617,307.75,304.8,306.3,307.55,303.45,304.1,305.65,-0.7,0.85,384246.0,11745099.96,451926.0,
AU.SHF,20190618,304.1,305.65,304.55,306.65,304.15,306.15,305.2,0.5,-0.45,231638.0,7070302.14,454532.0,
AU.SHF,20190619,306.15,305.2,307.3,307.85,302.8,304.3,304.45,-0.9,-0.75,461924.0,14063850.68,438130.0,
AU.SHF,20190620,304.3,304.45,303.95,313.85,303.55,311.25,309.2,6.8,4.75,462906.0,14314941.44,446232.0,
AU.SHF,20190621,311.25,309.2,310.95,316.5,310.05,313.6,313.35,4.4,4.15,555740.0,17416200.0,456516.0,
AU.SHF,20190624,313.6,313.35,314.45,317.3,312.3,315.8,314.8,2.45,1.45,472448.0,14873715.95,455814.0,
AU.SHF,20190625,315.8,314.8,316.35,323.05,315.7,321.8,319.75,7.0,4.95,618906.0,19790004.58,469328.0,
AU.SHF,20190626,321.8,319.75,320.95,323.25,316.05,316.4,319.8,-3.35,0.05,735628.0,23527324.65,464460.0,
AU.SHF,20190627,316.4,319.8,317.0,318.3,315.35,315.6,316.8,-4.2,-3.0,527472.0,16712162.3,462088.0,
AU.SHF,20190628,315.6,316.8,315.15,320.8,314.1,316.85,317.55,0.05,0.75,570526.0,18119326.28,469296.0,
AU.SHF,20190701,316.85,317.55,317.2,317.4,308.55,308.85,312.9,-8.7,-4.65,553248.0,17311811.51,459596.0,
AU.SHF,20190702,308.85,312.9,310.8,312.75,309.7,312.05,311.1,-0.85,-1.8,406836.0,12657307.18,461428.0,
AU.SHF,20190703,312.05,311.1,312.35,323.5,311.75,321.1,318.15,10.0,7.05,833052.0,26504964.98,466190.0,
AU.SHF,20190704,321.1,318.15,319.2,319.85,317.0,317.65,318.55,-0.5,0.4,529756.0,16875534.25,454908.0,
AU.SHF,20190705,317.65,318.55,317.6,319.35,317.25,318.0,318.25,-0.55,-0.3,253758.0,8076131.98,452788.0,
AU.SHF,20190708,318.0,318.25,315.0,316.65,305.5,316.35,314.45,-1.9,-3.8,657334.0,20670796.9,441922.0,
AU.SHF,20190709,316.35,314.45,315.95,315.95,313.1,313.45,314.15,-1.0,-0.3,373548.0,11735200.78,431872.0,
AU.SHF,20190710,313.45,314.15,314.15,315.55,312.85,313.2,314.0,-0.95,-0.15,304398.0,9558124.96,425536.0,
AU.SHF,20190711,313.2,314.0,317.3,320.85,315.5,319.0,317.75,5.0,3.75,523114.0,16622228.86,441216.0,
AU.SHF,20190712,319.0,317.75,317.8,318.15,315.55,316.65,316.75,-1.1,-1.0,323508.0,10248176.6,441220.0,
AU.SHF,20190715,316.65,316.75,316.35,318.55,316.0,317.75,317.15,1.0,0.4,287420.0,9115867.7,448860.0,
AU.SHF,20190716,317.75,317.15,317.2,318.3,316.4,317.75,317.5,0.6,0.35,254618.0,8084638.89,449866.0,
AU.SHF,20190717,317.75,317.5,317.15,317.8,315.15,315.8,316.45,-1.7,-1.05,388820.0,12306122.6,432014.0,
AU.SHF,20190718,315.8,316.45,316.1,321.15,316.0,319.1,318.95,2.65,2.5,571732.0,18236842.74,453470.0,
AU.SHF,20190719,319.1,318.95,318.8,324.75,318.35,323.3,321.9,4.35,2.95,510780.0,16443065.69,467158.0,
AU.SHF,20190722,323.3,321.9,322.6,324.6,319.5,320.65,321.7,-1.25,-0.2,602472.0,19382538.57,467246.0,
AU.SHF,20190723,320.65,321.7,320.65,321.45,317.8,318.7,319.45,-3.0,-2.25,336826.0,10761059.24,454470.0,
AU.SHF,20190724,318.7,319.45,320.5,321.7,319.05,319.65,320.05,0.2,0.6,352292.0,11275981.37,452890.0,
AU.SHF,20190725,319.65,320.05,320.2,321.15,319.2,320.3,320.0,0.25,-0.05,281702.0,9015177.05,453178.0,
AU.SHF,20190726,320.3,320.0,320.05,320.3,317.05,319.1,318.55,-0.9,-1.45,399032.0,12711654.29,449482.0,
AU.SHF,20190729,319.1,318.55,319.2,320.6,318.75,319.6,319.7,1.05,1.15,331518.0,10599199.49,449182.0,
AU.SHF,20190730,319.6,319.7,319.75,321.1,318.75,320.85,320.1,1.15,0.4,230910.0,7392140.18,459236.0,
AU.SHF,20190731,320.85,320.1,321.05,322.5,320.55,322.25,321.5,2.15,1.4,265788.0,8545669.2,467768.0,
AU.SHF,20190801,322.25,321.5,322.0,322.25,316.25,316.6,319.5,-4.9,-2.0,533458.0,17045950.79,434012.0,
AU.SHF,20190802,316.6,319.5,316.95,326.6,315.6,324.25,321.2,4.75,1.7,682648.0,21929043.77,448220.0,
AU.SHF,20190805,324.25,321.2,324.45,334.0,323.4,334.0,329.2,12.8,8.0,798694.0,26293794.58,506224.0,
AU.SHF,20190806,334.0,329.2,336.9,339.95,334.35,335.55,337.05,6.35,7.85,816194.0,27511879.66,472302.0,
AU.SHF,20190807,335.55,337.05,336.0,343.3,335.55,341.8,339.7,4.75,2.65,791646.0,26894349.37,529980.0,
AU.SHF,20190808,341.8,339.7,344.6,349.5,342.7,344.35,346.25,4.65,6.55,1077880.0,37322715.19,520458.0,
AU.SHF,20190809,344.35,346.25,343.4,347.75,342.65,345.9,345.35,-0.35,-0.9,589716.0,20367252.26,527784.0,
AU.SHF,20190812,345.9,345.35,345.6,347.95,343.95,344.25,346.05,-1.1,0.7,585598.0,20265993.61,529336.0,
AU.SHF,20190813,344.25,346.05,346.65,352.9,346.1,352.3,349.45,6.25,3.4,706168.0,24678011.24,577742.0,
AU.SHF,20190814,352.3,349.45,351.55,352.0,340.05,342.95,344.9,-6.5,-4.55,1244366.0,42918411.14,515656.0,
AU.SHF,20190815,342.95,344.9,347.0,350.3,345.45,347.4,347.9,2.5,3.0,1055546.0,36726020.5,526904.0,
AU.SHF,20190816,347.4,347.9,346.9,350.9,346.7,347.75,348.55,-0.15,0.65,779522.0,27170853.06,518900.0,
AU.SHF,20190819,347.75,348.55,346.6,348.1,344.85,346.4,346.55,-2.15,-2.0,722720.0,25049045.92,521644.0,
AU.SHF,20190820,346.4,346.55,344.5,345.85,344.05,344.75,344.9,-1.8,-1.65,387210.0,13356484.39,520844.0,
AU.SHF,20190821,344.75,344.9,346.3,347.25,345.2,345.35,346.25,0.45,1.35,395370.0,13690934.95,518140.0,
AU.SHF,20190822,345.35,346.25,346.1,347.0,345.55,346.45,346.25,0.2,0.0,304902.0,10557544.38,522958.0,
AU.SHF,20190823,346.45,346.25,345.6,347.45,345.4,346.25,346.35,0.0,0.1,344700.0,11939817.44,531402.0,
AU.SHF,20190826,346.25,346.35,347.5,360.2,347.5,358.25,354.1,11.9,7.75,1147984.0,40651913.08,539744.0,
AU.SHF,20190827,358.25,354.1,355.7,359.25,355.4,358.7,357.6,4.6,3.5,631176.0,22573665.53,570862.0,
AU.SHF,20190828,358.7,357.6,357.7,362.15,357.4,358.85,359.6,1.25,2.0,915220.0,32913358.3,538322.0,
AU.SHF,20190829,358.85,359.6,360.0,363.4,358.35,362.8,360.55,3.2,0.95,673124.0,24271194.31,609586.0,
AU.SHF,20190830,362.8,360.55,359.75,361.35,354.5,356.7,357.95,-3.85,-2.6,832864.0,29812629.2,584212.0,
AU.SHF,20190902,356.7,357.95,357.0,357.7,353.75,355.8,355.8,-2.15,-2.15,700888.0,24939492.48,539112.0,
AU.SHF,20190903,355.8,355.8,355.8,359.05,355.75,357.45,357.2,1.65,1.4,392124.0,14007259.97,541180.0,
AU.SHF,20190904,357.45,357.2,358.65,363.85,358.25,359.0,361.15,1.8,3.95,1084804.0,39182034.93,566860.0,
AU.SHF,20190905,359.0,361.15,359.45,362.9,359.05,360.9,360.45,-0.25,-0.7,736108.0,26534317.17,580826.0,
AU.SHF,20190906,360.9,360.45,358.1,359.15,348.55,349.2,353.7,-11.25,-6.75,1155934.0,40888453.89,533758.0,
AU.SHF,20190909,349.2,353.7,351.1,354.85,347.0,350.6,351.4,-3.1,-2.3,1061678.0,37307925.15,537166.0,
AU.SHF,20190910,350.6,351.4,351.4,351.9,343.45,344.85,346.95,-6.55,-4.45,776900.0,26957265.78,520694.0,
AU.SHF,20190911,344.85,346.95,345.5,347.85,344.3,345.95,346.05,-1.0,-0.9,632320.0,21882812.92,514720.0,
AU.SHF,20190912,345.95,346.05,345.85,346.65,344.0,346.15,345.2,0.1,-0.85,471986.0,16294333.88,498864.0,
AU.SHF,20190916,346.15,345.2,346.2,347.65,345.4,346.25,346.4,1.05,1.2,226262.0,7838405.19,501570.0,
AU.SHF,20190917,346.25,346.4,345.9,346.8,344.05,344.95,345.45,-1.45,-0.95,387278.0,13378683.57,501394.0,
AU.SHF,20190918,344.95,345.45,346.95,347.8,345.65,346.5,346.85,1.05,1.4,392910.0,13629660.53,502388.0,
AU.SHF,20190919,346.5,346.85,346.9,348.6,343.3,346.0,346.25,-0.85,-0.6,506858.0,17550791.46,509122.0,
AU.SHF,20190920,346.0,346.25,347.15,347.5,345.7,346.7,346.6,0.45,0.35,282234.0,9783599.75,508214.0,
AU.SHF,20190923,346.7,346.6,346.5,352.1,345.85,350.3,349.25,3.7,2.65,462948.0,16168764.23,509192.0,
AU.SHF,20190924,350.3,349.25,351.65,353.45,351.25,352.05,352.3,2.8,3.05,402674.0,14186523.9,512140.0,
AU.SHF,20190925,352.05,352.3,352.05,355.4,350.35,353.85,353.1,1.55,0.8,583176.0,20593431.81,513966.0,
AU.SHF,20190926,353.85,353.1,353.6,354.45,347.5,349.55,350.95,-3.55,-2.15,584586.0,20517961.83,497734.0,
AU.SHF,20190927,349.55,350.95,349.0,350.4,345.6,346.35,348.55,-4.6,-2.4,423570.0,14765044.71,479086.0,
AU.SHF,20190930,346.35,348.55,345.75,348.3,342.85,345.05,345.25,-3.5,-3.3,493700.0,17046359.51,463288.0,
AU.SHF,20191008,345.05,345.25,343.9,345.8,343.8,344.5,344.6,-0.75,-0.65,130064.0,4482490.88,465598.0,
AU.SHF,20191009,344.5,344.6,348.1,349.9,347.35,349.5,348.85,4.9,4.25,396842.0,13844782.62,475860.0,
AU.SHF,20191010,349.5,348.85,348.45,350.0,346.6,347.7,348.35,-1.15,-0.5,374118.0,13034206.56,470308.0,
AU.SHF,20191011,347.7,348.35,347.3,347.7,343.45,345.85,345.1,-2.5,-3.25,400130.0,13810345.93,475936.0,
AU.SHF,20191014,345.85,345.1,341.85,342.85,338.55,340.7,340.7,-4.4,-4.4,613868.0,20916726.73,469720.0,
AU.SHF,20191015,340.7,340.7,341.75,343.1,341.0,341.65,341.85,0.95,1.15,279672.0,9561775.61,471926.0,
AU.SHF,20191016,341.65,341.85,342.1,342.5,338.9,340.2,340.45,-1.65,-1.4,376596.0,12822349.89,473484.0,
AU.SHF,20191017,340.2,340.45,342.45,343.15,340.85,342.7,341.95,2.25,1.5,300068.0,10262018.4,477778.0,
AU.SHF,20191018,342.7,341.95,341.6,343.1,341.35,342.0,342.0,0.05,0.05,297062.0,10160268.52,467908.0,
AU.SHF,20191021,342.0,342.0,341.85,342.4,340.7,341.75,341.65,-0.25,-0.35,277642.0,9486290.48,459112.0,
AU.SHF,20191022,341.75,341.65,341.7,342.55,339.4,340.45,340.85,-1.2,-0.8,291530.0,9937932.35,454612.0,
AU.SHF,20191023,340.45,340.85,340.75,342.0,339.75,341.95,340.9,1.1,0.05,234268.0,7987222.24,444474.0,
AU.SHF,20191024,341.95,340.9,341.75,342.35,341.1,341.5,341.65,0.6,0.75,206760.0,7064775.77,436136.0,
AU.SHF,20191025,341.5,341.65,341.65,345.0,341.45,344.65,343.75,3.0,2.1,417910.0,14367166.08,441630.0,
AU.SHF,20191028,344.65,343.75,346.65,347.75,342.9,344.6,345.1,0.85,1.35,403356.0,13920327.09,430334.0,
AU.SHF,20191029,344.6,345.1,342.9,343.45,340.65,340.9,341.65,-4.2,-3.45,347034.0,11857198.61,398052.0,
AU.SHF,20191030,340.9,341.65,340.85,341.5,339.2,340.55,340.45,-1.1,-1.2,342796.0,11670763.31,361044.0,
AU.SHF,20191031,340.55,340.45,340.95,341.85,340.05,341.1,341.2,0.65,0.75,317778.0,10843328.11,311040.0,
AU.SHF,20191101,341.1,341.2,343.4,344.85,343.0,344.05,344.0,2.85,2.8,330950.0,11385533.47,264376.0,
AU.SHF,20191104,344.05,344.0,343.35,345.3,343.1,343.7,343.85,-0.3,-0.15,265216.0,9120642.29,229250.0,
AU.SHF,20191105,343.7,343.85,344.25,344.45,341.0,341.4,342.8,-2.45,-1.05,204130.0,6998367.06,214128.0,
AU.SHF,20191106,341.4,342.8,339.75,339.9,335.3,336.55,337.15,-6.25,-5.65,389228.0,13124413.09,186948.0,
AU.SHF,20191107,336.55,337.15,336.5,338.9,336.05,338.35,337.4,1.2,0.25,213364.0,7199728.82,171208.0,
AU.SHF,20191108,338.35,337.4,335.0,335.95,328.85,332.1,332.4,-5.3,-5.0,387596.0,12883986.63,154008.0,
AU.SHF,20191111,332.1,332.4,329.65,332.45,329.2,331.5,330.7,-0.9,-1.7,259932.0,8597074.22,145636.0,
AU.SHF,20191112,331.5,330.7,331.65,331.75,327.6,328.3,329.6,-2.4,-1.1,236804.0,7805133.92,133752.0,
AU.SHF,20191113,328.3,334.1,333.25,336.35,332.1,336.1,334.45,2.0,0.35,72598.0,2428309.32,152588.0,
AU.SHF,20191114,336.1,334.45,337.0,337.25,335.5,337.05,336.45,2.6,2.0,57244.0,1926232.56,153984.0,
AU.SHF,20191115,337.05,336.45,337.7,338.9,335.85,336.2,337.1,-0.25,0.65,77582.0,2615294.5,156392.0,
AU.SHF,20191118,336.2,337.1,336.0,337.05,335.95,336.2,336.45,-0.9,-0.65,36040.0,1212594.28,158660.0,
AU.SHF,20191119,336.2,336.45,334.8,339.0,334.6,338.3,337.75,1.85,1.3,88464.0,2987948.55,163136.0,
AU.SHF,20191120,338.3,337.75,337.85,339.55,336.7,339.15,338.35,1.4,0.6,78028.0,2640273.71,169804.0,
AU.SHF,20191121,339.15,338.35,339.0,340.1,337.55,338.8,338.95,0.45,0.6,72420.0,2454838.84,173838.0,
AU.SHF,20191122,338.8,338.95,338.45,338.7,336.5,337.9,337.55,-1.05,-1.4,87048.0,2938331.1,172606.0,
AU.SHF,20191125,337.9,337.55,338.6,338.8,335.25,335.4,336.9,-2.15,-0.65,83864.0,2825628.43,181198.0,
AU.SHF,20191126,335.4,336.9,335.15,336.05,333.5,335.2,334.8,-1.7,-2.1,82884.0,2775070.82,182810.0,
AU.SHF,20191127,335.2,334.8,335.1,336.4,333.95,335.8,335.35,1.0,0.55,71360.0,2393164.67,187540.0,
AU.SHF,20191128,335.8,335.35,335.5,335.55,334.05,334.8,334.85,-0.55,-0.5,60260.0,2018038.05,187252.0,
AU.SHF,20191129,334.8,334.85,335.1,336.1,334.85,335.7,335.4,0.85,0.55,38100.0,1278048.36,190348.0,
AU.SHF,20191202,335.7,335.4,335.1,337.7,334.4,336.2,335.8,0.8,0.4,78480.0,2635508.21,189590.0,
AU.SHF,20191203,336.2,335.8,335.85,337.7,335.8,336.85,336.9,1.05,1.1,91672.0,3088542.99,193232.0,
AU.SHF,20191204,336.85,336.9,339.75,343.5,339.55,343.1,341.9,6.2,5.0,162032.0,5540322.85,207690.0,
AU.SHF,20191205,343.1,341.9,341.75,342.7,340.05,341.55,341.1,-0.35,-0.8,111058.0,3788646.68,204244.0,
AU.SHF,20191206,341.55,341.1,340.7,341.5,338.75,339.1,340.2,-2.0,-0.9,115956.0,3945098.63,192066.0,
AU.SHF,20191209,339.1,340.2,339.25,340.35,335.75,336.45,336.95,-3.75,-3.25,144790.0,4878905.55,188118.0,
AU.SHF,20191210,336.45,336.95,337.2,337.42,336.22,336.76,336.76,-0.19,-0.19,51368.0,1729948.344,185518.0,
AU.SHF,20191211,336.76,336.76,337.6,337.92,336.58,336.96,337.3,0.2,0.54,75588.0,2549728.948,186058.0,
AU.SHF,20191212,336.96,337.3,337.6,339.36,337.3,338.94,338.44,1.64,1.14,80928.0,2738962.484,191652.0,
AU.SHF,20191213,338.94,338.44,340.0,342.2,333.5,334.62,337.16,-3.82,-1.28,239826.0,8086236.404,188754.0,
AU.SHF,20191216,334.62,337.16,335.7,338.98,333.76,338.24,336.76,1.08,-0.4,183410.0,6176568.668,196398.0,
AU.SHF,20191217,338.24,336.76,338.76,338.88,337.28,338.06,338.02,1.3,1.26,65944.0,2229095.196,197414.0,
AU.SHF,20191218,338.06,338.02,338.28,338.7,337.34,338.58,338.06,0.56,0.04,59946.0,2026638.116,197632.0,
AU.SHF,20191219,338.58,338.06,338.12,338.68,336.8,338.04,337.7,-0.02,-0.36,85202.0,2877355.264,197104.0,
AU.SHF,20191220,338.04,337.7,337.58,339.16,337.54,339.1,338.48,1.4,0.78,63780.0,2158881.14,200004.0,
AU.SHF,20191223,339.1,338.48,338.92,340.4,337.88,340.16,339.14,1.68,0.66,94862.0,3217244.988,204228.0,
AU.SHF,20191224,340.16,339.14,339.9,342.12,339.56,341.72,340.92,2.58,1.78,93780.0,3197258.888,213174.0,
AU.SHF,20191225,341.72,340.92,341.72,344.4,341.58,343.78,343.06,2.86,2.14,88958.0,3051883.212,218198.0,
AU.SHF,20191226,343.78,343.06,343.6,347.5,342.62,344.12,343.78,1.06,0.72,72472.0,2491514.388,219286.0,
AU.SHF,20191227,344.12,343.78,345.04,346.74,344.54,345.3,345.52,1.52,1.74,198500.0,6858852.16,225266.0,
AU.SHF,20191230,345.3,345.52,345.92,346.56,345.12,345.46,345.76,-0.06,0.24,128800.0,4453476.48,228544.0,
AU.SHF,20191231,345.46,345.76,345.4,347.94,344.7,347.48,346.54,1.72,0.78,197576.0,6846918.612,255444.0,
AU.SHF,20200102,347.48,346.54,346.0,346.58,345.44,346.24,346.14,-0.3,-0.4,41087.0,1422208.092,129725.0,
AU.SHF,20200103,346.24,346.14,346.82,351.96,346.58,351.16,349.02,5.02,2.88,144392.0,5039732.778,140774.0,
AU.SHF,20200106,351.16,349.02,352.3,359.82,350.72,358.34,354.96,9.32,5.94,185964.0,6601293.536,142492.0,
AU.SHF,20200107,358.34,354.96,358.58,358.92,353.22,354.94,356.0,-0.02,1.04,200630.0,7142811.054,145032.0,
AU.SHF,20200108,354.94,356.0,354.6,364.44,354.52,360.68,359.36,4.68,3.36,253483.0,9109585.898,157344.0,
AU.SHF,20200109,360.68,359.36,356.66,357.32,346.82,348.04,353.26,-11.32,-6.1,291906.0,10311926.438,157456.0,
AU.SHF,20200110,348.04,353.26,350.7,350.86,348.56,349.3,349.72,-3.96,-3.54,144194.0,5042765.208,161353.0,
AU.SHF,20200113,349.3,349.72,349.48,351.48,348.4,349.42,349.94,-0.3,0.22,173686.0,6078030.584,164665.0,
AU.SHF,20200114,349.42,349.94,348.9,349.16,342.9,344.7,345.98,-5.24,-3.96,144966.0,5015717.964,171034.0,
AU.SHF,20200115,344.7,345.98,345.7,348.68,345.16,347.54,346.86,1.56,0.88,123625.0,4288290.562,176471.0,
AU.SHF,20200116,347.54,346.86,347.68,349.28,346.82,347.96,348.06,1.1,1.2,127605.0,4441515.754,176618.0,
AU.SHF,20200117,347.96,348.06,348.5,348.5,346.32,347.78,347.32,-0.28,-0.74,108652.0,3773720.274,176869.0,
AU.SHF,20200120,347.78,347.32,347.98,348.54,346.94,347.94,347.8,0.62,0.48,96285.0,3348969.928,180264.0,
AU.SHF,20200121,347.94,347.8,348.52,351.82,347.92,351.34,350.28,3.54,2.48,86646.0,3035049.776,186852.0,
AU.SHF,20200122,351.34,350.28,349.48,349.8,346.66,348.32,348.48,-1.96,-1.8,132216.0,4607643.014,182735.0,
AU.SHF,20200123,348.32,348.48,348.88,351.24,348.66,350.72,349.94,2.24,1.46,81197.0,2841466.372,185593.0,
AU.SHF,20200203,350.72,349.94,359.18,360.5,357.2,359.3,359.2,9.36,9.26,78891.0,2833862.376,185923.0,
AU.SHF,20200204,359.3,359.2,359.18,359.44,356.06,356.2,357.4,-3.0,-1.8,74093.0,2648125.734,188931.0,
AU.SHF,20200205,356.2,357.4,352.36,354.96,352.14,354.22,353.6,-3.18,-3.8,61136.0,2161824.456,188841.0,
AU.SHF,20200206,354.22,353.6,352.3,352.78,350.52,352.4,352.04,-1.2,-1.56,61641.0,2170017.414,188677.0,
AU.SHF,20200207,352.4,352.04,355.28,355.62,353.72,354.3,354.88,2.26,2.84,48697.0,1728197.282,188266.0,
AU.SHF,20200210,354.3,354.88,357.36,357.62,355.36,355.56,356.42,0.68,1.54,50977.0,1816931.418,187697.0,
AU.SHF,20200211,355.56,356.42,355.76,355.88,354.42,354.6,355.0,-1.82,-1.42,42388.0,1504834.818,187871.0,
AU.SHF,20200212,354.6,355.0,354.64,354.64,353.08,354.0,353.8,-1.0,-1.2,43088.0,1524471.146,185980.0,
AU.SHF,20200213,354.0,353.8,355.6,356.96,355.0,356.52,355.98,2.72,2.18,54165.0,1928243.716,188138.0,
AU.SHF,20200214,356.52,355.98,357.22,357.5,356.1,356.78,356.84,0.8,0.86,47751.0,1703949.828,190061.0,
AU.SHF,20200217,356.78,356.84,358.04,358.76,357.66,357.9,358.1,1.06,1.26,50160.0,1796246.392,192337.0,
AU.SHF,20200218,357.9,358.1,359.46,359.96,359.0,359.68,359.44,1.58,1.34,54774.0,1968827.312,197001.0,
AU.SHF,20200219,359.68,359.44,363.06,364.58,363.0,364.06,363.9,4.62,4.46,77534.0,2821465.876,200460.0,
AU.SHF,20200220,364.06,363.9,365.16,366.92,364.28,365.06,365.56,1.16,1.66,85991.0,3143605.594,201066.0,
AU.SHF,20200221,365.06,365.56,368.96,372.3,368.78,371.9,370.54,6.34,4.98,103882.0,3849243.82,207305.0,
AU.SHF,20200224,371.9,370.54,379.12,380.78,377.76,379.7,379.08,9.16,8.54,129984.0,4927563.748,206012.0,
AU.SHF,20200225,379.7,379.08,374.64,377.16,370.3,371.74,374.24,-7.34,-4.84,173863.0,6506865.204,195593.0,
AU.SHF,20200226,371.74,374.24,373.18,374.78,371.96,374.26,373.66,0.02,-0.58,116955.0,4370210.906,196977.0,
AU.SHF,20200227,374.26,373.66,373.88,375.68,373.62,374.3,374.7,0.64,1.04,101033.0,3785867.328,195757.0,
AU.SHF,20200228,374.3,374.7,373.34,373.96,355.96,369.98,371.0,-4.72,-3.7,183765.0,6817745.442,192303.0,
AU.SHF,20200302,369.98,371.0,360.0,362.88,358.48,361.24,360.94,-9.76,-10.06,175575.0,6337372.072,185701.0,
AU.SHF,20200303,361.24,360.94,358.72,361.0,358.5,360.26,360.3,-0.68,-0.64,91148.0,3284134.366,188288.0,
AU.SHF,20200304,360.26,360.3,369.5,371.0,367.78,368.54,368.8,8.24,8.5,118360.0,4365271.006,185782.0,
AU.SHF,20200305,368.54,368.8,366.92,368.8,366.88,368.62,367.68,-0.18,-1.12,55414.0,2037558.11,186879.0,
AU.SHF,20200306,368.62,367.68,375.38,377.96,374.66,376.08,375.84,8.4,8.16,134667.0,5061432.316,189357.0,
AU.SHF,20200309,376.08,375.84,381.1,381.12,370.64,373.42,376.08,-2.42,0.24,237196.0,8920881.92,187556.0,
AU.SHF,20200310,373.42,376.08,371.66,373.26,366.74,368.64,370.42,-7.44,-5.66,150891.0,5589391.202,188592.0,
AU.SHF,20200311,368.64,370.42,368.98,371.56,368.9,371.22,370.24,0.8,-0.18,99485.0,3683509.132,186852.0,
AU.SHF,20200312,371.22,370.24,368.0,369.96,365.6,367.26,367.36,-2.98,-2.88,156119.0,5735230.032,185959.0,
AU.SHF,20200313,367.26,367.36,355.0,357.96,349.1,356.4,353.9,-10.96,-13.46,238963.0,8457375.516,180870.0,
AU.SHF,20200316,356.4,353.9,348.5,349.3,342.92,347.18,346.44,-6.72,-7.46,193447.0,6702021.744,180029.0,
AU.SHF,20200317,347.18,346.44,341.0,341.0,330.12,330.88,334.12,-15.56,-12.32,240329.0,8030306.758,177085.0,
AU.SHF,20200318,330.88,334.12,342.0,344.78,336.6,339.08,341.04,4.96,6.92,193627.0,6603803.156,174965.0,
AU.SHF,20200319,339.08,341.04,335.58,337.42,330.74,336.62,334.42,-4.42,-6.62,179984.0,6019067.992,172272.0,
AU.SHF,20200320,336.62,334.42,335.82,341.62,335.56,339.78,337.82,5.36,3.4,165573.0,5593693.748,171370.0,
AU.SHF,20200323,339.78,337.82,340.0,341.0,336.96,339.62,339.16,1.8,1.34,121073.0,4106437.422,171605.0,
AU.SHF,20200324,339.62,339.16,359.5,359.5,354.7,358.46,357.7,19.3,18.54,161343.0,5771381.394,173582.0,
AU.SHF,20200325,358.46,357.7,376.0,376.2,363.0,364.4,366.28,6.7,8.58,157599.0,5772567.218,171798.0,
AU.SHF,20200326,364.4,366.28,363.0,364.94,361.88,363.34,363.5,-2.94,-2.78,96202.0,3497044.668,172741.0,
AU.SHF,20200327,363.34,363.5,365.08,368.48,364.8,367.58,367.02,4.08,3.52,97213.0,3568004.154,173934.0,
AU.SHF,20200330,367.58,367.02,367.88,368.0,363.12,364.7,365.4,-2.32,-1.62,106739.0,3900446.84,172851.0,
AU.SHF,20200331,364.7,365.4,363.9,365.28,363.4,364.9,364.66,-0.5,-0.74,58917.0,2148543.14,167955.0,
AU.SHF,20200401,364.9,364.66,357.0,359.76,355.8,358.62,357.68,-6.04,-6.98,79674.0,2849879.586,166727.0,
AU.SHF,20200402,358.62,357.68,358.64,360.96,357.86,360.7,359.22,3.02,1.54,66157.0,2376510.57,166956.0,
AU.SHF,20200403,360.7,359.22,364.0,365.18,362.7,363.48,363.92,4.26,4.7,57865.0,2105862.2,164213.0,
AU.SHF,20200407,363.48,363.92,376.98,378.0,373.26,373.88,374.62,9.96,10.7,99615.0,3731848.276,167278.0,
AU.SHF,20200408,373.88,374.62,367.9,371.54,367.0,370.2,370.34,-4.42,-4.28,61625.0,2282343.252,166048.0,
AU.SHF,20200409,370.2,370.34,370.5,371.66,370.0,371.46,370.72,1.12,0.38,42627.0,1580296.438,168552.0,
AU.SHF,20200410,371.46,370.72,376.44,376.48,372.88,373.74,374.22,3.02,3.5,44336.0,1659145.08,168261.0,
AU.SHF,20200413,373.74,374.22,374.94,375.22,371.8,373.26,372.92,-0.96,-1.3,75011.0,2797425.244,167514.0,
AU.SHF,20200414,373.26,372.92,375.28,380.0,374.38,377.6,377.42,4.68,4.5,122938.0,4640154.322,174120.0,
AU.SHF,20200415,377.6,377.42,377.16,379.34,376.06,376.32,377.9,-1.1,0.48,85028.0,3213354.048,170494.0,
AU.SHF,20200416,376.32,377.9,376.52,380.42,374.16,379.38,377.48,1.48,-0.42,88382.0,3336251.556,173337.0,
AU.SHF,20200417,379.38,377.48,376.52,377.7,369.08,372.18,373.16,-5.3,-4.32,136448.0,5091942.666,165229.0,
AU.SHF,20200420,372.18,373.16,367.2,371.6,366.2,370.8,369.76,-2.36,-3.4,93426.0,3454660.892,161395.0,
AU.SHF,20200421,370.8,369.76,372.5,374.66,372.12,374.42,373.4,4.66,3.64,76518.0,2857317.584,158271.0,
AU.SHF,20200422,374.42,373.4,373.0,374.96,371.82,373.18,373.62,-0.22,0.22,82597.0,3086096.696,154546.0,
AU.SHF,20200423,373.18,373.62,378.52,381.46,377.72,379.8,379.8,6.18,6.18,103203.0,3919699.96,151296.0,
AU.SHF,20200424,379.8,379.8,379.96,383.24,379.3,382.78,381.1,2.98,1.3,88675.0,3379531.722,148130.0,
AU.SHF,20200427,382.78,381.1,381.0,382.3,379.7,380.14,381.02,-0.96,-0.08,83253.0,3172123.356,130958.0,
AU.SHF,20200428,380.14,381.02,379.0,379.06,375.06,377.1,376.84,-3.92,-4.18,86653.0,3265489.704,121441.0,
AU.SHF,20200429,377.1,376.84,377.38,379.58,377.38,378.74,378.82,1.9,1.98,59792.0,2265085.116,114033.0,
AU.SHF,20200430,378.74,378.82,379.8,380.82,377.84,380.28,379.12,1.46,0.3,61419.0,2328587.562,105651.0,
AU.SHF,20200506,380.28,379.12,377.54,380.8,377.52,380.08,379.98,0.96,0.86,61232.0,2326802.482,96296.0,
AU.SHF,20200507,380.08,379.98,379.16,379.44,377.52,378.18,378.48,-1.8,-1.5,122800.0,4647750.37,83275.0,
AU.SHF,20200508,378.18,378.48,379.48,384.32,378.96,383.38,381.9,4.9,3.42,140961.0,5383444.284,74557.0,
AU.SHF,20200511,383.38,381.9,381.8,383.28,380.06,381.74,381.8,-0.16,-0.1,128624.0,4910942.946,61577.0,
AU.SHF,20200512,381.74,381.8,382.5,382.5,379.56,380.88,380.82,-0.92,-0.98,85711.0,3264138.484,54888.0,
AU.SHF,20200513,380.88,380.82,380.66,382.8,380.34,381.86,381.52,1.04,0.7,78816.0,3007045.362,50249.0,
AU.SHF,20200514,381.86,381.52,382.82,385.2,381.6,384.46,383.4,2.94,1.88,109731.0,4207241.52,44299.0,
AU.SHF,20200515,384.46,383.4,384.94,390.9,383.9,390.16,387.82,6.76,4.42,120787.0,4684379.264,37011.0,
AU.SHF,20200518,390.16,389.78,394.22,402.3,391.88,401.16,397.4,11.38,7.62,202819.0,8060151.078,176492.0,
AU.SHF,20200519,401.16,397.4,398.0,398.76,392.94,394.5,395.44,-2.9,-1.96,213814.0,8455119.57,176053.0,
AU.SHF,20200520,394.5,395.44,395.1,399.8,395.1,398.72,397.62,3.28,2.18,152314.0,6056558.636,184790.0,
AU.SHF,20200521,398.72,397.62,397.4,399.32,394.42,395.06,396.94,-2.56,-0.68,153227.0,6082198.542,183242.0,
AU.SHF,20200522,395.06,396.94,395.28,395.5,390.08,394.38,392.72,-2.56,-4.22,203925.0,8008723.354,183929.0,
AU.SHF,20200525,394.38,392.72,395.3,395.88,392.54,393.54,394.1,0.82,1.38,144174.0,5682076.232,188740.0,
AU.SHF,20200526,393.54,394.1,394.0,396.76,392.82,395.34,394.9,1.24,0.8,123499.0,4877198.45,191998.0,
AU.SHF,20200527,395.34,394.9,394.4,394.98,390.44,391.2,392.2,-3.7,-2.7,182530.0,7158904.466,191330.0,
AU.SHF,20200528,391.2,392.2,389.48,395.18,387.4,394.18,391.22,1.98,-0.98,214096.0,8375872.894,196283.0,
AU.SHF,20200529,394.18,391.22,394.5,395.56,391.72,394.42,394.08,3.2,2.86,165185.0,6509810.738,199847.0,
AU.SHF,20200601,394.42,394.08,396.32,399.06,395.52,398.0,397.16,3.92,3.08,185111.0,7351964.164,209162.0,
AU.SHF,20200602,398.0,397.16,396.86,398.22,395.6,396.96,397.06,-0.2,-0.1,138863.0,5513936.6,209108.0,
AU.SHF,20200603,396.96,397.06,397.02,398.0,392.0,393.04,394.86,-4.02,-2.2,197672.0,7805657.306,207622.0,
AU.SHF,20200604,393.04,394.86,389.5,391.44,387.54,389.74,389.54,-5.12,-5.32,211254.0,8229379.906,205972.0,
AU.SHF,20200605,389.74,389.54,392.86,393.3,389.5,390.18,391.52,0.64,1.98,181803.0,7118284.142,206555.0,
AU.SHF,20200608,390.18,391.52,385.0,386.96,382.28,386.28,384.32,-5.24,-7.2,204656.0,7865611.726,205333.0,
AU.SHF,20200609,386.28,384.32,385.3,387.66,384.34,386.3,385.84,1.98,1.52,140352.0,5415429.83,208235.0,
AU.SHF,20200610,386.3,385.84,390.4,390.92,389.66,390.4,390.34,4.56,4.5,121743.0,4752204.028,210286.0,
AU.SHF,20200611,390.4,390.34,391.2,393.88,388.26,393.7,391.58,3.36,1.24,174613.0,6837497.312,214450.0,
AU.SHF,20200612,393.7,391.58,393.2,395.7,392.0,393.62,393.78,2.04,2.2,189929.0,7479164.99,215262.0,
AU.SHF,20200615,393.62,393.78,394.78,395.5,391.5,392.54,393.86,-1.24,0.08,171433.0,6752186.308,217195.0,
AU.SHF,20200616,392.54,393.86,388.6,393.58,388.18,392.4,391.12,-1.46,-2.74,169341.0,6623507.428,216999.0,
AU.SHF,20200617,392.4,391.12,392.52,393.46,390.54,392.86,392.24,1.74,1.12,167628.0,6575126.122,217927.0,
AU.SHF,20200618,392.86,392.24,391.5,393.12,391.32,392.18,392.28,-0.06,0.04,109230.0,4284917.346,214968.0,
AU.SHF,20200619,392.18,392.28,391.7,393.64,390.96,392.94,392.26,0.66,-0.02,117755.0,4619281.946,216399.0,
AU.SHF,20200622,392.94,392.26,393.98,399.2,393.26,397.5,396.32,5.24,4.06,187422.0,7427919.874,224636.0,
AU.SHF,20200623,397.5,396.32,398.6,398.66,396.0,396.96,397.46,0.64,1.14,175086.0,6959106.876,226296.0,
AU.SHF,20200624,396.96,397.46,398.14,400.74,397.76,400.06,399.34,2.6,1.88,173695.0,6936354.836,234279.0,
AU.SHF,20200629,400.06,399.34,400.96,402.0,399.48,400.14,400.32,0.8,0.98,63418.0,2538778.316,232622.0,
AU.SHF,20200630,400.14,400.32,399.4,400.86,399.36,400.72,400.24,0.4,-0.08,99003.0,3962578.356,236254.0,
AU.SHF,20200701,400.72,400.24,399.94,403.54,399.72,403.1,402.06,2.86,1.82,161601.0,6497445.674,241080.0,
AU.SHF,20200702,403.1,402.06,401.74,401.96,397.78,399.06,399.42,-3.0,-2.64,213881.0,8543121.752,227620.0,
AU.SHF,20200703,399.06,399.42,397.8,401.3,397.08,400.54,400.0,1.12,0.58,142143.0,5685810.574,225974.0,
AU.SHF,20200706,400.54,400.0,400.78,400.98,398.8,399.66,399.96,-0.34,-0.04,79327.0,3172771.798,223795.0,
AU.SHF,20200707,399.66,399.96,401.0,401.28,399.7,400.32,400.4,0.36,0.44,93432.0,3741067.858,223484.0,
AU.SHF,20200708,400.32,400.4,399.04,402.92,399.02,402.36,401.9,1.96,1.5,133731.0,5374693.474,233558.0,
AU.SHF,20200709,402.36,401.9,404.1,406.3,403.8,404.94,405.12,3.04,3.22,156716.0,6348958.512,238744.0,
AU.SHF,20200710,404.94,405.12,404.5,405.06,401.1,401.88,402.96,-3.24,-2.16,168807.0,6802453.33,228827.0,
AU.SHF,20200713,401.88,402.96,403.9,404.24,401.5,403.74,403.06,0.78,0.1,132904.0,5356973.838,229806.0,
AU.SHF,20200714,403.74,403.06,404.0,405.16,401.52,403.02,403.36,-0.04,0.3,126903.0,5118889.604,226681.0,
AU.SHF,20200715,403.02,403.36,403.34,404.96,402.02,403.62,403.76,0.26,0.4,131170.0,5296366.214,228244.0,
AU.SHF,20200716,403.62,403.76,403.16,404.18,401.6,402.12,402.92,-1.64,-0.84,134444.0,5417283.524,224511.0,
AU.SHF,20200717,402.12,402.92,401.7,402.52,398.16,399.76,400.5,-3.16,-2.42,125658.0,5032853.368,222814.0,
AU.SHF,20200720,399.76,400.5,401.02,401.84,400.08,401.78,401.08,1.28,0.58,97008.0,3890923.152,220660.0,
AU.SHF,20200721,401.78,401.08,402.98,405.04,402.14,404.54,403.2,3.46,2.12,117223.0,4726634.068,228159.0,
AU.SHF,20200722,404.54,403.2,407.6,418.8,406.38,414.22,411.94,11.02,8.74,287998.0,11864057.4,231944.0,
AU.SHF,20200723,414.22,411.94,412.94,417.0,410.02,416.52,413.96,4.58,2.02,248556.0,10289527.844,233840.0,
AU.SHF,20200724,416.52,413.96,416.04,421.4,415.36,420.4,418.82,6.44,4.86,258059.0,10808390.972,234955.0,
AU.SHF,20200727,420.4,418.82,422.4,435.0,422.1,430.06,427.42,11.24,8.6,331972.0,14189310.852,236648.0,
AU.SHF,20200728,430.06,427.42,429.76,440.08,426.5,429.94,432.68,2.52,5.26,460734.0,19935821.238,223580.0,
AU.SHF,20200729,429.94,432.68,428.78,432.8,425.76,431.38,429.98,-1.3,-2.7,283360.0,12184218.932,221195.0,
AU.SHF,20200730,431.38,429.98,432.0,432.92,426.52,428.94,430.6,-1.04,0.62,238891.0,10287002.192,217702.0,
AU.SHF,20200731,428.94,430.6,427.0,433.52,424.84,432.86,428.66,2.26,-1.94,287925.0,12342318.732,228802.0,
AU.SHF,20200803,432.86,428.66,432.66,433.18,429.1,431.4,431.3,2.74,2.64,204419.0,8816906.052,226018.0,
AU.SHF,20200804,431.4,431.3,430.62,433.36,430.08,431.96,431.68,0.66,0.38,142798.0,6164354.58,229636.0,
AU.SHF,20200805,431.96,431.68,431.96,445.2,431.9,444.06,438.94,12.38,7.26,381406.0,16742087.31,248730.0,
AU.SHF,20200806,444.06,438.94,444.02,448.24,441.0,447.56,445.62,8.62,6.68,305325.0,13606090.124,244033.0,
AU.SHF,20200807,447.56,445.62,448.1,454.08,447.94,449.72,450.46,4.1,4.84,320402.0,14433262.804,245899.0,
AU.SHF,20200810,449.72,450.46,450.9,451.4,442.5,446.38,446.42,-4.08,-4.04,290951.0,12989081.768,241486.0,
AU.SHF,20200811,446.38,446.42,446.88,449.44,434.38,436.94,443.8,-9.48,-2.62,311559.0,13827362.706,242150.0,
AU.SHF,20200812,436.94,443.8,427.02,427.54,417.16,417.16,421.88,-26.64,-21.92,277064.0,11689316.706,237687.0,
AU.SHF,20200813,417.16,421.88,418.26,419.7,415.02,416.74,417.54,-5.14,-4.34,285203.0,11908501.506,236510.0,
AU.SHF,20200814,416.74,417.54,416.94,428.96,416.62,420.3,422.98,2.76,5.44,368224.0,15575282.93,240748.0,
AU.SHF,20200817,420.3,422.98,421.7,425.8,419.18,424.44,422.62,1.46,-0.36,288643.0,12199080.31,242365.0,
AU.SHF,20200818,424.44,422.62,425.66,434.92,425.66,433.94,430.96,11.32,8.34,348375.0,15013895.718,247333.0,
AU.SHF,20200819,433.94,430.96,436.44,437.06,425.68,429.16,431.76,-1.8,0.8,403441.0,17419764.532,246282.0,
AU.SHF,20200820,429.16,431.76,430.66,431.1,416.08,418.28,423.34,-13.48,-8.42,433563.0,18355293.102,241803.0,
AU.SHF,20200821,418.28,423.34,417.0,420.88,414.8,419.48,417.86,-3.86,-5.48,309753.0,12943886.264,240658.0,
AU.SHF,20200824,419.48,417.86,416.3,417.56,412.18,415.54,415.2,-2.32,-2.66,326923.0,13574475.602,238222.0,
AU.SHF,20200825,415.54,415.2,419.0,423.5,415.1,416.5,417.1,1.3,1.9,231252.0,9645584.63,235241.0,
AU.SHF,20200826,416.5,417.1,415.76,417.36,414.6,415.66,415.8,-1.44,-1.3,205680.0,8552231.674,233911.0,
AU.SHF,20200827,415.66,415.8,414.34,422.08,414.1,420.54,419.42,4.74,3.62,320475.0,13441970.3,232731.0,
AU.SHF,20200828,420.54,419.42,420.28,426.46,414.6,420.4,419.58,0.98,0.16,430007.0,18042718.994,229601.0,
AU.SHF,20200831,420.4,419.58,421.88,425.0,421.04,422.68,422.94,3.1,3.36,274835.0,11623958.436,231884.0,
AU.SHF,20200901,422.68,422.94,422.92,427.82,422.42,426.98,425.06,4.04,2.12,251530.0,10691894.142,232650.0,
AU.SHF,20200902,426.98,425.06,427.42,428.04,421.9,422.6,424.68,-2.46,-0.38,263522.0,11191704.256,228664.0,
AU.SHF,20200903,422.6,424.68,423.08,423.16,414.44,415.3,418.58,-9.38,-6.1,317316.0,13282406.334,224712.0,
AU.SHF,20200904,415.3,418.58,416.0,418.84,413.58,416.54,416.54,-2.04,-2.04,326578.0,13603311.75,218995.0,
AU.SHF,20200907,416.54,416.54,415.0,418.5,413.44,416.36,415.84,-0.18,-0.7,289410.0,12034957.218,215479.0,
AU.SHF,20200908,416.36,415.84,415.84,417.44,414.5,416.56,415.98,0.72,0.14,155836.0,6482519.016,214738.0,
AU.SHF,20200909,416.56,415.98,413.88,419.5,411.0,416.5,415.44,0.52,-0.54,337511.0,14021820.35,212770.0,
AU.SHF,20200910,416.5,415.44,417.74,420.48,417.4,419.46,419.32,4.02,3.88,221436.0,9285655.756,215314.0,
AU.SHF,20200911,419.46,419.32,421.76,422.9,416.58,418.34,420.36,-0.98,1.04,253280.0,10647253.416,211960.0,
AU.SHF,20200914,418.34,420.36,418.46,420.34,417.4,418.44,418.92,-1.92,-1.44,163104.0,6832762.138,211046.0,
AU.SHF,20200915,418.44,418.92,419.98,420.88,418.7,419.8,419.96,0.88,1.04,171699.0,7210938.964,208614.0,
AU.SHF,20200916,419.8,419.96,420.0,420.44,416.6,418.64,418.0,-1.32,-1.96,180576.0,7548121.654,209430.0,
AU.SHF,20200917,418.64,418.0,419.0,420.1,414.16,415.62,417.22,-2.38,-0.78,234764.0,9795058.112,213564.0,
AU.SHF,20200918,415.62,417.22,415.44,417.28,412.8,416.92,415.16,-0.3,-2.06,182221.0,7565358.026,210258.0,
AU.SHF,20200921,416.92,415.16,416.6,419.58,415.64,417.04,417.4,1.88,2.24,164172.0,6852674.42,209385.0,
AU.SHF,20200922,417.04,417.4,413.46,414.46,393.26,407.58,407.74,-9.82,-9.66,475584.0,19392162.028,211942.0,
AU.SHF,20200923,407.58,407.74,408.4,409.58,399.58,400.9,405.84,-6.84,-1.9,317889.0,12901241.1,210028.0,
AU.SHF,20200924,400.9,405.84,401.44,403.9,395.18,396.58,399.58,-9.26,-6.26,314778.0,12577938.742,209781.0,
AU.SHF,20200925,396.58,399.58,397.48,401.48,396.34,401.06,398.88,1.48,-0.7,243866.0,9727507.92,206242.0,
AU.SHF,20200928,401.06,398.88,399.22,402.0,398.18,400.14,399.78,1.26,0.9,184483.0,7375332.018,203539.0,
AU.SHF,20200929,400.14,399.78,401.46,406.06,401.32,405.9,403.96,6.12,4.18,175770.0,7100528.482,200956.0,
AU.SHF,20200930,405.9,403.96,406.1,408.0,405.16,406.1,406.6,2.14,2.64,137965.0,5609772.678,197342.0,
AU.SHF,20201009,406.1,406.6,404.4,407.0,404.02,405.36,405.5,-1.24,-1.1,71362.0,2893782.728,196479.0,
AU.SHF,20201012,405.36,405.5,407.38,411.6,406.94,410.02,409.32,4.52,3.82,175001.0,7163396.212,198166.0,
AU.SHF,20201013,410.02,409.32,410.86,411.24,407.84,408.54,409.72,-0.78,0.4,141066.0,5779924.912,195939.0,
AU.SHF,20201014,408.54,409.72,407.28,407.28,400.64,404.04,403.08,-5.68,-6.64,193310.0,7792127.138,188656.0,
AU.SHF,20201015,404.04,403.08,405.98,406.66,401.5,403.62,404.06,0.54,0.98,146674.0,5926597.7,187346.0,
AU.SHF,20201016,403.62,404.06,402.6,406.22,402.26,404.98,404.24,0.92,0.18,151010.0,6104464.64,186375.0,
AU.SHF,20201019,404.98,404.24,404.22,405.66,402.02,404.9,403.88,0.66,-0.36,155500.0,6280587.18,183367.0,
AU.SHF,20201020,404.9,403.88,405.1,405.36,401.86,403.58,403.56,-0.3,-0.32,136216.0,5497199.106,184294.0,
AU.SHF,20201021,403.58,403.56,403.9,406.28,402.62,404.66,404.66,1.1,1.1,151406.0,6127036.266,179446.0,
AU.SHF,20201022,404.66,404.66,406.4,407.44,403.58,404.86,405.6,0.2,0.94,153265.0,6216660.208,175557.0,
AU.SHF,20201023,404.86,405.6,403.88,404.36,401.3,403.58,402.8,-2.02,-2.8,145253.0,5850836.328,173923.0,
AU.SHF,20201026,403.58,402.8,403.58,404.1,400.28,401.56,402.02,-1.24,-0.78,167714.0,6742551.0,169399.0,
AU.SHF,20201027,401.56,402.02,402.86,405.5,402.84,405.3,404.5,3.28,2.48,151696.0,6136319.0,162159.0,
AU.SHF,20201028,405.3,404.5,404.8,406.52,404.36,405.36,405.44,0.86,0.94,120494.0,4885524.0,158003.0,
AU.SHF,20201029,405.36,405.44,401.04,401.3,398.26,399.78,399.7,-5.66,-5.74,212188.0,8481338.0,154496.0,
AU.SHF,20201030,399.78,399.7,396.88,399.5,394.92,397.1,397.4,-2.6,-2.3,198494.0,7888217.0,148505.0,
AU.SHF,20201102,397.1,397.4,399.88,401.12,397.78,400.68,399.64,3.28,2.24,151267.0,6045441.0,139201.0,
AU.SHF,20201103,400.68,399.64,401.2,402.96,400.56,402.6,401.78,2.96,2.14,109941.0,4417345.0,133519.0,
AU.SHF,20201104,402.6,401.78,403.6,405.88,402.98,404.28,404.44,2.5,2.66,165806.0,6705934.0,131109.0,
AU.SHF,20201105,404.28,404.44,404.16,404.7,399.22,404.22,402.68,-0.22,-1.76,146502.0,5899382.0,129696.0,
AU.SHF,20201106,404.22,402.68,406.04,410.68,405.52,408.3,407.94,5.62,5.26,188202.0,7677735.0,127093.0,
AU.SHF,20201109,408.3,407.94,409.0,410.96,406.98,407.42,409.22,-0.52,1.28,165871.0,6788024.0,120788.0,
AU.SHF,20201110,407.42,409.22,399.6,399.8,391.5,396.54,394.52,-12.68,-14.7,258061.0,10181402.0,113069.0,
AU.SHF,20201111,396.54,394.52,395.18,396.2,394.2,395.64,395.22,1.12,0.7,105185.0,4157190.0,108968.0,
AU.SHF,20201112,395.64,395.22,394.64,395.62,392.0,394.98,393.98,-0.24,-1.24,133699.0,5267632.0,101791.0,
AU.SHF,20201113,394.98,393.98,395.06,397.0,394.6,396.88,396.24,2.9,2.26,102837.0,4074905.0,95747.0,
AU.SHF,20201116,396.88,396.24,397.5,399.76,396.22,396.64,398.2,0.4,1.96,105185.0,4188517.526,89414.0,
AU.SHF,20201117,396.64,398.2,394.7,398.26,393.72,396.18,396.26,-2.02,-1.94,104315.0,4133664.0,81027.0,
AU.SHF,20201118,396.18,396.26,396.04,397.26,392.72,393.64,395.06,-2.62,-1.2,87655.0,3462922.0,76287.0,
AU.SHF,20201119,393.64,395.06,392.04,395.36,390.4,392.0,393.08,-3.06,-1.98,96342.0,3787076.56,70384.0,
AU.SHF,20201120,392.0,393.08,392.0,392.7,390.26,392.18,391.74,-0.9,-1.34,92438.0,3621271.0,60399.0,
AU.SHF,20201123,392.18,391.74,392.18,394.18,391.6,392.8,392.72,1.06,0.98,80667.0,3168091.0,51812.0,
AU.SHF,20201124,392.8,392.72,392.08,392.12,382.02,383.32,386.48,-9.4,-6.24,141810.0,5379752.0,43794.0,
AU.SHF,20201125,383.32,386.48,380.04,380.74,378.0,379.24,379.44,-7.24,-7.04,94687.0,3592930.0,33091.0,
AU.SHF,20201126,379.24,379.44,380.54,381.08,378.16,380.22,379.84,0.78,0.4,50264.0,1909272.176,24895.0,
AU.SHF,20201127,380.22,381.08,381.24,381.9,379.76,381.14,380.8,0.06,-0.28,87027.0,3314112.696,64699.0,
AU.SHF,20201130,381.14,380.8,380.28,380.78,368.28,371.34,373.48,-9.46,-7.32,197649.0,7381840.918,69429.0,
AU.SHF,20201201,371.34,373.48,369.78,375.08,369.46,374.2,372.28,0.72,-1.2,123297.0,4590214.97,67056.0,
AU.SHF,20201202,374.2,372.28,378.2,380.36,377.46,379.64,378.92,7.36,6.64,137644.0,5215779.774,63111.0,
AU.SHF,20201203,379.64,378.92,380.88,384.28,379.2,383.7,381.9,4.78,2.98,127570.0,4872100.918,61338.0,
AU.SHF,20201204,383.7,381.9,384.7,385.44,380.78,384.46,383.36,2.56,1.46,121286.0,4649756.0,59118.0,
AU.SHF,20201207,384.46,383.36,384.0,384.94,381.36,383.38,383.18,0.02,-0.18,134348.0,5148016.87,60892.0,
AU.SHF,20201208,383.38,383.18,382.22,390.18,381.8,389.18,387.16,6.0,3.98,146198.0,5660235.0,64088.0,
AU.SHF,20201209,389.18,387.16,388.78,390.82,386.16,387.0,388.74,-0.16,1.58,117553.0,4569764.0,61423.0,
AU.SHF,20201210,387.0,388.74,386.72,388.08,382.38,383.26,384.84,-5.48,-3.9,128810.0,4957227.0,62306.0,
AU.SHF,20201211,383.26,384.84,383.22,386.66,382.2,382.78,384.14,-2.06,-0.7,118041.0,4534621.0,60998.0,
AU.SHF,20201214,382.78,384.14,383.26,386.14,382.06,382.82,384.1,-1.32,-0.04,117407.0,4509614.0,51002.0,
AU.SHF,20201215,382.82,384.1,381.0,385.94,380.46,385.66,382.88,1.56,-1.22,118340.0,4531054.0,52312.0,
AU.SHF,20201216,385.66,382.88,386.12,389.06,385.76,388.4,387.4,5.52,4.52,103926.0,4026250.0,53332.0,
AU.SHF,20201217,388.4,387.4,387.98,391.22,386.32,390.5,388.38,3.1,0.98,109335.0,4246446.0,55690.0,
AU.SHF,20201218,390.5,388.38,392.94,395.48,391.44,393.58,393.64,5.2,5.26,129844.0,5111238.0,54600.0,
AU.SHF,20201221,393.58,393.64,393.96,400.8,392.0,398.36,395.84,4.72,2.2,133771.0,5295210.0,55273.0,
AU.SHF,20201222,398.36,395.84,394.96,395.58,392.14,392.76,394.3,-3.08,-1.54,135335.0,5336348.0,52384.0,
AU.SHF,20201223,392.76,394.3,393.06,395.14,390.74,391.44,392.64,-2.86,-1.66,121551.0,4772709.0,49200.0,
AU.SHF,20201224,391.44,392.64,390.5,394.32,390.26,393.04,392.8,0.4,0.16,103777.0,4076547.0,46772.0,
AU.SHF,20201225,393.04,392.8,393.0,395.24,391.26,395.0,393.22,2.2,0.42,91966.0,3616402.0,47708.0,
AU.SHF,20201228,395.0,393.22,395.0,399.2,387.96,395.78,396.36,2.56,3.14,96263.0,3815586.99,43411.0,
AU.SHF,20201229,395.78,396.36,394.4,398.44,393.38,393.86,395.62,-2.5,-0.74,160917.0,6366421.676,41610.0,
AU.SHF,20201230,393.86,395.62,394.16,395.28,392.14,393.7,393.94,-1.92,-1.68,111318.0,4385381.0,39178.0,
AU.SHF,20201231,393.7,393.94,393.4,397.68,392.64,394.98,395.1,1.04,1.16,117553.0,4644676.496,37201.0,
