ts_code,trade_date,pre_close,open,high,low,close,change,pct_chg,vol,amount
518880.SH,20160104,2.232,2.235,2.253,2.229,2.251,0.019,0.8513,154728.99,34666.689
518880.SH,20160105,2.251,2.257,2.275,2.256,2.27,0.019,0.8441,222341.02,50342.479
518880.SH,20160106,2.27,2.262,2.318,2.261,2.289,0.019,0.837,486683.8,111354.579
518880.SH,20160107,2.289,2.308,2.373,2.308,2.339,0.05,2.1844,841897.6,197031.762
518880.SH,20160108,2.339,2.343,2.347,2.309,2.338,-0.001,-0.0428,568039.44,132705.908
518880.SH,20160111,2.338,2.345,2.358,2.338,2.347,0.009,0.3849,260971.53,61227.213
518880.SH,20160112,2.347,2.319,2.324,2.31,2.318,-0.029,-1.2356,226556.0,52524.403
518880.SH,20160113,2.318,2.299,2.304,2.295,2.3,-0.018,-0.7765,224189.0,51557.189
518880.SH,20160114,2.3,2.308,2.324,2.308,2.317,0.017,0.7391,239074.5,55420.813
518880.SH,20160115,2.317,2.294,2.305,2.291,2.304,-0.013,-0.5611,198530.0,45590.436
518880.SH,20160118,2.304,2.316,2.319,2.311,2.313,0.009,0.3906,262987.86,60891.451
518880.SH,20160119,2.313,2.303,2.316,2.302,2.311,-0.002,-0.0865,170386.5,39324.883
518880.SH,20160120,2.311,2.313,2.33,2.313,2.329,0.018,0.7789,747691.17,173500.43
518880.SH,20160121,2.329,2.334,2.358,2.331,2.35,0.021,0.9017,955257.42,223816.578
518880.SH,20160122,2.35,2.331,2.34,2.327,2.335,-0.015,-0.6383,348238.2,81317.856
518880.SH,20160125,2.335,2.332,2.347,2.332,2.339,0.004,0.1713,329195.0,77010.652
518880.SH,20160126,2.339,2.35,2.385,2.35,2.379,0.04,1.7101,917047.39,217101.642
518880.SH,20160127,2.379,2.38,2.385,2.37,2.375,-0.004,-0.1681,375957.79,89426.581
518880.SH,20160128,2.375,2.375,2.379,2.357,2.361,-0.014,-0.5895,477642.75,113102.649
518880.SH,20160129,2.361,2.357,2.367,2.353,2.363,0.002,0.0847,493454.09,116442.876
518880.SH,20160201,2.363,2.367,2.388,2.367,2.383,0.02,0.8464,888386.65,211656.656
518880.SH,20160202,2.383,2.398,2.398,2.386,2.389,0.006,0.2518,317837.5,75948.1
518880.SH,20160203,2.389,2.388,2.401,2.388,2.399,0.01,0.4186,521793.61,125104.661
518880.SH,20160204,2.399,2.415,2.43,2.415,2.421,0.022,0.917,436089.93,105572.677
518880.SH,20160205,2.421,2.449,2.454,2.443,2.451,0.03,1.2392,637695.76,156034.577
518880.SH,20160215,2.451,2.598,2.6,2.536,2.547,0.096,3.9168,1149282.56,294435.016
518880.SH,20160216,2.547,2.517,2.52,2.496,2.512,-0.035,-1.3742,1392511.17,349126.102
518880.SH,20160217,2.512,2.512,2.539,2.507,2.533,0.021,0.836,872289.32,220289.372
518880.SH,20160218,2.533,2.528,2.539,2.528,2.537,0.004,0.1579,429882.23,108960.443
518880.SH,20160219,2.537,2.561,2.576,2.561,2.574,0.037,1.4584,697517.65,179266.409
518880.SH,20160222,2.574,2.574,2.574,2.55,2.555,-0.019,-0.7382,605675.88,154940.448
518880.SH,20160223,2.555,2.549,2.565,2.542,2.557,0.002,0.0783,702109.39,179456.362
518880.SH,20160224,2.557,2.572,2.6,2.572,2.577,0.02,0.7822,1134212.14,292865.252
518880.SH,20160225,2.577,2.595,2.615,2.593,2.614,0.037,1.4358,1825517.74,475421.787
518880.SH,20160226,2.614,2.608,2.615,2.606,2.612,-0.002,-0.0765,804296.73,209973.298
518880.SH,20160229,2.612,2.591,2.598,2.585,2.587,-0.025,-0.9571,1566103.29,405843.73
518880.SH,20160301,2.587,2.62,2.633,2.611,2.626,0.039,1.5075,1736668.27,456106.962
518880.SH,20160302,2.626,2.593,2.598,2.59,2.595,-0.031,-1.1805,1883017.65,488600.555
518880.SH,20160303,2.595,2.601,2.617,2.601,2.617,0.022,0.8478,1013862.45,264614.39
518880.SH,20160304,2.617,2.645,2.656,2.642,2.651,0.034,1.2992,1817169.0,481198.3
518880.SH,20160307,2.651,2.66,2.663,2.627,2.649,-0.002,-0.0754,2416500.35,638317.97
518880.SH,20160308,2.649,2.655,2.672,2.654,2.662,0.013,0.4908,1725820.57,459575.812
518880.SH,20160309,2.662,2.633,2.642,2.618,2.634,-0.028,-1.0518,1207645.12,318094.008
518880.SH,20160310,2.634,2.621,2.63,2.617,2.618,-0.016,-0.6074,1534533.68,402471.235
518880.SH,20160311,2.618,2.673,2.68,2.648,2.651,0.033,1.2605,1810934.69,483420.779
518880.SH,20160314,2.651,2.622,2.631,2.621,2.624,-0.027,-1.0185,1345492.16,353519.565
518880.SH,20160315,2.624,2.584,2.587,2.568,2.572,-0.052,-1.9817,1694581.87,436432.547
518880.SH,20160316,2.572,2.575,2.591,2.574,2.591,0.019,0.7387,877549.83,226723.445
518880.SH,20160317,2.591,2.625,2.625,2.613,2.617,0.026,1.0035,2745797.24,718962.677
518880.SH,20160318,2.617,2.625,2.628,2.612,2.617,0.0,0.0,2094822.97,548423.363
518880.SH,20160321,2.617,2.599,2.6,2.567,2.576,-0.041,-1.5667,1977373.44,511271.292
518880.SH,20160322,2.576,2.578,2.598,2.578,2.597,0.021,0.8152,985915.02,255058.454
518880.SH,20160323,2.597,2.592,2.592,2.567,2.57,-0.027,-1.0397,977811.92,251908.951
518880.SH,20160324,2.57,2.533,2.546,2.532,2.534,-0.036,-1.4008,846567.67,214968.984
518880.SH,20160325,2.534,2.538,2.551,2.538,2.549,0.015,0.5919,891149.5,226859.36
518880.SH,20160328,2.549,2.539,2.545,2.531,2.541,-0.008,-0.3138,1182717.0,299873.277
518880.SH,20160329,2.541,2.544,2.548,2.54,2.547,0.006,0.2361,806896.17,205386.73
518880.SH,20160330,2.547,2.58,2.582,2.569,2.57,0.023,0.903,923089.82,237586.805
518880.SH,20160331,2.57,2.548,2.553,2.545,2.548,-0.022,-0.856,1074207.85,273827.186
518880.SH,20160401,2.548,2.553,2.566,2.549,2.564,0.016,0.6279,435370.76,111297.02
518880.SH,20160405,2.564,2.548,2.553,2.544,2.552,-0.012,-0.468,1002492.88,255556.796
518880.SH,20160406,2.552,2.558,2.56,2.552,2.554,0.002,0.0784,394615.75,100882.97
518880.SH,20160407,2.554,2.548,2.558,2.546,2.553,-0.001,-0.0392,458142.74,116928.517
518880.SH,20160408,2.553,2.566,2.576,2.566,2.57,0.017,0.6659,694766.39,178629.674
518880.SH,20160411,2.57,2.592,2.598,2.585,2.593,0.023,0.8949,930210.84,241087.151
518880.SH,20160412,2.593,2.6,2.607,2.596,2.607,0.014,0.5399,607476.8,157931.533
518880.SH,20160413,2.607,2.601,2.603,2.583,2.584,-0.023,-0.8822,966631.0,250600.0
518880.SH,20160414,2.584,2.564,2.566,2.558,2.563,-0.021,-0.8127,934631.35,239486.818
518880.SH,20160415,2.563,2.553,2.566,2.552,2.562,-0.001,-0.039,724693.0,185512.531
518880.SH,20160418,2.562,2.57,2.576,2.562,2.564,0.002,0.0781,504333.0,129611.743
518880.SH,20160419,2.564,2.559,2.593,2.556,2.588,0.024,0.936,522498.98,134031.065
518880.SH,20160420,2.588,2.602,2.611,2.582,2.594,0.006,0.2318,997583.19,259334.489
518880.SH,20160421,2.594,2.595,2.631,2.594,2.626,0.032,1.2336,1325898.53,346097.516
518880.SH,20160422,2.626,2.599,2.61,2.59,2.592,-0.034,-1.2947,817112.42,212586.071
518880.SH,20160425,2.592,2.571,2.588,2.569,2.578,-0.014,-0.5401,686490.0,176951.046
518880.SH,20160426,2.578,2.59,2.593,2.572,2.573,-0.005,-0.1939,472094.18,121868.877
518880.SH,20160427,2.573,2.595,2.602,2.591,2.601,0.028,1.0882,833862.19,216457.084
518880.SH,20160428,2.601,2.588,2.618,2.586,2.613,0.012,0.4614,909578.12,236775.624
518880.SH,20160429,2.613,2.634,2.67,2.634,2.66,0.047,1.7987,2265110.71,601795.368
518880.SH,20160503,2.66,2.7,2.711,2.671,2.702,0.042,1.5789,2192020.49,589987.846
518880.SH,20160504,2.702,2.68,2.681,2.674,2.677,-0.025,-0.9252,1048731.0,280864.238
518880.SH,20160505,2.677,2.676,2.69,2.674,2.675,-0.002,-0.0747,1259979.94,338034.376
518880.SH,20160506,2.675,2.674,2.687,2.672,2.68,0.005,0.1869,1614776.99,432779.503
518880.SH,20160509,2.68,2.686,2.693,2.666,2.67,-0.01,-0.3731,2133353.88,571996.336
518880.SH,20160510,2.67,2.647,2.661,2.64,2.657,-0.013,-0.4869,1692327.85,449050.591
518880.SH,20160511,2.657,2.664,2.674,2.66,2.669,0.012,0.4516,1612958.58,430186.898
518880.SH,20160512,2.669,2.674,2.674,2.659,2.66,-0.009,-0.3372,852978.75,227568.491
518880.SH,20160513,2.66,2.659,2.686,2.657,2.682,0.022,0.8271,2049386.99,548018.391
518880.SH,20160516,2.682,2.682,2.699,2.681,2.695,0.013,0.4847,1915400.49,515260.042
518880.SH,20160517,2.695,2.69,2.691,2.678,2.682,-0.013,-0.4824,1808375.12,485834.343
518880.SH,20160518,2.682,2.688,2.691,2.68,2.681,-0.001,-0.0373,821682.93,220720.767
518880.SH,20160519,2.681,2.659,2.66,2.639,2.64,-0.041,-1.5293,1580448.97,419054.519
518880.SH,20160520,2.64,2.641,2.647,2.633,2.638,-0.002,-0.0758,1150627.39,303808.014
518880.SH,20160523,2.638,2.644,2.647,2.634,2.635,-0.003,-0.1137,1310517.63,346061.796
518880.SH,20160524,2.635,2.631,2.636,2.623,2.623,-0.012,-0.4554,1030176.68,271173.575
518880.SH,20160525,2.623,2.595,2.606,2.578,2.581,-0.042,-1.6012,1618625.5,419415.782
518880.SH,20160526,2.581,2.593,2.598,2.587,2.591,0.01,0.3874,946297.22,245494.24
518880.SH,20160527,2.591,2.577,2.584,2.564,2.58,-0.011,-0.4245,1137192.13,292962.086
518880.SH,20160530,2.58,2.55,2.555,2.538,2.554,-0.026,-1.0078,1078014.73,274562.553
518880.SH,20160531,2.554,2.569,2.577,2.566,2.576,0.022,0.8614,1030173.34,265015.803
518880.SH,20160601,2.576,2.583,2.59,2.577,2.579,0.003,0.1165,932629.67,241001.569
518880.SH,20160602,2.579,2.572,2.582,2.57,2.581,0.002,0.0775,607558.81,156530.819
518880.SH,20160603,2.581,2.572,2.575,2.57,2.574,-0.007,-0.2712,582390.0,149767.188
518880.SH,20160606,2.574,2.625,2.629,2.618,2.621,0.047,1.826,1385638.96,363242.251
518880.SH,20160607,2.621,2.626,2.63,2.622,2.625,0.004,0.1526,693574.74,182178.36
518880.SH,20160608,2.625,2.629,2.646,2.627,2.646,0.021,0.8,788112.27,207896.25
518880.SH,20160613,2.646,2.693,2.729,2.693,2.724,0.078,2.9478,2314037.41,626773.548
518880.SH,20160614,2.724,2.722,2.725,2.71,2.717,-0.007,-0.257,1302619.94,354141.925
518880.SH,20160615,2.717,2.727,2.735,2.722,2.73,0.013,0.4785,1068518.52,291452.88
518880.SH,20160616,2.73,2.75,2.785,2.745,2.777,0.047,1.7216,1309878.18,361593.421
518880.SH,20160617,2.777,2.718,2.73,2.711,2.715,-0.062,-2.2326,1675671.75,455545.346
518880.SH,20160620,2.715,2.72,2.724,2.711,2.717,0.002,0.0737,742614.49,201853.519
518880.SH,20160621,2.717,2.721,2.724,2.708,2.712,-0.005,-0.184,829377.79,225474.935
518880.SH,20160622,2.712,2.693,2.694,2.67,2.675,-0.037,-1.3643,670454.02,179865.129
518880.SH,20160623,2.675,2.675,2.69,2.672,2.681,0.006,0.2243,1075971.76,288220.27
518880.SH,20160624,2.681,2.703,2.946,2.686,2.805,0.124,4.6251,4560087.54,1267108.605
518880.SH,20160627,2.805,2.827,2.835,2.823,2.828,0.023,0.82,1267492.46,358457.614
518880.SH,20160628,2.828,2.828,2.828,2.814,2.817,-0.011,-0.389,944155.01,266386.699
518880.SH,20160629,2.817,2.82,2.832,2.819,2.83,0.013,0.4615,1067751.0,301905.713
518880.SH,20160630,2.83,2.822,2.824,2.813,2.818,-0.012,-0.424,1184713.82,333898.485
518880.SH,20160701,2.818,2.839,2.867,2.839,2.858,0.04,1.4194,1988575.68,567387.96
518880.SH,20160704,2.858,2.904,2.917,2.884,2.899,0.041,1.4346,2089501.49,605771.544
518880.SH,20160705,2.899,2.9,2.902,2.871,2.89,-0.009,-0.3105,1046105.61,301901.606
518880.SH,20160706,2.89,2.946,2.96,2.94,2.947,0.057,1.9723,1866619.05,550636.974
518880.SH,20160707,2.947,2.946,2.958,2.934,2.936,-0.011,-0.3733,1422086.49,419033.142
518880.SH,20160708,2.936,2.911,2.926,2.911,2.916,-0.02,-0.6812,1317558.46,384469.471
518880.SH,20160711,2.916,2.945,2.963,2.933,2.942,0.026,0.8916,2439614.65,719447.21
518880.SH,20160712,2.942,2.928,2.929,2.915,2.919,-0.023,-0.7818,1171359.21,342195.844
518880.SH,20160713,2.919,2.863,2.893,2.86,2.892,-0.027,-0.925,1212283.97,348273.631
518880.SH,20160714,2.892,2.9,2.9,2.87,2.872,-0.02,-0.6916,1046603.0,301490.189
518880.SH,20160715,2.872,2.866,2.876,2.859,2.875,0.003,0.1045,1206896.89,346107.008
518880.SH,20160718,2.875,2.864,2.874,2.857,2.865,-0.01,-0.3478,1219518.0,349494.411
518880.SH,20160719,2.865,2.867,2.876,2.861,2.87,0.005,0.1745,978109.35,280757.653
518880.SH,20160720,2.87,2.87,2.877,2.857,2.858,-0.012,-0.4181,1248879.1,358171.415
518880.SH,20160721,2.858,2.826,2.833,2.822,2.83,-0.028,-0.9797,1071630.1,303038.308
518880.SH,20160722,2.83,2.857,2.857,2.84,2.844,0.014,0.4947,1255486.37,357518.701
518880.SH,20160725,2.844,2.826,2.835,2.821,2.83,-0.014,-0.4923,804345.74,227627.657
518880.SH,20160726,2.83,2.838,2.84,2.827,2.834,0.004,0.1413,707640.56,200526.737
518880.SH,20160727,2.834,2.832,2.838,2.827,2.836,0.002,0.0706,953613.0,270159.821
518880.SH,20160728,2.836,2.873,2.878,2.862,2.876,0.04,1.4104,1346345.66,386652.589
518880.SH,20160729,2.876,2.871,2.872,2.855,2.859,-0.017,-0.5911,732685.08,209971.247
518880.SH,20160801,2.859,2.881,2.887,2.876,2.877,0.018,0.6296,955003.0,275225.034
518880.SH,20160802,2.877,2.884,2.895,2.879,2.895,0.018,0.6257,683898.29,197365.683
518880.SH,20160803,2.895,2.907,2.916,2.905,2.912,0.017,0.5872,1249785.52,363583.722
518880.SH,20160804,2.912,2.896,2.901,2.88,2.881,-0.031,-1.0646,1382043.0,399537.657
518880.SH,20160805,2.881,2.902,2.919,2.902,2.918,0.037,1.2843,1466660.29,426838.822
518880.SH,20160808,2.918,2.869,2.87,2.852,2.857,-0.061,-2.0905,1292583.0,370128.728
518880.SH,20160809,2.857,2.859,2.863,2.853,2.855,-0.002,-0.07,684384.0,195635.11
518880.SH,20160810,2.855,2.876,2.899,2.876,2.896,0.041,1.4361,1243490.25,358862.349
518880.SH,20160811,2.896,2.872,2.875,2.868,2.871,-0.025,-0.8633,705126.0,202446.406
518880.SH,20160812,2.871,2.866,2.871,2.865,2.87,-0.001,-0.0348,564926.25,162024.012
518880.SH,20160815,2.87,2.864,2.865,2.857,2.864,-0.006,-0.2091,895180.75,256125.813
518880.SH,20160816,2.864,2.868,2.88,2.865,2.875,0.011,0.3841,1121153.96,321995.156
518880.SH,20160817,2.875,2.87,2.87,2.859,2.861,-0.014,-0.487,839378.0,240412.116
518880.SH,20160818,2.861,2.881,2.886,2.874,2.876,0.015,0.5243,1203098.46,346747.072
518880.SH,20160819,2.876,2.872,2.885,2.869,2.877,0.001,0.0348,739557.86,212757.477
518880.SH,20160822,2.877,2.859,2.861,2.853,2.855,-0.022,-0.7647,783125.84,223802.355
518880.SH,20160823,2.855,2.861,2.862,2.855,2.86,0.005,0.1751,658069.64,188132.732
518880.SH,20160824,2.86,2.86,2.863,2.86,2.861,0.001,0.035,455655.6,130383.274
518880.SH,20160825,2.861,2.835,2.841,2.833,2.837,-0.024,-0.8389,762898.93,216419.473
518880.SH,20160826,2.837,2.831,2.842,2.831,2.841,0.004,0.141,604934.07,171650.706
518880.SH,20160829,2.841,2.83,2.833,2.827,2.83,-0.011,-0.3872,529243.0,149776.841
518880.SH,20160830,2.83,2.841,2.846,2.835,2.836,0.006,0.212,760291.29,216076.606
518880.SH,20160831,2.836,2.829,2.831,2.822,2.823,-0.013,-0.4584,1294359.0,366014.611
518880.SH,20160901,2.823,2.819,2.823,2.814,2.815,-0.008,-0.2834,773103.38,217959.982
518880.SH,20160902,2.815,2.822,2.828,2.817,2.821,0.006,0.2131,1373418.0,387901.799
518880.SH,20160905,2.821,2.843,2.852,2.843,2.851,0.03,1.0635,1318579.0,375182.321
518880.SH,20160906,2.851,2.85,2.854,2.849,2.852,0.001,0.0351,759612.99,216590.831
518880.SH,20160907,2.852,2.889,2.899,2.888,2.891,0.039,1.3675,1498522.75,433559.188
518880.SH,20160908,2.891,2.884,2.89,2.883,2.889,-0.002,-0.0692,578545.34,166924.255
518880.SH,20160909,2.889,2.874,2.877,2.87,2.872,-0.017,-0.5884,593686.0,170630.736
518880.SH,20160912,2.872,2.855,2.855,2.846,2.852,-0.02,-0.6964,2035189.02,579846.001
518880.SH,20160913,2.852,2.855,2.863,2.854,2.857,0.005,0.1753,912801.0,260887.21
518880.SH,20160914,2.857,2.835,2.845,2.831,2.843,-0.014,-0.49,876061.0,248483.362
518880.SH,20160919,2.843,2.826,2.831,2.822,2.826,-0.017,-0.598,1347658.0,380846.464
518880.SH,20160920,2.826,2.828,2.833,2.827,2.831,0.005,0.1769,552112.0,156279.543
518880.SH,20160921,2.831,2.831,2.841,2.827,2.838,0.007,0.2473,1159943.0,328523.252
518880.SH,20160922,2.838,2.86,2.863,2.855,2.859,0.021,0.74,1274066.0,364224.504
518880.SH,20160923,2.859,2.866,2.867,2.861,2.862,0.003,0.1049,865012.01,247776.04
518880.SH,20160926,2.862,2.869,2.87,2.859,2.863,0.001,0.0349,1164063.0,333323.069
518880.SH,20160927,2.863,2.87,2.871,2.857,2.858,-0.005,-0.1746,1184475.16,338982.804
518880.SH,20160928,2.858,2.841,2.844,2.836,2.837,-0.021,-0.7348,1211647.38,344117.118
518880.SH,20160929,2.837,2.84,2.843,2.832,2.832,-0.005,-0.1762,887863.84,252071.276
518880.SH,20160930,2.832,2.838,2.844,2.834,2.843,0.011,0.3884,1030798.37,292685.841
518880.SH,20161010,2.843,2.729,2.739,2.72,2.737,-0.106,-3.7285,3361635.63,918397.652
518880.SH,20161011,2.737,2.729,2.733,2.724,2.731,-0.006,-0.2192,1402946.63,382668.514
518880.SH,20161012,2.731,2.727,2.73,2.724,2.725,-0.006,-0.2197,819634.0,223540.144
518880.SH,20161013,2.725,2.726,2.738,2.726,2.734,0.009,0.3303,1344222.0,367374.166
518880.SH,20161014,2.734,2.731,2.734,2.722,2.724,-0.01,-0.3658,922034.26,251442.176
518880.SH,20161017,2.724,2.722,2.735,2.722,2.734,0.01,0.3671,1456110.42,397392.669
518880.SH,20161018,2.734,2.737,2.745,2.734,2.74,0.006,0.2195,1411367.9,386439.171
518880.SH,20161019,2.74,2.744,2.746,2.739,2.74,0.0,0.0,1105656.27,303282.832
518880.SH,20161020,2.74,2.757,2.766,2.756,2.761,0.021,0.7664,1113956.51,307674.367
518880.SH,20161021,2.761,2.754,2.756,2.749,2.751,-0.01,-0.3622,1281814.0,352786.799
518880.SH,20161024,2.751,2.756,2.764,2.755,2.76,0.009,0.3272,1763176.6,486304.045
518880.SH,20161025,2.76,2.762,2.773,2.762,2.77,0.01,0.3623,2184866.39,604559.81
518880.SH,20161026,2.77,2.784,2.791,2.782,2.783,0.013,0.4693,1410448.52,393034.899
518880.SH,20161027,2.783,2.77,2.775,2.768,2.772,-0.011,-0.3953,1320655.0,366068.2
518880.SH,20161028,2.772,2.778,2.783,2.772,2.775,0.003,0.1082,1210802.0,336449.077
518880.SH,20161031,2.775,2.787,2.795,2.786,2.788,0.013,0.4685,1944852.0,542831.802
518880.SH,20161101,2.788,2.793,2.803,2.791,2.799,0.011,0.3945,1803009.38,504182.519
518880.SH,20161102,2.799,2.818,2.825,2.813,2.824,0.025,0.8932,2263061.0,637679.784
518880.SH,20161103,2.824,2.833,2.833,2.819,2.823,-0.001,-0.0354,3456987.15,977183.985
518880.SH,20161104,2.823,2.829,2.832,2.8,2.804,-0.019,-0.673,3039600.0,855723.426
518880.SH,20161107,2.804,2.806,2.81,2.785,2.792,-0.012,-0.428,2966980.0,828752.787
518880.SH,20161108,2.792,2.778,2.798,2.778,2.798,0.006,0.2149,3670002.98,1023441.385
518880.SH,20161109,2.798,2.786,2.89,2.785,2.865,0.067,2.3946,9367809.27,2664597.885
518880.SH,20161110,2.865,2.799,2.815,2.797,2.813,-0.052,-1.815,2951478.48,829285.871
518880.SH,20161111,2.813,2.779,2.78,2.749,2.769,-0.044,-1.5642,2712283.96,750070.754
518880.SH,20161114,2.769,2.675,2.686,2.675,2.683,-0.086,-3.1058,3428141.28,918678.95
518880.SH,20161115,2.683,2.712,2.713,2.705,2.709,0.026,0.9691,2698898.93,731104.098
518880.SH,20161116,2.709,2.715,2.725,2.715,2.722,0.013,0.4799,2787344.9,758600.839
518880.SH,20161117,2.722,2.722,2.724,2.714,2.716,-0.006,-0.2204,1532615.0,416814.166
518880.SH,20161118,2.716,2.7,2.7,2.684,2.687,-0.029,-1.0677,2564891.42,689690.891
518880.SH,20161121,2.687,2.696,2.711,2.695,2.709,0.022,0.8188,1930839.51,521697.032
518880.SH,20161122,2.709,2.72,2.721,2.713,2.715,0.006,0.2215,2137221.0,580651.642
518880.SH,20161123,2.715,2.715,2.723,2.712,2.717,0.002,0.0737,4399510.0,1196001.311
518880.SH,20161124,2.717,2.686,2.691,2.682,2.684,-0.033,-1.2146,3734770.36,1003127.866
518880.SH,20161125,2.684,2.671,2.675,2.641,2.662,-0.022,-0.8197,4806399.04,1276397.896
518880.SH,20161128,2.662,2.687,2.692,2.677,2.678,0.016,0.6011,4048898.0,1087289.836
518880.SH,20161129,2.678,2.68,2.682,2.665,2.666,-0.012,-0.4481,3028069.0,809362.874
518880.SH,20161130,2.666,2.664,2.667,2.651,2.652,-0.014,-0.5251,3845407.0,1022256.705
518880.SH,20161201,2.652,2.625,2.644,2.619,2.64,-0.012,-0.4525,3575597.0,940998.381
518880.SH,20161202,2.64,2.643,2.644,2.631,2.638,-0.002,-0.0758,3039143.82,800894.653
518880.SH,20161205,2.638,2.64,2.642,2.627,2.629,-0.009,-0.3412,4143099.96,1091278.025
518880.SH,20161206,2.629,2.632,2.636,2.625,2.626,-0.003,-0.1141,4133492.41,1087667.389
518880.SH,20161207,2.626,2.623,2.63,2.621,2.621,-0.005,-0.1904,3409606.33,894715.01
518880.SH,20161208,2.621,2.638,2.65,2.636,2.644,0.023,0.8775,4624944.54,1223170.4
518880.SH,20161209,2.644,2.642,2.644,2.633,2.643,-0.001,-0.0378,5033719.55,1328455.676
518880.SH,20161212,2.643,2.64,2.64,2.624,2.63,-0.013,-0.4919,4354744.94,1145628.221
518880.SH,20161213,2.63,2.634,2.643,2.631,2.632,0.002,0.076,4189437.0,1104671.215
518880.SH,20161214,2.632,2.636,2.652,2.634,2.65,0.018,0.6839,5472076.85,1445322.694
518880.SH,20161215,2.65,2.622,2.627,2.613,2.615,-0.035,-1.3208,4043550.2,1059735.384
518880.SH,20161216,2.615,2.603,2.607,2.6,2.602,-0.013,-0.4971,3197196.78,832587.854
518880.SH,20161219,2.602,2.614,2.617,2.609,2.615,0.013,0.4996,4066297.0,1062059.368
518880.SH,20161220,2.615,2.612,2.616,2.598,2.601,-0.014,-0.5354,3487188.77,910773.435
518880.SH,20161221,2.601,2.581,2.602,2.579,2.595,-0.006,-0.2307,3510697.06,909646.99
518880.SH,20161222,2.595,2.589,2.591,2.575,2.577,-0.018,-0.6936,5688556.6,1470164.722
518880.SH,20161223,2.577,2.584,2.589,2.582,2.583,0.006,0.2328,3363345.18,869828.792
518880.SH,20161226,2.583,2.586,2.595,2.584,2.592,0.009,0.3484,4447948.0,1150474.023
518880.SH,20161227,2.592,2.592,2.6,2.591,2.595,0.003,0.1157,5348551.0,1388962.753
518880.SH,20161228,2.595,2.598,2.609,2.597,2.603,0.008,0.3083,4231303.1,1101763.178
518880.SH,20161229,2.603,2.612,2.617,2.608,2.616,0.013,0.4994,2973082.48,776700.383
518880.SH,20161230,2.616,2.64,2.642,2.626,2.636,0.02,0.7645,3016085.99,794450.349
518880.SH,20170103,2.636,2.635,2.636,2.625,2.626,-0.01,-0.3794,1810750.0,476438.202
518880.SH,20170104,2.626,2.632,2.642,2.632,2.638,0.012,0.457,2128353.0,561173.609
518880.SH,20170105,2.638,2.64,2.641,2.629,2.636,-0.002,-0.0758,3545702.18,934366.066
518880.SH,20170106,2.636,2.637,2.641,2.632,2.633,-0.003,-0.1138,2607779.0,687845.758
518880.SH,20170109,2.633,2.638,2.645,2.638,2.645,0.012,0.4558,2582297.86,682501.093
518880.SH,20170110,2.645,2.656,2.666,2.655,2.663,0.018,0.6805,3779365.41,1005428.343
518880.SH,20170111,2.663,2.665,2.667,2.661,2.664,0.001,0.0376,3086983.88,822284.157
518880.SH,20170112,2.664,2.665,2.671,2.665,2.671,0.007,0.2628,2783157.72,742442.021
518880.SH,20170113,2.671,2.658,2.667,2.655,2.662,-0.009,-0.337,1974099.0,525206.749
518880.SH,20170116,2.662,2.667,2.686,2.666,2.682,0.02,0.7513,2578644.75,690037.75
518880.SH,20170117,2.682,2.685,2.699,2.682,2.694,0.012,0.4474,3271692.08,880424.131
518880.SH,20170118,2.694,2.697,2.697,2.682,2.685,-0.009,-0.3341,2860817.0,770078.378
518880.SH,20170119,2.685,2.669,2.674,2.655,2.662,-0.023,-0.8566,3952549.48,1053909.932
518880.SH,20170120,2.662,2.667,2.672,2.666,2.668,0.006,0.2254,2441292.52,651831.321
518880.SH,20170123,2.668,2.686,2.691,2.681,2.681,0.013,0.4873,2327551.1,625471.85
518880.SH,20170124,2.681,2.684,2.685,2.674,2.677,-0.004,-0.1492,1877252.0,503504.304
518880.SH,20170125,2.677,2.663,2.67,2.65,2.651,-0.026,-0.9712,2532521.37,674733.302
518880.SH,20170126,2.651,2.645,2.645,2.639,2.641,-0.01,-0.3772,1303537.15,344362.29
518880.SH,20170203,2.641,2.678,2.68,2.673,2.674,0.033,1.2495,1290777.8,345383.599
518880.SH,20170206,2.674,2.696,2.703,2.695,2.701,0.027,1.0097,1276723.72,344649.686
518880.SH,20170207,2.701,2.712,2.726,2.712,2.722,0.021,0.7775,1911133.66,519230.176
518880.SH,20170208,2.722,2.726,2.732,2.721,2.722,0.0,0.0,2196876.63,599386.273
518880.SH,20170209,2.722,2.738,2.743,2.738,2.74,0.018,0.6613,2790735.49,764871.261
518880.SH,20170210,2.74,2.709,2.715,2.706,2.712,-0.028,-1.0219,2015988.14,546651.857
518880.SH,20170213,2.712,2.725,2.728,2.718,2.719,0.007,0.2581,2656028.08,723279.658
518880.SH,20170214,2.719,2.713,2.721,2.712,2.72,0.001,0.0368,1819952.06,494214.53
518880.SH,20170215,2.72,2.712,2.715,2.705,2.707,-0.013,-0.4779,3133006.81,849313.35
518880.SH,20170216,2.707,2.727,2.731,2.723,2.725,0.018,0.6649,2216657.37,604731.202
518880.SH,20170217,2.725,2.734,2.739,2.73,2.737,0.012,0.4404,1947612.0,532662.868
518880.SH,20170220,2.737,2.73,2.737,2.726,2.73,-0.007,-0.2558,2752247.04,751452.299
518880.SH,20170221,2.73,2.73,2.737,2.728,2.736,0.006,0.2198,3487969.0,952890.152
518880.SH,20170222,2.736,2.739,2.742,2.733,2.735,-0.001,-0.0365,1269311.0,347664.908
518880.SH,20170223,2.735,2.739,2.741,2.736,2.739,0.004,0.1463,2520023.87,690222.071
518880.SH,20170224,2.739,2.763,2.779,2.761,2.775,0.036,1.3143,2071424.33,573096.222
518880.SH,20170227,2.775,2.781,2.787,2.781,2.784,0.009,0.3243,2837020.72,789760.452
518880.SH,20170228,2.784,2.774,2.778,2.773,2.774,-0.01,-0.3592,3017583.51,837531.621
518880.SH,20170301,2.774,2.752,2.764,2.752,2.755,-0.019,-0.6849,3791023.4,1045728.385
518880.SH,20170302,2.755,2.763,2.763,2.758,2.758,0.003,0.1089,3126891.64,863349.603
518880.SH,20170303,2.758,2.736,2.741,2.736,2.737,-0.021,-0.7614,3002310.0,822288.615
518880.SH,20170306,2.737,2.743,2.745,2.739,2.739,0.002,0.0731,2930316.94,803679.423
518880.SH,20170307,2.739,2.733,2.733,2.729,2.729,-0.01,-0.3651,2982088.01,814299.064
518880.SH,20170308,2.729,2.718,2.722,2.717,2.717,-0.012,-0.4397,2754049.23,749012.585
518880.SH,20170309,2.717,2.71,2.711,2.705,2.708,-0.009,-0.3312,2541499.99,688503.977
518880.SH,20170310,2.708,2.695,2.696,2.688,2.69,-0.018,-0.6647,2164909.81,582802.606
518880.SH,20170313,2.69,2.702,2.719,2.702,2.718,0.028,1.0409,2409451.18,652628.488
518880.SH,20170314,2.718,2.706,2.717,2.706,2.709,-0.009,-0.3311,3258575.0,884186.89
518880.SH,20170315,2.709,2.708,2.714,2.705,2.709,0.0,0.0,4971248.0,1346723.709
518880.SH,20170316,2.709,2.748,2.755,2.746,2.75,0.041,1.5135,4408380.53,1212160.551
518880.SH,20170317,2.75,2.748,2.755,2.747,2.754,0.004,0.1455,2526456.45,695171.605
518880.SH,20170320,2.754,2.759,2.771,2.759,2.766,0.012,0.4357,2530527.86,700273.047
518880.SH,20170321,2.766,2.764,2.766,2.749,2.751,-0.015,-0.5423,3425635.87,944125.487
518880.SH,20170322,2.751,2.768,2.779,2.767,2.776,0.025,0.9088,2714143.86,753271.979
518880.SH,20170323,2.776,2.774,2.781,2.771,2.779,0.003,0.1081,2627927.0,729253.519
518880.SH,20170324,2.779,2.771,2.776,2.769,2.773,-0.006,-0.2159,2419712.0,671049.216
518880.SH,20170327,2.773,2.796,2.802,2.792,2.8,0.027,0.9737,3061353.93,856367.478
518880.SH,20170328,2.8,2.797,2.799,2.79,2.793,-0.007,-0.25,2081062.53,581916.858
518880.SH,20170329,2.793,2.783,2.788,2.782,2.786,-0.007,-0.2506,2685463.0,747885.279
518880.SH,20170330,2.786,2.785,2.787,2.78,2.784,-0.002,-0.0718,2338242.0,650939.088
518880.SH,20170331,2.784,2.767,2.767,2.76,2.761,-0.023,-0.8261,1698327.0,469312.837
518880.SH,20170405,2.761,2.784,2.801,2.781,2.792,0.031,1.1228,4560012.67,1273020.216
518880.SH,20170406,2.792,2.791,2.795,2.791,2.794,0.002,0.0716,2577953.82,720240.014
518880.SH,20170407,2.794,2.809,2.832,2.807,2.819,0.025,0.8948,4254010.92,1200372.506
518880.SH,20170410,2.819,2.799,2.813,2.798,2.808,-0.011,-0.3902,3451337.03,967833.999
518880.SH,20170411,2.808,2.809,2.826,2.806,2.814,0.006,0.2137,4373356.67,1229963.266
518880.SH,20170412,2.814,2.853,2.855,2.838,2.842,0.028,0.995,3922599.02,1117107.804
518880.SH,20170413,2.842,2.86,2.863,2.852,2.853,0.011,0.3871,4472480.3,1278429.994
518880.SH,20170414,2.853,2.86,2.865,2.854,2.859,0.006,0.2103,7309815.24,2090708.512
518880.SH,20170417,2.859,2.861,2.868,2.849,2.852,-0.007,-0.2448,5356384.11,1533748.482
518880.SH,20170418,2.852,2.845,2.848,2.84,2.843,-0.009,-0.3156,5635795.14,1603213.425
518880.SH,20170419,2.843,2.846,2.85,2.84,2.841,-0.002,-0.0703,3878143.0,1103619.313
518880.SH,20170420,2.841,2.839,2.843,2.831,2.836,-0.005,-0.176,1905307.0,540422.106
518880.SH,20170421,2.836,2.836,2.836,2.826,2.827,-0.009,-0.3173,2548979.0,721079.606
518880.SH,20170424,2.827,2.825,2.827,2.804,2.805,-0.022,-0.7782,2603671.73,733911.105
518880.SH,20170425,2.805,2.806,2.811,2.804,2.807,0.002,0.0713,5222972.32,1466299.634
518880.SH,20170426,2.807,2.797,2.8,2.792,2.794,-0.013,-0.4631,5094034.3,1424421.347
518880.SH,20170427,2.794,2.801,2.805,2.8,2.802,0.008,0.2863,3457906.8,969345.395
518880.SH,20170428,2.802,2.803,2.814,2.802,2.812,0.01,0.3569,2223555.22,624543.768
518880.SH,20170502,2.812,2.792,2.797,2.787,2.788,-0.024,-0.8535,2049374.59,572407.86
518880.SH,20170503,2.788,2.79,2.791,2.786,2.788,0.0,0.0,1402221.0,391097.353
518880.SH,20170504,2.788,2.765,2.767,2.736,2.745,-0.043,-1.5423,4861794.0,1341891.833
518880.SH,20170505,2.745,2.732,2.749,2.731,2.747,0.002,0.0729,2062512.0,564424.839
518880.SH,20170508,2.747,2.745,2.748,2.737,2.738,-0.009,-0.3276,1239770.82,340195.379
518880.SH,20170509,2.738,2.741,2.746,2.734,2.741,0.003,0.1096,2210910.33,606207.63
518880.SH,20170510,2.741,2.731,2.731,2.723,2.726,-0.015,-0.5472,1960839.34,534764.9
518880.SH,20170511,2.726,2.726,2.735,2.726,2.731,0.005,0.1834,2706412.3,738453.701
518880.SH,20170512,2.731,2.737,2.743,2.733,2.739,0.008,0.2929,1912927.0,523800.263
518880.SH,20170515,2.739,2.74,2.753,2.739,2.75,0.011,0.4016,2856468.0,784435.996
518880.SH,20170516,2.75,2.753,2.759,2.753,2.757,0.007,0.2545,3064408.5,844582.407
518880.SH,20170517,2.757,2.766,2.771,2.765,2.768,0.011,0.399,2524692.5,698856.519
518880.SH,20170518,2.768,2.803,2.804,2.79,2.791,0.023,0.8309,2235460.0,625478.341
518880.SH,20170519,2.791,2.782,2.787,2.778,2.784,-0.007,-0.2508,1940811.36,540009.999
518880.SH,20170522,2.784,2.785,2.791,2.784,2.79,0.006,0.2155,1944020.36,541805.458
518880.SH,20170523,2.79,2.802,2.807,2.799,2.803,0.013,0.4659,2396456.0,672045.035
518880.SH,20170524,2.803,2.784,2.785,2.77,2.772,-0.031,-1.106,2339396.0,650283.681
518880.SH,20170525,2.772,2.79,2.791,2.784,2.784,0.012,0.4329,1318344.25,367533.611
518880.SH,20170526,2.784,2.776,2.789,2.775,2.788,0.004,0.1437,1429314.0,397223.771
518880.SH,20170531,2.788,2.786,2.788,2.773,2.775,-0.013,-0.4663,1899737.66,528322.64
518880.SH,20170601,2.775,2.779,2.78,2.773,2.777,0.002,0.0721,1635290.76,454076.921
518880.SH,20170602,2.777,2.767,2.774,2.767,2.771,-0.006,-0.2161,2888691.06,800275.367
518880.SH,20170605,2.771,2.81,2.818,2.801,2.805,0.034,1.227,2575161.34,723130.141
518880.SH,20170606,2.805,2.809,2.824,2.807,2.822,0.017,0.6061,2309035.72,650162.198
518880.SH,20170607,2.822,2.823,2.827,2.822,2.823,0.001,0.0354,1306144.14,368918.985
518880.SH,20170608,2.823,2.815,2.816,2.806,2.806,-0.017,-0.6022,2927502.02,823060.387
518880.SH,20170609,2.806,2.785,2.789,2.776,2.78,-0.026,-0.9266,2428175.43,676061.616
518880.SH,20170612,2.78,2.77,2.773,2.767,2.77,-0.01,-0.3597,2221775.0,615344.667
518880.SH,20170613,2.77,2.767,2.777,2.767,2.775,0.005,0.1805,1670421.79,463302.589
518880.SH,20170614,2.775,2.78,2.79,2.778,2.782,0.007,0.2523,1785083.5,496961.336
518880.SH,20170615,2.782,2.781,2.784,2.758,2.759,-0.023,-0.8267,2635575.08,730719.149
518880.SH,20170616,2.759,2.752,2.764,2.75,2.755,-0.004,-0.145,2837366.09,782181.881
518880.SH,20170619,2.755,2.754,2.759,2.75,2.753,-0.002,-0.0726,2744017.0,755977.159
518880.SH,20170620,2.753,2.744,2.748,2.74,2.743,-0.01,-0.3632,2954828.0,810656.217
518880.SH,20170621,2.743,2.742,2.751,2.742,2.745,0.002,0.0729,2513144.7,690368.641
518880.SH,20170622,2.745,2.76,2.765,2.758,2.76,0.015,0.5464,3226778.0,891227.215
518880.SH,20170623,2.76,2.758,2.767,2.757,2.764,0.004,0.1449,3053844.19,843546.481
518880.SH,20170626,2.764,2.766,2.769,2.76,2.764,0.0,0.0,4045648.05,1118456.821
518880.SH,20170627,2.764,2.742,2.754,2.741,2.751,-0.013,-0.4703,4055552.55,1113662.879
518880.SH,20170628,2.751,2.745,2.752,2.744,2.747,-0.004,-0.1454,2077602.0,570925.945
518880.SH,20170629,2.747,2.744,2.746,2.736,2.74,-0.007,-0.2548,1591419.0,436489.112
518880.SH,20170630,2.74,2.731,2.731,2.713,2.714,-0.026,-0.9489,2436886.0,662949.041
518880.SH,20170703,2.714,2.709,2.71,2.704,2.707,-0.007,-0.2579,1915731.0,518631.13
518880.SH,20170704,2.707,2.687,2.692,2.681,2.689,-0.018,-0.6649,2490954.0,669349.957
518880.SH,20170705,2.689,2.695,2.696,2.685,2.688,-0.001,-0.0372,1817877.0,489323.509
518880.SH,20170706,2.688,2.689,2.701,2.689,2.694,0.006,0.2232,2314962.38,623687.717
518880.SH,20170707,2.694,2.688,2.691,2.685,2.686,-0.008,-0.297,1965936.0,528408.387
518880.SH,20170710,2.686,2.663,2.671,2.653,2.658,-0.028,-1.0424,2689470.39,717032.712
518880.SH,20170711,2.658,2.669,2.671,2.664,2.667,0.009,0.3386,2673483.0,713166.426
518880.SH,20170712,2.667,2.682,2.684,2.676,2.676,0.009,0.3375,2966292.0,794996.087
518880.SH,20170713,2.676,2.682,2.687,2.682,2.684,0.008,0.299,2309100.7,619899.012
518880.SH,20170714,2.684,2.671,2.677,2.669,2.675,-0.009,-0.3353,2131733.0,569367.71
518880.SH,20170717,2.675,2.698,2.701,2.695,2.695,0.02,0.7477,2648071.0,714380.208
518880.SH,20170718,2.695,2.71,2.713,2.706,2.708,0.013,0.4824,2301982.01,623824.307
518880.SH,20170719,2.708,2.711,2.712,2.707,2.709,0.001,0.0369,2080628.14,563886.144
518880.SH,20170720,2.709,2.709,2.718,2.707,2.708,-0.001,-0.0369,2552574.58,691849.209
518880.SH,20170721,2.708,2.715,2.726,2.714,2.724,0.016,0.5908,1915890.73,520943.656
518880.SH,20170724,2.724,2.739,2.739,2.727,2.727,0.003,0.1101,2089433.87,571551.781
518880.SH,20170725,2.727,2.728,2.735,2.727,2.733,0.006,0.22,1746172.49,476772.28
518880.SH,20170726,2.733,2.718,2.72,2.708,2.71,-0.023,-0.8416,2827647.83,767879.074
518880.SH,20170727,2.71,2.742,2.743,2.737,2.739,0.029,1.0701,1887941.11,517510.026
518880.SH,20170728,2.739,2.738,2.74,2.734,2.735,-0.004,-0.146,1386603.87,379564.623
518880.SH,20170731,2.735,2.749,2.749,2.741,2.742,0.007,0.2559,2271040.0,623648.538
518880.SH,20170801,2.742,2.74,2.75,2.74,2.745,0.003,0.1094,2731491.0,749945.756
518880.SH,20170802,2.745,2.742,2.745,2.74,2.742,-0.003,-0.1093,2917077.01,799946.685
518880.SH,20170803,2.742,2.735,2.739,2.73,2.731,-0.011,-0.4012,3688207.0,1008841.436
518880.SH,20170804,2.731,2.741,2.75,2.741,2.748,0.017,0.6225,1864234.97,511638.872
518880.SH,20170807,2.748,2.727,2.738,2.723,2.725,-0.023,-0.837,2060753.98,561732.575
518880.SH,20170808,2.725,2.726,2.727,2.717,2.72,-0.005,-0.1835,1839057.0,500685.353
518880.SH,20170809,2.72,2.727,2.731,2.726,2.727,0.007,0.2574,1891003.69,515920.965
518880.SH,20170810,2.727,2.74,2.751,2.739,2.749,0.022,0.8067,3007502.88,825343.717
518880.SH,20170811,2.749,2.758,2.767,2.758,2.763,0.014,0.5093,2680248.0,740661.602
518880.SH,20170814,2.763,2.761,2.767,2.758,2.76,-0.003,-0.1086,2703399.16,746352.986
518880.SH,20170815,2.76,2.74,2.741,2.734,2.74,-0.02,-0.7246,2243366.0,614244.459
518880.SH,20170816,2.74,2.735,2.74,2.732,2.733,-0.007,-0.2555,1903536.0,521083.477
518880.SH,20170817,2.733,2.764,2.766,2.758,2.76,0.027,0.9879,1935891.0,534817.37
518880.SH,20170818,2.76,2.76,2.764,2.758,2.763,0.003,0.1087,1948933.0,538053.26
518880.SH,20170821,2.763,2.751,2.756,2.75,2.752,-0.011,-0.3981,2178386.48,599768.357
518880.SH,20170822,2.752,2.754,2.756,2.748,2.749,-0.003,-0.109,1347798.55,371113.341
518880.SH,20170823,2.749,2.745,2.752,2.745,2.75,0.001,0.0364,1416612.0,389189.867
518880.SH,20170824,2.75,2.753,2.757,2.75,2.751,0.001,0.0364,1241541.46,341740.995
518880.SH,20170825,2.751,2.748,2.751,2.746,2.749,-0.002,-0.0727,2429664.84,667715.482
518880.SH,20170828,2.749,2.757,2.766,2.756,2.762,0.013,0.4729,3005553.0,829280.148
518880.SH,20170829,2.762,2.782,2.797,2.782,2.792,0.03,1.0862,2756485.88,769525.427
518880.SH,20170830,2.792,2.778,2.778,2.758,2.76,-0.032,-1.1461,3540883.0,981249.347
518880.SH,20170831,2.76,2.76,2.763,2.751,2.756,-0.004,-0.1449,2358606.28,650036.772
518880.SH,20170901,2.756,2.778,2.781,2.773,2.775,0.019,0.6894,2779186.68,772272.223
518880.SH,20170904,2.775,2.794,2.798,2.789,2.796,0.021,0.7568,2910573.02,813127.736
518880.SH,20170905,2.796,2.79,2.795,2.788,2.792,-0.004,-0.1431,3249790.2,907323.559
518880.SH,20170906,2.792,2.795,2.798,2.794,2.795,0.003,0.1074,3759506.65,1050922.014
518880.SH,20170907,2.795,2.782,2.79,2.78,2.786,-0.009,-0.322,3496733.0,973746.75
518880.SH,20170908,2.786,2.794,2.795,2.788,2.794,0.008,0.2872,3875593.16,1082006.018
518880.SH,20170911,2.794,2.783,2.784,2.78,2.781,-0.013,-0.4653,2734476.46,760754.336
518880.SH,20170912,2.781,2.775,2.775,2.767,2.769,-0.012,-0.4315,2955341.92,819265.065
518880.SH,20170913,2.769,2.774,2.779,2.773,2.773,0.004,0.1445,3678098.65,1021249.324
518880.SH,20170914,2.773,2.767,2.77,2.766,2.768,-0.005,-0.1803,3461892.0,958111.462
518880.SH,20170915,2.768,2.783,2.786,2.78,2.78,0.012,0.4335,4683004.0,1303710.611
518880.SH,20170918,2.78,2.77,2.77,2.757,2.758,-0.022,-0.7914,4682705.63,1293152.797
518880.SH,20170919,2.758,2.753,2.764,2.753,2.759,0.001,0.0363,5063499.65,1397177.844
518880.SH,20170920,2.759,2.761,2.766,2.761,2.762,0.003,0.1087,4778976.6,1321021.965
518880.SH,20170921,2.762,2.749,2.749,2.733,2.733,-0.029,-1.05,4659146.92,1277994.249
518880.SH,20170922,2.733,2.737,2.738,2.733,2.738,0.005,0.1829,5573383.0,1524243.104
518880.SH,20170925,2.738,2.735,2.736,2.732,2.734,-0.004,-0.1461,3339947.0,913015.812
518880.SH,20170926,2.734,2.772,2.779,2.77,2.772,0.038,1.3899,4831800.0,1341054.614
518880.SH,20170927,2.772,2.753,2.754,2.746,2.748,-0.024,-0.8658,4056378.85,1116471.965
518880.SH,20170928,2.748,2.737,2.738,2.731,2.732,-0.016,-0.5822,5949819.0,1627146.903
518880.SH,20170929,2.732,2.741,2.745,2.739,2.742,0.01,0.366,3235503.0,887042.249
518880.SH,20171009,2.742,2.732,2.736,2.727,2.729,-0.013,-0.4741,4932696.0,1348077.617
518880.SH,20171010,2.729,2.735,2.735,2.728,2.73,0.001,0.0366,5645581.0,1542378.014
518880.SH,20171011,2.73,2.731,2.731,2.723,2.724,-0.006,-0.2198,6208642.0,1692706.286
518880.SH,20171012,2.724,2.73,2.737,2.729,2.734,0.01,0.3671,5236131.8,1430845.947
518880.SH,20171013,2.734,2.735,2.737,2.73,2.734,0.0,0.0,4465029.0,1220213.562
518880.SH,20171016,2.734,2.742,2.749,2.74,2.748,0.014,0.5121,9209933.02,2527873.646
518880.SH,20171017,2.748,2.735,2.738,2.732,2.735,-0.013,-0.4731,7808543.86,2135942.202
518880.SH,20171018,2.735,2.731,2.733,2.727,2.729,-0.006,-0.2194,7972363.86,2176611.575
518880.SH,20171019,2.729,2.727,2.733,2.72,2.724,-0.005,-0.1832,5135830.0,1400333.915
518880.SH,20171020,2.724,2.729,2.73,2.722,2.723,-0.001,-0.0367,8351074.0,2275544.649
518880.SH,20171023,2.723,2.71,2.717,2.71,2.713,-0.01,-0.3672,9172741.0,2489948.594
518880.SH,20171024,2.713,2.722,2.734,2.721,2.723,0.01,0.3686,7624493.25,2077655.729
518880.SH,20171025,2.723,2.719,2.722,2.711,2.712,-0.011,-0.404,10251238.06,2785039.572
518880.SH,20171026,2.712,2.718,2.724,2.718,2.723,0.011,0.4056,15934898.0,4335282.918
518880.SH,20171027,2.723,2.71,2.712,2.704,2.706,-0.017,-0.6243,14914886.0,4039753.412
518880.SH,20171030,2.706,2.711,2.718,2.709,2.711,0.005,0.1848,13986726.0,3794279.097
518880.SH,20171031,2.711,2.716,2.723,2.715,2.718,0.007,0.2582,17556161.0,4773804.273
518880.SH,20171101,2.718,2.714,2.715,2.702,2.711,-0.007,-0.2575,18748141.8,5077799.161
518880.SH,20171102,2.711,2.713,2.716,2.709,2.712,0.001,0.0369,11311823.0,3066896.999
518880.SH,20171103,2.712,2.712,2.716,2.712,2.713,0.001,0.0369,10496067.0,2848263.39
518880.SH,20171106,2.713,2.709,2.71,2.706,2.707,-0.006,-0.2212,8497228.0,2300864.744
518880.SH,20171107,2.707,2.716,2.722,2.716,2.719,0.012,0.4433,19985768.74,5436449.158
518880.SH,20171108,2.719,2.72,2.728,2.719,2.72,0.001,0.0368,15667017.06,4264990.249
518880.SH,20171109,2.72,2.725,2.731,2.723,2.729,0.009,0.3309,26831449.05,7312325.368
518880.SH,20171110,2.729,2.738,2.74,2.734,2.735,0.006,0.2199,7672058.0,2100756.303
518880.SH,20171113,2.735,2.728,2.728,2.723,2.724,-0.011,-0.4022,8919367.0,2430827.15
518880.SH,20171114,2.724,2.724,2.725,2.719,2.719,-0.005,-0.1836,10441416.24,2842156.04
518880.SH,20171115,2.719,2.725,2.73,2.724,2.724,0.005,0.1839,11260987.78,3070873.459
518880.SH,20171116,2.724,2.721,2.723,2.717,2.719,-0.005,-0.1836,9968618.0,2711614.54
518880.SH,20171117,2.719,2.721,2.729,2.721,2.728,0.009,0.331,8171339.0,2227299.26
518880.SH,20171120,2.728,2.742,2.745,2.74,2.742,0.014,0.5132,9536512.0,2614906.338
518880.SH,20171121,2.742,2.726,2.728,2.724,2.726,-0.016,-0.5835,6608565.02,1801489.69
518880.SH,20171122,2.726,2.727,2.728,2.723,2.726,0.0,0.0,5683540.7,1548843.541
518880.SH,20171123,2.726,2.732,2.732,2.727,2.728,0.002,0.0734,4654873.0,1270061.94
518880.SH,20171124,2.728,2.729,2.733,2.726,2.732,0.004,0.1466,6454680.95,1761473.939
518880.SH,20171127,2.732,2.727,2.732,2.726,2.731,-0.001,-0.0366,4551695.5,1242200.743
518880.SH,20171128,2.731,2.74,2.746,2.736,2.736,0.005,0.1831,7203472.5,1975118.382
518880.SH,20171129,2.736,2.739,2.742,2.736,2.738,0.002,0.0731,5291183.53,1449446.238
518880.SH,20171130,2.738,2.726,2.726,2.715,2.72,-0.018,-0.6574,5880015.89,1599612.734
518880.SH,20171201,2.72,2.709,2.71,2.701,2.702,-0.018,-0.6618,4897742.47,1325141.024
518880.SH,20171204,2.702,2.701,2.702,2.696,2.7,-0.002,-0.074,4617758.17,1246273.843
518880.SH,20171205,2.7,2.702,2.705,2.7,2.702,0.002,0.0741,4487403.94,1212601.179
518880.SH,20171206,2.702,2.684,2.687,2.682,2.686,-0.016,-0.5922,6747182.0,1810774.561
518880.SH,20171207,2.686,2.683,2.683,2.66,2.668,-0.018,-0.6701,5992792.0,1604437.466
518880.SH,20171208,2.668,2.65,2.653,2.647,2.651,-0.017,-0.6372,7942550.07,2104402.512
518880.SH,20171211,2.651,2.65,2.654,2.649,2.653,0.002,0.0754,4857406.0,1287631.525
518880.SH,20171212,2.653,2.649,2.651,2.643,2.649,-0.004,-0.1508,8197933.66,2169357.435
518880.SH,20171213,2.649,2.646,2.654,2.646,2.65,0.001,0.0378,5734789.2,1520164.147
518880.SH,20171214,2.65,2.672,2.683,2.672,2.674,0.024,0.9057,7722029.63,2065945.925
518880.SH,20171215,2.674,2.672,2.675,2.67,2.673,-0.001,-0.0374,7208895.0,1926460.35
518880.SH,20171218,2.673,2.673,2.676,2.669,2.674,0.001,0.0374,7135948.94,1907203.728
518880.SH,20171219,2.674,2.68,2.69,2.679,2.686,0.012,0.4488,6244089.05,1675684.335
518880.SH,20171220,2.686,2.685,2.687,2.678,2.68,-0.006,-0.2234,5944634.2,1595562.987
518880.SH,20171221,2.68,2.679,2.68,2.675,2.676,-0.004,-0.1493,8770102.04,2348958.641
518880.SH,20171222,2.676,2.676,2.68,2.676,2.678,0.002,0.0747,5737221.65,1536146.022
518880.SH,20171225,2.678,2.691,2.696,2.691,2.693,0.015,0.5601,7624917.85,2053857.083
518880.SH,20171226,2.693,2.692,2.692,2.677,2.677,-0.016,-0.5941,8572793.16,2303826.198
518880.SH,20171227,2.677,2.688,2.696,2.685,2.691,0.014,0.523,11075233.65,2979307.738
518880.SH,20171228,2.691,2.698,2.712,2.691,2.692,0.001,0.0372,14425286.42,3899335.308
518880.SH,20171229,2.692,2.703,2.71,2.7,2.708,0.016,0.5944,12580801.19,3402792.619
518880.SH,20180102,2.708,2.722,2.724,2.72,2.723,0.015,0.5539,2680398.6,729608.524
518880.SH,20180103,2.723,2.74,2.744,2.731,2.733,0.01,0.3672,3542791.82,969424.736
518880.SH,20180104,2.733,2.719,2.721,2.713,2.719,-0.014,-0.5123,6329382.21,1719136.278
518880.SH,20180105,2.719,2.73,2.733,2.727,2.728,0.009,0.331,5429541.0,1482382.898
518880.SH,20180108,2.728,2.73,2.734,2.729,2.73,0.002,0.0733,4714531.29,1287659.383
518880.SH,20180109,2.73,2.734,2.742,2.734,2.736,0.006,0.2198,4059238.83,1110875.211
518880.SH,20180110,2.736,2.73,2.736,2.726,2.729,-0.007,-0.2558,5728276.92,1565606.259
518880.SH,20180111,2.729,2.739,2.745,2.733,2.734,0.005,0.1832,6366798.0,1744747.729
518880.SH,20180112,2.734,2.74,2.776,2.74,2.774,0.04,1.4631,5445688.06,1506885.037
518880.SH,20180115,2.774,2.783,2.79,2.781,2.783,0.009,0.3244,4249009.92,1183267.274
518880.SH,20180116,2.783,2.783,2.786,2.78,2.781,-0.002,-0.0719,5321787.0,1480677.737
518880.SH,20180117,2.781,2.783,2.79,2.774,2.774,-0.007,-0.2517,4983514.76,1386868.262
518880.SH,20180118,2.774,2.76,2.763,2.755,2.759,-0.015,-0.5407,4530782.71,1250024.564
518880.SH,20180119,2.759,2.755,2.757,2.75,2.751,-0.008,-0.29,3874187.0,1066946.566
518880.SH,20180122,2.751,2.758,2.759,2.753,2.754,0.003,0.1091,4059922.32,1119283.422
518880.SH,20180123,2.754,2.758,2.765,2.758,2.762,0.008,0.2905,4774920.94,1318830.47
518880.SH,20180124,2.762,2.767,2.775,2.766,2.774,0.012,0.4345,3293314.18,911691.07
518880.SH,20180125,2.774,2.782,2.789,2.781,2.784,0.01,0.3605,5053467.42,1407225.27
518880.SH,20180126,2.784,2.767,2.786,2.763,2.767,-0.017,-0.6106,6328179.67,1751054.457
518880.SH,20180129,2.767,2.759,2.76,2.752,2.754,-0.013,-0.4698,4044733.0,1114673.959
518880.SH,20180130,2.754,2.743,2.745,2.729,2.731,-0.023,-0.8351,4752085.0,1299930.246
518880.SH,20180131,2.731,2.734,2.739,2.732,2.735,0.004,0.1465,5094171.94,1393400.836
518880.SH,20180201,2.735,2.731,2.735,2.727,2.729,-0.006,-0.2194,3390874.46,926041.188
518880.SH,20180202,2.729,2.733,2.737,2.729,2.731,0.002,0.0733,5089665.72,1391368.086
518880.SH,20180205,2.731,2.712,2.713,2.704,2.705,-0.026,-0.952,3812830.05,1032886.687
518880.SH,20180206,2.705,2.722,2.743,2.721,2.726,0.021,0.7763,3208401.16,876004.305
518880.SH,20180207,2.726,2.686,2.689,2.683,2.689,-0.037,-1.3573,2915508.02,783049.101
518880.SH,20180208,2.689,2.674,2.68,2.667,2.68,-0.009,-0.3347,2133135.73,570211.767
518880.SH,20180209,2.68,2.696,2.699,2.688,2.692,0.012,0.4478,2356175.77,634159.377
518880.SH,20180212,2.692,2.683,2.7,2.682,2.694,0.002,0.0743,3143116.0,846225.568
518880.SH,20180213,2.694,2.701,2.709,2.696,2.708,0.014,0.5197,2193080.49,592244.82
518880.SH,20180214,2.708,2.717,2.735,2.716,2.73,0.022,0.8124,1810686.2,493752.135
518880.SH,20180222,2.73,2.707,2.709,2.703,2.704,-0.026,-0.9524,2412994.45,652812.472
518880.SH,20180223,2.704,2.712,2.715,2.71,2.712,0.008,0.2959,2198338.71,596452.249
518880.SH,20180226,2.712,2.714,2.728,2.713,2.727,0.015,0.5531,2891669.34,786966.152
518880.SH,20180227,2.727,2.717,2.717,2.711,2.712,-0.015,-0.5501,2917639.05,791643.751
518880.SH,20180228,2.712,2.695,2.697,2.691,2.692,-0.02,-0.7375,2214504.72,596369.643
518880.SH,20180301,2.692,2.692,2.697,2.684,2.689,-0.003,-0.1114,2287426.11,615727.965
518880.SH,20180302,2.689,2.693,2.704,2.693,2.7,0.011,0.4091,2499874.51,675152.925
518880.SH,20180305,2.7,2.71,2.712,2.706,2.71,0.01,0.3704,1798835.57,487269.413
518880.SH,20180306,2.71,2.703,2.709,2.702,2.709,-0.001,-0.0369,3633456.24,983298.187
518880.SH,20180307,2.709,2.723,2.732,2.717,2.719,0.01,0.3691,4092240.62,1114654.718
518880.SH,20180308,2.719,2.71,2.715,2.709,2.714,-0.005,-0.1839,1843641.97,500121.376
518880.SH,20180309,2.714,2.703,2.704,2.698,2.7,-0.014,-0.5158,6570868.32,1774820.384
518880.SH,20180312,2.7,2.701,2.706,2.698,2.699,-0.001,-0.037,4229370.78,1142810.713
518880.SH,20180313,2.699,2.701,2.703,2.696,2.698,-0.001,-0.0371,3201149.99,864291.359
518880.SH,20180314,2.698,2.703,2.71,2.701,2.702,0.004,0.1483,2422192.47,655473.126
518880.SH,20180315,2.702,2.701,2.705,2.698,2.699,-0.003,-0.111,4451692.79,1202578.218
518880.SH,20180316,2.699,2.687,2.692,2.685,2.688,-0.011,-0.4076,4582715.01,1232577.338
518880.SH,20180319,2.688,2.682,2.691,2.674,2.678,-0.01,-0.372,4328441.64,1161846.42
518880.SH,20180320,2.678,2.687,2.69,2.684,2.689,0.011,0.4108,3656352.61,982684.226
518880.SH,20180321,2.689,2.685,2.69,2.684,2.69,0.001,0.0372,3091067.16,830143.685
518880.SH,20180322,2.69,2.715,2.716,2.709,2.713,0.023,0.855,3241389.38,879137.258
518880.SH,20180323,2.713,2.73,2.742,2.729,2.741,0.028,1.0321,3357520.03,918154.8
518880.SH,20180326,2.741,2.743,2.75,2.736,2.738,-0.003,-0.1094,2767357.17,759387.377
518880.SH,20180327,2.738,2.732,2.737,2.731,2.736,-0.002,-0.073,4317155.86,1180057.317
518880.SH,20180328,2.736,2.727,2.729,2.718,2.721,-0.015,-0.5482,3238022.91,882613.502
518880.SH,20180329,2.721,2.701,2.705,2.686,2.688,-0.033,-1.2128,3443513.89,929985.826
518880.SH,20180330,2.688,2.69,2.693,2.689,2.692,0.004,0.1488,3124990.45,841145.675
518880.SH,20180402,2.692,2.698,2.699,2.694,2.696,0.004,0.1486,3842012.57,1035776.874
518880.SH,20180403,2.696,2.717,2.717,2.712,2.716,0.02,0.7418,3447000.34,935773.464
518880.SH,20180404,2.716,2.703,2.714,2.701,2.712,-0.004,-0.1473,4801825.02,1300629.736
518880.SH,20180409,2.712,2.707,2.718,2.706,2.707,-0.005,-0.1844,5458659.34,1479962.502
518880.SH,20180410,2.707,2.717,2.72,2.708,2.71,0.003,0.1108,6397260.61,1735734.389
518880.SH,20180411,2.71,2.717,2.727,2.716,2.726,0.016,0.5904,4856586.78,1321125.084
518880.SH,20180412,2.726,2.732,2.737,2.731,2.735,0.009,0.3302,4531931.11,1238966.735
518880.SH,20180413,2.735,2.717,2.725,2.713,2.714,-0.021,-0.7678,3527672.0,959467.48
518880.SH,20180416,2.714,2.728,2.732,2.722,2.725,0.011,0.4053,4503442.24,1228333.084
518880.SH,20180417,2.725,2.728,2.731,2.724,2.729,0.004,0.1468,4290795.0,1170548.423
518880.SH,20180418,2.729,2.726,2.73,2.724,2.727,-0.002,-0.0733,4108788.18,1120114.973
518880.SH,20180419,2.727,2.729,2.735,2.729,2.734,0.007,0.2567,3905602.82,1066754.715
518880.SH,20180420,2.734,2.726,2.726,2.718,2.722,-0.012,-0.4389,3527495.19,959688.215
518880.SH,20180423,2.722,2.707,2.71,2.705,2.708,-0.014,-0.5143,4441615.63,1203016.328
518880.SH,20180424,2.708,2.698,2.705,2.698,2.7,-0.008,-0.2954,5089945.88,1375662.968
518880.SH,20180425,2.7,2.704,2.705,2.697,2.699,-0.001,-0.037,2384890.21,644372.34
518880.SH,20180426,2.699,2.698,2.704,2.698,2.702,0.003,0.1112,5543277.31,1497289.479
518880.SH,20180427,2.702,2.691,2.696,2.69,2.692,-0.01,-0.3701,2933020.14,790112.46
518880.SH,20180502,2.692,2.681,2.687,2.68,2.684,-0.008,-0.2972,4652986.28,1249022.671
518880.SH,20180503,2.684,2.69,2.691,2.683,2.684,0.0,0.0,3799778.58,1020999.456
518880.SH,20180504,2.684,2.688,2.689,2.686,2.687,0.003,0.1118,4906694.0,1318744.557
518880.SH,20180507,2.687,2.7,2.701,2.693,2.694,0.007,0.2605,3475926.28,937567.247
518880.SH,20180508,2.694,2.696,2.697,2.691,2.692,-0.002,-0.0742,4500321.3,1212195.506
518880.SH,20180509,2.692,2.693,2.693,2.688,2.689,-0.003,-0.1114,4015025.69,1080635.069
518880.SH,20180510,2.689,2.693,2.696,2.689,2.69,0.001,0.0372,5640859.4,1519223.089
518880.SH,20180511,2.69,2.694,2.697,2.693,2.693,0.003,0.1115,4380754.85,1180540.148
518880.SH,20180514,2.693,2.694,2.696,2.693,2.694,0.001,0.0371,3730265.25,1004948.678
518880.SH,20180515,2.694,2.685,2.686,2.68,2.68,-0.014,-0.5197,3064992.97,822339.888
518880.SH,20180516,2.68,2.654,2.656,2.652,2.654,-0.026,-0.9701,4639303.1,1231226.247
518880.SH,20180517,2.654,2.646,2.651,2.641,2.642,-0.012,-0.4521,3711928.4,982737.336
518880.SH,20180518,2.642,2.644,2.652,2.643,2.644,0.002,0.0757,5005510.06,1324801.608
518880.SH,20180521,2.644,2.649,2.651,2.638,2.639,-0.005,-0.1891,4746012.98,1256578.754
518880.SH,20180522,2.639,2.648,2.65,2.645,2.646,0.007,0.2653,2997715.0,793872.853
518880.SH,20180523,2.646,2.652,2.653,2.649,2.649,0.003,0.1134,2417673.19,640946.079
518880.SH,20180524,2.649,2.659,2.667,2.658,2.665,0.016,0.604,3667102.65,976295.541
518880.SH,20180525,2.665,2.676,2.683,2.675,2.678,0.013,0.4878,4158392.0,1113744.468
518880.SH,20180528,2.678,2.67,2.676,2.665,2.667,-0.011,-0.4108,5579338.0,1490148.523
518880.SH,20180529,2.667,2.678,2.68,2.676,2.676,0.009,0.3375,3941768.82,1055614.95
518880.SH,20180530,2.676,2.688,2.688,2.68,2.683,0.007,0.2616,2004174.32,538060.18
518880.SH,20180531,2.683,2.684,2.687,2.682,2.686,0.003,0.1118,1961293.07,526461.469
518880.SH,20180601,2.686,2.677,2.682,2.676,2.68,-0.006,-0.2234,2023132.0,541971.938
518880.SH,20180604,2.68,2.671,2.672,2.664,2.665,-0.015,-0.5597,1732607.02,462374.599
518880.SH,20180605,2.665,2.662,2.664,2.659,2.662,-0.003,-0.1126,2761006.0,734832.948
518880.SH,20180606,2.662,2.668,2.67,2.666,2.666,0.004,0.1503,5237691.0,1397343.395
518880.SH,20180607,2.666,2.664,2.668,2.663,2.664,-0.002,-0.075,5717691.56,1523767.313
518880.SH,20180608,2.664,2.665,2.668,2.663,2.664,0.0,0.0,4224984.0,1126436.235
518880.SH,20180611,2.664,2.67,2.678,2.67,2.671,0.007,0.2628,3009840.0,805182.488
518880.SH,20180612,2.671,2.674,2.678,2.668,2.669,-0.002,-0.0749,4384093.0,1171735.903
518880.SH,20180613,2.669,2.669,2.671,2.666,2.667,-0.002,-0.0749,4816646.78,1285134.024
518880.SH,20180614,2.667,2.669,2.679,2.668,2.677,0.01,0.375,6562936.25,1752696.913
518880.SH,20180615,2.677,2.686,2.695,2.679,2.682,0.005,0.1868,5735062.4,1540298.177
518880.SH,20180619,2.682,2.678,2.678,2.657,2.659,-0.023,-0.8576,6830265.4,1816821.35
518880.SH,20180620,2.659,2.656,2.657,2.65,2.651,-0.008,-0.3009,4584222.0,1216373.197
518880.SH,20180621,2.651,2.643,2.646,2.639,2.641,-0.01,-0.3772,5254597.0,1388712.45
518880.SH,20180622,2.641,2.649,2.654,2.648,2.653,0.012,0.4544,3743039.0,992396.651
518880.SH,20180625,2.653,2.663,2.665,2.657,2.658,0.005,0.1885,2907224.0,773730.968
518880.SH,20180626,2.658,2.659,2.665,2.657,2.657,-0.001,-0.0376,3438644.0,915045.531
518880.SH,20180627,2.657,2.658,2.663,2.657,2.663,0.006,0.2258,2551590.02,678693.529
518880.SH,20180628,2.663,2.663,2.665,2.654,2.655,-0.008,-0.3004,3658279.0,973286.941
518880.SH,20180629,2.655,2.66,2.663,2.658,2.661,0.006,0.226,3408271.0,906592.944
518880.SH,20180702,2.661,2.665,2.669,2.664,2.667,0.006,0.2255,2311520.0,616390.889
518880.SH,20180703,2.667,2.665,2.671,2.664,2.665,-0.002,-0.075,6013719.0,1604266.766
518880.SH,20180704,2.665,2.679,2.684,2.672,2.673,0.008,0.3002,3262579.0,873650.061
518880.SH,20180705,2.673,2.676,2.679,2.674,2.675,0.002,0.0748,2002000.52,535788.537
518880.SH,20180706,2.675,2.678,2.682,2.676,2.68,0.005,0.1869,3212012.0,860557.856
518880.SH,20180709,2.68,2.678,2.68,2.674,2.677,-0.003,-0.1119,2419430.0,647556.561
518880.SH,20180710,2.677,2.668,2.673,2.666,2.668,-0.009,-0.3362,2261411.0,603637.094
518880.SH,20180711,2.668,2.674,2.677,2.674,2.676,0.008,0.2999,1630486.0,436291.468
518880.SH,20180712,2.676,2.674,2.676,2.667,2.668,-0.008,-0.299,2783643.0,743851.17
518880.SH,20180713,2.668,2.668,2.669,2.664,2.665,-0.003,-0.1124,2638201.0,703686.667
518880.SH,20180716,2.665,2.668,2.673,2.668,2.669,0.004,0.1501,2106019.18,562463.708
518880.SH,20180717,2.669,2.658,2.665,2.657,2.664,-0.005,-0.1873,3477246.0,924949.83
518880.SH,20180718,2.664,2.647,2.647,2.635,2.639,-0.025,-0.9384,3381520.0,893513.392
518880.SH,20180719,2.639,2.644,2.652,2.644,2.65,0.011,0.4168,2884562.0,763833.552
518880.SH,20180720,2.65,2.653,2.658,2.652,2.655,0.005,0.1887,3772271.0,1001564.271
518880.SH,20180723,2.655,2.667,2.67,2.666,2.668,0.013,0.4896,3756756.0,1002327.146
518880.SH,20180724,2.668,2.668,2.671,2.664,2.666,-0.002,-0.075,2760631.0,736680.083
518880.SH,20180725,2.666,2.669,2.671,2.666,2.668,0.002,0.075,2798902.01,746776.67
518880.SH,20180726,2.668,2.667,2.673,2.666,2.672,0.004,0.1499,4101787.0,1095118.337
518880.SH,20180727,2.672,2.67,2.67,2.666,2.669,-0.003,-0.1123,5965359.0,1591947.745
518880.SH,20180730,2.669,2.67,2.676,2.67,2.671,0.002,0.0749,5151222.0,1376743.397
518880.SH,20180731,2.671,2.671,2.675,2.671,2.673,0.002,0.0749,3879433.0,1037209.098
518880.SH,20180801,2.673,2.672,2.673,2.667,2.672,-0.001,-0.0374,4344039.0,1160191.539
518880.SH,20180802,2.672,2.665,2.669,2.664,2.664,-0.008,-0.2994,3098751.0,826275.299
518880.SH,20180803,2.664,2.661,2.665,2.659,2.663,-0.001,-0.0375,2648597.0,704899.112
518880.SH,20180806,2.663,2.665,2.669,2.662,2.663,0.0,0.0,3819222.0,1017735.578
518880.SH,20180807,2.663,2.661,2.667,2.66,2.662,-0.001,-0.0376,4056458.0,1080264.293
518880.SH,20180808,2.662,2.653,2.658,2.652,2.658,-0.004,-0.1503,3050587.77,809776.979
518880.SH,20180809,2.658,2.659,2.659,2.655,2.658,0.0,0.0,3091427.0,821487.081
518880.SH,20180810,2.658,2.658,2.66,2.654,2.656,-0.002,-0.0752,1890360.0,502471.368
518880.SH,20180813,2.656,2.664,2.666,2.662,2.664,0.008,0.3012,3592741.0,957317.056
518880.SH,20180814,2.664,2.641,2.645,2.64,2.641,-0.023,-0.8634,5317436.0,1405199.6
518880.SH,20180815,2.641,2.64,2.642,2.636,2.637,-0.004,-0.1515,3896087.0,1028119.148
518880.SH,20180816,2.637,2.61,2.639,2.595,2.604,-0.033,-1.2514,6456043.0,1683257.8
518880.SH,20180817,2.604,2.602,2.607,2.598,2.598,-0.006,-0.2304,4078965.0,1061857.834
518880.SH,20180820,2.598,2.608,2.616,2.607,2.615,0.017,0.6543,3142963.0,820884.17
518880.SH,20180821,2.615,2.62,2.628,2.619,2.627,0.012,0.4589,5287856.0,1387563.077
518880.SH,20180822,2.627,2.627,2.632,2.625,2.626,-0.001,-0.0381,3576763.0,940204.03
518880.SH,20180823,2.626,2.628,2.63,2.627,2.627,0.001,0.0381,2410760.0,633769.527
518880.SH,20180824,2.627,2.623,2.63,2.621,2.628,0.001,0.0381,3579953.0,939775.591
518880.SH,20180827,2.628,2.638,2.644,2.637,2.641,0.013,0.4947,3209460.0,847287.725
518880.SH,20180828,2.641,2.644,2.652,2.644,2.65,0.009,0.3408,2591087.0,685816.079
518880.SH,20180829,2.65,2.636,2.64,2.635,2.638,-0.012,-0.4528,3944161.0,1040526.899
518880.SH,20180830,2.638,2.643,2.646,2.64,2.641,0.003,0.1137,2854224.0,754562.596
518880.SH,20180831,2.641,2.642,2.649,2.642,2.646,0.005,0.1893,3349598.0,885975.394
518880.SH,20180903,2.646,2.64,2.641,2.635,2.635,-0.011,-0.4157,3150357.0,831248.414
518880.SH,20180904,2.635,2.637,2.637,2.626,2.626,-0.009,-0.3416,3115868.0,820438.532
518880.SH,20180905,2.626,2.625,2.628,2.623,2.624,-0.002,-0.0762,3148696.0,826687.876
518880.SH,20180906,2.624,2.632,2.638,2.632,2.633,0.009,0.343,1985960.08,523266.512
518880.SH,20180907,2.633,2.638,2.643,2.638,2.642,0.009,0.3418,2911219.0,768968.377
518880.SH,20180910,2.642,2.637,2.638,2.631,2.633,-0.009,-0.3407,5464790.0,1440202.474
518880.SH,20180911,2.633,2.637,2.64,2.636,2.64,0.007,0.2659,1786373.0,471225.509
518880.SH,20180912,2.64,2.641,2.645,2.638,2.639,-0.001,-0.0379,2616369.0,691068.81
518880.SH,20180913,2.639,2.646,2.652,2.646,2.65,0.011,0.4168,2509748.5,665080.729
518880.SH,20180914,2.65,2.649,2.656,2.648,2.656,0.006,0.2264,2462677.66,652894.946
518880.SH,20180917,2.656,2.645,2.645,2.641,2.642,-0.014,-0.5271,2010075.0,531187.416
518880.SH,20180918,2.642,2.648,2.652,2.644,2.646,0.004,0.1514,5231648.0,1385856.203
518880.SH,20180919,2.646,2.646,2.65,2.645,2.648,0.002,0.0756,1475876.0,390687.213
518880.SH,20180920,2.648,2.651,2.655,2.65,2.651,0.003,0.1133,1591435.0,422237.563
518880.SH,20180921,2.651,2.654,2.658,2.654,2.657,0.006,0.2263,3629605.0,964170.861
518880.SH,20180925,2.657,2.648,2.65,2.643,2.649,-0.008,-0.3011,4559109.0,1206111.377
518880.SH,20180926,2.649,2.652,2.656,2.652,2.653,0.004,0.151,2451209.0,650569.203
518880.SH,20180927,2.653,2.648,2.649,2.642,2.642,-0.011,-0.4146,4761467.0,1260030.862
518880.SH,20180928,2.642,2.635,2.635,2.619,2.623,-0.019,-0.7192,2435874.0,640163.402
518880.SH,20181008,2.623,2.65,2.657,2.65,2.656,0.033,1.2581,2228295.0,591205.98
518880.SH,20181009,2.656,2.651,2.662,2.649,2.652,-0.004,-0.1506,2681047.0,711207.789
518880.SH,20181010,2.652,2.651,2.655,2.651,2.652,0.0,0.0,2056859.44,545741.751
518880.SH,20181011,2.652,2.663,2.666,2.661,2.665,0.013,0.4902,3806571.55,1013868.068
518880.SH,20181012,2.665,2.7,2.708,2.698,2.702,0.037,1.3884,4063493.0,1097859.446
518880.SH,20181015,2.702,2.715,2.729,2.713,2.728,0.026,0.9623,4380262.0,1190489.482
518880.SH,20181016,2.728,2.728,2.731,2.724,2.727,-0.001,-0.0367,5231893.33,1427236.237
518880.SH,20181017,2.727,2.715,2.721,2.715,2.719,-0.008,-0.2934,4734286.64,1286966.833
518880.SH,20181018,2.719,2.724,2.727,2.718,2.722,0.003,0.1103,2984466.32,813159.413
518880.SH,20181019,2.722,2.738,2.74,2.732,2.734,0.012,0.4409,3823993.99,1046384.367
518880.SH,20181022,2.734,2.732,2.736,2.729,2.73,-0.004,-0.1463,4875728.28,1332931.183
518880.SH,20181023,2.73,2.729,2.745,2.728,2.744,0.014,0.5128,4256845.46,1163706.358
518880.SH,20181024,2.744,2.754,2.755,2.745,2.745,0.001,0.0364,5597550.51,1540645.98
518880.SH,20181025,2.745,2.763,2.767,2.758,2.759,0.014,0.51,5286522.0,1460785.094
518880.SH,20181026,2.759,2.751,2.763,2.751,2.757,-0.002,-0.0725,4240723.0,1169855.815
518880.SH,20181029,2.757,2.758,2.762,2.752,2.753,-0.004,-0.1451,3560003.55,982183.368
518880.SH,20181030,2.753,2.749,2.751,2.744,2.747,-0.006,-0.2179,4191544.5,1151971.707
518880.SH,20181031,2.747,2.735,2.735,2.723,2.724,-0.023,-0.8373,3101661.0,846311.699
518880.SH,20181101,2.724,2.722,2.731,2.72,2.73,0.006,0.2203,5006173.0,1363595.375
518880.SH,20181102,2.73,2.733,2.739,2.728,2.731,0.001,0.0366,5809794.99,1589147.514
518880.SH,20181105,2.731,2.731,2.737,2.728,2.732,0.001,0.0366,4675197.0,1277991.097
518880.SH,20181106,2.732,2.735,2.737,2.733,2.734,0.002,0.0732,3766151.0,1030080.722
518880.SH,20181107,2.734,2.73,2.737,2.729,2.735,0.001,0.0366,5232271.0,1430263.387
518880.SH,20181108,2.735,2.729,2.73,2.722,2.724,-0.011,-0.4022,3009896.0,820427.041
518880.SH,20181109,2.724,2.722,2.725,2.717,2.718,-0.006,-0.2203,3417818.0,930218.505
518880.SH,20181112,2.718,2.702,2.705,2.696,2.698,-0.02,-0.7358,4097505.0,1106854.931
518880.SH,20181113,2.698,2.696,2.696,2.687,2.689,-0.009,-0.3336,4810830.0,1295183.956
518880.SH,20181114,2.689,2.687,2.692,2.684,2.688,-0.001,-0.0372,5083186.0,1366673.495
518880.SH,20181115,2.688,2.696,2.704,2.696,2.703,0.015,0.558,5548750.0,1497877.085
518880.SH,20181116,2.703,2.705,2.708,2.704,2.707,0.004,0.148,6044284.0,1635187.316
518880.SH,20181119,2.707,2.718,2.723,2.713,2.714,0.007,0.2586,7074031.0,1923070.723
518880.SH,20181120,2.714,2.72,2.727,2.72,2.724,0.01,0.3685,5798566.0,1578555.936
518880.SH,20181121,2.724,2.723,2.723,2.72,2.723,-0.001,-0.0367,2564732.0,698119.847
518880.SH,20181122,2.723,2.727,2.731,2.727,2.728,0.005,0.1836,3334727.0,909969.867
518880.SH,20181123,2.728,2.729,2.737,2.729,2.731,0.003,0.11,3108326.72,849653.981
518880.SH,20181126,2.731,2.727,2.732,2.726,2.727,-0.004,-0.1465,4007856.8,1093839.145
518880.SH,20181127,2.727,2.726,2.726,2.721,2.722,-0.005,-0.1834,2836405.2,772564.956
518880.SH,20181128,2.722,2.715,2.715,2.706,2.71,-0.012,-0.4409,3311096.0,897752.853
518880.SH,20181129,2.71,2.724,2.734,2.723,2.731,0.021,0.7749,5552193.98,1514866.827
518880.SH,20181130,2.731,2.732,2.734,2.73,2.732,0.001,0.0366,5647528.75,1542874.027
518880.SH,20181203,2.732,2.721,2.728,2.719,2.72,-0.012,-0.4392,5540634.0,1509493.862
518880.SH,20181204,2.72,2.727,2.729,2.719,2.72,0.0,0.0,4827799.0,1315121.769
518880.SH,20181205,2.72,2.722,2.726,2.721,2.725,0.005,0.1838,4155214.0,1131700.225
518880.SH,20181206,2.725,2.735,2.742,2.735,2.735,0.01,0.367,4208035.57,1152414.534
518880.SH,20181207,2.735,2.739,2.742,2.737,2.738,0.003,0.1097,3756340.0,1029011.73
518880.SH,20181210,2.738,2.758,2.768,2.758,2.767,0.029,1.0592,5475191.19,1513214.763
518880.SH,20181211,2.767,2.765,2.767,2.76,2.763,-0.004,-0.1446,4085190.0,1128582.938
518880.SH,20181212,2.763,2.756,2.756,2.749,2.75,-0.013,-0.4705,3799485.45,1045782.629
518880.SH,20181213,2.75,2.749,2.75,2.745,2.748,-0.002,-0.0727,4593439.0,1262096.935
518880.SH,20181214,2.748,2.747,2.75,2.743,2.745,-0.003,-0.1092,3339925.5,917725.149
518880.SH,20181217,2.745,2.744,2.755,2.744,2.746,0.001,0.0364,4650134.82,1277173.586
518880.SH,20181218,2.746,2.761,2.767,2.76,2.761,0.015,0.5462,4357413.01,1204431.047
518880.SH,20181219,2.761,2.765,2.772,2.765,2.77,0.009,0.326,4859963.0,1345584.146
518880.SH,20181220,2.77,2.761,2.777,2.761,2.77,0.0,0.0,5595651.0,1547970.115
518880.SH,20181221,2.77,2.791,2.793,2.782,2.788,0.018,0.6498,3815689.0,1063398.289
518880.SH,20181224,2.788,2.798,2.804,2.796,2.798,0.01,0.3587,4486865.83,1256184.396
518880.SH,20181225,2.798,2.809,2.838,2.808,2.82,0.022,0.7863,4962497.0,1399196.046
518880.SH,20181226,2.82,2.817,2.827,2.816,2.819,-0.001,-0.0355,5615422.4,1585043.294
518880.SH,20181227,2.819,2.815,2.816,2.805,2.809,-0.01,-0.3547,2668169.61,750299.093
518880.SH,20181228,2.809,2.818,2.828,2.816,2.826,0.017,0.6052,3842450.16,1084091.724
518880.SH,20190102,2.826,2.821,2.84,2.821,2.837,0.011,0.3892,2714671.05,768818.289
518880.SH,20190103,2.837,2.84,2.87,2.84,2.868,0.031,1.0927,2720143.02,775940.615
518880.SH,20190104,2.868,2.881,2.883,2.853,2.853,-0.015,-0.523,2656196.21,761097.798
518880.SH,20190107,2.853,2.84,2.843,2.835,2.841,-0.012,-0.4206,2541849.0,721769.862
518880.SH,20190108,2.841,2.837,2.837,2.824,2.828,-0.013,-0.4576,3914089.91,1107529.437
518880.SH,20190109,2.828,2.827,2.83,2.813,2.817,-0.011,-0.389,4531045.0,1278462.88
518880.SH,20190110,2.817,2.828,2.832,2.822,2.823,0.006,0.213,4014738.26,1135242.328
518880.SH,20190111,2.823,2.811,2.812,2.8,2.805,-0.018,-0.6376,3698458.0,1037700.53
518880.SH,20190114,2.805,2.8,2.809,2.795,2.807,0.002,0.0713,5330105.0,1493152.295
518880.SH,20190115,2.807,2.805,2.805,2.798,2.801,-0.006,-0.2138,2722751.0,762694.402
518880.SH,20190116,2.801,2.805,2.809,2.801,2.803,0.002,0.0714,3105836.22,871390.809
518880.SH,20190117,2.803,2.806,2.81,2.805,2.81,0.007,0.2497,4031184.0,1131604.816
518880.SH,20190118,2.81,2.809,2.813,2.809,2.811,0.001,0.0356,2896154.6,814026.022
518880.SH,20190121,2.811,2.799,2.8,2.793,2.8,-0.011,-0.3913,1982269.6,554309.851
518880.SH,20190122,2.8,2.797,2.8,2.791,2.799,-0.001,-0.0357,2033678.0,568493.465
518880.SH,20190123,2.799,2.808,2.81,2.801,2.802,0.003,0.1072,1860719.0,522073.968
518880.SH,20190124,2.802,2.8,2.802,2.797,2.8,-0.002,-0.0714,2646538.17,741042.335
518880.SH,20190125,2.8,2.8,2.8,2.795,2.797,-0.003,-0.1071,1452193.0,406249.37
518880.SH,20190128,2.797,2.819,2.825,2.819,2.823,0.026,0.9296,2535089.0,715313.952
518880.SH,20190129,2.823,2.828,2.835,2.827,2.833,0.01,0.3542,2229851.0,631256.181
518880.SH,20190130,2.833,2.839,2.843,2.837,2.842,0.009,0.3177,2032954.0,577466.496
518880.SH,20190131,2.842,2.842,2.843,2.835,2.837,-0.005,-0.1759,2399651.97,681564.666
518880.SH,20190201,2.837,2.839,2.854,2.839,2.852,0.015,0.5287,1278353.5,364228.296
518880.SH,20190211,2.852,2.847,2.854,2.839,2.84,-0.012,-0.4208,4004501.0,1140196.756
518880.SH,20190212,2.84,2.844,2.851,2.843,2.851,0.011,0.3873,3341782.0,950977.877
518880.SH,20190213,2.851,2.845,2.847,2.843,2.847,-0.004,-0.1403,3130336.0,890693.708
518880.SH,20190214,2.847,2.844,2.846,2.841,2.843,-0.004,-0.1405,3034462.0,862785.646
518880.SH,20190215,2.843,2.848,2.861,2.848,2.861,0.018,0.6331,3410812.0,973550.856
518880.SH,20190218,2.861,2.872,2.877,2.872,2.876,0.015,0.5243,3382564.56,972318.934
518880.SH,20190219,2.876,2.88,2.883,2.877,2.878,0.002,0.0695,2947669.0,849195.987
518880.SH,20190220,2.878,2.906,2.909,2.896,2.898,0.02,0.6949,4396341.0,1276607.591
518880.SH,20190221,2.898,2.889,2.891,2.88,2.88,-0.018,-0.6211,2763728.0,797769.388
518880.SH,20190222,2.88,2.865,2.867,2.859,2.86,-0.02,-0.6944,3426347.0,981431.951
518880.SH,20190225,2.86,2.853,2.867,2.853,2.858,-0.002,-0.0699,3592992.0,1027637.333
518880.SH,20190226,2.858,2.854,2.86,2.852,2.856,-0.002,-0.07,3173365.02,906260.36
518880.SH,20190227,2.856,2.856,2.859,2.851,2.853,-0.003,-0.105,4865554.98,1389254.564
518880.SH,20190228,2.853,2.843,2.843,2.827,2.833,-0.02,-0.701,3768145.0,1067875.991
518880.SH,20190301,2.833,2.827,2.83,2.821,2.826,-0.007,-0.2471,2991462.0,845721.646
518880.SH,20190304,2.826,2.798,2.798,2.783,2.784,-0.042,-1.4862,3615474.01,1008819.808
518880.SH,20190305,2.784,2.784,2.784,2.767,2.77,-0.014,-0.5029,9451199.32,2625261.73
518880.SH,20190306,2.77,2.773,2.785,2.773,2.784,0.014,0.5054,8232415.0,2286392.624
518880.SH,20190307,2.784,2.782,2.784,2.769,2.773,-0.011,-0.3951,7894019.0,2193678.913
518880.SH,20190308,2.773,2.783,2.8,2.781,2.799,0.026,0.9376,3492229.0,973667.553
518880.SH,20190311,2.799,2.809,2.811,2.802,2.808,0.009,0.3215,7006372.22,1966875.656
518880.SH,20190312,2.808,2.798,2.81,2.798,2.808,0.0,0.0,6438284.0,1806186.485
518880.SH,20190313,2.808,2.818,2.826,2.818,2.82,0.012,0.4274,5677518.0,1602030.912
518880.SH,20190314,2.82,2.822,2.822,2.815,2.815,-0.005,-0.1773,5559561.0,1566932.954
518880.SH,20190315,2.815,2.801,2.816,2.8,2.811,-0.004,-0.1421,6242864.5,1751427.622
518880.SH,20190318,2.811,2.807,2.81,2.803,2.807,-0.004,-0.1423,5859195.19,1644714.593
518880.SH,20190319,2.807,2.815,2.825,2.815,2.823,0.016,0.57,5391278.0,1521791.909
518880.SH,20190320,2.823,2.82,2.823,2.818,2.819,-0.004,-0.1417,6947507.0,1959281.152
518880.SH,20190321,2.819,2.833,2.84,2.832,2.839,0.02,0.7095,7307281.5,2072933.691
518880.SH,20190322,2.839,2.826,2.834,2.825,2.833,-0.006,-0.2113,5689414.0,1608617.907
518880.SH,20190325,2.833,2.849,2.852,2.846,2.849,0.016,0.5648,5747628.0,1637461.421
518880.SH,20190326,2.849,2.855,2.858,2.849,2.85,0.001,0.0351,6284627.6,1794025.353
518880.SH,20190327,2.85,2.85,2.854,2.845,2.848,-0.002,-0.0702,6375187.0,1817150.045
518880.SH,20190328,2.848,2.841,2.844,2.837,2.842,-0.006,-0.2107,6255969.0,1776752.201
518880.SH,20190329,2.842,2.809,2.809,2.786,2.788,-0.054,-1.9001,6352249.0,1777201.668
518880.SH,20190401,2.788,2.789,2.798,2.787,2.788,0.0,0.0,5977778.0,1669645.188
518880.SH,20190402,2.788,2.79,2.797,2.789,2.792,0.004,0.1435,7396498.0,2066145.899
518880.SH,20190403,2.792,2.797,2.804,2.795,2.797,0.005,0.1791,6128373.0,1716433.161
518880.SH,20190404,2.797,2.794,2.808,2.793,2.798,0.001,0.0358,5644031.33,1579168.622
518880.SH,20190408,2.798,2.8,2.814,2.8,2.81,0.012,0.4289,7203041.0,2023052.741
518880.SH,20190409,2.81,2.816,2.817,2.81,2.811,0.001,0.0356,5197893.0,1462605.046
518880.SH,20190410,2.811,2.819,2.825,2.817,2.825,0.014,0.498,6541524.71,1844416.933
518880.SH,20190411,2.825,2.828,2.832,2.827,2.828,0.003,0.1062,6350483.0,1796288.729
518880.SH,20190412,2.828,2.804,2.808,2.799,2.8,-0.028,-0.9901,5810570.0,1629478.296
518880.SH,20190415,2.8,2.789,2.791,2.784,2.785,-0.015,-0.5357,5835373.0,1627040.031
518880.SH,20190416,2.785,2.784,2.788,2.781,2.785,0.0,0.0,6969074.0,1940707.204
518880.SH,20190417,2.785,2.772,2.777,2.768,2.769,-0.016,-0.5745,11609783.0,3218472.137
518880.SH,20190418,2.769,2.759,2.761,2.749,2.751,-0.018,-0.6501,4575602.0,1261481.583
518880.SH,20190419,2.751,2.763,2.769,2.762,2.762,0.011,0.3999,7208711.0,1994548.905
518880.SH,20190422,2.762,2.765,2.775,2.764,2.772,0.01,0.3621,6552711.0,1815867.366
518880.SH,20190423,2.772,2.771,2.772,2.755,2.757,-0.015,-0.5411,8106835.0,2240418.327
518880.SH,20190424,2.757,2.756,2.758,2.75,2.754,-0.003,-0.1088,8390566.0,2310969.604
518880.SH,20190425,2.754,2.765,2.769,2.763,2.767,0.013,0.472,6642734.0,1837607.415
518880.SH,20190426,2.767,2.774,2.777,2.769,2.773,0.006,0.2168,7637192.0,2117898.049
518880.SH,20190429,2.773,2.778,2.785,2.768,2.769,-0.004,-0.1442,5832327.0,1620533.802
518880.SH,20190430,2.769,2.77,2.78,2.77,2.777,0.008,0.2889,4647561.0,1289350.311
518880.SH,20190506,2.777,2.798,2.805,2.788,2.793,0.016,0.5762,6036408.0,1686287.008
518880.SH,20190507,2.793,2.791,2.794,2.786,2.787,-0.006,-0.2148,3824343.0,1067386.529
518880.SH,20190508,2.787,2.798,2.805,2.795,2.804,0.017,0.61,4408941.0,1234787.493
518880.SH,20190509,2.804,2.8,2.808,2.798,2.806,0.002,0.0713,3119596.0,874275.347
518880.SH,20190510,2.806,2.806,2.82,2.805,2.808,0.002,0.0713,3472692.18,975657.855
518880.SH,20190513,2.808,2.821,2.828,2.821,2.826,0.018,0.641,2053881.61,580144.581
518880.SH,20190514,2.826,2.863,2.865,2.857,2.858,0.032,1.1323,3144899.0,899552.865
518880.SH,20190515,2.858,2.858,2.858,2.842,2.844,-0.014,-0.4899,4566737.91,1302810.694
518880.SH,20190516,2.844,2.852,2.859,2.852,2.858,0.014,0.4923,3386776.7,967005.748
518880.SH,20190517,2.858,2.841,2.855,2.841,2.854,-0.004,-0.14,2088807.91,594925.147
518880.SH,20190520,2.854,2.839,2.839,2.832,2.835,-0.019,-0.6657,2279418.07,645981.373
518880.SH,20190521,2.835,2.835,2.836,2.83,2.834,-0.001,-0.0353,1647712.85,466897.824
518880.SH,20190522,2.834,2.828,2.838,2.828,2.834,0.0,0.0,2542935.26,720612.151
518880.SH,20190523,2.834,2.836,2.845,2.836,2.841,0.007,0.247,3337790.85,948211.861
518880.SH,20190524,2.841,2.855,2.858,2.852,2.856,0.015,0.528,2369428.51,676438.341
518880.SH,20190527,2.856,2.858,2.861,2.856,2.858,0.002,0.07,4223574.79,1207268.623
518880.SH,20190528,2.858,2.853,2.856,2.851,2.854,-0.004,-0.14,1997268.37,569955.549
518880.SH,20190529,2.854,2.85,2.862,2.849,2.861,0.007,0.2453,2453599.0,700426.918
518880.SH,20190530,2.861,2.85,2.851,2.841,2.847,-0.014,-0.4893,2307902.13,657129.742
518880.SH,20190531,2.847,2.876,2.879,2.872,2.878,0.031,1.0889,2096259.33,602710.682
518880.SH,20190603,2.878,2.906,2.917,2.906,2.914,0.036,1.2509,2734334.2,796891.162
518880.SH,20190604,2.914,2.945,2.947,2.935,2.944,0.03,1.0295,2646979.0,778752.073
518880.SH,20190605,2.944,2.943,2.964,2.942,2.963,0.019,0.6454,3649832.92,1076323.167
518880.SH,20190606,2.963,2.955,2.966,2.953,2.962,-0.001,-0.0337,3109444.63,920683.985
518880.SH,20190610,2.962,2.96,2.969,2.948,2.953,-0.009,-0.3038,4868042.35,1441161.352
518880.SH,20190611,2.953,2.954,2.958,2.937,2.937,-0.016,-0.5418,4095238.65,1207745.921
518880.SH,20190612,2.937,2.944,2.979,2.944,2.972,0.035,1.1917,3923670.38,1162103.194
518880.SH,20190613,2.972,2.966,2.977,2.964,2.977,0.005,0.1682,3260141.0,969061.389
518880.SH,20190614,2.977,2.986,3.024,2.986,3.022,0.045,1.5116,3180999.39,955212.332
518880.SH,20190617,3.022,3.0,3.001,2.982,2.983,-0.039,-1.2905,3361386.86,1006342.702
518880.SH,20190618,2.983,2.991,3.012,2.991,3.004,0.021,0.704,4635662.08,1391008.194
518880.SH,20190619,3.004,2.98,2.991,2.978,2.989,-0.015,-0.4993,4133381.0,1233873.685
518880.SH,20190620,2.989,3.05,3.06,3.05,3.054,0.065,2.1746,4957649.52,1515229.918
518880.SH,20190621,3.054,3.075,3.107,3.075,3.079,0.025,0.8186,4080712.18,1262082.541
518880.SH,20190624,3.079,3.109,3.111,3.1,3.101,0.022,0.7145,3378028.23,1049230.407
518880.SH,20190625,3.101,3.148,3.185,3.145,3.166,0.065,2.0961,6360653.95,2008930.73
518880.SH,20190626,3.166,3.132,3.134,3.071,3.108,-0.058,-1.832,3305538.03,1031677.866
518880.SH,20190627,3.108,3.113,3.118,3.097,3.1,-0.008,-0.2574,3640540.54,1132415.713
518880.SH,20190628,3.1,3.124,3.15,3.104,3.109,0.009,0.2903,3145571.94,985513.41
518880.SH,20190701,3.109,3.05,3.063,3.029,3.034,-0.075,-2.4124,4880799.43,1487674.236
518880.SH,20190702,3.034,3.052,3.071,3.052,3.066,0.032,1.0547,2699222.22,826330.146
518880.SH,20190703,3.066,3.172,3.177,3.138,3.152,0.086,2.805,4102955.92,1294234.607
518880.SH,20190704,3.152,3.142,3.142,3.113,3.119,-0.033,-1.047,2605072.0,814497.229
518880.SH,20190705,3.119,3.13,3.136,3.12,3.125,0.006,0.1924,3159122.5,988642.969
518880.SH,20190708,3.125,3.091,3.111,3.087,3.109,-0.016,-0.512,2871305.15,889900.323
518880.SH,20190709,3.109,3.083,3.089,3.078,3.081,-0.028,-0.9006,2169566.0,668839.443
518880.SH,20190710,3.081,3.084,3.088,3.075,3.079,-0.002,-0.0649,1171330.0,361085.217
518880.SH,20190711,3.079,3.139,3.148,3.13,3.132,0.053,1.7213,2971459.6,932574.02
518880.SH,20190712,3.132,3.113,3.113,3.1,3.111,-0.021,-0.6705,1713918.0,532503.586
518880.SH,20190715,3.111,3.118,3.124,3.113,3.123,0.012,0.3857,2176806.0,678754.722
518880.SH,20190716,3.123,3.121,3.127,3.118,3.12,-0.003,-0.0961,1701966.0,531326.639
518880.SH,20190717,3.12,3.109,3.111,3.099,3.103,-0.017,-0.5449,2001378.0,621189.0
518880.SH,20190718,3.103,3.147,3.15,3.131,3.135,0.032,1.0313,1934474.11,607386.617
518880.SH,20190719,3.135,3.185,3.19,3.172,3.177,0.042,1.3397,1722573.11,548504.191
518880.SH,20190722,3.177,3.145,3.159,3.142,3.153,-0.024,-0.7554,1414119.0,445721.209
518880.SH,20190723,3.153,3.13,3.138,3.125,3.13,-0.023,-0.7295,2432413.0,761774.062
518880.SH,20190724,3.13,3.14,3.144,3.137,3.143,0.013,0.4153,1830086.0,574578.953
518880.SH,20190725,3.143,3.141,3.147,3.138,3.147,0.004,0.1273,2196529.0,689904.411
518880.SH,20190726,3.147,3.13,3.134,3.123,3.134,-0.013,-0.4131,1208104.79,377933.022
518880.SH,20190729,3.134,3.147,3.148,3.136,3.139,0.005,0.1595,2316515.46,728115.306
518880.SH,20190730,3.139,3.143,3.154,3.143,3.152,0.013,0.4141,2776392.0,873733.225
518880.SH,20190731,3.152,3.158,3.167,3.155,3.164,0.012,0.3807,1847052.0,583541.222
518880.SH,20190801,3.164,3.125,3.126,3.11,3.112,-0.052,-1.6435,2081586.15,649499.987
518880.SH,20190802,3.112,3.187,3.19,3.18,3.184,0.072,2.3136,2603501.1,829518.591
518880.SH,20190805,3.184,3.239,3.304,3.238,3.289,0.105,3.2977,3874735.72,1268788.016
518880.SH,20190806,3.289,3.332,3.332,3.295,3.296,0.007,0.2128,3448140.92,1141119.558
518880.SH,20190807,3.296,3.346,3.374,3.346,3.363,0.067,2.0328,4204277.86,1413084.928
518880.SH,20190808,3.363,3.383,3.406,3.369,3.386,0.023,0.6839,3277161.67,1111713.433
518880.SH,20190809,3.386,3.404,3.42,3.393,3.403,0.017,0.5021,3399836.06,1159058.69
518880.SH,20190812,3.403,3.402,3.402,3.381,3.382,-0.021,-0.6171,2508769.94,851804.044
518880.SH,20190813,3.382,3.444,3.469,3.44,3.465,0.083,2.4542,5384145.33,1858750.105
518880.SH,20190814,3.465,3.369,3.405,3.366,3.376,-0.089,-2.5685,4338440.0,1469483.756
518880.SH,20190815,3.376,3.435,3.445,3.397,3.414,0.038,1.1256,3560564.25,1220974.235
518880.SH,20190816,3.414,3.436,3.438,3.413,3.419,0.005,0.1465,2590452.0,888487.241
518880.SH,20190819,3.419,3.394,3.419,3.393,3.402,-0.017,-0.4972,3627065.59,1234951.724
518880.SH,20190820,3.402,3.394,3.394,3.382,3.388,-0.014,-0.4115,4170123.11,1412644.382
518880.SH,20190821,3.388,3.399,3.403,3.388,3.391,0.003,0.0885,3460917.28,1176275.601
518880.SH,20190822,3.391,3.395,3.403,3.395,3.401,0.01,0.2949,1417583.0,481929.116
518880.SH,20190823,3.401,3.399,3.4,3.392,3.398,-0.003,-0.0882,2153516.67,731569.416
518880.SH,20190826,3.398,3.521,3.534,3.51,3.52,0.122,3.5903,3181502.49,1121957.291
518880.SH,20190827,3.52,3.511,3.526,3.501,3.522,0.002,0.0568,2369481.29,832017.518
518880.SH,20190828,3.522,3.543,3.543,3.513,3.524,0.002,0.0568,2342936.65,826649.851
518880.SH,20190829,3.524,3.53,3.566,3.529,3.565,0.041,1.1635,2889056.0,1024193.293
518880.SH,20190830,3.565,3.503,3.523,3.495,3.508,-0.057,-1.5989,3614918.18,1267506.262
518880.SH,20190902,3.508,3.502,3.505,3.492,3.496,-0.012,-0.3421,2828987.77,989947.602
518880.SH,20190903,3.496,3.51,3.517,3.5,3.511,0.015,0.4291,2185238.74,766862.711
518880.SH,20190904,3.511,3.557,3.56,3.522,3.524,0.013,0.3703,3057998.37,1082531.656
518880.SH,20190905,3.524,3.542,3.544,3.525,3.539,0.015,0.4257,1990251.29,702496.368
518880.SH,20190906,3.539,3.464,3.476,3.424,3.429,-0.11,-3.1082,3964145.45,1372699.101
518880.SH,20190909,3.429,3.436,3.448,3.431,3.442,0.013,0.3791,3112844.0,1071034.403
518880.SH,20190910,3.442,3.382,3.392,3.371,3.389,-0.053,-1.5398,2907560.26,984874.418
518880.SH,20190911,3.389,3.397,3.408,3.396,3.404,0.015,0.4426,3509387.26,1193155.485
518880.SH,20190912,3.404,3.395,3.404,3.393,3.404,0.0,0.0,1980232.81,672530.66
518880.SH,20190916,3.404,3.414,3.414,3.397,3.407,0.003,0.0881,2929052.51,997866.285
518880.SH,20190917,3.407,3.405,3.405,3.392,3.394,-0.013,-0.3816,2203246.15,749026.058
518880.SH,20190918,3.394,3.407,3.413,3.404,3.407,0.013,0.383,2762844.95,941669.454
518880.SH,20190919,3.407,3.387,3.403,3.385,3.401,-0.006,-0.1761,2382828.0,808880.654
518880.SH,20190920,3.401,3.407,3.416,3.406,3.412,0.011,0.3234,1926417.0,657109.842
518880.SH,20190923,3.412,3.437,3.461,3.437,3.441,0.029,0.8499,3478061.52,1200413.065
518880.SH,20190924,3.441,3.463,3.466,3.454,3.46,0.019,0.5522,3603326.0,1247184.176
518880.SH,20190925,3.46,3.48,3.482,3.473,3.48,0.02,0.578,2260733.8,786273.942
518880.SH,20190926,3.48,3.444,3.449,3.429,3.434,-0.046,-1.3218,3036870.73,1044848.719
518880.SH,20190927,3.434,3.426,3.435,3.4,3.404,-0.03,-0.8736,1627485.49,557748.466
518880.SH,20190930,3.404,3.4,3.403,3.386,3.396,-0.008,-0.235,1436800.01,488130.765
518880.SH,20191008,3.396,3.402,3.405,3.385,3.39,-0.006,-0.1767,1579319.0,535814.094
518880.SH,20191009,3.39,3.435,3.441,3.434,3.44,0.05,1.4749,2348398.0,807219.151
518880.SH,20191010,3.44,3.44,3.445,3.413,3.422,-0.018,-0.5233,2289079.73,784621.646
518880.SH,20191011,3.422,3.391,3.406,3.389,3.405,-0.017,-0.4968,1427088.31,484458.493
518880.SH,20191014,3.405,3.367,3.367,3.345,3.356,-0.049,-1.4391,2486541.38,834301.321
518880.SH,20191015,3.356,3.363,3.377,3.361,3.363,0.007,0.2086,2714360.67,914494.2
518880.SH,20191016,3.363,3.356,3.359,3.345,3.35,-0.013,-0.3866,2879788.64,966296.988
518880.SH,20191017,3.35,3.366,3.377,3.365,3.374,0.024,0.7164,2937073.18,989209.673
518880.SH,20191018,3.374,3.367,3.373,3.365,3.371,-0.003,-0.0889,3308038.55,1114361.265
518880.SH,20191021,3.371,3.362,3.372,3.361,3.369,-0.002,-0.0593,1856547.31,624574.242
518880.SH,20191022,3.369,3.349,3.359,3.349,3.356,-0.013,-0.3859,2754276.0,924393.288
518880.SH,20191023,3.356,3.363,3.372,3.361,3.371,0.015,0.447,2954572.0,994659.364
518880.SH,20191024,3.371,3.367,3.369,3.363,3.364,-0.007,-0.2077,3526898.75,1187228.994
518880.SH,20191025,3.364,3.388,3.4,3.387,3.398,0.034,1.0107,4918330.62,1669143.537
518880.SH,20191028,3.398,3.394,3.396,3.388,3.395,-0.003,-0.0883,2614598.49,887041.2
518880.SH,20191029,3.395,3.364,3.365,3.356,3.36,-0.035,-1.0309,1925625.0,647298.171
518880.SH,20191030,3.36,3.357,3.362,3.353,3.356,-0.004,-0.119,1754278.0,588922.86
518880.SH,20191031,3.356,3.365,3.369,3.362,3.363,0.007,0.2086,2049581.0,689859.503
518880.SH,20191101,3.363,3.396,3.398,3.3,3.387,0.024,0.7136,2762599.5,936435.869
518880.SH,20191104,3.387,3.391,3.392,3.381,3.383,-0.004,-0.1181,2129310.0,721047.142
518880.SH,20191105,3.383,3.374,3.376,3.359,3.362,-0.021,-0.6208,2108591.78,710774.998
518880.SH,20191106,3.362,3.32,3.32,3.306,3.313,-0.049,-1.4575,3459771.01,1145951.086
518880.SH,20191107,3.313,3.329,3.335,3.325,3.331,0.018,0.5433,2844477.08,947465.012
518880.SH,20191108,3.331,3.253,3.271,3.25,3.269,-0.062,-1.8613,2925576.0,954392.84
518880.SH,20191111,3.269,3.26,3.267,3.255,3.266,-0.003,-0.0918,2743007.74,894066.851
518880.SH,20191112,3.266,3.25,3.25,3.228,3.233,-0.033,-1.0104,2453906.0,795877.741
518880.SH,20191113,3.233,3.259,3.27,3.257,3.267,0.034,1.0517,3338574.66,1089149.416
518880.SH,20191114,3.267,3.266,3.277,3.265,3.276,0.009,0.2755,2694704.7,881099.581
518880.SH,20191115,3.276,3.274,3.276,3.265,3.268,-0.008,-0.2442,1860439.0,608492.903
518880.SH,20191118,3.268,3.271,3.276,3.268,3.269,0.001,0.0306,3491583.52,1142309.787
518880.SH,20191119,3.269,3.292,3.294,3.283,3.29,0.021,0.6424,3079345.12,1012471.693
518880.SH,20191120,3.29,3.297,3.303,3.296,3.301,0.011,0.3343,4672989.0,1541602.281
518880.SH,20191121,3.301,3.303,3.31,3.292,3.294,-0.007,-0.2121,3075222.03,1014787.106
518880.SH,20191122,3.294,3.278,3.288,3.273,3.287,-0.007,-0.2125,2342399.13,768092.234
518880.SH,20191125,3.287,3.269,3.278,3.262,3.264,-0.023,-0.6997,3711957.51,1213980.92
518880.SH,20191126,3.264,3.254,3.264,3.247,3.263,-0.001,-0.0306,2782981.71,905890.745
518880.SH,20191127,3.263,3.27,3.271,3.264,3.268,0.005,0.1532,1608519.82,525599.079
518880.SH,20191128,3.268,3.264,3.266,3.26,3.261,-0.007,-0.2142,1536700.61,501549.238
518880.SH,20191129,3.261,3.264,3.271,3.264,3.265,0.004,0.1227,3722593.84,1216519.718
518880.SH,20191202,3.265,3.271,3.272,3.268,3.269,0.004,0.1225,1922692.02,628682.808
518880.SH,20191203,3.269,3.278,3.283,3.274,3.277,0.008,0.2447,2799897.79,918041.546
518880.SH,20191204,3.277,3.326,3.338,3.325,3.337,0.06,1.8309,3684204.76,1227092.684
518880.SH,20191205,3.337,3.317,3.322,3.316,3.321,-0.016,-0.4795,1821314.0,604453.426
518880.SH,20191206,3.321,3.315,3.316,3.296,3.297,-0.024,-0.7227,3086978.01,1022096.348
518880.SH,20191209,3.297,3.272,3.279,3.27,3.275,-0.022,-0.6673,4032803.35,1320433.285
518880.SH,20191210,3.275,3.278,3.283,3.276,3.28,0.005,0.1527,2013436.38,660214.501
518880.SH,20191211,3.28,3.283,3.288,3.282,3.282,0.002,0.061,2631640.04,864254.603
518880.SH,20191212,3.282,3.303,3.313,3.3,3.3,0.018,0.5484,2779065.78,918837.134
518880.SH,20191213,3.3,3.26,3.268,3.259,3.261,-0.039,-1.1818,2633205.9,859212.734
518880.SH,20191216,3.261,3.282,3.297,3.281,3.294,0.033,1.012,2482437.39,815893.887
518880.SH,20191217,3.294,3.292,3.294,3.289,3.292,-0.002,-0.0607,3849938.37,1267237.379
518880.SH,20191218,3.292,3.293,3.297,3.291,3.295,0.003,0.0911,3839592.96,1264642.29
518880.SH,20191219,3.295,3.291,3.299,3.291,3.292,-0.003,-0.091,3599613.0,1185916.39
518880.SH,20191220,3.292,3.296,3.303,3.295,3.302,0.01,0.3038,3110803.2,1026173.202
518880.SH,20191223,3.302,3.301,3.315,3.3,3.313,0.011,0.3331,3441279.0,1137762.328
518880.SH,20191224,3.313,3.318,3.333,3.317,3.331,0.018,0.5433,3821420.68,1271260.919
518880.SH,20191225,3.331,3.348,3.354,3.344,3.352,0.021,0.6304,3029030.84,1015114.842
518880.SH,20191226,3.352,3.353,3.357,3.345,3.353,0.001,0.0298,3352185.24,1123859.3
518880.SH,20191227,3.353,3.364,3.382,3.36,3.363,0.01,0.2982,4425960.76,1492936.084
518880.SH,20191230,3.363,3.372,3.374,3.361,3.361,-0.002,-0.0595,3846849.0,1295585.186
518880.SH,20191231,3.361,3.375,3.386,3.373,3.384,0.023,0.6843,4026326.94,1360969.185
518880.SH,20200102,3.384,3.371,3.377,3.368,3.37,-0.014,-0.4137,3818438.14,1287583.746
518880.SH,20200103,3.37,3.392,3.428,3.39,3.422,0.052,1.543,3679149.83,1254881.697
518880.SH,20200106,3.422,3.496,3.51,3.493,3.497,0.075,2.1917,4607804.93,1613494.876
518880.SH,20200107,3.497,3.472,3.475,3.447,3.466,-0.031,-0.8865,3610569.66,1249704.636
518880.SH,20200108,3.466,3.547,3.56,3.511,3.531,0.065,1.8754,5462981.89,1926679.989
518880.SH,20200109,3.531,3.44,3.451,3.397,3.408,-0.123,-3.4834,4458190.2,1534083.852
518880.SH,20200110,3.408,3.413,3.425,3.413,3.418,0.01,0.2934,2720508.41,930565.151
518880.SH,20200113,3.418,3.423,3.435,3.413,3.418,0.0,0.0,4304742.42,1474214.156
518880.SH,20200114,3.418,3.368,3.376,3.363,3.374,-0.044,-1.2873,4245020.86,1430424.559
518880.SH,20200115,3.374,3.398,3.414,3.395,3.403,0.029,0.8595,4208754.02,1434372.564
518880.SH,20200116,3.403,3.413,3.42,3.403,3.406,0.003,0.0882,4914062.22,1677270.655
518880.SH,20200117,3.406,3.402,3.41,3.4,3.404,-0.002,-0.0587,3332206.63,1134252.856
518880.SH,20200120,3.404,3.407,3.41,3.403,3.405,0.001,0.0294,4300935.64,1465106.193
518880.SH,20200121,3.405,3.425,3.449,3.424,3.437,0.032,0.9398,5093903.17,1751478.809
518880.SH,20200122,3.437,3.409,3.419,3.401,3.407,-0.03,-0.8729,3599604.8,1227541.567
518880.SH,20200123,3.407,3.428,3.437,3.421,3.43,0.023,0.6751,2561210.0,878069.427
518880.SH,20200203,3.43,3.51,3.527,3.51,3.52,0.09,2.6239,3510865.37,1235172.492
518880.SH,20200204,3.52,3.509,3.512,3.488,3.492,-0.028,-0.7955,3354435.99,1174676.005
518880.SH,20200205,3.492,3.459,3.476,3.453,3.469,-0.023,-0.6586,3919754.35,1357974.668
518880.SH,20200206,3.469,3.448,3.454,3.439,3.452,-0.017,-0.4901,3561826.27,1228019.964
518880.SH,20200207,3.452,3.48,3.482,3.463,3.468,0.016,0.4635,2154367.33,748690.01
518880.SH,20200210,3.468,3.491,3.497,3.479,3.481,0.013,0.3749,3398724.03,1184823.78
518880.SH,20200211,3.481,3.479,3.482,3.47,3.472,-0.009,-0.2585,2724622.07,946956.446
518880.SH,20200212,3.472,3.466,3.47,3.459,3.465,-0.007,-0.2016,3719462.4,1289068.425
518880.SH,20200213,3.465,3.474,3.493,3.474,3.49,0.025,0.7215,3195844.4,1113158.238
518880.SH,20200214,3.49,3.495,3.498,3.486,3.494,0.004,0.1146,1981474.69,692100.247
518880.SH,20200217,3.494,3.509,3.511,3.502,3.505,0.011,0.3148,2969655.67,1041005.92
518880.SH,20200218,3.505,3.514,3.523,3.514,3.522,0.017,0.485,4114440.7,1447726.127
518880.SH,20200219,3.522,3.563,3.569,3.555,3.562,0.04,1.1357,4071300.62,1450226.368
518880.SH,20200220,3.562,3.568,3.595,3.568,3.574,0.012,0.3369,3440324.67,1232251.933
518880.SH,20200221,3.574,3.611,3.648,3.611,3.646,0.072,2.0145,4474054.01,1624586.052
518880.SH,20200224,3.646,3.728,3.73,3.707,3.725,0.079,2.1668,5965414.48,2216601.413
518880.SH,20200225,3.725,3.679,3.703,3.64,3.648,-0.077,-2.0671,9155550.49,3373649.14
518880.SH,20200226,3.648,3.667,3.678,3.632,3.668,0.02,0.5482,7777393.23,2849456.635
518880.SH,20200227,3.668,3.665,3.69,3.665,3.669,0.001,0.0273,6056712.18,2225988.931
518880.SH,20200228,3.669,3.652,3.66,3.605,3.623,-0.046,-1.2537,5007922.09,1823033.607
518880.SH,20200302,3.623,3.549,3.556,3.516,3.542,-0.081,-2.2357,6044724.71,2138388.882
518880.SH,20200303,3.542,3.532,3.542,3.53,3.536,-0.006,-0.1694,4407032.27,1558011.433
518880.SH,20200304,3.536,3.608,3.628,3.607,3.612,0.076,2.1493,5367899.8,1940724.987
518880.SH,20200305,3.612,3.603,3.612,3.6,3.611,-0.001,-0.0277,3805619.27,1371411.92
518880.SH,20200306,3.611,3.677,3.705,3.672,3.686,0.075,2.077,5135924.22,1892257.669
518880.SH,20200309,3.686,3.716,3.728,3.317,3.659,-0.027,-0.7325,7116914.32,2624195.457
518880.SH,20200310,3.659,3.647,3.656,3.593,3.612,-0.047,-1.2845,5356163.66,1945663.13
518880.SH,20200311,3.612,3.621,3.649,3.621,3.648,0.036,0.9967,5821219.76,2115649.911
518880.SH,20200312,3.648,3.622,3.625,3.597,3.608,-0.04,-1.0965,4599535.3,1658973.369
518880.SH,20200313,3.608,3.472,3.519,3.437,3.502,-0.106,-2.9379,5978226.34,2076825.928
518880.SH,20200316,3.502,3.4,3.436,3.382,3.414,-0.088,-2.5128,5875411.69,2005647.215
518880.SH,20200317,3.414,3.315,3.316,3.25,3.255,-0.159,-4.6573,6333999.75,2080993.365
518880.SH,20200318,3.255,3.38,3.39,3.306,3.326,0.071,2.1813,7957593.36,2675879.176
518880.SH,20200319,3.326,3.295,3.318,3.253,3.312,-0.014,-0.4209,6403389.67,2104808.503
518880.SH,20200320,3.312,3.317,3.361,3.305,3.346,0.034,1.0266,4924919.48,1636123.613
518880.SH,20200323,3.346,3.325,3.355,3.324,3.337,-0.009,-0.269,4810771.0,1607791.181
518880.SH,20200324,3.337,3.55,3.554,3.489,3.523,0.186,5.5739,5805657.96,2042565.44
518880.SH,20200325,3.523,3.601,3.61,3.573,3.581,0.058,1.6463,6295551.98,2261848.702
518880.SH,20200326,3.581,3.568,3.594,3.567,3.572,-0.009,-0.2513,5289191.32,1892239.691
518880.SH,20200327,3.572,3.605,3.621,3.599,3.612,0.04,1.1198,4771574.4,1722024.45
518880.SH,20200330,3.612,3.597,3.601,3.577,3.583,-0.029,-0.8029,4517560.34,1622066.72
518880.SH,20200331,3.583,3.583,3.59,3.581,3.586,0.003,0.0837,4865417.36,1744376.819
518880.SH,20200401,3.586,3.505,3.537,3.503,3.528,-0.058,-1.6174,4194710.01,1475067.658
518880.SH,20200402,3.528,3.526,3.55,3.524,3.543,0.015,0.4252,3322601.41,1173648.164
518880.SH,20200403,3.543,3.582,3.599,3.568,3.575,0.032,0.9032,2850080.82,1020595.888
518880.SH,20200407,3.575,3.686,3.691,3.671,3.676,0.101,2.8252,4207952.97,1549853.233
518880.SH,20200408,3.676,3.643,3.654,3.639,3.641,-0.035,-0.9521,4134609.42,1508410.142
518880.SH,20200409,3.641,3.642,3.651,3.64,3.65,0.009,0.2472,3320762.98,1209831.73
518880.SH,20200410,3.65,3.681,3.687,3.664,3.671,0.021,0.5753,4498657.81,1654369.092
518880.SH,20200413,3.671,3.675,3.676,3.655,3.67,-0.001,-0.0272,3649598.0,1336618.261
518880.SH,20200414,3.67,3.698,3.736,3.685,3.712,0.042,1.1444,4392420.92,1631108.095
518880.SH,20200415,3.712,3.713,3.729,3.7,3.702,-0.01,-0.2694,4867995.89,1810918.111
518880.SH,20200416,3.702,3.702,3.743,3.7,3.73,0.028,0.7563,4510342.0,1673766.832
518880.SH,20200417,3.73,3.69,3.696,3.643,3.669,-0.061,-1.6354,4261864.0,1567021.083
518880.SH,20200420,3.669,3.634,3.661,3.633,3.651,-0.018,-0.4906,3924339.29,1431885.123
518880.SH,20200421,3.651,3.674,3.687,3.671,3.684,0.033,0.9039,6462628.63,2376551.485
518880.SH,20200422,3.684,3.686,3.69,3.665,3.674,-0.01,-0.2714,4075967.7,1500164.789
518880.SH,20200423,3.674,3.735,3.748,3.73,3.739,0.065,1.7692,4001888.28,1496887.215
518880.SH,20200424,3.739,3.741,3.775,3.739,3.769,0.03,0.8024,3552749.66,1332629.882
518880.SH,20200427,3.769,3.763,3.763,3.739,3.741,-0.028,-0.7429,3459235.4,1298209.378
518880.SH,20200428,3.741,3.717,3.721,3.694,3.714,-0.027,-0.7217,4955368.94,1837664.21
518880.SH,20200429,3.714,3.729,3.741,3.728,3.733,0.019,0.5116,5448625.79,2034589.545
518880.SH,20200430,3.733,3.728,3.751,3.723,3.746,0.013,0.3482,2826046.24,1054720.717
518880.SH,20200506,3.746,3.748,3.75,3.734,3.741,-0.005,-0.1335,3242890.5,1213685.972
518880.SH,20200507,3.741,3.732,3.74,3.721,3.723,-0.018,-0.4812,4821880.56,1800144.603
518880.SH,20200508,3.723,3.775,3.779,3.767,3.769,0.046,1.2356,4441580.0,1675371.093
518880.SH,20200511,3.769,3.751,3.76,3.747,3.754,-0.015,-0.398,4550917.0,1708650.073
518880.SH,20200512,3.754,3.741,3.754,3.74,3.746,-0.008,-0.2131,3865223.0,1448423.829
518880.SH,20200513,3.746,3.755,3.759,3.749,3.757,0.011,0.2936,4029646.66,1512529.085
518880.SH,20200514,3.757,3.772,3.782,3.771,3.781,0.024,0.6388,4156941.04,1569134.514
518880.SH,20200515,3.781,3.818,3.842,3.814,3.834,0.053,1.4017,3100703.68,1185265.327
518880.SH,20200518,3.834,3.9,3.939,3.899,3.927,0.093,2.4257,4718848.26,1851676.376
518880.SH,20200519,3.927,3.868,3.886,3.852,3.865,-0.062,-1.5788,5508572.0,2134866.473
518880.SH,20200520,3.865,3.908,3.916,3.9,3.906,0.041,1.0608,5428692.23,2120784.487
518880.SH,20200521,3.906,3.89,3.894,3.867,3.87,-0.036,-0.9217,4533162.87,1759790.394
518880.SH,20200522,3.87,3.846,3.868,3.834,3.865,-0.005,-0.1292,4689656.27,1805390.176
518880.SH,20200525,3.865,3.855,3.868,3.851,3.858,-0.007,-0.1811,4011168.23,1548443.092
518880.SH,20200526,3.858,3.873,3.887,3.871,3.876,0.018,0.4666,3186015.56,1235692.682
518880.SH,20200527,3.876,3.845,3.847,3.83,3.835,-0.041,-1.0578,4043431.13,1552648.212
518880.SH,20200528,3.835,3.85,3.871,3.846,3.863,0.028,0.7301,3823228.0,1475225.031
518880.SH,20200529,3.863,3.857,3.869,3.854,3.864,0.001,0.0259,4186026.12,1616722.459
518880.SH,20200601,3.864,3.881,3.906,3.881,3.895,0.031,0.8023,4790721.09,1864794.597
518880.SH,20200602,3.895,3.885,3.896,3.883,3.888,-0.007,-0.1797,4995946.75,1943263.115
518880.SH,20200603,3.888,3.852,3.866,3.848,3.853,-0.035,-0.9002,4513401.48,1741442.091
518880.SH,20200604,3.853,3.815,3.834,3.813,3.82,-0.033,-0.8565,5378537.18,2057303.489
518880.SH,20200605,3.82,3.845,3.847,3.813,3.817,-0.003,-0.0785,4231756.61,1620975.065
518880.SH,20200608,3.817,3.774,3.788,3.771,3.783,-0.034,-0.8908,4693825.02,1772433.028
518880.SH,20200609,3.783,3.793,3.796,3.778,3.782,-0.001,-0.0264,3024041.9,1144718.341
518880.SH,20200610,3.782,3.823,3.825,3.818,3.821,0.039,1.0312,2998049.0,1145479.168
518880.SH,20200611,3.821,3.844,3.856,3.841,3.855,0.034,0.8898,4926422.9,1895236.856
518880.SH,20200612,3.855,3.85,3.856,3.841,3.854,-0.001,-0.0259,5973088.03,2297666.454
518880.SH,20200615,3.854,3.86,3.866,3.833,3.844,-0.01,-0.2595,4550920.0,1752661.372
518880.SH,20200616,3.844,3.842,3.852,3.829,3.84,-0.004,-0.1041,6181278.23,2375174.123
518880.SH,20200617,3.84,3.842,3.848,3.837,3.842,0.002,0.0521,4431910.28,1702822.217
518880.SH,20200618,3.842,3.847,3.847,3.834,3.836,-0.006,-0.1562,5023257.71,1929758.07
518880.SH,20200619,3.836,3.837,3.849,3.837,3.844,0.008,0.2086,6348112.35,2439085.424
518880.SH,20200622,3.844,3.891,3.901,3.885,3.886,0.042,1.0926,6907265.06,2688456.172
518880.SH,20200623,3.886,3.896,3.896,3.877,3.882,-0.004,-0.1029,5972152.11,2321588.083
518880.SH,20200624,3.882,3.913,3.915,3.904,3.91,0.028,0.7213,4660702.03,1821625.363
518880.SH,20200629,3.91,3.917,3.917,3.907,3.91,0.0,0.0,3906066.88,1527990.063
518880.SH,20200630,3.91,3.909,3.915,3.906,3.914,0.004,0.1023,6261148.22,2448171.936
518880.SH,20200701,3.914,3.93,3.942,3.926,3.939,0.025,0.6387,5016933.3,1973363.651
518880.SH,20200702,3.939,3.901,3.908,3.898,3.903,-0.036,-0.9139,4809735.76,1877390.73
518880.SH,20200703,3.903,3.917,3.919,3.907,3.915,0.012,0.3075,4655263.88,1822549.75
518880.SH,20200706,3.915,3.912,3.915,3.898,3.902,-0.013,-0.3321,5472568.4,2137196.438
518880.SH,20200707,3.902,3.909,3.913,3.904,3.911,0.009,0.2307,9546246.85,3731357.393
518880.SH,20200708,3.911,3.929,3.932,3.925,3.928,0.017,0.4347,7243902.01,2845814.813
518880.SH,20200709,3.928,3.947,3.959,3.945,3.954,0.026,0.6619,8950318.55,3538580.427
518880.SH,20200710,3.954,3.936,3.943,3.924,3.926,-0.028,-0.7081,4764302.41,1875713.037
518880.SH,20200713,3.926,3.938,3.947,3.937,3.939,0.013,0.3311,5805603.14,2287739.23
518880.SH,20200714,3.939,3.928,3.94,3.928,3.935,-0.004,-0.1015,6821053.01,2683461.19
518880.SH,20200715,3.935,3.948,3.956,3.939,3.94,0.005,0.1271,8055156.6,3177991.255
518880.SH,20200716,3.94,3.939,3.946,3.926,3.927,-0.013,-0.3299,4882196.14,1923197.858
518880.SH,20200717,3.927,3.905,3.905,3.892,3.904,-0.023,-0.5857,5173086.06,2017444.4
518880.SH,20200720,3.904,3.916,3.926,3.916,3.925,0.021,0.5379,6161893.71,2415266.627
518880.SH,20200721,3.925,3.941,3.957,3.933,3.951,0.026,0.6624,6554176.03,2581762.851
518880.SH,20200722,3.951,4.063,4.065,4.03,4.043,0.092,2.3285,6035475.93,2438544.665
518880.SH,20200723,4.043,4.056,4.069,4.051,4.066,0.023,0.5689,4955403.13,2010546.698
518880.SH,20200724,4.066,4.084,4.111,4.083,4.109,0.043,1.0576,5704009.97,2337096.29
518880.SH,20200727,4.109,4.165,4.253,4.162,4.203,0.094,2.2877,8623640.52,3627208.573
518880.SH,20200728,4.203,4.29,4.29,4.167,4.198,-0.005,-0.119,6790150.08,2879228.119
518880.SH,20200729,4.198,4.222,4.222,4.199,4.206,0.008,0.1906,6257124.17,2632338.684
518880.SH,20200730,4.206,4.215,4.218,4.157,4.174,-0.032,-0.7608,5262938.74,2212740.095
518880.SH,20200731,4.174,4.181,4.22,4.172,4.216,0.042,1.0062,8771141.95,3672255.014
518880.SH,20200803,4.216,4.212,4.216,4.198,4.2,-0.016,-0.3795,5343770.3,2248812.666
518880.SH,20200804,4.2,4.213,4.217,4.201,4.206,0.006,0.1429,5836120.01,2458616.633
518880.SH,20200805,4.206,4.299,4.327,4.274,4.32,0.114,2.7104,4413313.75,1895603.438
518880.SH,20200806,4.32,4.333,4.359,4.329,4.353,0.033,0.7639,5797679.57,2517207.317
518880.SH,20200807,4.353,4.402,4.415,4.315,4.378,0.025,0.5743,4688887.52,2061162.053
518880.SH,20200810,4.378,4.335,4.357,4.334,4.349,-0.029,-0.6624,3452339.54,1499208.439
518880.SH,20200811,4.349,4.323,4.335,4.234,4.253,-0.096,-2.2074,5657915.72,2433925.089
518880.SH,20200812,4.253,4.037,4.037,3.958,3.989,-0.264,-6.2074,4184448.5,1665711.147
518880.SH,20200813,3.989,4.068,4.07,4.04,4.054,0.065,1.6295,6174835.4,2504865.076
518880.SH,20200814,4.054,4.142,4.149,4.075,4.088,0.034,0.8387,5361124.82,2215225.271
518880.SH,20200817,4.088,4.092,4.133,4.086,4.129,0.041,1.0029,4846468.48,1992328.652
518880.SH,20200818,4.129,4.202,4.234,4.202,4.225,0.096,2.325,5079401.65,2141720.54
518880.SH,20200819,4.225,4.217,4.217,4.173,4.177,-0.048,-1.1361,4877594.44,2047621.355
518880.SH,20200820,4.177,4.065,4.108,4.048,4.088,-0.089,-2.1307,5626622.06,2299308.243
518880.SH,20200821,4.088,4.089,4.1,4.073,4.091,0.003,0.0734,5201513.52,2127180.21
518880.SH,20200824,4.091,4.042,4.066,4.04,4.056,-0.035,-0.8555,3973894.12,1611101.953
518880.SH,20200825,4.056,4.063,4.075,4.055,4.064,0.008,0.1972,4460888.91,1814616.914
518880.SH,20200826,4.064,4.062,4.074,4.055,4.059,-0.005,-0.123,3568766.96,1450306.26
518880.SH,20200827,4.059,4.102,4.109,4.096,4.108,0.049,1.2072,5788787.57,2375190.679
518880.SH,20200828,4.108,4.082,4.115,4.081,4.109,0.001,0.0243,3504912.41,1436103.211
518880.SH,20200831,4.109,4.138,4.144,4.119,4.123,0.014,0.3407,3992550.81,1651248.01
518880.SH,20200901,4.123,4.149,4.177,4.149,4.169,0.046,1.1157,5049005.95,2103009.938
518880.SH,20200902,4.169,4.135,4.136,4.12,4.125,-0.044,-1.0554,4341222.22,1791382.347
518880.SH,20200903,4.125,4.085,4.104,4.045,4.053,-0.072,-1.7455,4382406.54,1787997.524
518880.SH,20200904,4.053,4.062,4.079,4.053,4.065,0.012,0.2961,3177919.04,1292721.954
518880.SH,20200907,4.065,4.079,4.087,4.056,4.063,-0.002,-0.0492,4123056.06,1680162.06
518880.SH,20200908,4.063,4.06,4.076,4.05,4.066,0.003,0.0738,4355126.02,1767792.104
518880.SH,20200909,4.066,4.061,4.081,4.058,4.068,0.002,0.0492,2756251.75,1121123.635
518880.SH,20200910,4.068,4.105,4.108,4.091,4.096,0.028,0.6883,3714040.45,1523254.492
518880.SH,20200911,4.096,4.098,4.103,4.071,4.087,-0.009,-0.2197,4331531.17,1769898.69
518880.SH,20200914,4.087,4.088,4.099,4.084,4.086,-0.001,-0.0245,3862124.19,1580548.33
518880.SH,20200915,4.086,4.098,4.112,4.092,4.1,0.014,0.3426,6049892.99,2482483.37
518880.SH,20200916,4.1,4.077,4.093,4.075,4.088,-0.012,-0.2927,3150328.66,1286399.284
518880.SH,20200917,4.088,4.077,4.08,4.05,4.06,-0.028,-0.6849,5398181.28,2191535.195
518880.SH,20200918,4.06,4.067,4.079,4.064,4.078,0.018,0.4433,3730543.42,1518793.727
518880.SH,20200921,4.078,4.085,4.09,4.075,4.078,0.0,0.0,2694801.57,1100108.73
518880.SH,20200922,4.078,3.978,4.004,3.967,3.985,-0.093,-2.2805,3860138.31,1539461.641
518880.SH,20200923,3.985,3.98,3.989,3.911,3.925,-0.06,-1.5056,3682099.71,1457738.889
518880.SH,20200924,3.925,3.92,3.924,3.869,3.881,-0.044,-1.121,3594900.52,1402666.714
518880.SH,20200925,3.881,3.902,3.93,3.897,3.928,0.047,1.211,4718700.23,1845240.922
518880.SH,20200928,3.928,3.922,3.925,3.914,3.919,-0.009,-0.2291,3583615.0,1404661.641
518880.SH,20200929,3.919,3.968,3.975,3.95,3.972,0.053,1.3524,2394328.18,950252.277
518880.SH,20200930,3.972,3.985,3.989,3.966,3.974,0.002,0.0504,2790001.99,1110412.465
518880.SH,20201009,3.974,3.962,3.986,3.959,3.971,-0.003,-0.0755,2476497.12,984504.728
518880.SH,20201012,3.971,4.019,4.03,4.013,4.014,0.043,1.0829,3248737.53,1307228.925
518880.SH,20201013,4.014,4.012,4.019,3.995,4.003,-0.011,-0.274,2622277.94,1050152.625
518880.SH,20201014,4.003,3.93,3.958,3.927,3.958,-0.045,-1.1242,3960590.16,1562271.051
518880.SH,20201015,3.958,3.948,3.96,3.938,3.953,-0.005,-0.1263,3511649.52,1387034.383
518880.SH,20201016,3.953,3.972,3.977,3.962,3.965,0.012,0.3036,3084774.27,1224776.331
518880.SH,20201019,3.965,3.954,3.974,3.944,3.968,0.003,0.0757,4326251.59,1711313.928
518880.SH,20201020,3.968,3.954,3.955,3.938,3.952,-0.016,-0.4032,3474552.16,1372011.223
518880.SH,20201021,3.952,3.972,3.979,3.963,3.966,0.014,0.3543,3063671.37,1216953.581
518880.SH,20201022,3.966,3.975,3.975,3.956,3.97,0.004,0.1009,4370759.4,1732815.888
518880.SH,20201023,3.97,3.953,3.957,3.947,3.956,-0.014,-0.3526,3133373.78,1238522.037
518880.SH,20201026,3.956,3.947,3.947,3.926,3.938,-0.018,-0.455,3078907.92,1212541.291
518880.SH,20201027,3.938,3.968,3.976,3.966,3.972,0.034,0.8634,3188021.22,1266323.425
518880.SH,20201028,3.972,3.974,3.985,3.969,3.974,0.002,0.0504,2282934.18,908036.534
518880.SH,20201029,3.974,3.913,3.933,3.91,3.92,-0.054,-1.3588,3948200.38,1548256.267
518880.SH,20201030,3.92,3.906,3.908,3.885,3.897,-0.023,-0.5867,2363284.5,921456.436
518880.SH,20201102,3.897,3.914,3.936,3.914,3.93,0.033,0.8468,2477959.93,972412.865
518880.SH,20201103,3.93,3.94,3.955,3.939,3.949,0.019,0.4835,5905693.38,2331227.604
518880.SH,20201104,3.949,3.97,3.976,3.955,3.967,0.018,0.4558,4321600.74,1714671.917
518880.SH,20201105,3.967,3.951,3.966,3.95,3.965,-0.002,-0.0504,2970789.14,1176200.697
518880.SH,20201106,3.965,4.002,4.013,3.99,4.001,0.036,0.9079,4067355.32,1628712.31
518880.SH,20201109,4.001,4.014,4.016,3.987,3.99,-0.011,-0.2749,4009526.87,1607100.214
518880.SH,20201110,3.99,3.854,3.894,3.85,3.889,-0.101,-2.5313,4105798.74,1588928.815
518880.SH,20201111,3.889,3.884,3.884,3.866,3.881,-0.008,-0.2057,3229294.84,1250667.967
518880.SH,20201112,3.881,3.865,3.879,3.862,3.873,-0.008,-0.2061,6587737.88,2551356.828
518880.SH,20201113,3.873,3.887,3.892,3.886,3.89,0.017,0.4389,2665694.83,1036880.207
518880.SH,20201116,3.89,3.905,3.91,3.885,3.888,-0.002,-0.0514,2915871.67,1137282.701
518880.SH,20201117,3.888,3.887,3.891,3.876,3.881,-0.007,-0.18,4038098.96,1568741.588
518880.SH,20201118,3.881,3.861,3.865,3.849,3.856,-0.025,-0.6442,2875499.0,1109294.09
518880.SH,20201119,3.856,3.852,3.853,3.828,3.837,-0.019,-0.4927,2844818.11,1093145.548
518880.SH,20201120,3.837,3.843,3.849,3.837,3.843,0.006,0.1564,2883618.0,1108008.079
518880.SH,20201123,3.843,3.851,3.855,3.841,3.851,0.008,0.2082,2711426.77,1043150.41
518880.SH,20201124,3.851,3.772,3.774,3.746,3.755,-0.096,-2.4929,4018333.37,1509340.3
518880.SH,20201125,3.755,3.725,3.727,3.705,3.714,-0.041,-1.0919,4462715.94,1658031.708
518880.SH,20201126,3.714,3.717,3.72,3.704,3.718,0.004,0.1077,3556844.35,1320656.115
518880.SH,20201127,3.718,3.716,3.722,3.711,3.72,0.002,0.0538,2369940.13,880638.294
518880.SH,20201130,3.72,3.656,3.656,3.604,3.628,-0.092,-2.4731,4779560.85,1733729.833
518880.SH,20201201,3.628,3.64,3.661,3.638,3.653,0.025,0.6891,3356917.63,1224877.717
518880.SH,20201202,3.653,3.7,3.71,3.695,3.707,0.054,1.4782,3976888.13,1473097.771
518880.SH,20201203,3.707,3.729,3.754,3.722,3.748,0.041,1.106,4041603.95,1511482.152
518880.SH,20201204,3.748,3.752,3.764,3.743,3.754,0.006,0.1601,3352356.94,1258005.577
518880.SH,20201207,3.754,3.738,3.752,3.736,3.745,-0.009,-0.2397,3492869.03,1308210.845
518880.SH,20201208,3.745,3.795,3.809,3.79,3.8,0.055,1.4686,3706864.06,1408387.082
518880.SH,20201209,3.8,3.798,3.802,3.771,3.778,-0.022,-0.5789,2898683.66,1098278.328
518880.SH,20201210,3.778,3.746,3.755,3.738,3.74,-0.038,-1.0058,4969988.67,1862662.039
518880.SH,20201211,3.74,3.744,3.749,3.731,3.739,-0.001,-0.0267,3587363.69,1342644.445
518880.SH,20201214,3.739,3.742,3.747,3.734,3.74,0.001,0.0267,3644958.0,1363769.785
518880.SH,20201215,3.74,3.734,3.77,3.731,3.769,0.029,0.7754,1854370.51,695589.863
518880.SH,20201216,3.769,3.782,3.801,3.778,3.793,0.024,0.6368,1972299.92,747731.429
518880.SH,20201217,3.793,3.799,3.818,3.797,3.812,0.019,0.5009,4038344.02,1536954.598
518880.SH,20201218,3.812,3.824,3.849,3.824,3.838,0.026,0.6821,3665771.23,1406286.18
518880.SH,20201221,3.838,3.878,3.897,3.871,3.879,0.041,1.0683,5544400.0,2152744.445
518880.SH,20201222,3.879,3.84,3.852,3.82,3.825,-0.054,-1.3921,4028877.2,1548357.712
518880.SH,20201223,3.825,3.822,3.826,3.811,3.818,-0.007,-0.183,3930321.37,1501470.21
518880.SH,20201224,3.818,3.844,3.847,3.83,3.832,0.014,0.3667,3484934.94,1338024.297
518880.SH,20201225,3.832,3.834,3.856,3.833,3.853,0.021,0.548,3363886.57,1293013.857
518880.SH,20201228,3.853,3.875,3.887,3.827,3.858,0.005,0.1298,4387464.4,1700536.378
518880.SH,20201229,3.858,3.852,3.856,3.834,3.837,-0.021,-0.5443,3763412.12,1447182.437
518880.SH,20201230,3.837,3.837,3.845,3.828,3.832,-0.005,-0.1303,1640102.0,629434.51
518880.SH,20201231,3.832,3.867,3.868,3.838,3.85,0.018,0.4697,2802242.0,1079847.303
