ts_code,trade_date,pre_close,open,high,low,close,change,pct_chg,vol,amount
518880.SH,20210104,3.85,3.897,3.909,3.894,3.902,0.052,1.3506,3550731.16,1384874.111
518880.SH,20210105,3.902,3.923,3.93,3.914,3.92,0.018,0.4613,4155910.92,1630368.946
518880.SH,20210106,3.92,3.931,3.939,3.922,3.931,0.011,0.2806,4595314.9,1806842.663
518880.SH,20210107,3.931,3.889,3.904,3.875,3.903,-0.028,-0.7123,4302338.24,1671592.523
518880.SH,20210108,3.903,3.89,3.894,3.876,3.878,-0.025,-0.6405,2721332.04,1057337.389
518880.SH,20210111,3.878,3.73,3.782,3.715,3.777,-0.101,-2.6044,3749076.46,1407572.011
518880.SH,20210112,3.777,3.769,3.808,3.767,3.805,0.028,0.7413,3690513.44,1398000.39
518880.SH,20210113,3.805,3.803,3.815,3.79,3.797,-0.008,-0.2102,3781375.98,1438637.832
518880.SH,20210114,3.797,3.796,3.796,3.752,3.772,-0.025,-0.6584,3217713.22,1215030.48
518880.SH,20210115,3.772,3.792,3.798,3.775,3.785,0.013,0.3446,1818354.03,689339.096
518880.SH,20210118,3.785,3.741,3.783,3.739,3.775,-0.01,-0.2642,4706110.86,1768802.096
518880.SH,20210119,3.775,3.793,3.793,3.772,3.779,0.004,0.106,3101890.34,1172521.345
518880.SH,20210120,3.779,3.79,3.795,3.78,3.789,0.01,0.2646,3345620.54,1267024.864
518880.SH,20210121,3.789,3.813,3.828,3.81,3.825,0.036,0.9501,2478225.0,946259.824
518880.SH,20210122,3.825,3.811,3.815,3.798,3.806,-0.019,-0.4967,2392157.6,910922.954
518880.SH,20210125,3.806,3.807,3.808,3.785,3.788,-0.018,-0.4729,3803775.73,1445368.435
518880.SH,20210126,3.788,3.796,3.811,3.792,3.799,0.011,0.2904,2916524.0,1108918.523
518880.SH,20210127,3.799,3.777,3.782,3.762,3.779,-0.02,-0.5265,2652937.91,1000651.681
518880.SH,20210128,3.779,3.767,3.771,3.759,3.761,-0.018,-0.4763,2992751.33,1127119.15
518880.SH,20210129,3.761,3.763,3.784,3.763,3.778,0.017,0.452,3698259.54,1392942.8
518880.SH,20210201,3.778,3.778,3.828,3.77,3.82,0.042,1.1117,3525016.0,1340715.966
518880.SH,20210202,3.82,3.815,3.821,3.786,3.789,-0.031,-0.8115,2618254.05,996792.743
518880.SH,20210203,3.789,3.755,3.765,3.745,3.75,-0.039,-1.0293,3863747.96,1451000.009
518880.SH,20210204,3.75,3.746,3.746,3.699,3.723,-0.027,-0.72,3022185.64,1123940.383
518880.SH,20210205,3.723,3.68,3.686,3.673,3.681,-0.042,-1.1281,1681345.2,618561.978
518880.SH,20210208,3.681,3.708,3.715,3.698,3.712,0.031,0.8422,1920246.0,711805.158
518880.SH,20210209,3.712,3.742,3.759,3.741,3.752,0.04,1.0776,1934631.84,726035.173
518880.SH,20210210,3.752,3.742,3.762,3.738,3.756,0.004,0.1066,1609927.13,603820.767
518880.SH,20210218,3.756,3.645,3.653,3.636,3.65,-0.106,-2.8222,3387785.0,1234795.893
518880.SH,20210219,3.65,3.629,3.645,3.616,3.634,-0.016,-0.4384,3620583.54,1313616.52
518880.SH,20210222,3.634,3.664,3.685,3.654,3.675,0.041,1.1282,3378595.41,1238640.234
518880.SH,20210223,3.675,3.704,3.727,3.704,3.713,0.038,1.034,3505323.38,1303146.354
518880.SH,20210224,3.713,3.709,3.714,3.7,3.705,-0.008,-0.2155,3625481.22,1343808.308
518880.SH,20210225,3.705,3.684,3.686,3.664,3.67,-0.035,-0.9447,2583822.72,950092.233
518880.SH,20210226,3.67,3.65,3.65,3.606,3.613,-0.057,-1.5531,3579412.31,1300498.652
518880.SH,20210301,3.613,3.572,3.6,3.571,3.595,-0.018,-0.4982,3588630.84,1286583.453
518880.SH,20210302,3.595,3.54,3.546,3.503,3.536,-0.059,-1.6412,4334148.11,1526297.769
518880.SH,20210303,3.536,3.554,3.572,3.545,3.549,0.013,0.3676,2401289.32,853055.97
518880.SH,20210304,3.549,3.518,3.521,3.504,3.514,-0.035,-0.9862,4091027.56,1437289.859
518880.SH,20210305,3.514,3.467,3.486,3.463,3.482,-0.032,-0.9106,3134664.15,1088347.996
518880.SH,20210308,3.482,3.523,3.533,3.517,3.519,0.037,1.0626,3452127.56,1217141.114
518880.SH,20210309,3.519,3.489,3.509,3.481,3.506,-0.013,-0.3694,4142120.0,1445989.209
518880.SH,20210310,3.506,3.547,3.551,3.533,3.542,0.036,1.0268,4274727.85,1513418.801
518880.SH,20210311,3.542,3.559,3.584,3.557,3.573,0.031,0.8752,5500418.0,1964267.564
518880.SH,20210312,3.573,3.553,3.554,3.52,3.524,-0.049,-1.3714,3099882.42,1096930.31
518880.SH,20210315,3.524,3.573,3.578,3.554,3.556,0.032,0.9081,3904339.71,1392081.734
518880.SH,20210316,3.556,3.572,3.578,3.562,3.562,0.006,0.1687,3684234.23,1315369.259
518880.SH,20210317,3.562,3.57,3.581,3.57,3.577,0.015,0.4211,2825103.37,1010342.661
518880.SH,20210318,3.577,3.612,3.615,3.599,3.604,0.027,0.7548,2474471.36,892387.212
518880.SH,20210319,3.604,3.569,3.599,3.565,3.589,-0.015,-0.4162,1719394.0,614984.379
518880.SH,20210322,3.589,3.581,3.594,3.566,3.57,-0.019,-0.5294,2648570.17,948515.223
518880.SH,20210323,3.57,3.571,3.588,3.57,3.585,0.015,0.4202,2835201.18,1014708.511
518880.SH,20210324,3.585,3.567,3.587,3.567,3.578,-0.007,-0.1953,5271712.17,1887042.618
518880.SH,20210325,3.578,3.588,3.603,3.584,3.589,0.011,0.3074,2796350.18,1004255.648
518880.SH,20210326,3.589,3.581,3.584,3.567,3.579,-0.01,-0.2786,4972761.68,1779141.353
518880.SH,20210329,3.579,3.58,3.589,3.576,3.579,0.0,0.0,6454615.16,2312764.674
518880.SH,20210330,3.579,3.558,3.558,3.535,3.536,-0.043,-1.2015,3083160.0,1093295.11
518880.SH,20210331,3.536,3.501,3.502,3.48,3.495,-0.041,-1.1595,3642663.32,1271331.379
518880.SH,20210401,3.495,3.538,3.571,3.538,3.565,0.07,2.0029,3982555.31,1415114.863
518880.SH,20210402,3.565,3.603,3.615,3.601,3.612,0.047,1.3184,5973456.44,2155954.502
518880.SH,20210406,3.612,3.607,3.608,3.589,3.591,-0.021,-0.5814,4229708.81,1523497.41
518880.SH,20210407,3.591,3.602,3.609,3.595,3.607,0.016,0.4456,3963765.16,1426930.886
518880.SH,20210408,3.607,3.596,3.624,3.595,3.614,0.007,0.1941,3618154.48,1305090.04
518880.SH,20210409,3.614,3.641,3.65,3.627,3.631,0.017,0.4704,3145810.0,1144248.473
518880.SH,20210412,3.631,3.615,3.616,3.597,3.612,-0.019,-0.5233,3988124.64,1438493.282
518880.SH,20210413,3.612,3.58,3.598,3.574,3.575,-0.037,-1.0244,2710512.52,972256.988
518880.SH,20210414,3.575,3.614,3.617,3.603,3.615,0.04,1.1189,2861036.75,1033461.71
518880.SH,20210415,3.615,3.598,3.614,3.588,3.612,-0.003,-0.083,4734159.42,1704804.786
518880.SH,20210416,3.612,3.645,3.652,3.64,3.643,0.031,0.8583,2577202.25,939622.723
518880.SH,20210419,3.643,3.671,3.676,3.666,3.67,0.027,0.7411,2831465.0,1039667.316
518880.SH,20210420,3.67,3.645,3.647,3.63,3.635,-0.035,-0.9537,3477819.26,1265314.558
518880.SH,20210421,3.635,3.657,3.675,3.657,3.673,0.038,1.0454,3902391.0,1430525.039
518880.SH,20210422,3.673,3.683,3.692,3.669,3.676,0.003,0.0817,2184334.0,804256.034
518880.SH,20210423,3.676,3.672,3.676,3.663,3.668,-0.008,-0.2176,2552029.0,936769.755
518880.SH,20210426,3.668,3.651,3.661,3.644,3.649,-0.019,-0.518,2768539.71,1011748.942
518880.SH,20210427,3.649,3.654,3.657,3.641,3.653,0.004,0.1096,2121017.9,774231.709
518880.SH,20210428,3.653,3.636,3.641,3.627,3.632,-0.021,-0.5749,3666125.95,1332881.675
518880.SH,20210429,3.632,3.664,3.672,3.64,3.643,0.011,0.3029,3700078.24,1354794.401
518880.SH,20210430,3.643,3.623,3.63,3.611,3.625,-0.018,-0.4941,2578392.0,932650.616
518880.SH,20210506,3.625,3.664,3.685,3.662,3.676,0.051,1.4069,3361017.14,1233893.286
518880.SH,20210507,3.676,3.716,3.724,3.708,3.717,0.041,1.1153,4324616.48,1606628.487
518880.SH,20210510,3.717,3.724,3.74,3.72,3.73,0.013,0.3497,3787665.78,1412093.325
518880.SH,20210511,3.73,3.731,3.734,3.724,3.725,-0.005,-0.134,2970974.38,1108051.637
518880.SH,20210512,3.725,3.725,3.734,3.713,3.732,0.007,0.1879,3353632.0,1247957.594
518880.SH,20210513,3.732,3.719,3.722,3.707,3.717,-0.015,-0.4019,2610150.0,969646.811
518880.SH,20210514,3.717,3.719,3.742,3.712,3.739,0.022,0.5919,3780716.94,1406686.74
518880.SH,20210517,3.739,3.781,3.788,3.772,3.777,0.038,1.0163,3243023.79,1225562.254
518880.SH,20210518,3.777,3.803,3.817,3.799,3.802,0.025,0.6619,3741550.82,1424897.698
518880.SH,20210519,3.802,3.795,3.812,3.789,3.812,0.01,0.263,3796597.85,1441935.746
518880.SH,20210520,3.812,3.806,3.827,3.794,3.811,-0.001,-0.0262,3240581.9,1236567.825
518880.SH,20210521,3.811,3.811,3.823,3.806,3.816,0.005,0.1312,2863259.66,1092236.029
518880.SH,20210524,3.816,3.836,3.844,3.826,3.828,0.012,0.3145,3379132.34,1296490.117
518880.SH,20210525,3.828,3.79,3.817,3.79,3.812,-0.016,-0.418,2505070.65,952184.318
518880.SH,20210526,3.812,3.857,3.865,3.842,3.852,0.04,1.0493,2967587.43,1144307.924
518880.SH,20210527,3.852,3.823,3.838,3.821,3.829,-0.023,-0.5971,3546563.98,1357628.55
518880.SH,20210528,3.829,3.825,3.825,3.798,3.8,-0.029,-0.7574,4376721.54,1668583.77
518880.SH,20210531,3.8,3.836,3.842,3.826,3.828,0.028,0.7368,3697071.89,1417762.817
518880.SH,20210601,3.828,3.839,3.855,3.838,3.853,0.025,0.6531,2488645.0,957227.114
518880.SH,20210602,3.853,3.828,3.83,3.781,3.793,-0.06,-1.5572,3493215.78,1332071.375
518880.SH,20210603,3.793,3.802,3.818,3.766,3.774,-0.019,-0.5009,2854995.85,1085064.404
518880.SH,20210604,3.774,3.715,3.747,3.674,3.732,-0.042,-1.1129,3264544.0,1208354.587
518880.SH,20210607,3.732,3.759,3.77,3.754,3.757,0.025,0.6699,4232711.63,1592064.53
518880.SH,20210608,3.757,3.799,3.801,3.771,3.778,0.021,0.559,4505073.01,1704479.283
518880.SH,20210609,3.778,3.778,3.786,3.771,3.775,-0.003,-0.0794,3406647.56,1286885.038
518880.SH,20210610,3.775,3.767,3.781,3.758,3.764,-0.011,-0.2914,3575756.0,1346631.526
518880.SH,20210611,3.764,3.795,3.802,3.792,3.795,0.031,0.8236,2645911.63,1004906.044
518880.SH,20210615,3.795,3.72,3.738,3.705,3.73,-0.065,-1.7128,3426367.07,1275122.118
518880.SH,20210616,3.73,3.718,3.734,3.71,3.729,-0.001,-0.0268,3302412.82,1228981.102
518880.SH,20210617,3.729,3.673,3.683,3.655,3.667,-0.062,-1.6626,3189932.92,1171494.563
518880.SH,20210618,3.667,3.625,3.634,3.622,3.625,-0.042,-1.1454,5291658.61,1920013.878
518880.SH,20210621,3.625,3.615,3.631,3.604,3.628,0.003,0.0828,3848262.69,1392157.78
518880.SH,20210622,3.628,3.642,3.652,3.631,3.641,0.013,0.3583,3067579.42,1117121.211
518880.SH,20210623,3.641,3.64,3.648,3.637,3.645,0.004,0.1099,3776513.86,1375792.283
518880.SH,20210624,3.645,3.632,3.636,3.625,3.628,-0.017,-0.4664,4705783.52,1708404.591
518880.SH,20210625,3.628,3.623,3.632,3.621,3.624,-0.004,-0.1103,3830136.96,1388710.891
518880.SH,20210628,3.624,3.618,3.639,3.609,3.629,0.005,0.138,3578910.27,1296370.211
518880.SH,20210629,3.629,3.619,3.625,3.614,3.616,-0.013,-0.3582,2561897.43,927030.422
518880.SH,20210630,3.616,3.596,3.596,3.579,3.584,-0.032,-0.885,3493265.16,1253235.098
518880.SH,20210701,3.584,3.61,3.635,3.608,3.629,0.045,1.2556,2284666.71,827915.86
518880.SH,20210702,3.629,3.64,3.64,3.631,3.632,0.003,0.0827,2946376.63,1071138.887
518880.SH,20210705,3.632,3.651,3.654,3.635,3.645,0.013,0.3579,3378265.6,1231073.039
518880.SH,20210706,3.645,3.651,3.679,3.651,3.679,0.034,0.9328,6248898.59,2289813.422
518880.SH,20210707,3.679,3.676,3.68,3.665,3.676,-0.003,-0.0815,6169856.05,2265853.357
518880.SH,20210708,3.676,3.68,3.68,3.664,3.67,-0.006,-0.1632,5741656.0,2106907.252
518880.SH,20210709,3.67,3.684,3.696,3.674,3.68,0.01,0.2725,4311405.98,1589719.659
518880.SH,20210712,3.68,3.691,3.693,3.669,3.674,-0.006,-0.163,3028995.21,1114509.38
518880.SH,20210713,3.674,3.684,3.694,3.679,3.689,0.015,0.4083,5223690.5,1926948.077
518880.SH,20210714,3.689,3.683,3.7,3.683,3.692,0.003,0.0813,4759238.31,1758328.649
518880.SH,20210715,3.692,3.715,3.723,3.71,3.721,0.029,0.7855,3570523.02,1326843.711
518880.SH,20210716,3.721,3.72,3.724,3.708,3.711,-0.01,-0.2687,4039665.88,1501665.357
518880.SH,20210719,3.711,3.7,3.702,3.677,3.679,-0.032,-0.8623,3647699.25,1347180.078
518880.SH,20210720,3.679,3.705,3.714,3.705,3.709,0.03,0.8154,4282680.87,1588785.812
518880.SH,20210721,3.709,3.685,3.696,3.679,3.695,-0.014,-0.3775,3692426.81,1361224.943
518880.SH,20210722,3.695,3.667,3.67,3.66,3.667,-0.028,-0.7578,3963980.66,1452979.168
518880.SH,20210723,3.667,3.675,3.686,3.672,3.684,0.017,0.4636,3257540.67,1198169.654
518880.SH,20210726,3.684,3.681,3.697,3.681,3.693,0.009,0.2443,3553059.52,1311213.552
518880.SH,20210727,3.693,3.675,3.675,3.657,3.662,-0.031,-0.8394,3036686.81,1112774.948
518880.SH,20210728,3.662,3.695,3.707,3.693,3.698,0.036,0.9831,4515706.85,1671302.75
518880.SH,20210729,3.698,3.714,3.716,3.702,3.708,0.01,0.2704,2211736.0,820147.761
518880.SH,20210730,3.708,3.721,3.73,3.711,3.72,0.012,0.3236,4166876.77,1549951.752
518880.SH,20210802,3.72,3.685,3.689,3.676,3.68,-0.04,-1.0753,3820180.0,1407341.11
518880.SH,20210803,3.68,3.682,3.693,3.678,3.681,0.001,0.0272,3010147.02,1109552.592
518880.SH,20210804,3.681,3.682,3.697,3.682,3.689,0.008,0.2173,5145987.57,1899518.642
518880.SH,20210805,3.689,3.689,3.691,3.682,3.685,-0.004,-0.1084,4128894.69,1522168.869
518880.SH,20210806,3.685,3.666,3.669,3.661,3.663,-0.022,-0.597,4381595.91,1606062.042
518880.SH,20210809,3.663,3.555,3.573,3.544,3.568,-0.095,-2.5935,4858304.52,1729498.578
518880.SH,20210810,3.568,3.557,3.557,3.545,3.552,-0.016,-0.4484,6274829.22,2228324.339
518880.SH,20210811,3.552,3.542,3.554,3.541,3.548,-0.004,-0.1126,3312845.92,1175094.769
518880.SH,20210812,3.548,3.575,3.586,3.571,3.58,0.032,0.9019,4803002.64,1717961.146
518880.SH,20210813,3.58,3.589,3.595,3.584,3.591,0.011,0.3073,4017213.77,1441677.24
518880.SH,20210816,3.591,3.635,3.638,3.62,3.621,0.03,0.8354,5383695.42,1953769.924
518880.SH,20210817,3.621,3.645,3.662,3.641,3.658,0.037,1.0218,4538963.33,1655925.262
518880.SH,20210818,3.658,3.658,3.663,3.653,3.66,0.002,0.0547,5651974.0,2067509.548
518880.SH,20210819,3.66,3.653,3.653,3.63,3.648,-0.012,-0.3279,4918205.73,1791040.682
518880.SH,20210820,3.648,3.652,3.662,3.649,3.659,0.011,0.3015,7588492.89,2774159.474
518880.SH,20210823,3.659,3.636,3.66,3.63,3.652,-0.007,-0.1913,4487399.93,1638677.661
518880.SH,20210824,3.652,3.677,3.687,3.676,3.679,0.027,0.7393,4528786.35,1666908.092
518880.SH,20210825,3.679,3.672,3.672,3.657,3.658,-0.021,-0.5708,3487704.81,1277274.588
518880.SH,20210826,3.658,3.656,3.656,3.644,3.645,-0.013,-0.3554,6747672.66,2463395.257
518880.SH,20210827,3.645,3.665,3.688,3.664,3.682,0.037,1.0151,4765848.28,1751829.009
518880.SH,20210830,3.682,3.706,3.709,3.689,3.691,0.009,0.2444,6226318.75,2302467.076
518880.SH,20210831,3.691,3.689,3.697,3.687,3.69,-0.001,-0.0271,4707903.54,1737776.616
518880.SH,20210901,3.69,3.69,3.693,3.68,3.69,0.0,0.0,3986216.36,1469525.072
518880.SH,20210902,3.69,3.689,3.691,3.681,3.687,-0.003,-0.0813,3051166.42,1124702.006
518880.SH,20210903,3.687,3.679,3.692,3.676,3.687,0.0,0.0,3668602.42,1351912.273
518880.SH,20210906,3.687,3.71,3.715,3.707,3.708,0.021,0.5696,3487714.3,1294418.408
518880.SH,20210907,3.708,3.711,3.713,3.689,3.696,-0.012,-0.3236,2920540.0,1081060.096
518880.SH,20210908,3.696,3.659,3.668,3.65,3.653,-0.043,-1.1634,4383356.01,1603468.337
518880.SH,20210909,3.653,3.638,3.642,3.634,3.639,-0.014,-0.3832,2026173.59,737107.559
518880.SH,20210910,3.639,3.647,3.662,3.647,3.66,0.021,0.5771,2911734.48,1064288.439
518880.SH,20210913,3.66,3.64,3.649,3.631,3.642,-0.018,-0.4918,3199747.25,1165052.144
518880.SH,20210914,3.642,3.641,3.649,3.641,3.646,0.004,0.1098,2005563.65,731140.24
518880.SH,20210915,3.646,3.664,3.67,3.658,3.659,0.013,0.3566,2350852.82,861822.129
518880.SH,20210916,3.659,3.639,3.647,3.621,3.628,-0.031,-0.8472,2678600.74,974333.279
518880.SH,20210917,3.628,3.596,3.596,3.578,3.592,-0.036,-0.9923,2966454.65,1063201.677
518880.SH,20210922,3.592,3.632,3.642,3.631,3.64,0.048,1.3363,2321830.92,844625.942
518880.SH,20210923,3.64,3.612,3.613,3.601,3.605,-0.035,-0.9615,3864338.59,1393921.126
518880.SH,20210924,3.605,3.578,3.588,3.573,3.586,-0.019,-0.527,1861530.13,666504.848
518880.SH,20210927,3.586,3.59,3.602,3.59,3.59,0.004,0.1115,2902082.0,1043751.371
518880.SH,20210928,3.59,3.58,3.585,3.559,3.562,-0.028,-0.7799,2017800.0,721863.807
518880.SH,20210929,3.562,3.555,3.562,3.551,3.557,-0.005,-0.1404,1873178.0,666402.727
518880.SH,20210930,3.557,3.55,3.556,3.542,3.543,-0.014,-0.3936,1809527.88,642361.8
518880.SH,20211008,3.543,3.58,3.591,3.58,3.587,0.044,1.2419,2228459.35,799387.454
518880.SH,20211011,3.587,3.587,3.589,3.57,3.573,-0.014,-0.3903,2084137.49,746336.374
518880.SH,20211012,3.573,3.58,3.596,3.58,3.591,0.018,0.5038,1749948.3,628021.247
518880.SH,20211013,3.591,3.591,3.594,3.583,3.59,-0.001,-0.0278,2075878.45,744943.229
518880.SH,20211014,3.59,3.633,3.641,3.628,3.636,0.046,1.2813,3243852.04,1179323.298
518880.SH,20211015,3.636,3.641,3.645,3.626,3.629,-0.007,-0.1925,1804242.24,656188.589
518880.SH,20211018,3.629,3.591,3.596,3.574,3.58,-0.049,-1.3502,2809419.78,1007851.01
518880.SH,20211019,3.58,3.584,3.594,3.581,3.594,0.014,0.3911,1502826.21,539081.475
518880.SH,20211020,3.594,3.574,3.585,3.57,3.584,-0.01,-0.2782,2218369.65,793487.767
518880.SH,20211021,3.584,3.596,3.607,3.596,3.601,0.017,0.4743,2363260.0,851260.072
518880.SH,20211022,3.601,3.601,3.617,3.599,3.615,0.014,0.3888,2525117.43,910261.834
518880.SH,20211025,3.615,3.606,3.616,3.603,3.606,-0.009,-0.249,3481429.68,1256765.277
518880.SH,20211026,3.606,3.63,3.63,3.618,3.621,0.015,0.416,2793580.8,1011781.749
518880.SH,20211027,3.621,3.596,3.596,3.58,3.594,-0.027,-0.7457,2562994.11,919525.736
518880.SH,20211028,3.594,3.61,3.631,3.609,3.629,0.035,0.9738,2873153.74,1040715.297
518880.SH,20211029,3.629,3.623,3.623,3.608,3.609,-0.02,-0.5511,3198840.37,1156059.252
518880.SH,20211101,3.609,3.594,3.604,3.592,3.594,-0.015,-0.4156,2381863.0,857363.718
518880.SH,20211102,3.594,3.605,3.623,3.605,3.617,0.023,0.64,3221805.3,1164529.696
518880.SH,20211103,3.617,3.6,3.602,3.586,3.589,-0.028,-0.7741,3042793.99,1092648.577
518880.SH,20211104,3.589,3.581,3.586,3.571,3.575,-0.014,-0.3901,2258877.88,808648.031
518880.SH,20211105,3.575,3.616,3.626,3.616,3.624,0.049,1.3706,3192764.1,1155982.721
518880.SH,20211108,3.624,3.673,3.673,3.656,3.66,0.036,0.9934,2526805.0,926583.351
518880.SH,20211109,3.66,3.675,3.676,3.662,3.671,0.011,0.3005,3452597.0,1266624.97
518880.SH,20211110,3.671,3.675,3.679,3.663,3.669,-0.002,-0.0545,2427812.0,891887.677
518880.SH,20211111,3.669,3.716,3.732,3.707,3.721,0.052,1.4173,3133118.34,1165515.332
518880.SH,20211112,3.721,3.73,3.732,3.72,3.722,0.001,0.0269,2887380.0,1075628.857
518880.SH,20211115,3.722,3.729,3.73,3.709,3.716,-0.006,-0.1612,2282392.0,848513.303
518880.SH,20211116,3.716,3.734,3.741,3.729,3.732,0.016,0.4306,2872124.18,1072405.219
518880.SH,20211117,3.732,3.717,3.723,3.711,3.72,-0.012,-0.3215,3129735.6,1163278.87
518880.SH,20211118,3.72,3.74,3.745,3.735,3.735,0.015,0.4032,3273731.7,1224640.139
518880.SH,20211119,3.735,3.734,3.739,3.727,3.73,-0.005,-0.1339,2350218.0,877801.327
518880.SH,20211122,3.73,3.706,3.711,3.694,3.696,-0.034,-0.9115,3875656.0,1436679.314
518880.SH,20211123,3.696,3.651,3.651,3.63,3.632,-0.064,-1.7316,4074127.65,1482337.249
518880.SH,20211124,3.632,3.615,3.621,3.606,3.613,-0.019,-0.5231,3678652.0,1328951.961
518880.SH,20211125,3.613,3.614,3.616,3.609,3.611,-0.002,-0.0554,3345103.49,1208136.925
518880.SH,20211126,3.611,3.613,3.631,3.61,3.628,0.017,0.4708,3540897.69,1280335.682
518880.SH,20211129,3.628,3.618,3.62,3.61,3.614,-0.014,-0.3859,3228558.0,1166983.205
518880.SH,20211130,3.614,3.592,3.608,3.586,3.605,-0.009,-0.249,3299093.66,1186563.771
518880.SH,20211201,3.605,3.572,3.599,3.564,3.591,-0.014,-0.3883,4057050.9,1451130.564
518880.SH,20211202,3.591,3.582,3.582,3.569,3.575,-0.016,-0.4456,3521357.0,1259215.959
518880.SH,20211203,3.575,3.562,3.573,3.56,3.566,-0.009,-0.2517,2498919.0,891271.376
518880.SH,20211206,3.566,3.586,3.596,3.585,3.592,0.026,0.7291,2366702.37,849851.105
518880.SH,20211207,3.592,3.583,3.585,3.579,3.584,-0.008,-0.2227,2748416.0,984390.806
518880.SH,20211208,3.584,3.587,3.595,3.587,3.589,0.005,0.1395,1864720.0,669566.796
518880.SH,20211209,3.589,3.578,3.58,3.571,3.575,-0.014,-0.3901,2266603.74,810432.342
518880.SH,20211210,3.575,3.581,3.584,3.56,3.565,-0.01,-0.2797,2727780.0,974999.087
518880.SH,20211213,3.565,3.586,3.593,3.582,3.585,0.02,0.561,2737756.18,982251.741
518880.SH,20211214,3.585,3.592,3.593,3.586,3.588,0.003,0.0837,3049866.98,1094635.906
518880.SH,20211215,3.588,3.562,3.563,3.55,3.552,-0.036,-1.0033,2399835.15,853686.628
518880.SH,20211216,3.552,3.573,3.585,3.573,3.584,0.032,0.9009,2026610.97,725746.562
518880.SH,20211217,3.584,3.615,3.632,3.614,3.629,0.045,1.2556,2985705.83,1081658.801
518880.SH,20211220,3.629,3.623,3.627,3.619,3.624,-0.005,-0.1378,2667260.0,966529.23
518880.SH,20211221,3.624,3.602,3.605,3.595,3.599,-0.025,-0.6898,2263900.0,815435.714
518880.SH,20211222,3.599,3.596,3.599,3.59,3.591,-0.008,-0.2223,1762215.17,633529.67
518880.SH,20211223,3.591,3.62,3.632,3.62,3.627,0.036,1.0025,1921079.41,696918.679
518880.SH,20211224,3.627,3.636,3.64,3.629,3.633,0.006,0.1654,1929100.57,701001.557
518880.SH,20211227,3.633,3.636,3.636,3.628,3.63,-0.003,-0.0826,1775218.0,644955.89
518880.SH,20211228,3.63,3.63,3.642,3.628,3.642,0.012,0.3306,1614023.47,586428.641
518880.SH,20211229,3.642,3.619,3.629,3.618,3.625,-0.017,-0.4668,1781135.36,645735.255
518880.SH,20211230,3.625,3.618,3.621,3.604,3.606,-0.019,-0.5241,3544736.01,1281464.608
518880.SH,20211231,3.606,3.647,3.648,3.639,3.643,0.037,1.0261,2752900.87,1003120.297
518880.SH,20220104,3.643,3.618,3.623,3.615,3.62,-0.023,-0.6313,1630676.24,590220.399
518880.SH,20220105,3.62,3.632,3.643,3.632,3.635,0.015,0.4144,1435671.0,522483.398
518880.SH,20220106,3.635,3.627,3.631,3.607,3.614,-0.021,-0.5777,1620473.0,587181.973
518880.SH,20220107,3.614,3.598,3.601,3.59,3.592,-0.022,-0.6087,1206213.69,433876.453
518880.SH,20220110,3.592,3.6,3.607,3.599,3.599,0.007,0.1949,1392848.06,501908.315
518880.SH,20220111,3.599,3.626,3.633,3.623,3.629,0.03,0.8336,1241476.68,450348.752
518880.SH,20220112,3.629,3.649,3.65,3.644,3.646,0.017,0.4684,1223010.95,445934.824
518880.SH,20220113,3.646,3.651,3.658,3.649,3.654,0.008,0.2194,1339971.0,489518.934
518880.SH,20220114,3.654,3.647,3.656,3.646,3.65,-0.004,-0.1095,989953.93,361495.689
518880.SH,20220117,3.65,3.635,3.636,3.626,3.635,-0.015,-0.411,1492437.82,542157.342
518880.SH,20220118,3.635,3.641,3.641,3.625,3.629,-0.006,-0.1651,1334729.09,484804.485
518880.SH,20220119,3.629,3.627,3.628,3.62,3.625,-0.004,-0.1102,1629651.65,590819.654
518880.SH,20220120,3.625,3.678,3.682,3.668,3.674,0.049,1.3517,1773274.41,651579.171
518880.SH,20220121,3.674,3.669,3.677,3.667,3.672,-0.002,-0.0544,1942828.53,713400.269
518880.SH,20220124,3.672,3.66,3.665,3.655,3.662,-0.01,-0.2723,2177554.31,797020.644
518880.SH,20220125,3.662,3.669,3.674,3.666,3.671,0.009,0.2458,2048523.36,751695.582
518880.SH,20220126,3.671,3.675,3.68,3.674,3.674,0.003,0.0817,1318950.68,485025.214
518880.SH,20220127,3.674,3.622,3.624,3.604,3.606,-0.068,-1.8508,1652632.62,597667.929
518880.SH,20220128,3.606,3.592,3.596,3.591,3.594,-0.012,-0.3328,989042.0,355395.837
518880.SH,20220207,3.594,3.62,3.623,3.612,3.62,0.026,0.7234,1166372.0,422007.429
518880.SH,20220208,3.62,3.639,3.648,3.637,3.641,0.021,0.5801,1619888.18,589998.904
518880.SH,20220209,3.641,3.653,3.659,3.652,3.658,0.017,0.4669,1517993.4,554867.129
518880.SH,20220210,3.658,3.668,3.67,3.664,3.665,0.007,0.1914,836700.0,306826.813
518880.SH,20220211,3.665,3.654,3.654,3.642,3.645,-0.02,-0.5457,1686171.1,615148.777
518880.SH,20220214,3.645,3.714,3.718,3.701,3.705,0.06,1.6461,1856702.81,688854.304
518880.SH,20220215,3.705,3.73,3.746,3.73,3.742,0.037,0.9987,2323026.18,868673.704
518880.SH,20220216,3.742,3.694,3.694,3.682,3.692,-0.05,-1.3362,2251824.64,830411.16
518880.SH,20220217,3.692,3.712,3.732,3.712,3.726,0.034,0.9209,2851443.87,1060980.266
518880.SH,20220218,3.726,3.771,3.771,3.752,3.76,0.034,0.9125,2450700.28,921248.665
518880.SH,20220221,3.76,3.763,3.768,3.752,3.754,-0.006,-0.1596,2150872.01,808751.622
518880.SH,20220222,3.754,3.792,3.805,3.789,3.801,0.047,1.252,2414226.01,916863.54
518880.SH,20220223,3.801,3.783,3.783,3.767,3.772,-0.029,-0.763,2984168.67,1125846.988
518880.SH,20220224,3.772,3.795,3.866,3.794,3.853,0.081,2.1474,3642235.22,1394901.592
518880.SH,20220225,3.853,3.8,3.809,3.766,3.807,-0.046,-1.1939,2343367.0,889595.869
518880.SH,20220228,3.807,3.798,3.8,3.783,3.787,-0.02,-0.5253,1591466.0,603401.298
518880.SH,20220301,3.787,3.777,3.788,3.771,3.786,-0.001,-0.0264,2321149.64,877013.796
518880.SH,20220302,3.786,3.826,3.845,3.825,3.837,0.051,1.3471,3207055.82,1229829.58
518880.SH,20220303,3.837,3.83,3.831,3.817,3.827,-0.01,-0.2606,3146084.08,1203611.886
518880.SH,20220304,3.827,3.85,3.853,3.832,3.841,0.014,0.3658,2831830.31,1088923.498
518880.SH,20220307,3.841,3.937,3.956,3.913,3.926,0.085,2.213,3418223.64,1346645.675
518880.SH,20220308,3.926,3.927,4.019,3.917,4.015,0.089,2.2669,3864796.69,1524311.571
518880.SH,20220309,4.015,4.046,4.077,4.036,4.061,0.046,1.1457,3672585.6,1490473.585
518880.SH,20220310,4.061,3.89,3.941,3.89,3.931,-0.13,-3.2012,3140227.0,1230706.252
518880.SH,20220311,3.931,3.945,3.961,3.928,3.937,0.006,0.1526,1817798.99,717367.561
518880.SH,20220314,3.937,3.921,3.932,3.913,3.917,-0.02,-0.508,1884263.17,739341.119
518880.SH,20220315,3.917,3.878,3.878,3.822,3.832,-0.085,-2.17,2566180.24,988903.524
518880.SH,20220316,3.832,3.824,3.825,3.792,3.796,-0.036,-0.9395,2974816.56,1133492.051
518880.SH,20220317,3.796,3.83,3.85,3.829,3.845,0.049,1.2908,2114111.77,812283.931
518880.SH,20220318,3.845,3.86,3.866,3.842,3.851,0.006,0.156,1165143.55,448801.145
518880.SH,20220321,3.851,3.839,3.852,3.834,3.841,-0.01,-0.2597,1710042.24,657492.062
518880.SH,20220322,3.841,3.854,3.874,3.852,3.866,0.025,0.6509,2232657.0,863009.022
518880.SH,20220323,3.866,3.841,3.85,3.832,3.835,-0.031,-0.8019,3748457.95,1440047.526
518880.SH,20220324,3.835,3.885,3.889,3.876,3.88,0.045,1.1734,1808559.59,702307.836
518880.SH,20220325,3.88,3.912,3.919,3.902,3.907,0.027,0.6959,2358749.0,922453.245
518880.SH,20220328,3.907,3.906,3.907,3.868,3.872,-0.035,-0.8958,2377846.01,923654.954
518880.SH,20220329,3.872,3.86,3.86,3.844,3.849,-0.023,-0.594,2499569.95,962864.157
518880.SH,20220330,3.849,3.84,3.846,3.835,3.839,-0.01,-0.2598,1931772.0,742055.51
518880.SH,20220331,3.839,3.843,3.843,3.818,3.833,-0.006,-0.1563,1760164.91,674986.94
518880.SH,20220401,3.833,3.85,3.863,3.85,3.853,0.02,0.5218,1635855.0,630965.155
518880.SH,20220406,3.853,3.842,3.85,3.834,3.836,-0.017,-0.4412,1662256.73,638630.815
518880.SH,20220407,3.836,3.838,3.846,3.834,3.843,0.007,0.1825,1680920.15,645420.78
518880.SH,20220408,3.843,3.858,3.861,3.848,3.852,0.009,0.2342,1739329.0,670661.88
518880.SH,20220411,3.852,3.885,3.892,3.88,3.886,0.034,0.8827,1962754.43,762718.064
518880.SH,20220412,3.886,3.901,3.915,3.9,3.908,0.022,0.5661,2198341.79,859327.671
518880.SH,20220413,3.908,3.914,3.931,3.914,3.926,0.018,0.4606,1843444.0,723496.734
518880.SH,20220414,3.926,3.94,3.944,3.927,3.931,0.005,0.1274,1759015.0,692445.52
518880.SH,20220415,3.931,3.938,3.949,3.938,3.944,0.013,0.3307,1510362.7,595736.486
518880.SH,20220418,3.944,3.963,3.969,3.955,3.967,0.023,0.5832,1379617.0,546450.391
518880.SH,20220419,3.967,3.939,3.945,3.932,3.936,-0.031,-0.7814,1041237.56,410136.103
518880.SH,20220420,3.936,3.897,3.901,3.88,3.886,-0.05,-1.2703,1731601.14,674023.304
518880.SH,20220421,3.886,3.921,3.939,3.918,3.937,0.051,1.3124,1735644.58,681937.235
518880.SH,20220422,3.937,3.941,3.954,3.939,3.951,0.014,0.3556,2537709.04,1000970.316
518880.SH,20220425,3.951,3.924,3.941,3.914,3.924,-0.027,-0.6834,3711258.2,1457212.317
518880.SH,20220426,3.924,3.896,3.9,3.877,3.89,-0.034,-0.8665,2545650.55,990222.256
518880.SH,20220427,3.89,3.899,3.902,3.889,3.892,0.002,0.0514,3305413.45,1287676.774
518880.SH,20220428,3.892,3.871,3.891,3.864,3.89,-0.002,-0.0514,2802399.57,1085273.232
518880.SH,20220429,3.89,3.937,3.955,3.93,3.942,0.052,1.3368,2399953.0,946981.014
518880.SH,20220505,3.942,3.926,3.935,3.921,3.929,-0.013,-0.3298,1923144.0,755654.254
518880.SH,20220506,3.929,3.9,3.927,3.898,3.922,-0.007,-0.1782,2100591.7,823344.68
518880.SH,20220509,3.922,3.942,3.945,3.937,3.939,0.017,0.4335,1584908.51,624445.504
518880.SH,20220510,3.939,3.919,3.924,3.908,3.91,-0.029,-0.7362,1790232.79,700705.468
518880.SH,20220511,3.91,3.873,3.893,3.869,3.89,-0.02,-0.5115,2015523.55,781925.393
518880.SH,20220512,3.89,3.919,3.934,3.919,3.928,0.038,0.9769,1868900.46,733700.807
518880.SH,20220513,3.928,3.886,3.896,3.881,3.888,-0.04,-1.0183,1841645.0,716399.11
518880.SH,20220516,3.888,3.877,3.88,3.845,3.851,-0.037,-0.9516,2003482.59,772800.195
518880.SH,20220517,3.851,3.872,3.882,3.868,3.877,0.026,0.6751,2109311.0,817720.26
518880.SH,20220518,3.877,3.841,3.844,3.834,3.836,-0.041,-1.0575,1913040.42,734322.831
518880.SH,20220519,3.836,3.852,3.858,3.849,3.85,0.014,0.365,1583534.26,610140.238
518880.SH,20220520,3.85,3.87,3.88,3.87,3.872,0.022,0.5714,1810470.35,701382.437
518880.SH,20220523,3.872,3.875,3.891,3.872,3.875,0.003,0.0775,1612975.29,626272.89
518880.SH,20220524,3.875,3.872,3.885,3.869,3.882,0.007,0.1806,1556899.85,603302.252
518880.SH,20220525,3.882,3.892,3.897,3.886,3.887,0.005,0.1288,1193097.85,464405.516
518880.SH,20220526,3.887,3.888,3.902,3.888,3.901,0.014,0.3602,1294151.67,504294.169
518880.SH,20220527,3.901,3.913,3.918,3.91,3.917,0.016,0.4102,1747199.3,683884.638
518880.SH,20220530,3.917,3.893,3.893,3.884,3.885,-0.032,-0.817,2185205.08,849343.225
518880.SH,20220531,3.885,3.873,3.877,3.867,3.877,-0.008,-0.2059,1358812.76,526300.812
518880.SH,20220601,3.877,3.846,3.857,3.846,3.852,-0.025,-0.6448,1189638.72,458219.241
518880.SH,20220602,3.852,3.876,3.884,3.873,3.877,0.025,0.649,1347818.0,522724.698
518880.SH,20220606,3.877,3.867,3.875,3.863,3.869,-0.008,-0.2063,1177239.37,455615.763
518880.SH,20220607,3.869,3.85,3.856,3.848,3.854,-0.015,-0.3877,1505085.15,579922.086
518880.SH,20220608,3.854,3.87,3.874,3.868,3.872,0.018,0.467,1284561.78,497175.656
518880.SH,20220609,3.872,3.891,3.895,3.877,3.881,0.009,0.2324,1801253.54,699855.511
518880.SH,20220610,3.881,3.87,3.879,3.863,3.865,-0.016,-0.4123,1888743.57,731082.245
518880.SH,20220613,3.865,3.94,3.942,3.924,3.926,0.061,1.5783,3172749.61,1246798.512
518880.SH,20220614,3.926,3.865,3.866,3.85,3.855,-0.071,-1.8085,2558502.0,986933.474
518880.SH,20220615,3.855,3.832,3.838,3.827,3.834,-0.021,-0.5447,4300534.5,1647936.924
518880.SH,20220616,3.834,3.843,3.851,3.841,3.846,0.012,0.313,1915173.74,736533.348
518880.SH,20220617,3.846,3.869,3.877,3.868,3.874,0.028,0.728,1894966.05,733751.308
518880.SH,20220620,3.874,3.868,3.869,3.856,3.858,-0.016,-0.413,1839260.34,710292.294
518880.SH,20220621,3.858,3.859,3.86,3.85,3.852,-0.006,-0.1555,1686998.72,650693.391
518880.SH,20220622,3.852,3.847,3.853,3.845,3.849,-0.003,-0.0779,1611282.19,620251.404
518880.SH,20220623,3.849,3.859,3.861,3.851,3.854,0.005,0.1299,1359357.58,524129.094
518880.SH,20220624,3.854,3.822,3.834,3.821,3.827,-0.027,-0.7006,1713975.56,656360.015
518880.SH,20220627,3.827,3.842,3.854,3.841,3.853,0.026,0.6794,1451015.44,558673.573
518880.SH,20220628,3.853,3.835,3.838,3.83,3.832,-0.021,-0.545,2382352.79,913466.938
518880.SH,20220629,3.832,3.83,3.835,3.82,3.821,-0.011,-0.2871,2448460.2,937301.479
518880.SH,20220630,3.821,3.827,3.828,3.813,3.818,-0.003,-0.0785,1522171.48,581324.081
518880.SH,20220701,3.818,3.798,3.799,3.779,3.784,-0.034,-0.8905,2643394.88,1002000.348
518880.SH,20220704,3.784,3.794,3.81,3.793,3.801,0.017,0.4493,1792167.99,680982.678
518880.SH,20220705,3.801,3.799,3.802,3.795,3.797,-0.004,-0.1052,1571481.16,596996.203
518880.SH,20220706,3.797,3.733,3.733,3.714,3.725,-0.072,-1.8962,1797208.45,669359.602
518880.SH,20220707,3.725,3.68,3.68,3.663,3.676,-0.049,-1.3154,2164598.15,794797.013
518880.SH,20220708,3.676,3.67,3.672,3.663,3.669,-0.007,-0.1904,2934025.92,1075873.589
518880.SH,20220711,3.669,3.665,3.672,3.662,3.669,0.0,0.0,1242992.0,455953.454
518880.SH,20220712,3.669,3.654,3.692,3.653,3.668,-0.001,-0.0273,1931396.0,708040.17
518880.SH,20220713,3.668,3.654,3.66,3.642,3.646,-0.022,-0.5998,2138413.0,780651.218
518880.SH,20220714,3.646,3.659,3.663,3.646,3.647,0.001,0.0274,1642496.0,600571.616
518880.SH,20220715,3.647,3.635,3.639,3.615,3.622,-0.025,-0.6855,1841457.36,668711.996
518880.SH,20220718,3.622,3.636,3.641,3.631,3.635,0.013,0.3589,1928586.39,701435.234
518880.SH,20220719,3.635,3.623,3.631,3.619,3.627,-0.008,-0.2201,1602331.13,580981.995
518880.SH,20220720,3.627,3.628,3.637,3.626,3.628,0.001,0.0276,1319006.0,478943.895
518880.SH,20220721,3.628,3.605,3.607,3.596,3.599,-0.029,-0.7993,2143745.0,772389.526
518880.SH,20220722,3.599,3.647,3.652,3.642,3.65,0.051,1.4171,1331385.4,485574.126
518880.SH,20220725,3.65,3.656,3.668,3.654,3.663,0.013,0.3562,1449638.79,530843.923
518880.SH,20220726,3.663,3.663,3.67,3.66,3.668,0.005,0.1365,1385644.44,507706.264
518880.SH,20220727,3.668,3.66,3.662,3.654,3.659,-0.009,-0.2454,1369571.0,501065.043
518880.SH,20220728,3.659,3.691,3.698,3.679,3.697,0.038,1.0385,2533158.0,934185.395
518880.SH,20220729,3.697,3.724,3.753,3.721,3.749,0.052,1.4065,1912017.98,714203.179
518880.SH,20220801,3.749,3.747,3.752,3.736,3.743,-0.006,-0.16,2033930.0,761373.879
518880.SH,20220802,3.743,3.79,3.791,3.769,3.773,0.03,0.8015,3157223.87,1192801.548
518880.SH,20220803,3.773,3.741,3.76,3.733,3.759,-0.014,-0.3711,2261602.2,847491.711
518880.SH,20220804,3.759,3.752,3.768,3.75,3.76,0.001,0.0266,2102098.8,789779.391
518880.SH,20220805,3.76,3.789,3.794,3.785,3.79,0.03,0.7979,1585386.0,600781.852
518880.SH,20220808,3.79,3.761,3.772,3.761,3.769,-0.021,-0.5541,1377130.29,518815.793
518880.SH,20220809,3.769,3.786,3.792,3.784,3.786,0.017,0.451,1077166.91,408057.468
518880.SH,20220810,3.786,3.797,3.808,3.793,3.794,0.008,0.2113,1438636.37,546752.786
518880.SH,20220811,3.794,3.784,3.786,3.772,3.777,-0.017,-0.4481,1462163.85,552607.061
518880.SH,20220812,3.777,3.783,3.796,3.782,3.795,0.018,0.4766,1045514.89,395970.252
518880.SH,20220815,3.795,3.806,3.812,3.798,3.799,0.004,0.1054,2962054.0,1127626.64
518880.SH,20220816,3.799,3.789,3.797,3.786,3.796,-0.003,-0.079,2689646.0,1020570.638
518880.SH,20220817,3.796,3.783,3.79,3.778,3.779,-0.017,-0.4478,2509234.0,949524.984
518880.SH,20220818,3.779,3.762,3.767,3.759,3.761,-0.018,-0.4763,1097438.0,412890.947
518880.SH,20220819,3.761,3.756,3.762,3.753,3.761,0.0,0.0,1262420.0,474480.701
518880.SH,20220822,3.761,3.753,3.757,3.75,3.753,-0.008,-0.2127,984786.0,369696.268
518880.SH,20220823,3.753,3.76,3.768,3.757,3.763,0.01,0.2665,917859.23,345238.519
518880.SH,20220824,3.763,3.774,3.801,3.773,3.787,0.024,0.6378,1449768.19,548011.658
518880.SH,20220825,3.787,3.795,3.8,3.793,3.797,0.01,0.2641,1606222.57,609697.4
518880.SH,20220826,3.797,3.795,3.801,3.787,3.798,0.001,0.0263,1767408.0,670130.63
518880.SH,20220829,3.798,3.755,3.77,3.755,3.767,-0.031,-0.8162,1560369.0,587583.183
518880.SH,20220830,3.767,3.784,3.795,3.782,3.783,0.016,0.4247,1431436.0,542323.421
518880.SH,20220831,3.783,3.769,3.769,3.757,3.758,-0.025,-0.6609,1423138.0,535409.59
518880.SH,20220901,3.758,3.737,3.739,3.724,3.73,-0.028,-0.7451,1623157.08,605663.173
518880.SH,20220902,3.73,3.72,3.729,3.717,3.726,-0.004,-0.1072,1792257.0,667006.393
518880.SH,20220905,3.726,3.75,3.77,3.749,3.765,0.039,1.0467,1880724.0,707051.694
518880.SH,20220906,3.765,3.776,3.786,3.771,3.784,0.019,0.5046,1549420.0,585441.847
518880.SH,20220907,3.784,3.754,3.765,3.751,3.759,-0.025,-0.6607,2109657.0,792719.506
518880.SH,20220908,3.759,3.786,3.792,3.782,3.79,0.031,0.8247,3136984.0,1188024.146
518880.SH,20220909,3.79,3.78,3.786,3.777,3.785,-0.005,-0.1319,2626403.0,993434.847
518880.SH,20220913,3.785,3.782,3.792,3.781,3.787,0.002,0.0528,2609433.0,987535.921
518880.SH,20220914,3.787,3.766,3.767,3.757,3.76,-0.027,-0.713,2792386.22,1050294.44
518880.SH,20220915,3.76,3.752,3.757,3.742,3.744,-0.016,-0.4255,2168867.14,813545.716
518880.SH,20220916,3.744,3.728,3.738,3.726,3.728,-0.016,-0.4274,2527207.0,943067.961
518880.SH,20220919,3.728,3.738,3.748,3.736,3.741,0.013,0.3487,2132584.55,797722.957
518880.SH,20220920,3.741,3.759,3.762,3.75,3.754,0.013,0.3475,2294001.0,861292.347
518880.SH,20220921,3.754,3.75,3.766,3.745,3.759,0.005,0.1332,2041233.0,765835.702
518880.SH,20220922,3.759,3.752,3.757,3.75,3.753,-0.006,-0.1596,1989538.0,746582.079
518880.SH,20220923,3.753,3.769,3.774,3.767,3.77,0.017,0.453,2348529.51,885326.283
518880.SH,20220926,3.77,3.738,3.743,3.729,3.736,-0.034,-0.9019,2223950.0,831004.42
518880.SH,20220927,3.736,3.732,3.746,3.73,3.746,0.01,0.2677,1670627.0,624669.747
518880.SH,20220928,3.746,3.743,3.757,3.743,3.751,0.005,0.1335,2276189.0,854289.822
518880.SH,20220929,3.751,3.779,3.785,3.765,3.78,0.029,0.7731,2504538.0,946394.475
518880.SH,20220930,3.78,3.781,3.786,3.775,3.783,0.003,0.0794,2178347.0,823691.239
518880.SH,20221010,3.783,3.833,3.836,3.808,3.81,0.027,0.7137,2374539.0,907727.304
518880.SH,20221011,3.81,3.804,3.809,3.801,3.802,-0.008,-0.21,2720122.33,1034999.655
518880.SH,20221012,3.802,3.802,3.812,3.798,3.812,0.01,0.263,2023731.0,770109.42
518880.SH,20221013,3.812,3.814,3.818,3.813,3.817,0.005,0.1312,1782662.0,680207.601
518880.SH,20221014,3.817,3.804,3.816,3.8,3.813,-0.004,-0.1048,2304258.0,877507.714
518880.SH,20221017,3.813,3.8,3.801,3.789,3.792,-0.021,-0.5507,1839205.0,697922.881
518880.SH,20221018,3.792,3.796,3.812,3.795,3.802,0.01,0.2637,2123175.0,807160.717
518880.SH,20221019,3.802,3.799,3.805,3.791,3.793,-0.009,-0.2367,2429931.0,923635.446
518880.SH,20221020,3.793,3.775,3.787,3.773,3.775,-0.018,-0.4746,2927831.0,1106287.598
518880.SH,20221021,3.775,3.779,3.784,3.766,3.771,-0.004,-0.106,2712649.0,1023928.751
518880.SH,20221024,3.771,3.815,3.823,3.812,3.82,0.049,1.2994,2677131.53,1022118.293
518880.SH,20221025,3.82,3.832,3.834,3.827,3.827,0.007,0.1832,2819994.0,1080066.123
518880.SH,20221026,3.827,3.827,3.831,3.823,3.824,-0.003,-0.0784,3142259.0,1202773.295
518880.SH,20221027,3.824,3.814,3.822,3.809,3.817,-0.007,-0.1831,4520846.0,1724780.662
518880.SH,20221028,3.817,3.822,3.829,3.818,3.82,0.003,0.0786,5349030.75,2046052.046
518880.SH,20221031,3.82,3.807,3.809,3.797,3.807,-0.013,-0.3403,3402004.0,1294057.272
518880.SH,20221101,3.807,3.808,3.814,3.8,3.81,0.003,0.0788,3612840.0,1376137.542
518880.SH,20221102,3.81,3.816,3.831,3.816,3.817,0.007,0.1837,3976234.02,1518567.384
518880.SH,20221103,3.817,3.807,3.812,3.805,3.805,-0.012,-0.3144,3936139.0,1498865.22
518880.SH,20221104,3.805,3.805,3.81,3.801,3.804,-0.001,-0.0263,3592024.0,1366887.158
518880.SH,20221107,3.804,3.834,3.838,3.826,3.832,0.028,0.7361,4499140.0,1723707.397
518880.SH,20221108,3.832,3.834,3.846,3.832,3.839,0.007,0.1827,4631576.0,1779457.951
518880.SH,20221109,3.839,3.903,3.985,3.903,3.945,0.106,2.7611,4175750.81,1637157.221
518880.SH,20221110,3.945,3.937,3.937,3.918,3.925,-0.02,-0.507,3912117.0,1536278.713
518880.SH,20221111,3.925,3.977,3.981,3.95,3.952,0.027,0.6879,3912963.0,1553388.366
518880.SH,20221114,3.952,3.948,3.948,3.912,3.913,-0.039,-0.9868,3459017.01,1358824.147
518880.SH,20221115,3.913,3.927,3.94,3.927,3.933,0.02,0.5111,3160568.0,1243779.606
518880.SH,20221116,3.933,3.944,3.959,3.944,3.954,0.021,0.5339,3661837.0,1447049.009
518880.SH,20221117,3.954,3.954,3.965,3.95,3.958,0.004,0.1012,3082248.0,1219591.111
518880.SH,20221118,3.958,3.953,3.964,3.949,3.952,-0.006,-0.1516,3333086.0,1318537.482
518880.SH,20221121,3.952,3.929,3.937,3.921,3.936,-0.016,-0.4049,3239313.0,1274007.701
518880.SH,20221122,3.936,3.936,3.94,3.928,3.932,-0.004,-0.1016,3135089.0,1232947.472
518880.SH,20221123,3.932,3.93,3.933,3.927,3.932,0.0,0.0,2802763.0,1101650.545
518880.SH,20221124,3.932,3.955,3.958,3.947,3.947,0.015,0.3815,3653396.0,1444179.584
518880.SH,20221125,3.947,3.96,3.966,3.955,3.959,0.012,0.304,3016361.0,1195000.701
518880.SH,20221128,3.959,3.974,3.977,3.958,3.962,0.003,0.0758,2479366.03,983066.415
518880.SH,20221129,3.962,3.95,3.959,3.946,3.951,-0.011,-0.2776,2867953.0,1133596.759
518880.SH,20221130,3.951,3.945,3.947,3.938,3.944,-0.007,-0.1772,3336461.0,1315549.571
518880.SH,20221201,3.944,3.945,3.958,3.939,3.956,0.012,0.3043,2810141.0,1109203.744
518880.SH,20221202,3.956,3.976,3.982,3.972,3.979,0.023,0.5814,2463748.0,979958.404
518880.SH,20221205,3.979,3.968,3.969,3.938,3.94,-0.039,-0.9801,2306051.0,911600.549
518880.SH,20221206,3.94,3.905,3.906,3.894,3.898,-0.042,-1.066,3102956.05,1210251.288
518880.SH,20221207,3.898,3.9,3.902,3.894,3.898,0.0,0.0,1704250.0,664393.619
518880.SH,20221208,3.898,3.907,3.913,3.904,3.91,0.012,0.3079,2248015.0,878765.834
518880.SH,20221209,3.91,3.918,3.931,3.917,3.924,0.014,0.3581,1522798.25,597512.038
518880.SH,20221212,3.924,3.933,3.934,3.918,3.921,-0.003,-0.0765,1679307.0,659318.253
518880.SH,20221213,3.921,3.919,3.925,3.917,3.924,0.003,0.0765,1362185.0,534135.948
518880.SH,20221214,3.924,3.965,3.968,3.956,3.963,0.039,0.9939,2682576.34,1062618.978
518880.SH,20221215,3.963,3.943,3.948,3.926,3.933,-0.03,-0.757,1608510.0,632382.275
518880.SH,20221216,3.933,3.91,3.917,3.904,3.915,-0.018,-0.4577,1353519.0,529121.028
518880.SH,20221219,3.915,3.933,3.95,3.932,3.942,0.027,0.6897,1367081.0,538965.204
518880.SH,20221220,3.942,3.936,3.946,3.93,3.943,0.001,0.0254,1811344.0,713171.102
518880.SH,20221221,3.943,3.991,3.991,3.973,3.981,0.038,0.9637,1685828.0,671186.285
518880.SH,20221222,3.981,3.987,3.992,3.978,3.981,0.0,0.0,1485906.0,592297.837
518880.SH,20221223,3.981,3.952,3.957,3.942,3.948,-0.033,-0.8289,1856560.0,732903.603
518880.SH,20221226,3.948,3.95,3.957,3.95,3.953,0.005,0.1266,2430203.0,960345.233
518880.SH,20221227,3.953,3.951,3.964,3.945,3.963,0.01,0.253,1736663.0,686705.27
518880.SH,20221228,3.963,3.978,3.985,3.964,3.966,0.003,0.0757,1565250.0,622152.522
518880.SH,20221229,3.966,3.97,3.974,3.96,3.96,-0.006,-0.1513,1237084.77,490936.957
518880.SH,20221230,3.96,3.97,3.987,3.97,3.986,0.026,0.6566,1357129.38,539947.546
518880.SH,20230103,3.986,3.983,3.987,3.972,3.987,0.001,0.0251,1553974.0,618722.102
518880.SH,20230104,3.987,4.0,4.006,3.998,4.002,0.015,0.3762,1641489.0,656972.571
518880.SH,20230105,4.002,4.016,4.024,3.999,4.001,-0.001,-0.025,2032366.0,815712.507
518880.SH,20230106,4.001,3.97,3.978,3.969,3.972,-0.029,-0.7248,1770235.0,703421.406
518880.SH,20230109,3.972,4.016,4.022,4.014,4.015,0.043,1.0826,2146122.5,862273.144
518880.SH,20230110,4.015,4.003,4.015,4.003,4.013,-0.002,-0.0498,1618607.0,648856.765
518880.SH,20230111,4.013,4.017,4.027,4.013,4.025,0.012,0.299,1942679.34,780670.518
518880.SH,20230112,4.025,4.013,4.023,4.008,4.019,-0.006,-0.1491,2193260.0,881238.449
518880.SH,20230113,4.019,4.024,4.029,4.022,4.027,0.008,0.1991,1360516.0,547805.631
518880.SH,20230116,4.027,4.058,4.068,4.047,4.05,0.023,0.5711,2027292.0,822812.774
518880.SH,20230117,4.05,4.07,4.073,4.062,4.066,0.016,0.3951,1761608.0,716584.799
518880.SH,20230118,4.066,4.07,4.073,4.044,4.056,-0.01,-0.2459,1631588.59,662708.919
518880.SH,20230119,4.056,4.051,4.072,4.051,4.068,0.012,0.2959,1263505.0,513311.285
518880.SH,20230120,4.068,4.1,4.112,4.09,4.101,0.033,0.8112,1505260.0,617324.548
518880.SH,20230130,4.101,4.09,4.099,4.083,4.096,-0.005,-0.1219,2395664.0,979751.736
518880.SH,20230131,4.096,4.087,4.091,4.065,4.069,-0.027,-0.6592,1868891.0,763275.873
518880.SH,20230201,4.069,4.084,4.094,4.084,4.091,0.022,0.5407,1507587.0,616583.968
518880.SH,20230202,4.091,4.124,4.13,4.122,4.125,0.034,0.8311,1671822.68,689717.945
518880.SH,20230203,4.125,4.079,4.079,4.068,4.071,-0.054,-1.3091,1352888.0,551141.13
518880.SH,20230206,4.071,4.021,4.03,4.012,4.018,-0.053,-1.3019,1937851.0,778713.453
518880.SH,20230207,4.018,4.01,4.018,4.009,4.01,-0.008,-0.1991,1563596.0,627177.885
518880.SH,20230208,4.01,4.01,4.014,4.007,4.01,0.0,0.0,1064615.0,426939.198
518880.SH,20230209,4.01,4.01,4.021,4.008,4.019,0.009,0.2244,1653829.78,664295.3
518880.SH,20230210,4.019,3.997,3.997,3.985,3.993,-0.026,-0.6469,2045134.0,816166.433
518880.SH,20230213,3.993,4.03,4.031,4.005,4.018,0.025,0.6261,1870268.0,750539.712
518880.SH,20230214,4.018,3.999,4.017,3.998,4.015,-0.003,-0.0747,1379018.0,552222.541
518880.SH,20230215,4.015,4.017,4.023,3.999,4.002,-0.013,-0.3238,1638482.0,657293.038
518880.SH,20230216,4.002,3.995,4.003,3.995,4.001,-0.001,-0.025,1465163.0,586003.984
518880.SH,20230217,4.001,3.999,4.001,3.988,3.992,-0.009,-0.2249,1960601.0,783034.882
518880.SH,20230220,3.992,4.008,4.015,4.008,4.01,0.018,0.4509,1615056.87,647993.709
518880.SH,20230221,4.01,4.01,4.013,4.004,4.005,-0.005,-0.1247,1735104.0,695607.435
518880.SH,20230222,4.005,4.011,4.018,4.011,4.017,0.012,0.2996,1326886.23,532824.295
518880.SH,20230223,4.017,4.007,4.009,4.003,4.008,-0.009,-0.224,1373315.73,550202.56
518880.SH,20230224,4.008,4.013,4.025,4.013,4.021,0.013,0.3244,1788165.0,718671.778
518880.SH,20230227,4.021,4.02,4.02,4.009,4.01,-0.011,-0.2736,1688177.0,677567.593
518880.SH,20230228,4.01,4.017,4.02,4.013,4.015,0.005,0.1247,1296437.97,520780.043
518880.SH,20230301,4.015,4.029,4.031,4.024,4.029,0.014,0.3487,1975700.78,795595.333
518880.SH,20230302,4.029,4.02,4.027,4.017,4.026,-0.003,-0.0745,2039634.0,820264.186
518880.SH,20230303,4.026,4.038,4.045,4.035,4.044,0.018,0.4471,1733391.0,700113.604
518880.SH,20230306,4.044,4.063,4.074,4.063,4.071,0.027,0.6677,1782536.0,725459.396
518880.SH,20230307,4.071,4.072,4.079,4.068,4.076,0.005,0.1228,2425241.0,988711.669
518880.SH,20230308,4.076,4.032,4.037,4.029,4.033,-0.043,-1.055,1818144.1,733466.707
518880.SH,20230309,4.033,4.032,4.038,4.031,4.033,0.0,0.0,1554996.0,627389.868
518880.SH,20230310,4.033,4.059,4.062,4.051,4.061,0.028,0.6943,2490498.0,1010584.223
518880.SH,20230313,4.061,4.106,4.118,4.088,4.089,0.028,0.6895,2759246.98,1131586.472
518880.SH,20230314,4.089,4.125,4.143,4.123,4.142,0.053,1.2962,2360360.0,975517.442
518880.SH,20230315,4.142,4.14,4.142,4.132,4.139,-0.003,-0.0724,2112961.0,874179.479
518880.SH,20230316,4.139,4.168,4.184,4.16,4.174,0.035,0.8456,3211268.0,1339712.19
518880.SH,20230317,4.174,4.178,4.201,4.175,4.198,0.024,0.575,2935018.06,1229020.089
518880.SH,20230320,4.198,4.269,4.335,4.268,4.327,0.129,3.0729,3967458.62,1706168.214
518880.SH,20230321,4.327,4.32,4.32,4.283,4.286,-0.041,-0.9475,2540763.0,1093232.536
518880.SH,20230322,4.286,4.226,4.228,4.211,4.223,-0.063,-1.4699,2652720.0,1118985.082
518880.SH,20230323,4.223,4.259,4.261,4.245,4.253,0.03,0.7104,3159811.44,1345023.943
518880.SH,20230324,4.253,4.28,4.286,4.265,4.275,0.022,0.5173,2800001.8,1198618.986
518880.SH,20230327,4.275,4.267,4.267,4.244,4.246,-0.029,-0.6784,1813975.78,771831.604
518880.SH,20230328,4.246,4.233,4.238,4.221,4.225,-0.021,-0.4946,2204840.35,932767.179
518880.SH,20230329,4.225,4.248,4.257,4.238,4.24,0.015,0.355,2556880.04,1086140.524
518880.SH,20230330,4.24,4.241,4.251,4.237,4.248,0.008,0.1887,2929775.0,1242687.102
518880.SH,20230331,4.248,4.262,4.282,4.258,4.281,0.033,0.7768,2672387.0,1140121.12
518880.SH,20230403,4.281,4.27,4.27,4.213,4.221,-0.06,-1.4015,1666835.0,704108.268
518880.SH,20230404,4.221,4.26,4.273,4.256,4.269,0.048,1.1372,1499789.9,639848.383
518880.SH,20230406,4.269,4.329,4.337,4.321,4.33,0.061,1.4289,1959128.6,848045.764
518880.SH,20230407,4.33,4.324,4.329,4.322,4.328,-0.002,-0.0462,2179542.15,942729.123
518880.SH,20230410,4.328,4.301,4.302,4.276,4.287,-0.041,-0.9473,1296928.6,555880.549
518880.SH,20230411,4.287,4.283,4.311,4.283,4.311,0.024,0.5598,1325364.0,570009.956
518880.SH,20230412,4.311,4.327,4.358,4.327,4.341,0.03,0.6959,1617575.6,702812.158
518880.SH,20230413,4.341,4.335,4.348,4.333,4.346,0.005,0.1152,913320.22,396331.379
518880.SH,20230414,4.346,4.382,4.383,4.354,4.366,0.02,0.4602,1428803.0,624494.974
518880.SH,20230417,4.366,4.297,4.328,4.28,4.324,-0.042,-0.962,1541803.0,664877.976
518880.SH,20230418,4.324,4.301,4.307,4.292,4.305,-0.019,-0.4394,933599.98,401625.59
518880.SH,20230419,4.305,4.314,4.319,4.292,4.297,-0.008,-0.1858,1277889.0,550822.088
518880.SH,20230420,4.297,4.298,4.312,4.294,4.308,0.011,0.256,1347437.37,579849.707
518880.SH,20230421,4.308,4.313,4.319,4.28,4.288,-0.02,-0.4643,1383813.81,595846.832
518880.SH,20230424,4.288,4.29,4.29,4.276,4.277,-0.011,-0.2565,2409575.0,1031947.455
518880.SH,20230425,4.277,4.31,4.318,4.305,4.316,0.039,0.9119,1332210.0,574340.441
518880.SH,20230426,4.316,4.328,4.334,4.316,4.323,0.007,0.1622,1594788.34,689477.077
518880.SH,20230427,4.323,4.322,4.334,4.318,4.333,0.01,0.2313,1677551.14,725727.863
518880.SH,20230428,4.333,4.3,4.309,4.292,4.298,-0.035,-0.8078,1657865.0,713294.627
518880.SH,20230504,4.298,4.41,4.412,4.388,4.395,0.097,2.2569,1695905.59,745933.036
518880.SH,20230505,4.395,4.416,4.426,4.412,4.415,0.02,0.4551,1305668.0,576787.5
518880.SH,20230508,4.415,4.358,4.368,4.352,4.368,-0.047,-1.0646,1542978.34,672889.439
518880.SH,20230509,4.368,4.371,4.388,4.369,4.377,0.009,0.206,1401394.0,613402.815
518880.SH,20230510,4.377,4.393,4.399,4.387,4.398,0.021,0.4798,1129638.0,496234.536
518880.SH,20230511,4.398,4.403,4.408,4.393,4.394,-0.004,-0.091,1236379.0,544225.111
518880.SH,20230512,4.394,4.38,4.38,4.354,4.365,-0.029,-0.66,1580686.56,690257.188
518880.SH,20230515,4.365,4.382,4.393,4.379,4.382,0.017,0.3895,1707570.78,749178.622
518880.SH,20230516,4.382,4.385,4.389,4.361,4.369,-0.013,-0.2967,1621136.0,710376.616
518880.SH,20230517,4.369,4.352,4.357,4.347,4.353,-0.016,-0.3662,1461091.0,635930.495
518880.SH,20230518,4.353,4.347,4.35,4.342,4.345,-0.008,-0.1838,1790484.0,778129.98
518880.SH,20230519,4.345,4.327,4.332,4.32,4.33,-0.015,-0.3452,1835249.0,794192.974
518880.SH,20230522,4.33,4.351,4.357,4.341,4.347,0.017,0.3926,1441925.0,627292.77
518880.SH,20230523,4.347,4.339,4.34,4.327,4.33,-0.017,-0.3911,1117741.0,484085.481
518880.SH,20230524,4.33,4.363,4.365,4.351,4.352,0.022,0.5081,1500937.0,654534.362
518880.SH,20230525,4.352,4.327,4.342,4.326,4.335,-0.017,-0.3906,1254946.0,543545.743
518880.SH,20230526,4.335,4.317,4.317,4.305,4.31,-0.025,-0.5767,933816.0,402611.048
518880.SH,20230529,4.31,4.31,4.315,4.306,4.314,0.004,0.0928,1316252.0,567148.383
518880.SH,20230530,4.314,4.31,4.316,4.295,4.3,-0.014,-0.3245,1301528.0,560272.664
518880.SH,20230531,4.3,4.341,4.368,4.339,4.365,0.065,1.5116,2648699.0,1153394.617
518880.SH,20230601,4.365,4.373,4.373,4.358,4.362,-0.003,-0.0687,1130594.0,493160.403
518880.SH,20230602,4.362,4.382,4.386,4.37,4.375,0.013,0.298,1189437.0,521012.337
518880.SH,20230605,4.375,4.33,4.332,4.321,4.324,-0.051,-1.1657,1310870.0,566916.825
518880.SH,20230606,4.324,4.357,4.362,4.354,4.357,0.033,0.7632,1416824.52,617560.049
518880.SH,20230607,4.357,4.368,4.372,4.361,4.363,0.006,0.1377,1085582.0,474221.504
518880.SH,20230608,4.363,4.341,4.347,4.333,4.338,-0.025,-0.573,1344291.0,583558.13
518880.SH,20230609,4.338,4.366,4.377,4.366,4.375,0.037,0.8529,1167539.0,510467.246
518880.SH,20230612,4.375,4.368,4.379,4.363,4.378,0.003,0.0686,1346918.0,588555.122
518880.SH,20230613,4.378,4.383,4.392,4.38,4.388,0.01,0.2284,944529.94,414143.58
518880.SH,20230614,4.388,4.362,4.369,4.36,4.363,-0.025,-0.5697,1040453.0,453867.44
518880.SH,20230615,4.363,4.348,4.348,4.328,4.329,-0.034,-0.7793,1373436.53,595942.059
518880.SH,20230616,4.329,4.36,4.37,4.358,4.359,0.03,0.693,1354487.0,591085.182
518880.SH,20230619,4.359,4.365,4.37,4.361,4.366,0.007,0.1606,1373054.0,599495.77
518880.SH,20230620,4.366,4.368,4.376,4.359,4.374,0.008,0.1832,1607612.85,702493.521
518880.SH,20230621,4.374,4.36,4.363,4.349,4.356,-0.018,-0.4115,1336542.0,582304.845
518880.SH,20230626,4.356,4.353,4.356,4.346,4.354,-0.002,-0.0459,2399501.0,1043902.1
518880.SH,20230627,4.354,4.358,4.363,4.345,4.35,-0.004,-0.0919,2522402.0,1099039.569
518880.SH,20230628,4.35,4.33,4.338,4.329,4.335,-0.015,-0.3448,1668706.0,723136.812
518880.SH,20230629,4.335,4.335,4.346,4.335,4.343,0.008,0.1845,1634575.25,709574.357
518880.SH,20230630,4.343,4.35,4.36,4.348,4.349,0.006,0.1382,1038183.88,452017.279
518880.SH,20230703,4.349,4.364,4.366,4.353,4.358,0.009,0.2069,1146066.0,499529.302
518880.SH,20230704,4.358,4.358,4.368,4.358,4.364,0.006,0.1377,654545.0,285672.324
518880.SH,20230705,4.364,4.366,4.369,4.363,4.367,0.003,0.0687,849741.0,371024.605
518880.SH,20230706,4.367,4.365,4.369,4.361,4.365,-0.002,-0.0458,774747.0,338157.734
518880.SH,20230707,4.365,4.345,4.361,4.345,4.359,-0.006,-0.1375,698896.0,304253.302
518880.SH,20230710,4.359,4.367,4.374,4.365,4.37,0.011,0.2524,664090.0,290164.158
518880.SH,20230711,4.37,4.37,4.378,4.361,4.374,0.004,0.0915,847132.0,369998.554
518880.SH,20230712,4.374,4.375,4.38,4.368,4.371,-0.003,-0.0686,1479949.0,647618.921
518880.SH,20230713,4.371,4.407,4.413,4.396,4.408,0.037,0.8465,2367061.6,1042531.107
518880.SH,20230714,4.408,4.399,4.402,4.383,4.388,-0.02,-0.4537,1001556.7,439943.189
518880.SH,20230717,4.388,4.394,4.41,4.394,4.406,0.018,0.4102,622134.7,273951.378
518880.SH,20230718,4.406,4.41,4.422,4.408,4.422,0.016,0.3631,772205.0,340991.608
518880.SH,20230719,4.422,4.463,4.482,4.461,4.473,0.051,1.1533,1189588.0,531869.219
518880.SH,20230720,4.473,4.477,4.478,4.461,4.47,-0.003,-0.0671,3057702.0,1366343.18
518880.SH,20230721,4.47,4.443,4.465,4.442,4.453,-0.017,-0.3803,1210775.0,538819.984
518880.SH,20230724,4.453,4.45,4.45,4.436,4.442,-0.011,-0.247,676309.78,300274.079
518880.SH,20230725,4.442,4.426,4.43,4.418,4.42,-0.022,-0.4953,870437.0,385130.005
518880.SH,20230726,4.42,4.425,4.44,4.425,4.439,0.019,0.4299,1172544.0,519943.953
518880.SH,20230727,4.439,4.439,4.453,4.436,4.448,0.009,0.2027,931634.06,414271.319
518880.SH,20230728,4.448,4.421,4.421,4.402,4.404,-0.044,-0.9892,1870393.0,824808.903
518880.SH,20230731,4.404,4.408,4.412,4.401,4.409,0.005,0.1135,873968.0,385102.817
518880.SH,20230801,4.409,4.423,4.43,4.423,4.426,0.017,0.3856,697485.99,308803.878
518880.SH,20230802,4.426,4.414,4.427,4.412,4.425,-0.001,-0.0226,593345.97,262269.933
518880.SH,20230803,4.425,4.41,4.41,4.404,4.406,-0.019,-0.4294,1192692.0,525594.065
518880.SH,20230804,4.406,4.389,4.405,4.389,4.401,-0.005,-0.1135,1192367.0,524494.894
518880.SH,20230807,4.401,4.416,4.422,4.406,4.41,0.009,0.2045,715514.1,315817.836
518880.SH,20230808,4.41,4.41,4.418,4.409,4.414,0.004,0.0907,611914.0,270151.824
518880.SH,20230809,4.414,4.412,4.415,4.406,4.411,-0.003,-0.068,483047.0,213091.447
518880.SH,20230810,4.411,4.395,4.398,4.393,4.396,-0.015,-0.3401,1099216.02,483145.544
518880.SH,20230811,4.396,4.401,4.416,4.401,4.415,0.019,0.4322,835443.56,368288.291
518880.SH,20230814,4.415,4.415,4.424,4.413,4.421,0.006,0.1359,852505.0,376813.387
518880.SH,20230815,4.421,4.421,4.433,4.415,4.431,0.01,0.2262,1114209.0,492750.861
518880.SH,20230816,4.431,4.433,4.443,4.431,4.433,0.002,0.0451,1153409.0,511517.433
518880.SH,20230817,4.433,4.422,4.438,4.419,4.429,-0.004,-0.0902,1167134.0,516907.773
518880.SH,20230818,4.429,4.417,4.426,4.415,4.421,-0.008,-0.1806,1018843.0,450434.281
518880.SH,20230821,4.421,4.422,4.442,4.422,4.438,0.017,0.3845,1052598.0,466910.326
518880.SH,20230822,4.438,4.434,4.434,4.425,4.431,-0.007,-0.1577,1046872.0,463708.796
518880.SH,20230823,4.431,4.44,4.455,4.438,4.452,0.021,0.4739,1197943.0,532655.607
518880.SH,20230824,4.452,4.461,4.467,4.458,4.464,0.012,0.2695,1850275.0,825818.941
518880.SH,20230825,4.464,4.452,4.458,4.447,4.448,-0.016,-0.3584,1745032.0,777236.317
518880.SH,20230828,4.448,4.438,4.453,4.43,4.45,0.002,0.045,1323128.1,588151.002
518880.SH,20230829,4.45,4.459,4.469,4.458,4.462,0.012,0.2697,880214.0,392898.09
518880.SH,20230830,4.462,4.477,4.484,4.472,4.477,0.015,0.3362,2043058.65,915002.017
518880.SH,20230831,4.477,4.488,4.495,4.488,4.494,0.017,0.3797,890051.0,399743.249
518880.SH,20230901,4.494,4.472,4.492,4.472,4.489,-0.005,-0.1113,1137975.0,510306.26
518880.SH,20230904,4.489,4.491,4.516,4.491,4.506,0.017,0.3787,1176209.46,530326.94
518880.SH,20230905,4.506,4.501,4.516,4.498,4.508,0.002,0.0444,1440946.5,649844.568
518880.SH,20230906,4.508,4.504,4.513,4.504,4.505,-0.003,-0.0665,1217336.7,548963.967
518880.SH,20230907,4.505,4.505,4.511,4.503,4.504,-0.001,-0.0222,604055.0,272221.466
518880.SH,20230908,4.504,4.531,4.537,4.529,4.536,0.032,0.7105,1761309.0,798426.368
518880.SH,20230911,4.536,4.534,4.554,4.53,4.545,0.009,0.1984,2385891.0,1083250.172
518880.SH,20230912,4.545,4.542,4.547,4.537,4.546,0.001,0.022,1408487.0,639805.307
518880.SH,20230913,4.546,4.546,4.566,4.545,4.557,0.011,0.242,1963164.0,893922.502
518880.SH,20230914,4.557,4.566,4.606,4.566,4.592,0.035,0.768,2476391.0,1135944.403
518880.SH,20230915,4.592,4.636,4.638,4.52,4.548,-0.044,-0.9582,3283248.0,1512884.386
518880.SH,20230918,4.548,4.545,4.545,4.515,4.524,-0.024,-0.5277,3509964.99,1591214.055
518880.SH,20230919,4.524,4.536,4.563,4.536,4.559,0.035,0.7737,1825574.83,831106.224
518880.SH,20230920,4.559,4.574,4.596,4.573,4.594,0.035,0.7677,2268622.26,1041249.369
518880.SH,20230921,4.594,4.594,4.602,4.579,4.58,-0.014,-0.3047,1585918.1,728128.695
518880.SH,20230922,4.58,4.587,4.597,4.548,4.561,-0.019,-0.4148,2036045.68,929395.231
518880.SH,20230925,4.561,4.555,4.584,4.554,4.581,0.02,0.4385,1852341.0,847690.64
518880.SH,20230926,4.581,4.58,4.59,4.574,4.578,-0.003,-0.0655,1095671.39,501952.626
518880.SH,20230927,4.578,4.565,4.573,4.501,4.511,-0.067,-1.4635,1888958.43,858009.442
518880.SH,20230928,4.511,4.463,4.477,4.4,4.436,-0.075,-1.6626,2856375.0,1271213.358
518880.SH,20231009,4.436,4.4,4.409,4.391,4.405,-0.031,-0.6988,1913610.0,841402.82
518880.SH,20231010,4.405,4.4,4.4,4.343,4.348,-0.057,-1.294,2343047.0,1022230.615
518880.SH,20231011,4.348,4.352,4.356,4.343,4.355,0.007,0.161,1146066.0,498371.533
518880.SH,20231012,4.355,4.368,4.391,4.368,4.39,0.035,0.8037,1565064.0,685313.353
518880.SH,20231013,4.39,4.385,4.407,4.381,4.405,0.015,0.3417,1447800.02,636482.029
518880.SH,20231016,4.405,4.479,4.48,4.459,4.46,0.055,1.2486,1500286.0,670811.749
518880.SH,20231017,4.46,4.476,4.481,4.468,4.48,0.02,0.4484,1094739.62,489833.778
518880.SH,20231018,4.48,4.5,4.524,4.5,4.523,0.043,0.9598,1381627.45,624189.637
518880.SH,20231019,4.523,4.549,4.551,4.538,4.547,0.024,0.5306,1231199.18,559552.901
518880.SH,20231020,4.547,4.591,4.605,4.591,4.597,0.05,1.0996,1491818.0,685966.344
518880.SH,20231023,4.597,4.57,4.591,4.568,4.572,-0.025,-0.5438,2186384.26,1001449.185
518880.SH,20231024,4.572,4.574,4.578,4.565,4.575,0.003,0.0656,1630766.12,745625.946
518880.SH,20231025,4.575,4.568,4.574,4.556,4.557,-0.018,-0.3934,1895141.0,865069.058
518880.SH,20231026,4.557,4.584,4.59,4.581,4.59,0.033,0.7242,1355633.74,621452.574
518880.SH,20231027,4.59,4.59,4.605,4.585,4.599,0.009,0.1961,1650797.0,758513.718
518880.SH,20231030,4.599,4.635,4.642,4.606,4.609,0.01,0.2174,1615586.95,747781.248
518880.SH,20231031,4.609,4.617,4.623,4.611,4.62,0.011,0.2387,1259773.03,581577.165
518880.SH,20231101,4.62,4.596,4.607,4.595,4.603,-0.017,-0.368,1003797.83,461815.255
518880.SH,20231102,4.603,4.617,4.617,4.605,4.613,0.01,0.2172,858569.0,395793.607
518880.SH,20231103,4.613,4.605,4.612,4.598,4.61,-0.003,-0.065,981187.0,452154.832
518880.SH,20231106,4.61,4.607,4.614,4.581,4.587,-0.023,-0.4989,1895396.72,870835.728
518880.SH,20231107,4.587,4.573,4.579,4.567,4.569,-0.018,-0.3924,1500225.0,686119.803
518880.SH,20231108,4.569,4.561,4.561,4.543,4.551,-0.018,-0.394,1520526.0,691928.818
518880.SH,20231109,4.551,4.534,4.535,4.518,4.521,-0.03,-0.6592,3325925.0,1504347.399
518880.SH,20231110,4.521,4.543,4.555,4.54,4.554,0.033,0.7299,1040607.52,473311.631
518880.SH,20231113,4.554,4.523,4.539,4.522,4.538,-0.016,-0.3513,1068623.0,484253.193
518880.SH,20231114,4.538,4.55,4.56,4.543,4.558,0.02,0.4407,1301857.0,592560.802
518880.SH,20231115,4.558,4.563,4.58,4.563,4.577,0.019,0.4168,1556913.0,711862.245
518880.SH,20231116,4.577,4.566,4.569,4.554,4.559,-0.018,-0.3933,1255004.0,572080.439
518880.SH,20231117,4.559,4.578,4.582,4.571,4.572,0.013,0.2852,1997135.67,914117.354
518880.SH,20231120,4.572,4.547,4.555,4.521,4.522,-0.05,-1.0936,1122687.0,509203.288
518880.SH,20231121,4.522,4.516,4.52,4.511,4.516,-0.006,-0.1327,758092.0,342299.668
518880.SH,20231122,4.516,4.523,4.527,4.492,4.499,-0.017,-0.3764,1640670.0,740029.671
518880.SH,20231123,4.499,4.498,4.499,4.488,4.495,-0.004,-0.0889,871487.0,391566.606
518880.SH,20231124,4.495,4.494,4.5,4.49,4.499,0.004,0.089,807491.0,363029.386
518880.SH,20231127,4.499,4.531,4.549,4.531,4.546,0.047,1.0447,1510567.76,686011.713
518880.SH,20231128,4.546,4.553,4.564,4.552,4.56,0.014,0.308,1175389.74,535651.75
518880.SH,20231129,4.56,4.6,4.609,4.59,4.591,0.031,0.6798,1482738.01,681932.423
518880.SH,20231130,4.591,4.596,4.6,4.586,4.589,-0.002,-0.0436,1376378.0,631765.338
518880.SH,20231201,4.589,4.589,4.597,4.582,4.589,0.0,0.0,1258480.0,577198.947
518880.SH,20231204,4.589,4.668,4.675,4.638,4.643,0.054,1.1767,2066796.0,962951.472
518880.SH,20231205,4.643,4.58,4.589,4.574,4.58,-0.063,-1.3569,1488803.0,681880.775
518880.SH,20231206,4.58,4.575,4.579,4.563,4.578,-0.002,-0.0437,1469918.01,671853.784
518880.SH,20231207,4.578,4.585,4.588,4.577,4.584,0.006,0.1311,1035174.0,474446.807
518880.SH,20231208,4.584,4.586,4.594,4.585,4.591,0.007,0.1527,968719.0,444757.68
518880.SH,20231211,4.591,4.547,4.586,4.546,4.557,-0.034,-0.7406,1171410.0,533675.528
518880.SH,20231212,4.557,4.543,4.544,4.521,4.539,-0.018,-0.395,1487131.0,673525.083
518880.SH,20231213,4.539,4.533,4.542,4.524,4.529,-0.01,-0.2203,1061914.0,481332.103
518880.SH,20231214,4.529,4.59,4.612,4.587,4.598,0.069,1.5235,1443396.0,662857.093
518880.SH,20231215,4.598,4.59,4.594,4.585,4.59,-0.008,-0.174,823934.0,378183.681
518880.SH,20231218,4.59,4.575,4.585,4.571,4.576,-0.014,-0.305,1957261.0,895913.704
518880.SH,20231219,4.576,4.584,4.59,4.584,4.589,0.013,0.2841,1233614.0,565941.612
518880.SH,20231220,4.589,4.596,4.612,4.596,4.604,0.015,0.3269,1750011.0,805409.847
518880.SH,20231221,4.604,4.595,4.609,4.595,4.605,0.001,0.0217,1606796.9,739896.764
518880.SH,20231222,4.605,4.626,4.641,4.623,4.627,0.022,0.4777,2508378.0,1162642.749
518880.SH,20231225,4.627,4.631,4.643,4.628,4.634,0.007,0.1513,2250882.0,1043077.108
518880.SH,20231226,4.634,4.638,4.648,4.634,4.647,0.013,0.2805,1549550.14,719202.114
518880.SH,20231227,4.647,4.65,4.664,4.649,4.66,0.013,0.2798,1802493.0,839221.108
518880.SH,20231228,4.66,4.681,4.687,4.658,4.662,0.002,0.0429,2469294.0,1153791.117
518880.SH,20231229,4.662,4.638,4.649,4.626,4.648,-0.014,-0.3003,2703765.01,1253860.939
518880.SH,20240102,4.648,4.643,4.667,4.643,4.666,0.018,0.3873,2062784.39,960225.975
518880.SH,20240103,4.666,4.658,4.666,4.655,4.663,-0.003,-0.0643,1111962.16,518357.486
518880.SH,20240104,4.663,4.64,4.656,4.633,4.651,-0.012,-0.2573,1149663.0,533852.09
518880.SH,20240105,4.651,4.659,4.665,4.656,4.664,0.013,0.2795,1267497.0,590737.806
518880.SH,20240108,4.664,4.663,4.667,4.646,4.65,-0.014,-0.3002,1161638.7,540661.255
518880.SH,20240109,4.65,4.651,4.654,4.642,4.649,-0.001,-0.0215,848128.0,394312.134
518880.SH,20240110,4.649,4.647,4.653,4.628,4.631,-0.018,-0.3872,1615040.0,749385.754
518880.SH,20240111,4.631,4.632,4.637,4.627,4.631,0.0,0.0,976424.0,452266.238
518880.SH,20240112,4.631,4.637,4.648,4.633,4.646,0.015,0.3239,1103102.0,511759.981
518880.SH,20240115,4.646,4.664,4.676,4.664,4.673,0.027,0.5811,964553.0,450431.6
518880.SH,20240116,4.673,4.674,4.68,4.668,4.677,0.004,0.0856,832432.0,388910.853
518880.SH,20240117,4.677,4.661,4.662,4.628,4.631,-0.046,-0.9835,1055515.0,490679.653
518880.SH,20240118,4.631,4.624,4.627,4.613,4.616,-0.015,-0.3239,1250719.0,577742.396
518880.SH,20240119,4.616,4.636,4.643,4.635,4.643,0.027,0.5849,870581.39,403801.393
518880.SH,20240122,4.643,4.646,4.652,4.624,4.625,-0.018,-0.3877,906883.0,420913.409
518880.SH,20240123,4.625,4.623,4.632,4.609,4.632,0.007,0.1514,1042699.0,481919.618
518880.SH,20240124,4.632,4.63,4.63,4.624,4.626,-0.006,-0.1295,673747.0,311724.352
518880.SH,20240125,4.626,4.607,4.612,4.602,4.605,-0.021,-0.454,1102489.0,507829.37
518880.SH,20240126,4.605,4.623,4.627,4.618,4.625,0.02,0.4343,756760.0,349705.13
518880.SH,20240129,4.625,4.636,4.638,4.632,4.634,0.009,0.1946,803554.43,372477.165
518880.SH,20240130,4.634,4.641,4.652,4.638,4.647,0.013,0.2805,879719.0,408610.802
518880.SH,20240131,4.647,4.654,4.656,4.648,4.653,0.006,0.1291,1367351.0,636137.568
518880.SH,20240201,4.653,4.652,4.67,4.652,4.668,0.015,0.3224,1195280.0,557221.065
518880.SH,20240202,4.668,4.671,4.679,4.671,4.679,0.011,0.2356,939806.0,439432.364
518880.SH,20240205,4.679,4.659,4.666,4.638,4.643,-0.036,-0.7694,1448549.0,673685.719
518880.SH,20240206,4.643,4.641,4.642,4.633,4.633,-0.01,-0.2154,857482.0,397643.97
518880.SH,20240207,4.633,4.649,4.651,4.639,4.642,0.009,0.1943,1182407.61,549202.951
518880.SH,20240208,4.642,4.655,4.663,4.653,4.662,0.02,0.4308,923975.0,430376.513
518880.SH,20240219,4.662,4.638,4.645,4.626,4.644,-0.018,-0.3861,1302395.0,603682.077
518880.SH,20240220,4.644,4.645,4.647,4.637,4.642,-0.002,-0.0431,537232.0,249301.335
518880.SH,20240221,4.642,4.648,4.65,4.641,4.642,0.0,0.0,830906.0,386052.661
518880.SH,20240222,4.642,4.639,4.641,4.633,4.639,-0.003,-0.0646,1036637.14,480694.902
518880.SH,20240223,4.639,4.639,4.641,4.626,4.63,-0.009,-0.194,1007119.02,466861.191
518880.SH,20240226,4.63,4.647,4.652,4.647,4.651,0.021,0.4536,691384.0,321470.465
518880.SH,20240227,4.651,4.647,4.651,4.646,4.646,-0.005,-0.1075,589874.0,274150.148
518880.SH,20240228,4.646,4.647,4.648,4.642,4.645,-0.001,-0.0215,638726.0,296713.616
518880.SH,20240229,4.645,4.65,4.652,4.645,4.647,0.002,0.0431,664134.0,308641.43
518880.SH,20240301,4.647,4.659,4.668,4.659,4.667,0.02,0.4304,869293.0,405378.152
518880.SH,20240304,4.667,4.726,4.733,4.72,4.725,0.058,1.2428,1121866.57,530228.646
518880.SH,20240305,4.725,4.782,4.79,4.773,4.789,0.064,1.3545,1520853.0,727161.417
518880.SH,20240306,4.789,4.804,4.824,4.803,4.824,0.035,0.7308,1313545.0,631872.576
518880.SH,20240307,4.824,4.848,4.896,4.845,4.885,0.061,1.2645,1716553.4,835868.603
518880.SH,20240308,4.885,4.885,4.885,4.865,4.881,-0.004,-0.0819,1050007.01,511853.589
518880.SH,20240311,4.881,4.912,4.921,4.894,4.899,0.018,0.3688,1380299.0,677319.004
518880.SH,20240312,4.899,4.901,4.906,4.875,4.879,-0.02,-0.4082,1477875.9,722925.045
518880.SH,20240313,4.879,4.861,4.871,4.86,4.87,-0.009,-0.1845,971193.0,472284.885
518880.SH,20240314,4.87,4.896,4.901,4.873,4.877,0.007,0.1437,1143476.0,559146.124
518880.SH,20240315,4.877,4.879,4.9,4.876,4.899,0.022,0.4511,800613.0,391228.979
518880.SH,20240318,4.899,4.879,4.879,4.857,4.86,-0.039,-0.7961,970311.0,472000.428
518880.SH,20240319,4.86,4.877,4.884,4.863,4.87,0.01,0.2058,722724.86,352324.616
518880.SH,20240320,4.87,4.878,4.882,4.877,4.88,0.01,0.2053,487890.27,238059.038
518880.SH,20240321,4.88,4.97,4.979,4.961,4.978,0.098,2.0082,1003699.0,498739.003
518880.SH,20240322,4.978,4.943,4.959,4.931,4.946,-0.032,-0.6428,976804.0,482921.343
518880.SH,20240325,4.946,4.964,4.987,4.954,4.956,0.01,0.2022,1165333.5,578841.539
518880.SH,20240326,4.956,4.959,4.97,4.956,4.966,0.01,0.2018,970527.88,481682.82
518880.SH,20240327,4.966,4.977,4.992,4.977,4.99,0.024,0.4833,1200665.9,598537.647
518880.SH,20240328,4.99,5.0,5.031,4.997,5.029,0.039,0.7816,1276030.0,639140.316
518880.SH,20240329,5.029,5.1,5.137,5.085,5.126,0.097,1.9288,2097015.0,1072971.466
518880.SH,20240401,5.126,5.175,5.2,5.145,5.155,0.029,0.5657,1960394.14,1010883.023
518880.SH,20240402,5.155,5.137,5.163,5.13,5.159,0.004,0.0776,1521359.33,782916.589
518880.SH,20240403,5.159,5.204,5.238,5.204,5.231,0.072,1.3956,2199877.5,1149376.15
518880.SH,20240408,5.231,5.289,5.427,5.289,5.354,0.123,2.3514,4694739.4,2516202.029
518880.SH,20240409,5.354,5.383,5.396,5.365,5.369,0.015,0.2802,2340933.59,1259104.562
518880.SH,20240410,5.369,5.38,5.405,5.375,5.388,0.019,0.3539,2025717.35,1091553.982
518880.SH,20240411,5.388,5.37,5.379,5.34,5.348,-0.04,-0.7424,2428650.13,1302119.014
518880.SH,20240412,5.348,5.456,5.506,5.455,5.504,0.156,2.917,2747127.6,1504648.256
518880.SH,20240415,5.504,5.39,5.435,5.39,5.417,-0.087,-1.5807,3214254.98,1742057.34
518880.SH,20240416,5.417,5.471,5.496,5.438,5.452,0.035,0.6461,3356551.99,1836558.831
518880.SH,20240417,5.452,5.469,5.477,5.441,5.461,0.009,0.1651,2381283.5,1300363.996
518880.SH,20240418,5.461,5.421,5.447,5.4,5.445,-0.016,-0.293,2284805.0,1238671.787
518880.SH,20240419,5.445,5.464,5.547,5.444,5.471,0.026,0.4775,4431505.66,2434190.306
518880.SH,20240422,5.471,5.447,5.45,5.357,5.364,-0.107,-1.9558,3196573.0,1727493.38
518880.SH,20240423,5.364,5.325,5.33,5.223,5.232,-0.132,-2.4609,5095873.31,2676701.679
518880.SH,20240424,5.232,5.281,5.301,5.263,5.287,0.055,1.0512,3452005.27,1823643.155
518880.SH,20240425,5.287,5.275,5.29,5.25,5.288,0.001,0.0189,2832036.0,1494237.455
518880.SH,20240426,5.288,5.29,5.334,5.29,5.329,0.041,0.7753,2595143.0,1378526.672
518880.SH,20240429,5.329,5.299,5.31,5.288,5.294,-0.035,-0.6568,2265815.0,1200650.63
518880.SH,20240430,5.294,5.296,5.3,5.271,5.286,-0.008,-0.1511,1920942.86,1015518.866
518880.SH,20240506,5.286,5.224,5.255,5.217,5.254,-0.032,-0.6054,1766624.46,925928.338
518880.SH,20240507,5.254,5.278,5.286,5.261,5.268,0.014,0.2665,1880533.28,990811.477
518880.SH,20240508,5.268,5.258,5.279,5.24,5.261,-0.007,-0.1329,2357123.0,1239904.404
518880.SH,20240509,5.261,5.252,5.265,5.242,5.25,-0.011,-0.2091,2163457.0,1136483.149
518880.SH,20240510,5.25,5.33,5.371,5.314,5.369,0.119,2.2667,3037136.0,1620849.7
518880.SH,20240513,5.369,5.34,5.358,5.33,5.337,-0.032,-0.596,2809580.12,1501938.254
518880.SH,20240514,5.337,5.33,5.347,5.316,5.329,-0.008,-0.1499,2649568.0,1413160.94
518880.SH,20240515,5.329,5.36,5.375,5.358,5.37,0.041,0.7694,2157842.4,1158027.386
518880.SH,20240516,5.37,5.445,5.45,5.415,5.417,0.047,0.8752,2585079.0,1402789.732
518880.SH,20240517,5.417,5.406,5.418,5.397,5.416,-0.001,-0.0185,2336817.7,1263239.949
518880.SH,20240520,5.416,5.519,5.586,5.519,5.55,0.134,2.4742,4070429.9,2258322.876
518880.SH,20240521,5.55,5.549,5.549,5.471,5.481,-0.069,-1.2432,3495102.0,1922435.102
518880.SH,20240522,5.481,5.5,5.514,5.48,5.492,0.011,0.2007,1887946.0,1037492.41
518880.SH,20240523,5.492,5.38,5.386,5.341,5.366,-0.126,-2.2942,3144943.9,1689047.274
518880.SH,20240524,5.366,5.287,5.321,5.287,5.319,-0.047,-0.8759,2277705.52,1208676.476
518880.SH,20240527,5.319,5.323,5.353,5.323,5.338,0.019,0.3572,2179564.29,1163800.944
518880.SH,20240528,5.338,5.367,5.374,5.333,5.334,-0.004,-0.0749,2159096.0,1157245.338
518880.SH,20240529,5.334,5.368,5.384,5.359,5.37,0.036,0.6749,2432938.7,1306488.061
518880.SH,20240530,5.37,5.33,5.335,5.295,5.317,-0.053,-0.987,2361366.02,1255068.736
518880.SH,20240531,5.317,5.334,5.343,5.318,5.343,0.026,0.489,1597626.0,852282.461
518880.SH,20240603,5.343,5.319,5.319,5.274,5.296,-0.047,-0.8797,2198757.0,1164819.444
518880.SH,20240604,5.296,5.34,5.355,5.333,5.346,0.05,0.9441,2009475.28,1074023.297
518880.SH,20240605,5.346,5.306,5.338,5.302,5.324,-0.022,-0.4115,2036654.0,1083539.02
518880.SH,20240606,5.324,5.396,5.421,5.387,5.398,0.074,1.3899,2347282.7,1268379.883
518880.SH,20240607,5.398,5.413,5.421,5.386,5.399,0.001,0.0185,2569719.0,1388297.622
518880.SH,20240611,5.399,5.25,5.259,5.224,5.237,-0.162,-3.0006,3264085.46,1709839.897
518880.SH,20240612,5.237,5.253,5.271,5.253,5.267,0.03,0.5728,1724985.0,907690.635
518880.SH,20240613,5.267,5.261,5.27,5.246,5.269,0.002,0.038,1802420.0,948050.505
518880.SH,20240614,5.269,5.249,5.273,5.243,5.271,0.002,0.038,1889985.0,993324.523
518880.SH,20240617,5.271,5.302,5.306,5.275,5.279,0.008,0.1518,1690694.47,894139.289
518880.SH,20240618,5.279,5.283,5.296,5.282,5.284,0.005,0.0947,1711599.51,905345.426
518880.SH,20240619,5.284,5.301,5.306,5.296,5.305,0.021,0.3974,1973012.0,1046190.17
518880.SH,20240620,5.305,5.313,5.354,5.313,5.351,0.046,0.8671,2822644.0,1506017.557
518880.SH,20240621,5.351,5.383,5.393,5.374,5.376,0.025,0.4672,2994478.0,1611437.614
518880.SH,20240624,5.376,5.3,5.311,5.284,5.29,-0.086,-1.5997,4959867.0,2625687.712
518880.SH,20240625,5.29,5.3,5.303,5.292,5.302,0.012,0.2268,2849134.0,1509273.578
518880.SH,20240626,5.302,5.287,5.287,5.253,5.271,-0.031,-0.5847,3337006.0,1758334.548
518880.SH,20240627,5.271,5.236,5.245,5.231,5.242,-0.029,-0.5502,2674882.0,1401342.548
518880.SH,20240628,5.242,5.283,5.299,5.277,5.297,0.055,1.0492,2758656.0,1458430.077
518880.SH,20240701,5.297,5.297,5.303,5.281,5.299,0.002,0.0378,1512313.0,801004.633
518880.SH,20240702,5.299,5.311,5.317,5.302,5.306,0.007,0.1321,1563664.0,830122.651
518880.SH,20240703,5.306,5.31,5.342,5.304,5.34,0.034,0.6408,2049719.0,1090280.419
518880.SH,20240704,5.34,5.381,5.386,5.354,5.365,0.025,0.4682,1988890.0,1068750.176
518880.SH,20240705,5.365,5.365,5.382,5.363,5.381,0.016,0.2982,2410574.0,1295785.258
518880.SH,20240708,5.381,5.427,5.43,5.382,5.384,0.003,0.0558,2655439.45,1435959.703
518880.SH,20240709,5.384,5.365,5.372,5.36,5.362,-0.022,-0.4086,2528560.0,1356850.578
518880.SH,20240710,5.362,5.374,5.399,5.373,5.397,0.035,0.6527,1794956.0,966124.726
518880.SH,20240711,5.397,5.397,5.422,5.393,5.417,0.02,0.3706,2562810.0,1386798.931
518880.SH,20240712,5.417,5.464,5.467,5.442,5.446,0.029,0.5354,2196048.0,1198324.247
518880.SH,20240715,5.446,5.452,5.467,5.441,5.442,-0.004,-0.0734,2132755.0,1163977.241
518880.SH,20240716,5.442,5.484,5.507,5.483,5.505,0.063,1.1577,2370895.0,1303552.035
518880.SH,20240717,5.505,5.599,5.615,5.553,5.576,0.071,1.2897,3687440.95,2061048.522
518880.SH,20240718,5.576,5.555,5.574,5.543,5.573,-0.003,-0.0538,2554424.0,1419583.184
518880.SH,20240719,5.573,5.458,5.471,5.406,5.425,-0.148,-2.6557,3314023.0,1805186.288
518880.SH,20240722,5.425,5.427,5.441,5.417,5.421,-0.004,-0.0737,2586753.0,1404186.176
518880.SH,20240723,5.421,5.43,5.44,5.382,5.394,-0.027,-0.4981,2374834.0,1284411.213
518880.SH,20240724,5.394,5.429,5.466,5.424,5.465,0.071,1.3163,2455964.91,1338315.996
518880.SH,20240725,5.465,5.388,5.388,5.32,5.327,-0.138,-2.5252,3793147.35,2026997.952
518880.SH,20240726,5.327,5.312,5.367,5.311,5.35,0.023,0.4318,2451770.0,1310424.241
518880.SH,20240729,5.35,5.395,5.399,5.378,5.387,0.037,0.6916,1816319.0,978598.543
518880.SH,20240730,5.387,5.379,5.395,5.357,5.394,0.007,0.1299,1624334.0,873324.669
518880.SH,20240731,5.394,5.41,5.455,5.405,5.436,0.042,0.7786,2463792.0,1338306.085
518880.SH,20240801,5.436,5.501,5.505,5.457,5.48,0.044,0.8094,1997921.82,1095266.141
518880.SH,20240802,5.48,5.475,5.506,5.471,5.505,0.025,0.4562,3355711.9,1843472.524
518880.SH,20240805,5.505,5.39,5.416,5.343,5.366,-0.139,-2.525,4896321.0,2634877.831
518880.SH,20240806,5.366,5.35,5.362,5.305,5.327,-0.039,-0.7268,2934869.0,1566719.099
518880.SH,20240807,5.327,5.307,5.355,5.306,5.352,0.025,0.4693,1952998.0,1042230.264
518880.SH,20240808,5.352,5.345,5.355,5.328,5.349,-0.003,-0.0561,1431536.0,764231.589
518880.SH,20240809,5.349,5.406,5.414,5.379,5.396,0.047,0.8787,1807811.54,976321.769
518880.SH,20240812,5.396,5.41,5.438,5.4,5.437,0.041,0.7598,1313928.97,711951.732
518880.SH,20240813,5.437,5.476,5.492,5.466,5.474,0.037,0.6805,2110708.17,1156382.992
518880.SH,20240814,5.474,5.473,5.474,5.427,5.456,-0.018,-0.3288,3015716.0,1642554.081
518880.SH,20240815,5.456,5.431,5.45,5.429,5.443,-0.013,-0.2383,2847127.9,1548205.035
518880.SH,20240816,5.443,5.465,5.466,5.441,5.453,0.01,0.1837,2643497.0,1441631.449
518880.SH,20240819,5.453,5.502,5.527,5.493,5.513,0.06,1.1003,2691170.0,1482328.281
518880.SH,20240820,5.513,5.512,5.519,5.5,5.513,0.0,0.0,2924114.0,1610462.974
518880.SH,20240821,5.513,5.514,5.549,5.512,5.537,0.024,0.4353,2518755.0,1393689.574
518880.SH,20240822,5.537,5.535,5.536,5.508,5.523,-0.014,-0.2528,1917315.0,1058296.022
518880.SH,20240823,5.523,5.504,5.513,5.493,5.504,-0.019,-0.344,1350030.3,742746.901
518880.SH,20240826,5.504,5.526,5.539,5.52,5.538,0.034,0.6177,1438301.0,795075.71
518880.SH,20240827,5.538,5.528,5.542,5.515,5.534,-0.004,-0.0722,1494040.0,825725.926
518880.SH,20240828,5.534,5.545,5.548,5.518,5.528,-0.006,-0.1084,1521641.0,842135.211
518880.SH,20240829,5.528,5.539,5.548,5.534,5.535,0.007,0.1266,1726464.0,956916.085
518880.SH,20240830,5.535,5.528,5.543,5.51,5.522,-0.013,-0.2349,2139259.0,1181252.478
518880.SH,20240902,5.522,5.505,5.505,5.477,5.491,-0.031,-0.5614,1696702.52,931403.491
518880.SH,20240903,5.491,5.486,5.504,5.482,5.501,0.01,0.1821,1367565.24,751555.381
518880.SH,20240904,5.501,5.479,5.492,5.461,5.463,-0.038,-0.6908,1308661.72,717486.288
518880.SH,20240905,5.463,5.483,5.504,5.477,5.502,0.039,0.7139,1302137.92,714702.194
518880.SH,20240906,5.502,5.51,5.526,5.507,5.517,0.015,0.2726,1512679.84,834530.734
518880.SH,20240909,5.517,5.485,5.5,5.468,5.477,-0.04,-0.725,1672809.0,917894.05
518880.SH,20240910,5.477,5.512,5.517,5.505,5.513,0.036,0.6573,1037638.22,571869.792
518880.SH,20240911,5.513,5.536,5.545,5.526,5.542,0.029,0.526,1293446.22,715908.389
518880.SH,20240912,5.542,5.528,5.537,5.52,5.531,-0.011,-0.1985,1428733.0,789870.166
518880.SH,20240913,5.531,5.613,5.623,5.604,5.611,0.08,1.4464,2184940.0,1226767.203
518880.SH,20240918,5.611,5.621,5.626,5.602,5.609,-0.002,-0.0356,2925414.0,1641767.847
518880.SH,20240919,5.609,5.591,5.611,5.578,5.6,-0.009,-0.1605,2540863.0,1421667.469
518880.SH,20240920,5.6,5.619,5.665,5.618,5.663,0.063,1.125,1713524.0,965779.592
518880.SH,20240923,5.663,5.685,5.725,5.684,5.711,0.048,0.8476,2380927.54,1358788.606
518880.SH,20240924,5.711,5.723,5.732,5.689,5.697,-0.014,-0.2451,3231087.0,1846457.275
518880.SH,20240925,5.697,5.724,5.771,5.724,5.74,0.043,0.7548,2806563.66,1612395.551
518880.SH,20240926,5.74,5.76,5.765,5.74,5.751,0.011,0.1916,3061378.0,1761005.963
518880.SH,20240927,5.751,5.751,5.764,5.698,5.708,-0.043,-0.7477,1662631.0,955602.893
518880.SH,20240930,5.708,5.644,5.717,5.63,5.707,-0.001,-0.0175,3992244.2,2274923.666
518880.SH,20241008,5.707,5.682,5.757,5.681,5.714,0.007,0.1227,4465459.69,2558034.942
518880.SH,20241009,5.714,5.67,5.679,5.636,5.64,-0.074,-1.2951,3691504.02,2090099.308
518880.SH,20241010,5.64,5.647,5.678,5.642,5.676,0.036,0.6383,1902586.1,1076484.414
518880.SH,20241011,5.676,5.715,5.758,5.715,5.739,0.063,1.1099,2579208.7,1480522.918
518880.SH,20241014,5.739,5.77,5.806,5.751,5.799,0.06,1.0455,3164053.0,1826801.439
518880.SH,20241015,5.799,5.776,5.802,5.773,5.799,0.0,0.0,2712116.0,1570468.649
518880.SH,20241016,5.799,5.853,5.886,5.837,5.884,0.085,1.4658,4401831.55,2579194.921
518880.SH,20241017,5.884,5.891,5.912,5.887,5.905,0.021,0.3569,3566037.0,2103708.098
518880.SH,20241018,5.905,5.961,5.984,5.91,5.945,0.04,0.6774,5704443.0,3399065.573
518880.SH,20241021,5.945,5.995,6.021,5.978,6.02,0.075,1.2616,3822244.0,2292332.474
518880.SH,20241022,6.02,6.018,6.027,6.004,6.018,-0.002,-0.0332,2670721.0,1606508.429
518880.SH,20241023,6.018,6.042,6.058,6.02,6.056,0.038,0.6314,3546700.0,2142131.777
518880.SH,20241024,6.056,6.0,6.005,5.958,5.995,-0.061,-1.0073,3509821.0,2100218.58
518880.SH,20241025,5.995,5.994,5.999,5.982,5.998,0.003,0.05,2800089.0,1677550.239
518880.SH,20241028,5.998,5.986,6.03,5.985,6.017,0.019,0.3168,2905284.0,1745516.363
518880.SH,20241029,6.017,6.036,6.069,6.036,6.068,0.051,0.8476,3164390.0,1916983.481
518880.SH,20241030,6.068,6.111,6.146,6.104,6.14,0.072,1.1866,3881150.0,2377859.854
518880.SH,20241031,6.14,6.14,6.14,6.102,6.103,-0.037,-0.6026,3637244.51,2226528.542
518880.SH,20241101,6.103,6.017,6.068,6.017,6.051,-0.052,-0.852,3157902.0,1909288.303
518880.SH,20241104,6.051,6.011,6.023,5.988,6.006,-0.045,-0.7437,3206471.68,1925632.565
518880.SH,20241105,6.006,6.003,6.008,5.967,6.006,0.0,0.0,3465225.0,2075830.791
518880.SH,20241106,6.006,6.028,6.062,5.973,5.994,-0.012,-0.1998,5310282.05,3204265.274
518880.SH,20241107,5.994,5.865,5.881,5.857,5.86,-0.134,-2.2356,4971911.0,2917410.168
518880.SH,20241108,5.86,5.925,5.936,5.888,5.898,0.038,0.6485,5441983.5,3215881.384
518880.SH,20241111,5.898,5.901,5.91,5.889,5.905,0.007,0.1187,2938954.78,1733556.78
518880.SH,20241112,5.905,5.83,5.841,5.8,5.807,-0.098,-1.6596,3613932.0,2103738.415
518880.SH,20241113,5.807,5.805,5.814,5.795,5.796,-0.011,-0.1894,2945700.0,1709706.841
518880.SH,20241114,5.796,5.724,5.73,5.669,5.68,-0.116,-2.0014,4360110.0,2487543.373
518880.SH,20241115,5.68,5.711,5.712,5.667,5.683,0.003,0.0528,4101363.0,2335976.281
518880.SH,20241118,5.683,5.748,5.773,5.738,5.758,0.075,1.3197,3807962.0,2192024.051
518880.SH,20241119,5.758,5.811,5.86,5.809,5.858,0.1,1.7367,4128956.0,2409857.463
518880.SH,20241120,5.858,5.9,5.9,5.855,5.857,-0.001,-0.0171,3933263.1,2312028.15
518880.SH,20241121,5.857,5.914,5.934,5.909,5.933,0.076,1.2976,3471025.0,2054829.695
518880.SH,20241122,5.933,5.968,6.011,5.967,6.01,0.077,1.2978,4794501.1,2871840.491
518880.SH,20241125,6.01,6.009,6.013,5.893,5.916,-0.094,-1.5641,7735648.1,4610155.728
518880.SH,20241126,5.916,5.835,5.856,5.825,5.844,-0.072,-1.217,3675693.0,2147982.061
518880.SH,20241127,5.844,5.86,5.904,5.856,5.899,0.055,0.9411,3544560.0,2084747.692
518880.SH,20241128,5.899,5.831,5.877,5.823,5.869,-0.03,-0.5086,3513384.98,2055069.612
518880.SH,20241129,5.869,5.879,5.927,5.878,5.923,0.054,0.9201,3726693.95,2200782.924
518880.SH,20241202,5.923,5.85,5.885,5.848,5.872,-0.051,-0.8611,3002256.0,1762546.38
518880.SH,20241203,5.872,5.917,5.942,5.911,5.931,0.059,1.0048,2904022.0,1719827.619
518880.SH,20241204,5.931,5.915,5.938,5.913,5.929,-0.002,-0.0337,2169824.0,1286380.652
518880.SH,20241205,5.929,5.937,5.943,5.923,5.927,-0.002,-0.0337,2238436.0,1327983.845
518880.SH,20241206,5.927,5.866,5.91,5.861,5.903,-0.024,-0.4049,2917620.0,1716909.606
518880.SH,20241209,5.903,5.941,5.946,5.925,5.936,0.033,0.559,2406329.0,1428404.072
518880.SH,20241210,5.936,5.97,5.972,5.949,5.961,0.025,0.4212,3022870.0,1801985.985
518880.SH,20241211,5.961,6.028,6.03,5.977,6.011,0.05,0.8388,3684896.0,2214470.926
518880.SH,20241212,6.011,6.038,6.054,6.025,6.052,0.041,0.6821,2850292.0,1720927.816
518880.SH,20241213,6.052,6.016,6.018,5.991,6.001,-0.051,-0.8427,2686424.0,1613292.063
518880.SH,20241216,6.001,5.945,5.95,5.933,5.947,-0.054,-0.8999,2513897.0,1493426.609
518880.SH,20241217,5.947,5.957,5.97,5.936,5.94,-0.007,-0.1177,2538572.0,1511849.582
518880.SH,20241218,5.94,5.942,5.948,5.929,5.932,-0.008,-0.1347,1835435.92,1089480.648
518880.SH,20241219,5.932,5.867,5.906,5.867,5.885,-0.047,-0.7923,3622339.0,2131258.499
518880.SH,20241220,5.885,5.877,5.894,5.866,5.892,0.007,0.1189,2433829.15,1430034.217
518880.SH,20241223,5.892,5.919,5.953,5.918,5.951,0.059,1.0014,2797678.0,1661172.171
518880.SH,20241224,5.951,5.928,5.931,5.916,5.921,-0.03,-0.5041,2279641.08,1350515.009
518880.SH,20241225,5.921,5.932,5.939,5.929,5.936,0.015,0.2533,1445139.01,857653.535
518880.SH,20241226,5.936,5.955,5.957,5.937,5.94,0.004,0.0674,1837517.0,1092478.868
518880.SH,20241227,5.94,5.95,5.952,5.939,5.945,0.005,0.0842,1765068.0,1049505.975
518880.SH,20241230,5.945,5.934,5.939,5.92,5.923,-0.022,-0.3701,1660249.0,984288.624
518880.SH,20241231,5.923,5.914,5.932,5.9,5.928,0.005,0.0844,1648335.0,974644.615
518880.SH,20250102,5.928,5.975,5.981,5.96,5.977,0.049,0.8266,2330728.93,1391842.464
518880.SH,20250103,5.977,6.02,6.034,6.012,6.029,0.052,0.87,2759129.0,1661519.9
518880.SH,20250106,6.029,6.023,6.025,5.984,5.99,-0.039,-0.6469,2980850.0,1789609.736
518880.SH,20250107,5.99,5.992,6.009,5.987,6.0,0.01,0.1669,2177728.98,1305979.331
518880.SH,20250108,6.0,6.01,6.031,6.01,6.03,0.03,0.5,1604732.61,965957.916
518880.SH,20250109,6.03,6.038,6.066,6.032,6.065,0.035,0.5804,1566053.6,946209.476
518880.SH,20250110,6.065,6.078,6.109,6.075,6.105,0.04,0.6595,2414846.9,1470619.55
518880.SH,20250113,6.105,6.105,6.133,6.104,6.12,0.015,0.2457,3530893.0,2160358.184
518880.SH,20250114,6.12,6.07,6.075,6.062,6.068,-0.052,-0.8497,2869200.0,1740951.031
518880.SH,20250115,6.068,6.075,6.109,6.07,6.102,0.034,0.5603,2386864.0,1452719.737
518880.SH,20250116,6.102,6.139,6.141,6.11,6.122,0.02,0.3278,2413133.0,1478521.166
518880.SH,20250117,6.122,6.146,6.162,6.136,6.139,0.017,0.2777,2479820.0,1524953.624
518880.SH,20250120,6.139,6.091,6.131,6.089,6.127,-0.012,-0.1955,1982195.0,1210507.375
518880.SH,20250121,6.127,6.102,6.131,6.102,6.127,0.0,0.0,1954421.0,1196663.049
518880.SH,20250122,6.127,6.17,6.215,6.169,6.181,0.054,0.8813,2967705.27,1836180.883
518880.SH,20250123,6.181,6.183,6.194,6.18,6.187,0.006,0.0971,1923679.43,1190173.543
518880.SH,20250124,6.187,6.209,6.225,6.199,6.218,0.031,0.5011,2274922.0,1413858.397
518880.SH,20250127,6.218,6.218,6.218,6.181,6.202,-0.016,-0.2573,2288186.94,1417961.91
518880.SH,20250205,6.202,6.4,6.441,6.385,6.439,0.237,3.8213,3670161.08,2354135.637
518880.SH,20250206,6.439,6.441,6.454,6.4,6.402,-0.037,-0.5746,3053181.0,1965257.147
518880.SH,20250207,6.402,6.43,6.435,6.414,6.42,0.018,0.2812,2021942.0,1299373.106
518880.SH,20250210,6.42,6.46,6.519,6.46,6.518,0.098,1.5265,3156431.9,2046965.397
518880.SH,20250211,6.518,6.628,6.645,6.531,6.584,0.066,1.0126,6889828.0,4542010.086
518880.SH,20250212,6.584,6.542,6.548,6.511,6.538,-0.046,-0.6987,3426371.0,2237983.355
518880.SH,20250213,6.538,6.564,6.587,6.559,6.57,0.032,0.4894,2840252.29,1866397.971
518880.SH,20250214,6.57,6.599,6.607,6.585,6.605,0.035,0.5327,2466761.02,1627112.891
518880.SH,20250217,6.605,6.477,6.505,6.47,6.494,-0.111,-1.6805,3969726.81,2575282.904
518880.SH,20250218,6.494,6.5,6.56,6.497,6.555,0.061,0.9393,2928301.3,1913822.117
518880.SH,20250219,6.555,6.595,6.624,6.576,6.598,0.043,0.656,3156105.0,2084378.903
518880.SH,20250220,6.598,6.61,6.621,6.598,6.619,0.021,0.3183,2082200.0,1375763.005
518880.SH,20250221,6.619,6.608,6.608,6.544,6.568,-0.051,-0.7705,4119838.97,2707414.871
518880.SH,20250224,6.568,6.549,6.586,6.539,6.581,0.013,0.1979,2466793.0,1620085.717
518880.SH,20250225,6.581,6.605,6.611,6.575,6.582,0.001,0.0152,2647299.2,1745731.792
518880.SH,20250226,6.582,6.562,6.564,6.515,6.519,-0.063,-0.9572,2949586.37,1929025.426
518880.SH,20250227,6.519,6.533,6.541,6.484,6.492,-0.027,-0.4142,3039010.35,1978797.942
518880.SH,20250228,6.492,6.479,6.487,6.435,6.444,-0.048,-0.7394,2808644.0,1814366.434
518880.SH,20250303,6.444,6.445,6.455,6.435,6.451,0.007,0.1086,2587499.48,1668225.513
518880.SH,20250304,6.451,6.49,6.507,6.487,6.499,0.048,0.7441,2657438.0,1726309.042
518880.SH,20250305,6.499,6.523,6.551,6.521,6.547,0.048,0.7386,2218840.99,1449964.026
518880.SH,20250306,6.547,6.53,6.546,6.527,6.535,-0.012,-0.1833,1876229.76,1226197.91
518880.SH,20250307,6.535,6.506,6.529,6.503,6.526,-0.009,-0.1377,2122386.83,1382860.823
518880.SH,20250310,6.526,6.531,6.545,6.526,6.544,0.018,0.2758,1681356.03,1098905.803
518880.SH,20250311,6.544,6.491,6.506,6.488,6.505,-0.039,-0.596,2170708.0,1409808.324
518880.SH,20250312,6.505,6.518,6.534,6.512,6.526,0.021,0.3228,1335725.0,871152.793
518880.SH,20250313,6.526,6.573,6.583,6.57,6.575,0.049,0.7508,1806217.5,1187629.547
518880.SH,20250314,6.575,6.693,6.693,6.662,6.673,0.098,1.4905,3370643.0,2249855.859
518880.SH,20250317,6.673,6.674,6.678,6.659,6.677,0.004,0.0599,2612271.0,1742579.56
518880.SH,20250318,6.677,6.688,6.73,6.688,6.727,0.05,0.7488,2476183.0,1662780.921
518880.SH,20250319,6.727,6.757,6.806,6.754,6.8,0.073,1.0852,3326467.0,2256310.869
518880.SH,20250320,6.8,6.82,6.825,6.799,6.807,0.007,0.1029,2885805.77,1965397.258
518880.SH,20250321,6.807,6.808,6.81,6.762,6.774,-0.033,-0.4848,2599055.79,1763391.43
518880.SH,20250324,6.774,6.77,6.782,6.758,6.78,0.006,0.0886,1528904.22,1035354.851
518880.SH,20250325,6.78,6.758,6.778,6.751,6.774,-0.006,-0.0885,1881733.0,1272978.958
518880.SH,20250326,6.774,6.78,6.797,6.775,6.795,0.021,0.31,1928881.0,1309338.099
518880.SH,20250327,6.795,6.797,6.817,6.791,6.812,0.017,0.2502,2245290.07,1528152.97
518880.SH,20250328,6.812,6.912,6.939,6.894,6.938,0.126,1.8497,4236334.99,2930627.896
518880.SH,20250331,6.938,6.942,7.045,6.942,7.012,0.074,1.0666,6746863.54,4717070.932
518880.SH,20250401,7.012,7.065,7.098,7.041,7.056,0.044,0.6275,7182597.25,5075882.645
518880.SH,20250402,7.056,7.07,7.083,7.019,7.029,-0.027,-0.3827,4185809.16,2951070.225
518880.SH,20250403,7.029,7.135,7.173,7.068,7.094,0.065,0.9247,7260740.5,5174808.439
518880.SH,20250407,7.094,6.801,7.06,6.8,6.877,-0.217,-3.0589,12757844.86,8819492.014
518880.SH,20250408,6.877,6.878,6.938,6.852,6.925,0.048,0.698,6236427.63,4294930.105
518880.SH,20250409,6.925,6.89,7.02,6.888,7.012,0.087,1.2563,7833599.7,5435770.622
518880.SH,20250410,7.012,7.134,7.166,7.071,7.164,0.152,2.1677,9312016.15,6642456.53
518880.SH,20250411,7.164,7.34,7.34,7.225,7.273,0.109,1.5215,9690465.16,7073077.66
518880.SH,20250414,7.273,7.301,7.354,7.301,7.327,0.054,0.7425,7882788.77,5780997.53
518880.SH,20250415,7.327,7.327,7.334,7.315,7.325,-0.002,-0.0273,4205902.42,3081021.799
518880.SH,20250416,7.325,7.44,7.506,7.421,7.503,0.178,2.43,7498509.88,5597029.96
518880.SH,20250417,7.503,7.655,7.66,7.541,7.565,0.062,0.8263,10076524.86,7643429.582
518880.SH,20250418,7.565,7.564,7.589,7.533,7.583,0.018,0.2379,4780541.39,3617039.9
518880.SH,20250421,7.583,7.684,7.727,7.677,7.724,0.141,1.8594,7511945.84,5780384.756
518880.SH,20250422,7.724,7.871,8.033,7.86,7.982,0.258,3.3402,15195020.89,12093412.697
518880.SH,20250423,7.982,7.759,7.759,7.486,7.5,-0.482,-6.0386,25646888.17,19562766.019
518880.SH,20250424,7.5,7.67,7.707,7.55,7.582,0.082,1.0933,13034733.58,9946839.718
518880.SH,20250425,7.582,7.641,7.656,7.486,7.53,-0.052,-0.6858,9985943.0,7560930.098
518880.SH,20250428,7.53,7.499,7.511,7.443,7.465,-0.065,-0.8632,8073009.57,6031534.039
518880.SH,20250429,7.465,7.561,7.586,7.485,7.517,0.052,0.6966,6304712.89,4749487.8
518880.SH,20250430,7.517,7.525,7.529,7.467,7.471,-0.046,-0.6119,4372927.6,3276215.482
518880.SH,20250506,7.471,7.596,7.659,7.57,7.612,0.141,1.8873,9845270.34,7499496.274
518880.SH,20250507,7.612,7.614,7.678,7.588,7.671,0.059,0.7751,7518649.33,5748539.067
518880.SH,20250508,7.671,7.679,7.732,7.538,7.557,-0.114,-1.4861,11128510.87,8503906.698
518880.SH,20250509,7.557,7.502,7.555,7.427,7.531,-0.026,-0.3441,8873009.29,6647216.055
518880.SH,20250512,7.531,7.341,7.399,7.341,7.376,-0.155,-2.0582,6681992.36,4930947.745
518880.SH,20250513,7.376,7.291,7.339,7.224,7.332,-0.044,-0.5965,9052166.14,6588647.174
518880.SH,20250514,7.332,7.309,7.322,7.265,7.277,-0.055,-0.7501,5481793.0,3996673.209
518880.SH,20250515,7.277,7.165,7.169,7.01,7.062,-0.215,-2.9545,12901239.46,9132430.391
518880.SH,20250516,7.062,7.195,7.204,7.157,7.177,0.115,1.6284,8552747.88,6143784.727
518880.SH,20250519,7.177,7.206,7.231,7.193,7.222,0.045,0.627,6332771.0,4567415.868
518880.SH,20250520,7.222,7.217,7.238,7.196,7.209,-0.013,-0.18,4608627.7,3324544.898
518880.SH,20250521,7.209,7.381,7.44,7.376,7.439,0.23,3.1905,7543865.45,5587558.73
518880.SH,20250522,7.439,7.478,7.505,7.448,7.45,0.011,0.1479,7270548.0,5439783.047
518880.SH,20250523,7.45,7.405,7.457,7.373,7.454,0.004,0.0537,6059359.0,4495380.26
518880.SH,20250526,7.454,7.438,7.472,7.423,7.425,-0.029,-0.3891,4423087.0,3294213.684
518880.SH,20250527,7.425,7.434,7.456,7.356,7.366,-0.059,-0.7946,6034573.13,4472910.506
518880.SH,20250528,7.366,7.369,7.389,7.341,7.375,0.009,0.1222,3049976.0,2247365.541
518880.SH,20250529,7.375,7.263,7.31,7.26,7.3,-0.075,-1.0169,4232817.0,3084681.573
518880.SH,20250530,7.3,7.39,7.391,7.335,7.369,0.069,0.9452,3635737.03,2675997.478
518880.SH,20250603,7.369,7.501,7.519,7.461,7.478,0.109,1.4792,6061707.0,4544989.593
518880.SH,20250604,7.478,7.488,7.503,7.459,7.474,-0.004,-0.0535,4161571.5,3113658.616
518880.SH,20250605,7.474,7.499,7.504,7.469,7.483,0.009,0.1204,3385336.0,2534787.07
518880.SH,20250606,7.483,7.477,7.492,7.469,7.481,-0.002,-0.0267,3753551.32,2807696.362
518880.SH,20250609,7.481,7.364,7.401,7.331,7.4,-0.081,-1.0827,5058251.0,3726449.04
518880.SH,20250610,7.4,7.366,7.42,7.353,7.405,0.005,0.0676,5177958.89,3822935.723
518880.SH,20250611,7.405,7.42,7.436,7.404,7.428,0.023,0.3106,3606997.53,2677639.427
518880.SH,20250612,7.428,7.505,7.512,7.474,7.497,0.069,0.9289,3894631.3,2919654.502
518880.SH,20250613,7.497,7.616,7.653,7.57,7.588,0.091,1.2138,8880624.0,6764698.782
518880.SH,20250616,7.588,7.629,7.634,7.548,7.563,-0.025,-0.3295,6637311.79,5041475.386
518880.SH,20250617,7.563,7.525,7.528,7.47,7.499,-0.064,-0.8462,5031521.68,3775707.856
518880.SH,20250618,7.499,7.499,7.527,7.476,7.503,0.004,0.0533,3848652.7,2886557.97
518880.SH,20250619,7.503,7.5,7.506,7.444,7.465,-0.038,-0.5065,3668574.0,2741981.668
518880.SH,20250620,7.465,7.46,7.464,7.423,7.436,-0.029,-0.3885,3652503.0,2717567.425
518880.SH,20250623,7.436,7.452,7.485,7.441,7.464,0.028,0.3765,3685197.4,2750226.776
518880.SH,20250624,7.464,7.431,7.44,7.354,7.372,-0.092,-1.2326,5816473.12,4305391.87
518880.SH,20250625,7.372,7.378,7.398,7.376,7.392,0.02,0.2713,2847107.0,2103580.236
518880.SH,20250626,7.392,7.39,7.406,7.385,7.405,0.013,0.1759,2771478.8,2049012.994
518880.SH,20250627,7.405,7.365,7.375,7.311,7.326,-0.079,-1.0668,4558534.0,3345234.504
518880.SH,20250630,7.326,7.3,7.321,7.274,7.314,-0.012,-0.1638,3366574.0,2457750.199
518880.SH,20250701,7.314,7.359,7.4,7.346,7.397,0.083,1.1348,3478679.47,2564118.18
518880.SH,20250702,7.397,7.395,7.418,7.384,7.394,-0.003,-0.0406,2916548.0,2157429.707
518880.SH,20250703,7.394,7.407,7.453,7.407,7.445,0.051,0.6897,2959903.0,2199395.168
518880.SH,20250704,7.445,7.4,7.413,7.376,7.407,-0.038,-0.5104,2572291.0,1902194.152
518880.SH,20250707,7.407,7.348,7.367,7.344,7.355,-0.052,-0.702,2817844.0,2072584.679
518880.SH,20250708,7.355,7.397,7.406,7.389,7.398,0.043,0.5846,2178995.76,1612084.341
518880.SH,20250709,7.398,7.347,7.348,7.304,7.314,-0.084,-1.1354,4255341.0,3116306.56
518880.SH,20250710,7.314,7.371,7.38,7.358,7.371,0.057,0.7793,3020037.73,2225855.85
518880.SH,20250711,7.371,7.375,7.392,7.372,7.376,0.005,0.0678,2616554.04,1931126.841
518880.SH,20250714,7.376,7.426,7.445,7.413,7.44,0.064,0.8677,2671885.47,1983515.657
518880.SH,20250715,7.44,7.41,7.445,7.401,7.436,-0.004,-0.0538,2689311.1,1996432.231
518880.SH,20250716,7.436,7.394,7.407,7.378,7.402,-0.034,-0.4572,2390713.5,1767210.158
518880.SH,20250717,7.402,7.403,7.411,7.386,7.397,-0.005,-0.0675,2083169.94,1541460.812
518880.SH,20250718,7.397,7.394,7.407,7.391,7.403,0.006,0.0811,1840284.87,1361500.094
518880.SH,20250721,7.403,7.43,7.454,7.42,7.446,0.043,0.5808,3004574.29,2233893.918
518880.SH,20250722,7.446,7.483,7.489,7.47,7.474,0.028,0.376,3620034.25,2707621.582
518880.SH,20250723,7.474,7.54,7.549,7.525,7.548,0.074,0.9901,3141071.64,2368464.628
518880.SH,20250724,7.548,7.459,7.461,7.415,7.424,-0.124,-1.6428,4405109.42,3275368.218
518880.SH,20250725,7.424,7.415,7.421,7.399,7.409,-0.015,-0.202,2547626.63,1887414.454
518880.SH,20250728,7.409,7.382,7.398,7.367,7.388,-0.021,-0.2834,2841433.28,2096675.236
518880.SH,20250729,7.388,7.35,7.366,7.345,7.363,-0.025,-0.3384,2631616.41,1936018.254
518880.SH,20250730,7.363,7.387,7.389,7.367,7.377,0.014,0.1901,2817736.28,2078603.635
518880.SH,20250731,7.377,7.329,7.356,7.315,7.35,-0.027,-0.366,3041657.11,2231589.344
518880.SH,20250801,7.35,7.343,7.366,7.331,7.352,0.002,0.0272,1923995.99,1413896.11
518880.SH,20250804,7.352,7.432,7.447,7.432,7.446,0.094,1.2786,4261135.92,3170843.97
518880.SH,20250805,7.446,7.481,7.486,7.454,7.455,0.009,0.1209,3224587.15,2408802.907
518880.SH,20250806,7.455,7.472,7.482,7.46,7.468,0.013,0.1744,2661819.51,1988337.088
518880.SH,20250807,7.468,7.471,7.488,7.459,7.484,0.016,0.2142,3136422.01,2344129.227
518880.SH,20250808,7.484,7.488,7.513,7.488,7.508,0.024,0.3207,3380603.49,2535544.417
518880.SH,20250811,7.508,7.452,7.46,7.423,7.429,-0.079,-1.0522,3596888.1,2678359.43
518880.SH,20250812,7.429,7.412,7.416,7.393,7.399,-0.03,-0.4038,2814916.69,2084438.53
518880.SH,20250813,7.399,7.395,7.416,7.394,7.415,0.016,0.2162,2306006.12,1707832.442
518880.SH,20250814,7.415,7.431,7.438,7.413,7.424,0.009,0.1214,2287805.44,1698855.241
518880.SH,20250815,7.424,7.384,7.41,7.381,7.401,-0.023,-0.3098,2080440.0,1538722.974
518880.SH,20250818,7.401,7.398,7.43,7.393,7.413,0.012,0.1621,2281711.06,1690072.0
518880.SH,20250819,7.413,7.386,7.4,7.386,7.391,-0.022,-0.2968,1826992.99,1350510.204
518880.SH,20250820,7.391,7.362,7.377,7.35,7.374,-0.017,-0.23,2049639.0,1509440.993
518880.SH,20250821,7.374,7.403,7.408,7.387,7.394,0.02,0.2712,2232927.31,1652146.836
518880.SH,20250822,7.394,7.395,7.4,7.373,7.378,-0.016,-0.2164,1949286.78,1439892.466
518880.SH,20250825,7.378,7.419,7.43,7.417,7.427,0.049,0.6641,2885724.34,2141946.403
518880.SH,20250826,7.427,7.437,7.45,7.437,7.449,0.022,0.2962,2935326.0,2185176.566
518880.SH,20250827,7.449,7.461,7.461,7.444,7.45,0.001,0.0134,2359129.01,1758733.831
518880.SH,20250828,7.45,7.462,7.47,7.459,7.468,0.018,0.2416,2231072.84,1665240.691
518880.SH,20250829,7.468,7.48,7.488,7.478,7.486,0.018,0.241,2177646.86,1629642.851
518880.SH,20250901,7.486,7.546,7.658,7.542,7.647,0.161,2.1507,8445147.84,6431354.808
518880.SH,20250902,7.647,7.75,7.75,7.663,7.67,0.023,0.3008,6506048.08,5006529.827
518880.SH,20250903,7.67,7.76,7.787,7.746,7.768,0.098,1.2777,5354583.9,4158516.363
518880.SH,20250904,7.768,7.795,7.795,7.694,7.75,-0.018,-0.2317,5618614.13,4352594.756
518880.SH,20250905,7.75,7.773,7.782,7.755,7.775,0.025,0.3226,3441495.44,2674763.266
518880.SH,20250908,7.775,7.811,7.848,7.808,7.847,0.072,0.926,4139097.59,3240893.04
518880.SH,20250909,7.847,7.934,7.987,7.928,7.966,0.119,1.5165,6959081.32,5537633.289
518880.SH,20250910,7.966,7.906,7.953,7.898,7.947,-0.019,-0.2385,3986089.08,3160253.38
518880.SH,20250911,7.947,7.963,7.968,7.901,7.923,-0.024,-0.302,4109333.74,3259869.667
518880.SH,20250912,7.923,7.932,7.966,7.932,7.954,0.031,0.3913,3287668.45,2613712.618
518880.SH,20250915,7.954,7.908,7.947,7.907,7.931,-0.023,-0.2892,2852905.27,2262570.508
518880.SH,20250916,7.931,8.007,8.034,7.988,8.032,0.101,1.2735,3394975.84,2718705.446
518880.SH,20250917,8.032,8.01,8.01,7.955,7.964,-0.068,-0.8466,4282963.95,3417850.247
518880.SH,20250918,7.964,7.901,7.949,7.859,7.862,-0.102,-1.2808,5565626.27,4399557.224
518880.SH,20250919,7.862,7.901,7.917,7.869,7.898,0.036,0.4579,3237996.19,2556742.578
518880.SH,20250922,7.898,8.005,8.058,7.984,8.048,0.15,1.8992,4532519.35,3632554.944
518880.SH,20250923,8.048,8.125,8.149,8.105,8.143,0.095,1.1804,5115503.7,4158136.063
518880.SH,20250924,8.143,8.141,8.204,8.123,8.19,0.047,0.5772,4399010.8,3591418.429
518880.SH,20250925,8.19,8.16,8.164,8.116,8.146,-0.044,-0.5372,4441117.04,3614722.212
518880.SH,20250926,8.146,8.15,8.183,8.147,8.16,0.014,0.1719,3845481.0,3138261.886
518880.SH,20250929,8.16,8.177,8.268,8.174,8.259,0.099,1.2132,5329506.67,4380687.035
518880.SH,20250930,8.259,8.324,8.388,8.324,8.339,0.08,0.9686,6669568.76,5576070.203
518880.SH,20251009,8.339,8.724,8.779,8.69,8.729,0.39,4.6768,8014424.72,6996319.98
518880.SH,20251010,8.729,8.637,8.651,8.586,8.602,-0.127,-1.4549,6414709.35,5528015.329
518880.SH,20251013,8.602,8.77,8.868,8.77,8.859,0.257,2.9877,7739480.22,6826004.392
518880.SH,20251014,8.859,9.1,9.377,8.878,8.976,0.117,1.3207,16679605.06,15094002.873
518880.SH,20251015,8.976,9.143,9.19,9.09,9.187,0.211,2.3507,9193141.19,8404693.734
518880.SH,20251016,9.187,9.23,9.288,9.198,9.244,0.057,0.6204,10409158.76,9625793.165
518880.SH,20251017,9.244,9.497,9.587,9.361,9.568,0.324,3.505,15863425.5,15083487.665
518880.SH,20251020,9.568,9.308,9.367,9.25,9.268,-0.3,-3.1355,12056984.99,11239083.883
518880.SH,20251021,9.268,9.526,9.526,9.425,9.49,0.222,2.3953,9995217.8,9473507.963
518880.SH,20251022,9.49,8.986,9.106,8.95,9.101,-0.389,-4.0991,14076692.27,12694570.824
518880.SH,20251023,9.101,8.98,9.052,8.92,8.994,-0.107,-1.1757,9320664.67,8366775.476
518880.SH,20251024,8.994,9.048,9.053,8.933,8.95,-0.044,-0.4892,7400820.55,6652958.689
518880.SH,20251027,8.95,8.948,8.949,8.897,8.914,-0.036,-0.4022,6754374.97,6024338.869
518880.SH,20251028,8.914,8.79,8.79,8.591,8.597,-0.317,-3.5562,10854757.13,9433291.725
518880.SH,20251029,8.597,8.68,8.699,8.622,8.692,0.095,1.105,7999573.87,6929137.801
518880.SH,20251030,8.692,8.635,8.706,8.559,8.704,0.012,0.1381,10255273.42,8858790.469
518880.SH,20251031,8.704,8.81,8.822,8.748,8.794,0.09,1.034,7719496.36,6782774.235
518880.SH,20251103,8.794,8.743,8.801,8.737,8.797,0.003,0.0341,4658113.03,4085511.859
518880.SH,20251104,8.797,8.745,8.756,8.705,8.737,-0.06,-0.6821,5311229.27,4638166.862
518880.SH,20251105,8.737,8.654,8.732,8.641,8.706,-0.031,-0.3548,4760923.29,4136619.619
518880.SH,20251106,8.706,8.718,8.757,8.706,8.755,0.049,0.5628,4094435.62,3576860.604
518880.SH,20251107,8.755,8.769,8.798,8.755,8.793,0.038,0.434,4272647.48,3747892.162
518880.SH,20251110,8.793,8.869,8.949,8.856,8.936,0.143,1.6263,7585074.94,6751619.483
518880.SH,20251111,8.936,9.138,9.138,9.049,9.062,0.126,1.41,8281065.85,7518834.24
518880.SH,20251112,9.062,9.058,9.068,8.984,9.029,-0.033,-0.3642,6587183.82,5948310.393
518880.SH,20251113,9.029,9.157,9.184,9.134,9.175,0.146,1.617,6514007.98,5968013.292
518880.SH,20251114,9.175,9.099,9.18,9.09,9.096,-0.079,-0.861,7161875.19,6540777.396
518880.SH,20251117,9.096,8.922,8.969,8.842,8.882,-0.214,-2.3527,8126693.65,7238287.561
518880.SH,20251118,8.882,8.837,8.837,8.77,8.777,-0.105,-1.1822,5836812.81,5133558.167
518880.SH,20251119,8.777,8.89,8.968,8.873,8.954,0.177,2.0166,6041360.17,5392419.257
518880.SH,20251120,8.954,8.959,8.969,8.865,8.903,-0.051,-0.5696,6337762.32,5649454.182
518880.SH,20251121,8.903,8.888,8.921,8.824,8.828,-0.075,-0.8424,6842939.9,6071459.2
518880.SH,20251124,8.828,8.858,8.865,8.829,8.857,0.029,0.3285,4681449.0,4141386.255
518880.SH,20251125,8.857,8.99,9.039,8.99,9.01,0.153,1.7274,6423142.63,5789627.417
518880.SH,20251126,9.01,9.015,9.048,9.003,9.011,0.001,0.0111,5090521.24,4596141.094
518880.SH,20251127,9.011,9.003,9.017,8.986,9.01,-0.001,-0.0111,3807152.68,3427665.091
518880.SH,20251128,9.01,9.084,9.09,9.051,9.067,0.057,0.6326,3972928.13,3603374.123
518880.SH,20251201,9.067,9.146,9.204,9.128,9.161,0.094,1.0367,7318583.99,6708010.683
518880.SH,20251202,9.161,9.118,9.145,9.088,9.112,-0.049,-0.5349,4475178.19,4083289.907
518880.SH,20251203,9.112,9.118,9.143,9.084,9.096,-0.016,-0.1756,4607233.35,4198884.82
518880.SH,20251204,9.096,9.107,9.125,9.035,9.064,-0.032,-0.3518,5584621.41,5070761.141
518880.SH,20251205,9.064,9.094,9.148,9.084,9.136,0.072,0.7944,4159658.11,3791528.369
518880.SH,20251208,9.136,9.107,9.119,9.078,9.11,-0.026,-0.2846,4317056.23,3929192.887
518880.SH,20251209,9.11,9.075,9.082,9.026,9.046,-0.064,-0.7025,4772816.32,4322621.349
518880.SH,20251210,9.046,9.114,9.118,9.081,9.095,0.049,0.5417,3418584.28,3111335.234
518880.SH,20251211,9.095,9.157,9.165,9.095,9.11,0.015,0.1649,4666349.93,4260705.305
518880.SH,20251212,9.11,9.201,9.23,9.191,9.227,0.117,1.2843,4766188.09,4388186.109
518880.SH,20251215,9.227,9.298,9.36,9.297,9.351,0.124,1.3439,5679028.46,5297510.203
518880.SH,20251216,9.351,9.272,9.296,9.199,9.24,-0.111,-1.187,5196267.08,4805902.569
518880.SH,20251217,9.24,9.283,9.345,9.283,9.31,0.07,0.7576,4520835.92,4209416.976
518880.SH,20251218,9.31,9.311,9.327,9.302,9.318,0.008,0.0859,3178056.1,2961343.686
518880.SH,20251219,9.318,9.29,9.321,9.273,9.313,-0.005,-0.0537,3703003.16,3443922.186
518880.SH,20251222,9.313,9.38,9.514,9.38,9.511,0.198,2.1261,6918754.23,6534234.042
518880.SH,20251223,9.511,9.63,9.689,9.608,9.639,0.128,1.3458,9022814.2,8709327.485
518880.SH,20251224,9.639,9.719,9.722,9.613,9.642,0.003,0.0311,7384368.99,7136924.986
518880.SH,20251225,9.642,9.571,9.58,9.539,9.566,-0.076,-0.7882,4311576.19,4123112.968
518880.SH,20251226,9.566,9.67,9.68,9.618,9.65,0.084,0.8781,4898253.36,4726243.848
518880.SH,20251229,9.65,9.64,9.667,9.55,9.563,-0.087,-0.9016,7144966.69,6877104.094
518880.SH,20251230,9.563,9.272,9.402,9.272,9.363,-0.2,-2.0914,8615558.22,8058585.692
518880.SH,20251231,9.363,9.359,9.392,9.196,9.301,-0.062,-0.6622,8873154.17,8255346.608
518880.SH,20260105,9.301,9.421,9.499,9.421,9.495,0.194,2.0858,6832710.28,6465146.234
518880.SH,20260106,9.495,9.536,9.606,9.528,9.577,0.082,0.8636,5313457.38,5085365.304
518880.SH,20260107,9.577,9.6,9.601,9.511,9.518,-0.059,-0.6161,6163985.14,5894333.39
518880.SH,20260108,9.518,9.555,9.559,9.474,9.511,-0.007,-0.0735,4838349.91,4604940.099
518880.SH,20260109,9.511,9.544,9.596,9.544,9.592,0.081,0.8516,3791903.9,3629946.415
518880.SH,20260112,9.592,9.779,9.791,9.736,9.777,0.185,1.9287,4935017.0,4822414.247
518880.SH,20260113,9.777,9.79,9.825,9.771,9.793,0.016,0.1636,3982367.25,3901169.996
518880.SH,20260114,9.793,9.871,9.925,9.869,9.922,0.129,1.3173,4369521.17,4321616.075
518880.SH,20260115,9.922,9.861,9.883,9.82,9.867,-0.055,-0.5543,5542922.06,5460435.94
518880.SH,20260116,9.867,9.851,9.874,9.828,9.857,-0.01,-0.1013,3278431.49,3228858.975
518880.SH,20260119,9.857,9.962,10.009,9.96,10.006,0.149,1.5116,4806211.54,4797229.646
518880.SH,20260120,10.006,10.005,10.095,9.983,10.082,0.076,0.7595,5338067.06,5362959.212
518880.SH,20260121,10.082,10.365,10.501,10.322,10.377,0.295,2.926,9845096.22,10230345.643
518880.SH,20260122,10.377,10.29,10.343,10.23,10.341,-0.036,-0.3469,7196858.37,7398945.407
518880.SH,20260123,10.341,10.618,10.643,10.585,10.617,0.276,2.669,7298894.96,7746553.192
518880.SH,20260126,10.617,10.886,10.955,10.848,10.924,0.307,2.8916,9604744.83,10463068.625
518880.SH,20260127,10.924,10.883,10.946,10.848,10.934,0.01,0.0915,7711072.5,8395732.861
518880.SH,20260128,10.934,11.11,11.288,11.109,11.28,0.346,3.1644,10662010.04,11961498.145
518880.SH,20260129,11.28,11.918,11.977,11.796,11.904,0.624,5.5319,14971079.26,17799095.491
518880.SH,20260130,11.904,11.471,11.533,10.8,11.009,-0.895,-7.5185,23016096.92,25777505.557
518880.SH,20260202,11.009,9.908,10.245,9.908,9.908,-1.101,-10.0009,18998204.2,19145014.244
518880.SH,20260203,9.908,10.355,10.461,10.105,10.422,0.514,5.1877,21009166.76,21613177.107
518880.SH,20260204,10.422,10.795,10.904,10.738,10.867,0.445,4.2698,14242989.36,15412917.353
518880.SH,20260205,10.867,10.61,10.695,10.3,10.523,-0.344,-3.1655,19090454.95,20057436.535
518880.SH,20260206,10.523,10.079,10.523,10.05,10.357,-0.166,-1.5775,18412789.75,19034272.998
518880.SH,20260209,10.357,10.72,10.75,10.61,10.719,0.362,3.4952,11612227.45,12418166.669
518880.SH,20260210,10.719,10.686,10.733,10.661,10.669,-0.05,-0.4665,7026000.61,7513073.622
518880.SH,20260211,10.669,10.704,10.765,10.7,10.758,0.089,0.8342,6818267.14,7317564.815
518880.SH,20260212,10.758,10.72,10.752,10.7,10.72,-0.038,-0.3532,6004793.5,6445229.523
518880.SH,20260213,10.72,10.582,10.617,10.508,10.575,-0.145,-1.3526,7693922.58,8131354.16
518880.SH,20260224,10.575,10.92,10.998,10.903,10.95,0.375,3.5461,7523137.23,8241565.507
518880.SH,20260225,10.95,10.953,10.992,10.92,10.959,0.009,0.0822,6074773.46,6656474.798
518880.SH,20260226,10.959,10.939,10.944,10.896,10.913,-0.046,-0.4197,4377669.76,4781387.315
518880.SH,20260227,10.913,10.92,10.95,10.911,10.933,0.02,0.1833,4631263.87,5063424.364
518880.SH,20260302,10.933,11.368,11.419,11.214,11.417,0.484,4.427,11300971.71,12775642.356
518880.SH,20260303,11.417,11.418,11.418,11.202,11.259,-0.158,-1.3839,9692849.41,10968192.369
518880.SH,20260304,11.259,11.0,11.085,10.926,10.98,-0.279,-2.478,9979811.75,10981117.96
518880.SH,20260305,10.98,10.98,11.014,10.889,10.964,-0.016,-0.1457,6536802.0,7165201.084
518880.SH,20260306,10.964,10.834,10.937,10.831,10.873,-0.091,-0.83,4916711.93,5356472.276
518880.SH,20260309,10.873,10.858,10.95,10.793,10.868,-0.005,-0.046,8012132.16,8713281.061
518880.SH,20260310,10.868,10.963,10.991,10.943,10.956,0.088,0.8097,4379328.78,4801155.476
518880.SH,20260311,10.956,11.026,11.028,10.964,10.974,0.018,0.1643,4754957.27,5230093.074
518880.SH,20260312,10.974,10.928,10.956,10.892,10.938,-0.036,-0.328,3892379.02,4253167.289
518880.SH,20260313,10.938,10.852,10.88,10.791,10.802,-0.136,-1.2434,3885245.33,4211610.423
518880.SH,20260316,10.802,10.63,10.7,10.605,10.664,-0.138,-1.2775,4789246.6,5100457.125
518880.SH,20260317,10.664,10.632,10.696,10.63,10.637,-0.027,-0.2532,3535281.9,3766972.817
518880.SH,20260318,10.637,10.638,10.639,10.57,10.606,-0.031,-0.2914,3544273.28,3756857.569
518880.SH,20260319,10.606,10.283,10.345,10.08,10.126,-0.48,-4.5257,8783621.47,9006105.538
518880.SH,20260320,10.126,9.9,10.066,9.883,9.896,-0.23,-2.2714,11917840.92,11878418.533
518880.SH,20260323,9.896,9.488,9.5,8.906,8.941,-0.955,-9.6504,19747659.11,18231773.873
518880.SH,20260324,8.941,9.21,9.303,9.105,9.299,0.358,4.004,14905164.64,13716736.873
518880.SH,20260325,9.299,9.7,9.772,9.609,9.641,0.342,3.6778,11786322.01,11438092.704
518880.SH,20260326,9.641,9.628,9.637,9.358,9.45,-0.191,-1.9811,11076212.74,10525933.922
518880.SH,20260327,9.45,9.358,9.528,9.358,9.494,0.044,0.4656,7487072.64,7077216.082
518880.SH,20260330,9.494,9.496,9.696,9.473,9.656,0.162,1.7063,10467459.03,10053472.875
518880.SH,20260331,9.656,9.751,9.836,9.697,9.699,0.043,0.4453,9818017.1,9575690.405
518880.SH,20260401,9.699,9.95,10.028,9.912,10.024,0.325,3.3509,8356708.18,8316311.343
518880.SH,20260402,10.024,10.0,10.0,9.641,9.738,-0.286,-2.8532,13026467.46,12814253.058
518880.SH,20260403,9.738,9.914,9.914,9.793,9.828,0.09,0.9242,4242962.0,4176219.528
518880.SH,20260407,9.828,9.845,9.867,9.781,9.837,0.009,0.0916,5427847.69,5331846.502
518880.SH,20260408,9.837,10.103,10.153,10.057,10.113,0.276,2.8057,9943479.75,10051847.595
518880.SH,20260409,10.113,9.92,9.95,9.9,9.908,-0.205,-2.0271,6552527.44,6501536.554
518880.SH,20260410,9.908,9.995,10.03,9.954,9.972,0.064,0.6459,5776953.24,5772482.719
518880.SH,20260413,9.972,9.918,9.939,9.9,9.924,-0.048,-0.4813,4285543.92,4251246.607
518880.SH,20260414,9.924,9.999,10.012,9.968,10.011,0.087,0.8767,4221604.66,4218777.617
518880.SH,20260415,10.011,10.127,10.15,10.062,10.064,0.053,0.5294,4897697.44,4949413.437
518880.SH,20260416,10.064,10.095,10.111,10.07,10.097,0.033,0.3279,3762437.13,3796363.197
518880.SH,20260417,10.097,10.0,10.071,9.99,10.029,-0.068,-0.6735,3577189.01,3589199.404
518880.SH,20260420,10.029,10.04,10.075,10.013,10.036,0.007,0.0698,3558334.75,3572623.672
518880.SH,20260421,10.036,10.07,10.072,10.003,10.01,-0.026,-0.2591,3239028.76,3250579.583
518880.SH,20260422,10.01,9.968,10.008,9.968,10.004,-0.006,-0.0599,3642197.94,3637270.995
518880.SH,20260423,10.004,9.935,9.947,9.865,9.9,-0.104,-1.0396,4267851.3,4226616.551
518880.SH,20260424,9.9,9.885,9.886,9.814,9.826,-0.074,-0.7475,3141902.01,3091878.872
518880.SH,20260427,9.826,9.859,9.917,9.857,9.897,0.071,0.7226,2554760.37,2526051.171
518880.SH,20260428,9.897,9.85,9.854,9.714,9.732,-0.165,-1.6672,3761043.47,3676337.287
518880.SH,20260429,9.732,9.641,9.68,9.63,9.637,-0.095,-0.9762,5119968.33,4943877.284
518880.SH,20260430,9.637,9.629,9.679,9.58,9.678,0.041,0.4254,4046629.69,3894564.587
518880.SH,20260506,9.678,9.698,9.792,9.698,9.791,0.113,1.1676,3926977.76,3827234.55
518880.SH,20260507,9.791,9.871,9.933,9.835,9.909,0.118,1.2052,4380057.3,4322115.66
518880.SH,20260508,9.909,9.871,9.897,9.853,9.88,-0.029,-0.2927,3403790.15,3361489.92
518880.SH,20260511,9.88,9.827,9.827,9.714,9.774,-0.106,-1.0729,4475876.7,4376016.747
518880.SH,20260512,9.774,9.9,9.906,9.8,9.806,0.032,0.3274,4059230.15,3997558.136
518880.SH,20260513,9.806,9.818,9.834,9.78,9.804,-0.002,-0.0204,2983073.55,2925864.489
518880.SH,20260514,9.804,9.78,9.802,9.761,9.795,-0.009,-0.0918,2968823.93,2903498.943
518880.SH,20260515,9.795,9.645,9.659,9.532,9.554,-0.241,-2.4604,6498776.83,6233847.911
518880.SH,20260518,9.554,9.44,9.534,9.435,9.513,-0.041,-0.4291,4769784.63,4527932.597
518880.SH,20260519,9.513,9.519,9.554,9.485,9.515,0.002,0.021,2643764.15,2516240.589
518880.SH,20260520,9.515,9.4,9.4,9.332,9.367,-0.148,-1.5554,5463214.91,5114796.529
518880.SH,20260521,9.367,9.53,9.543,9.447,9.45,0.083,0.8861,3377730.7,3206814.236
518880.SH,20260522,9.45,9.46,9.474,9.424,9.461,0.011,0.1164,2715696.63,2567719.896
518880.SH,20260525,9.461,9.531,9.54,9.49,9.512,0.051,0.5391,2386059.4,2269776.991
518880.SH,20260526,9.512,9.481,9.487,9.442,9.454,-0.058,-0.6098,2208614.2,2089349.183
518880.SH,20260527,9.454,9.419,9.425,9.336,9.345,-0.109,-1.153,3246682.08,3044601.314
518880.SH,20260528,9.345,9.216,9.218,9.108,9.132,-0.213,-2.28,4566207.53,4181014.488
518880.SH,20260529,9.132,9.385,9.4,9.34,9.397,0.265,2.9,3482352.18,3262565.266
518880.SH,20260601,9.397,9.398,9.414,9.343,9.344,-0.053,-0.56,2586409.02,2427380.926
518880.SH,20260602,9.344,9.3,9.414,9.266,9.41,0.066,0.71,3247780.5,3034940.31
518880.SH,20260603,9.41,9.28,9.327,9.263,9.281,-0.129,-1.37,3254876.0,3024667.411
518880.SH,20260604,9.281,9.301,9.32,9.274,9.29,0.009,0.1,2821726.74,2623259.392
518880.SH,20260605,9.29,9.263,9.275,9.21,9.252,-0.038,-0.41,3017553.05,2788572.679
518880.SH,20260608,9.252,9.001,9.024,8.893,8.953,-0.299,-3.23,4952978.82,4442538.006
518880.SH,20260609,8.953,9.01,9.046,9.004,9.005,0.052,0.58,2870005.33,2589621.005
518880.SH,20260610,9.005,8.74,8.78,8.671,8.736,-0.269,-2.99,5609092.57,4889766.654
518880.SH,20260611,8.736,8.561,8.58,8.418,8.506,-0.23,-2.63,6491526.77,5515478.4
518880.SH,20260612,8.506,8.67,8.715,8.639,8.659,0.153,1.8,4367406.87,3787489.191
518880.SH,20260615,8.659,8.916,8.988,8.91,8.928,0.269,3.11,4994174.55,4468968.234
518880.SH,20260616,8.928,8.945,8.968,8.92,8.949,0.021,0.24,2752220.53,2461164.661
518880.SH,20260617,8.949,8.978,8.986,8.933,8.957,0.008,0.09,2634057.74,2361143.262
518880.SH,20260618,8.957,8.95,8.964,8.892,8.908,-0.049,-0.55,2982682.13,2663369.298
518880.SH,20260622,8.908,8.735,8.742,8.655,8.716,-0.192,-2.16,4409718.31,3834546.126
518880.SH,20260623,8.716,8.668,8.674,8.525,8.537,-0.179,-2.05,4256305.33,3654668.516
518880.SH,20260624,8.537,8.485,8.53,8.426,8.515,-0.022,-0.26,4029970.39,3418706.769
518880.SH,20260625,8.515,8.33,8.33,8.267,8.287,-0.228,-2.68,5089866.39,4224829.996
518880.SH,20260626,8.287,8.365,8.393,8.293,8.39,0.103,1.24,3848075.48,3213357.332
518880.SH,20260629,8.39,8.445,8.479,8.404,8.449,0.059,0.7,3398349.07,2870486.268
518880.SH,20260630,8.449,8.262,8.389,8.224,8.378,-0.071,-0.84,4192779.45,3473352.887
518880.SH,20260701,8.378,8.284,8.3,8.253,8.271,-0.107,-1.28,3052898.7,2526820.875
518880.SH,20260702,8.271,8.425,8.484,8.397,8.475,0.204,2.47,5149789.77,4346984.456
518880.SH,20260703,8.475,8.706,8.726,8.636,8.672,0.197,2.32,4676684.83,4059995.573
518880.SH,20260706,8.672,8.696,8.738,8.62,8.631,-0.041,-0.47,3162708.03,2744403.494
518880.SH,20260707,8.631,8.59,8.62,8.564,8.597,-0.034,-0.39,2238576.97,1924146.85
518880.SH,20260708,8.597,8.543,8.605,8.53,8.589,-0.008,-0.09,2410681.82,2068067.225
518880.SH,20260709,8.589,8.495,8.55,8.446,8.544,-0.045,-0.52,2454206.53,2084790.591
518880.SH,20260710,8.544,8.551,8.587,8.538,8.541,-0.003,-0.04,2282915.24,1953497.774
518880.SH,20260713,8.541,8.47,8.497,8.413,8.419,-0.122,-1.43,3020485.24,2551745.651
518880.SH,20260714,8.419,8.302,8.389,8.302,8.373,-0.046,-0.55,2362128.0,1974213.7
518880.SH,20260715,8.373,8.415,8.42,8.347,8.369,-0.004,-0.05,2283309.52,1912067.301
518880.SH,20260716,8.369,8.375,8.395,8.349,8.363,-0.006,-0.07,1800219.1,1506556.933
518880.SH,20260717,8.363,8.291,8.326,8.256,8.311,-0.052,-0.62,2844768.6,2358048.522
518880.SH,20260720,8.311,8.311,8.362,8.3,8.318,0.007,0.08,2007208.0,1671393.158
518880.SH,20260721,8.318,8.352,8.477,8.345,8.468,0.15,1.8,3211973.19,2700615.686
518880.SH,20260722,8.468,8.555,8.614,8.546,8.56,0.092,1.09,6494273.12,5570743.361
518880.SH,20260723,8.56,8.604,8.61,8.541,8.56,0.0,0.0,3712661.98,3180421.456
518880.SH,20260724,8.56,8.4,8.42,8.36,8.385,-0.175,-2.04,3696369.0,3099445.119
518880.SH,20260727,8.385,8.503,8.527,8.476,8.502,0.117,1.4,2567335.38,2182507.755
518880.SH,20260728,8.502,8.391,8.406,8.372,8.4,-0.102,-1.2,2137056.79,1793455.522
518880.SH,20260729,8.4,8.34,8.399,8.34,8.392,-0.008,-0.1,2715563.76,2274588.148
518880.SH,20260730,8.392,8.463,8.484,8.35,8.36,-0.032,-0.38,4033314.64,3395683.596
518880.SH,20260731,8.36,8.46,8.464,8.42,8.433,0.073,0.87,2983895.17,2518760.872
